DATETIME,CARRY,CARRY_CONTRACT,PRICE,PRICE_CONTRACT,FORWARD,FORWARD_CONTRACT
2020-02-02,0.061507381778125,21000100,0.05583,20991200,0.05583,21000200
2020-02-03,0.0621075374855,21000100,0.05718,20991200,0.05718,21000200
2020-02-04,0.05803627236975,21000100,0.05601,20991200,0.05601,21000200
2020-02-05,0.060982573859249996,21000100,0.05949,20991200,0.05949,21000200
2020-02-06,0.07305690528400001,21000100,0.06014,20991200,0.06014,21000200
2020-02-07,0.0685335518625,21000100,0.06014,20991200,0.06014,21000200
2020-02-08,0.06833233159325,21000100,0.06018,20991200,0.06018,21000200
2020-02-09,0.07119809231033333,21000100,0.06194,20991200,0.06194,21000200
2020-02-10,0.06907130607504167,21000100,0.06029,20991200,0.06029,21000200
2020-02-11,0.06895486716462501,21000100,0.06357,20991200,0.06357,21000200
2020-02-12,0.08315058115,21000100,0.06825,20991200,0.06825,21000200
2020-02-13,0.08095804348225001,21000100,0.06882,20991200,0.06882,21000200
2020-02-14,0.07610058116833332,21000100,0.07082,20991200,0.07082,21000200
2020-02-15,0.07032984198625,21000100,0.06433,20991200,0.06433,21000200
2020-02-16,0.06215200875,21000100,0.06159,20991200,0.06159,21000200
2020-02-17,0.06078969000000001,21000100,0.06024,20991200,0.06024,21000200
2020-02-18,0.06340332375,21000100,0.06283,20991200,0.06283,21000200
2020-02-19,0.05789350125,21000100,0.05737,20991200,0.05737,21000200
2020-02-20,0.05871089250000001,21000100,0.05818,20991200,0.05818,21000200
2020-02-21,0.05900353875,21000100,0.05847,20991200,0.05847,21000200
2020-02-22,0.0588319875,21000100,0.0583,20991200,0.0583,21000200
2020-02-23,0.06218821182291667,21000100,0.06151,20991200,0.06151,21000200
2020-02-24,0.05997308160387499,21000100,0.05907,20991200,0.05907,21000200
2020-02-25,0.057531295867916665,21000100,0.05606,20991200,0.05606,21000200
2020-02-26,0.0495884025,21000100,0.04914,20991200,0.04914,21000200
2020-02-27,0.050345246249999996,21000100,0.04989,20991200,0.04989,21000200
2020-02-28,0.0493462125,21000100,0.0489,20991200,0.0489,21000200
2020-02-29,0.047529787500000004,21000100,0.0471,20991200,0.0471,21000200
2020-03-02,0.04978013625,21000100,0.04933,20991200,0.04933,21000200
2020-03-03,0.04913429625,21000100,0.04869,20991200,0.04869,21000200
2020-03-04,0.04947739875,21000100,0.04903,20991200,0.04903,21000200
2020-03-05,0.05194275048358334,21000100,0.05102,20991200,0.05102,21000200
2020-03-06,0.052272675000000005,21000100,0.0518,20991200,0.0518,21000200
2020-03-07,0.0502048268995,21000100,0.04882,20991200,0.04882,21000200
2020-03-08,0.04335201,21000100,0.04296,20991200,0.04296,21000200
2020-03-09,0.04194932625,21000100,0.04157,20991200,0.04157,21000200
2020-03-10,0.04184841375,21000100,0.04147,20991200,0.04147,21000200
2020-03-11,0.04003198875,21000100,0.03967,20991200,0.03967,21000200
2020-03-12,0.02326108294191667,21000100,0.02329,20991200,0.02329,21000200
2020-03-13,0.0265729366335,21000100,0.02844,20991200,0.02844,21000200
2020-03-14,0.0259748775,21000100,0.02574,20991200,0.02574,21000200
2020-03-15,0.026074745842833334,21000100,0.02689,20991200,0.02689,21000200
2020-03-16,0.022786840566,21000100,0.02412,20991200,0.02412,21000200
2020-03-17,0.025372335764125002,21000100,0.02569,20991200,0.02569,21000200
2020-03-18,0.024149031424583335,21000100,0.02605,20991200,0.02605,21000200
2020-03-19,0.028501442334458334,21000100,0.03031,20991200,0.03031,21000200
2020-03-20,0.0297288225,21000100,0.02946,20991200,0.02946,21000200
2020-03-21,0.0297288225,21000100,0.02946,20991200,0.02946,21000200
2020-03-22,0.027246375,21000100,0.027,20991200,0.027,21000200
2020-03-23,0.029516906250000002,21000100,0.02925,20991200,0.02925,21000200
2020-03-24,0.030475575,21000100,0.0302,20991200,0.0302,21000200
2020-03-25,0.02970864,21000100,0.02944,20991200,0.02944,21000200
2020-03-26,0.031111323750000003,21000100,0.03083,20991200,0.03083,21000200
2020-03-27,0.029042617500000003,21000100,0.02878,20991200,0.02878,21000200
2020-03-28,0.03002146875,21000100,0.02975,20991200,0.02975,21000200
2020-03-29,0.02830595625,21000100,0.02805,20991200,0.02805,21000200
2020-03-30,0.029910465,21000100,0.02964,20991200,0.02964,21000200
2020-03-31,0.0306774,21000100,0.0304,20991200,0.0304,21000200
2020-04-02,0.03221127,21000100,0.03192,20991200,0.03192,21000200
2020-04-03,0.032638358464250006,21000100,0.03234,20991200,0.03234,21000200
2020-04-04,0.032736015,21000100,0.03244,20991200,0.03244,21000200
2020-04-05,0.03218099625,21000100,0.03189,20991200,0.03189,21000200
2020-04-06,0.036257861249999995,21000100,0.03593,20991200,0.03593,21000200
2020-04-07,0.035642295,21000100,0.03532,20991200,0.03532,21000200
2020-04-08,0.037013712159375003,21000100,0.03645,20991200,0.03645,21000200
2020-04-09,0.036439503750000005,21000100,0.03611,20991200,0.03611,21000200
2020-04-10,0.03355340625,21000100,0.03325,20991200,0.03325,21000200
2020-04-11,0.0337249575,21000100,0.03342,20991200,0.03342,21000200
2020-04-12,0.033775413750000004,21000100,0.03347,20991200,0.03347,21000200
2020-04-13,0.033371763750000005,21000100,0.03307,20991200,0.03307,21000200
2020-04-14,0.033391946250000006,21000100,0.03309,20991200,0.03309,21000200
2020-04-15,0.03213054,21000100,0.03184,20991200,0.03184,21000200
2020-04-16,0.03474417375,21000100,0.03443,20991200,0.03443,21000200
2020-04-17,0.0346129875,21000100,0.0343,20991200,0.0343,21000200
2020-04-18,0.03687342750000001,21000100,0.03654,20991200,0.03654,21000200
2020-04-19,0.03581384625,21000100,0.03549,20991200,0.03549,21000200
2020-04-20,0.03425979375,21000100,0.03395,20991200,0.03395,21000200
2020-04-21,0.0348551775,21000100,0.03454,20991200,0.03454,21000200
2020-04-22,0.036984431250000005,21000100,0.03665,20991200,0.03665,21000200
2020-04-23,0.04132550697,21000100,0.04092,20991200,0.04092,21000200
2020-04-24,0.04237393786829167,21000100,0.04171,20991200,0.04171,21000200
2020-04-25,0.04464957098075001,21000100,0.04227,20991200,0.04227,21000200
2020-04-26,0.0463995675,21000100,0.04598,20991200,0.04598,21000200
2020-04-27,0.04687385625,21000100,0.04645,20991200,0.04645,21000200
2020-04-28,0.04723714125,21000100,0.04681,20991200,0.04681,21000200
2020-04-29,0.05199012000000001,21000100,0.05152,20991200,0.05152,21000200
2020-04-30,0.04812689089033333,21000100,0.04757,20991200,0.04757,21000200
2020-05-02,0.052084454862249996,21000100,0.05106,20991200,0.05106,21000200
2020-05-03,0.051433522818125,21000100,0.04893,20991200,0.04893,21000200
2020-05-04,0.04992967628166666,21000100,0.04946,20991200,0.04946,21000200
2020-05-05,0.049921413750000004,21000100,0.04947,20991200,0.04947,21000200
2020-05-06,0.049677682949583336,21000100,0.04895,20991200,0.04895,21000200
2020-05-07,0.05173783875000001,21000100,0.05127,20991200,0.05127,21000200
2020-05-08,0.053827455175333334,21000100,0.05204,20991200,0.05204,21000200
2020-05-09,0.054116895868,21000100,0.05152,20991200,0.05152,21000200
2020-05-10,0.048851407167333334,21000100,0.04762,20991200,0.04762,21000200
2020-05-11,0.04868299785066667,21000100,0.04781,20991200,0.04781,21000200
2020-05-12,0.05089017375,21000100,0.05043,20991200,0.05043,21000200
2020-05-13,0.05191948125,21000100,0.05145,20991200,0.05145,21000200
2020-05-14,0.05139990858875,21000100,0.05097,20991200,0.05097,21000200
2020-05-15,0.05078926125,21000100,0.05033,20991200,0.05033,21000200
2020-05-16,0.051495648750000005,21000100,0.05103,20991200,0.05103,21000200
2020-05-17,0.05188043217833333,21000100,0.05128,20991200,0.05128,21000200
2020-05-18,0.056838852239999994,21000100,0.05436,20991200,0.05436,21000200
2020-05-19,0.058254107926666666,21000100,0.0568,20991200,0.0568,21000200
2020-05-20,0.057439395000000004,21000100,0.05692,20991200,0.05692,21000200
2020-05-21,0.05285164775366667,21000100,0.05213,20991200,0.05213,21000200
2020-05-22,0.05626881,21000100,0.05576,20991200,0.05576,21000200
2020-05-23,0.055441327500000005,21000100,0.05494,20991200,0.05494,21000200
2020-05-24,0.0515259225,21000100,0.05106,20991200,0.05106,21000200
2020-05-25,0.054391837500000005,21000100,0.0539,20991200,0.0539,21000200
2020-05-26,0.053706164347333336,21000100,0.05356,20991200,0.05356,21000200
2020-05-27,0.055502413081875,21000100,0.05507,20991200,0.05507,21000200
2020-05-28,0.06548212125000001,21000100,0.06489,20991200,0.06489,21000200
2020-05-29,0.0649944647275,21000100,0.06463,20991200,0.06463,21000200
2020-05-30,0.07742319021891667,21000100,0.07678,20991200,0.07678,21000200
2020-05-31,0.07452388125000001,21000100,0.07385,20991200,0.07385,21000200
2020-06-02,0.08223812396983332,21000100,0.07876,20991200,0.07876,21000200
2020-06-03,0.08639119125000001,21000100,0.08561,20991200,0.08561,21000200
2020-06-04,0.0895901175,21000100,0.08878,20991200,0.08878,21000200
2020-06-05,0.08593708500000001,21000100,0.08516,20991200,0.08516,21000200
2020-06-06,0.08689575375000001,21000100,0.08611,20991200,0.08611,21000200
2020-06-07,0.08737004250000001,21000100,0.08658,20991200,0.08658,21000200
2020-06-08,0.087309495,21000100,0.08652,20991200,0.08652,21000200
2020-06-09,0.08368673625,21000100,0.08293,20991200,0.08293,21000200
2020-06-10,0.084403215,21000100,0.08364,20991200,0.08364,21000200
2020-06-11,0.07598711250000001,21000100,0.0753,20991200,0.0753,21000200
2020-06-12,0.08021534625000001,21000100,0.07949,20991200,0.07949,21000200
2020-06-13,0.0797814225,21000100,0.07906,20991200,0.07906,21000200
2020-06-14,0.07715769750000001,21000100,0.07646,20991200,0.07646,21000200
2020-06-15,0.07894384875,21000100,0.07823,20991200,0.07823,21000200
2020-06-16,0.07991260875,21000100,0.07919,20991200,0.07919,21000200
2020-06-17,0.083899930530125,21000100,0.08341,20991200,0.08341,21000200
2020-06-18,0.08101019197104166,21000100,0.08173,20991200,0.08173,21000200
2020-06-19,0.08061899625,21000100,0.07989,20991200,0.07989,21000200
2020-06-20,0.07969652422508333,21000100,0.07942,20991200,0.07942,21000200
2020-06-21,0.07843857060679167,21000100,0.07829,20991200,0.07829,21000200
2020-06-22,0.0828113608875,21000100,0.0835,20991200,0.0835,21000200
2020-06-23,0.0834950025,21000100,0.08274,20991200,0.08274,21000200
2020-06-24,0.08323245876916666,21000100,0.08252,20991200,0.08252,21000200
2020-06-25,0.08192554342416665,21000100,0.08156,20991200,0.08156,21000200
2020-06-26,0.08067517369312499,21000100,0.08055,20991200,0.08055,21000200
2020-06-27,0.077882247226,21000100,0.07728,20991200,0.07728,21000200
2020-06-28,0.07969921215249999,21000100,0.0802,20991200,0.0802,21000200
2020-06-29,0.0810781171068043,21000100,0.08377,20991200,0.08377,21000200
2020-06-30,0.07951876426233377,21000100,0.0829,20991200,0.0829,21000200
2020-07-02,0.08836900186732737,21000100,0.09287,20991200,0.09287,21000200
2020-07-03,0.09184046037083334,21000100,0.09634,20991200,0.09634,21000200
2020-07-04,0.093753265924597,21000100,0.10005,20991200,0.10005,21000200
2020-07-05,0.09136750637654749,21000100,0.09806,20991200,0.09806,21000200
2020-07-06,0.10416181056645833,21000100,0.10505,20991200,0.10505,21000200
2020-07-07,0.11848136625000001,21000100,0.11741,20991200,0.11741,21000200
2020-07-08,0.131347061584,21000100,0.13008,20991200,0.13008,21000200
2020-07-09,0.13271025837333333,21000100,0.12415,20991200,0.12415,21000200
2020-07-10,0.12164136051016668,21000100,0.11842,20991200,0.11842,21000200
2020-07-11,0.12642318,21000100,0.12528,20991200,0.12528,21000200
2020-07-12,0.1280983275,21000100,0.12694,20991200,0.12694,21000200
2020-07-13,0.129159756178375,21000100,0.12407,20991200,0.12407,21000200
2020-07-14,0.13116774874133333,21000100,0.13268,20991200,0.13268,21000200
2020-07-15,0.136139066935125,21000100,0.13077,20991200,0.13077,21000200
2020-07-16,0.1278833788505,21000100,0.12586,20991200,0.12586,21000200
2020-07-17,0.12324443625,21000100,0.12213,20991200,0.12213,21000200
2020-07-18,0.12366826875000002,21000100,0.12255,20991200,0.12255,21000200
2020-07-19,0.12493804971825,21000100,0.12393,20991200,0.12393,21000200
2020-07-20,0.11873364750000001,21000100,0.11766,20991200,0.11766,21000200
2020-07-21,0.12263522483662499,21000100,0.12321,20991200,0.12321,21000200
2020-07-22,0.12506086125000002,21000100,0.12393,20991200,0.12393,21000200
2020-07-23,0.1254342375,21000100,0.1243,20991200,0.1243,21000200
2020-07-24,0.12315361500000001,21000100,0.12204,20991200,0.12204,21000200
2020-07-25,0.14754333309325,21000100,0.14361,20991200,0.14361,21000200
2020-07-26,0.15312729877170836,21000100,0.14849,20991200,0.14849,21000200
2020-07-27,0.15027110188104165,21000100,0.13873,20991200,0.13873,21000200
2020-07-28,0.16162484361175,21000100,0.14918,20991200,0.14918,21000200
2020-07-29,0.14715155509770833,21000100,0.13985,20991200,0.13985,21000200
2020-07-30,0.1444923540375,21000100,0.14076,20991200,0.14076,21000200
2020-07-31,0.14835044847375004,21000100,0.13905,20991200,0.13905,21000200
2020-08-02,0.14916072767239572,21000100,0.13393,20991200,0.13393,21000200
2020-08-03,0.14472477664,21000100,0.1376,20991200,0.1376,21000200
2020-08-04,0.1538391310528333,21000100,0.14348,20991200,0.14348,21000200
2020-08-05,0.15214671098229166,21000100,0.14245,20991200,0.14245,21000200
2020-08-06,0.154495794475125,21000100,0.14461,20991200,0.14461,21000200
2020-08-07,0.149589779396875,21000100,0.13911,20991200,0.13911,21000200
2020-08-08,0.15504375890479166,21000100,0.14741,20991200,0.14741,21000200
2020-08-09,0.16186625690550002,21000100,0.14532,20991200,0.14532,21000200
2020-08-10,0.1637894857795687,21000100,0.14406,20991200,0.14406,21000200
2020-08-11,0.14850672760991668,21000100,0.13699,20991200,0.13699,21000200
2020-08-12,0.13915772382150002,21000100,0.13677,20991200,0.13677,21000200
2020-08-13,0.14234539640645835,21000100,0.13955,20991200,0.13955,21000200
2020-08-14,0.144402188077375,21000100,0.13847,20991200,0.13847,21000200
2020-08-15,0.14675837269141667,21000100,0.13862,20991200,0.13862,21000200
2020-08-16,0.150628458825625,21000100,0.13893,20991200,0.13893,21000200
2020-08-17,0.15394318500045837,21000100,0.14069,20991200,0.14069,21000200
2020-08-18,0.15332724707299997,21000100,0.13706,20991200,0.13706,21000200
2020-08-19,0.13441641675791666,21000100,0.12986,20991200,0.12986,21000200
2020-08-20,0.14218897039104167,21000100,0.13435,20991200,0.13435,21000200
2020-08-21,0.12872564299283334,21000100,0.12316,20991200,0.12316,21000200
2020-08-22,0.12708173584687502,21000100,0.12525,20991200,0.12525,21000200
2020-08-23,0.12299796041649999,21000100,0.12154,20991200,0.12154,21000200
2020-08-24,0.1283480281875,21000100,0.12375,20991200,0.12375,21000200
2020-08-25,0.11579678118266665,21000100,0.11248,20991200,0.11248,21000200
2020-08-26,0.11835930392,21000100,0.1144,20991200,0.1144,21000200
2020-08-27,0.11214570840600001,21000100,0.10734,20991200,0.10734,21000200
2020-08-28,0.112657336533,21000100,0.10938,20991200,0.10938,21000200
2020-08-29,0.11908344908958333,21000100,0.1163,20991200,0.1163,21000200
2020-08-30,0.1185721875,21000100,0.1175,20991200,0.1175,21000200
2020-08-31,0.12375909,21000100,0.12264,20991200,0.12264,21000200
2020-09-02,0.12371333678466666,21000100,0.11504,20991200,0.11504,21000200
2020-09-03,0.09526400064650001,21000100,0.09436,20991200,0.09436,21000200
2020-09-04,0.10171984384025001,21000100,0.10154,20991200,0.10154,21000200
2020-09-05,0.08908266547483333,21000100,0.08996,20991200,0.08996,21000200
2020-09-06,0.09214053916008333,21000100,0.09266,20991200,0.09266,21000200
2020-09-07,0.0944742825,21000100,0.09362,20991200,0.09362,21000200
2020-09-08,0.09188083125000002,21000100,0.09105,20991200,0.09105,21000200
2020-09-09,0.09416145375000001,21000100,0.09331,20991200,0.09331,21000200
2020-09-10,0.09798603750000001,21000100,0.0971,20991200,0.0971,21000200
2020-09-11,0.0979053075,21000100,0.09702,20991200,0.09702,21000200
2020-09-12,0.0985511475,21000100,0.09766,20991200,0.09766,21000200
2020-09-13,0.09593751375000001,21000100,0.09507,20991200,0.09507,21000200
2020-09-14,0.09752184000000001,21000100,0.09664,20991200,0.09664,21000200
2020-09-15,0.09396971999999999,21000100,0.09312,20991200,0.09312,21000200
2020-09-16,0.09231475500000001,21000100,0.09148,20991200,0.09148,21000200
2020-09-17,0.09496875375000001,21000100,0.09411,20991200,0.09411,21000200
2020-09-18,0.09182028375000001,21000100,0.09099,20991200,0.09099,21000200
2020-09-19,0.09226429875,21000100,0.09143,20991200,0.09143,21000200
2020-09-20,0.090215775,21000100,0.0894,20991200,0.0894,21000200
2020-09-21,0.08056854,21000100,0.07984,20991200,0.07984,21000200
2020-09-22,0.082223505,21000100,0.08148,20991200,0.08148,21000200
2020-09-23,0.07737970500000001,21000100,0.07668,20991200,0.07668,21000200
2020-09-24,0.08336381625,21000100,0.08261,20991200,0.08261,21000200
2020-09-25,0.09747621847700001,21000100,0.09686,20991200,0.09686,21000200
2020-09-26,0.096351255,21000100,0.09548,20991200,0.09548,21000200
2020-09-27,0.10222436250000001,21000100,0.1013,20991200,0.1013,21000200
2020-09-28,0.10114459875000001,21000100,0.10023,20991200,0.10023,21000200
2020-09-29,0.10201244625,21000100,0.10109,20991200,0.10109,21000200
2020-09-30,0.1023050925,21000100,0.10138,20991200,0.10138,21000200
2020-10-02,0.09372753,21000100,0.09288,20991200,0.09288,21000200
2020-10-03,0.09412108875000001,21000100,0.09327,20991200,0.09327,21000200
2020-10-04,0.09776403,21000100,0.09688,20991200,0.09688,21000200
2020-10-05,0.09823831875000001,21000100,0.09735,20991200,0.09735,21000200
2020-10-06,0.0937477125,21000100,0.0929,20991200,0.0929,21000200
2020-10-07,0.09456510375,21000100,0.09371,20991200,0.09371,21000200
2020-10-08,0.09714846375,21000100,0.09627,20991200,0.09627,21000200
2020-10-09,0.10222436250000001,21000100,0.1013,20991200,0.1013,21000200
2020-10-10,0.10590766875,21000100,0.10495,20991200,0.10495,21000200
2020-10-11,0.10740117375,21000100,0.10643,20991200,0.10643,21000200
2020-10-12,0.110479005,21000100,0.10948,20991200,0.10948,21000200
2020-10-13,0.11030745375,21000100,0.10931,20991200,0.10931,21000200
2020-10-14,0.10811765250000001,21000100,0.10714,20991200,0.10714,21000200
2020-10-15,0.10770391125,21000100,0.10673,20991200,0.10673,21000200
2020-10-16,0.1051710075,21000100,0.10422,20991200,0.10422,21000200
2020-10-17,0.10689661125,21000100,0.10593,20991200,0.10593,21000200
2020-10-18,0.10840020750000001,21000100,0.10742,20991200,0.10742,21000200
2020-10-19,0.10967170500000001,21000100,0.10868,20991200,0.10868,21000200
2020-10-20,0.10357888131775,21000100,0.10238,20991200,0.10238,21000200
2020-10-21,0.10778962367470833,21000100,0.10597,20991200,0.10597,21000200
2020-10-22,0.11473382904641667,21000100,0.11089,20991200,0.11089,21000200
2020-10-23,0.11510997130091666,21000100,0.10814,20991200,0.10814,21000200
2020-10-24,0.11047104468629167,21000100,0.10813,20991200,0.10813,21000200
2020-10-25,0.1106332481375,21000100,0.1065,20991200,0.1065,21000200
2020-10-26,0.10446137647187499,21000100,0.10303,20991200,0.10303,21000200
2020-10-27,0.10349657749266666,21000100,0.10256,20991200,0.10256,21000200
2020-10-28,0.09962082000000001,21000100,0.09872,20991200,0.09872,21000200
2020-10-29,0.09623016000000001,21000100,0.09536,20991200,0.09536,21000200
2020-10-30,0.09418163625,21000100,0.09333,20991200,0.09333,21000200
2020-10-31,0.09375780375000001,21000100,0.09291,20991200,0.09291,21000200
2020-11-02,0.09309178125,21000100,0.09225,20991200,0.09225,21000200
2020-11-03,0.0943935525,21000100,0.09354,20991200,0.09354,21000200
2020-11-04,0.09636134625000001,21000100,0.09549,20991200,0.09549,21000200
2020-11-05,0.0984704175,21000100,0.09758,20991200,0.09758,21000200
2020-11-06,0.113648111096625,21000100,0.10917,20991200,0.10917,21000200
2020-11-07,0.10933515840000002,21000100,0.1014,20991200,0.1014,21000200
2020-11-08,0.11054350104312499,21000100,0.10667,20991200,0.10667,21000200
2020-11-09,0.10734231140541667,21000100,0.10567,20991200,0.10567,21000200
2020-11-10,0.10973917304841668,21000100,0.10594,20991200,0.10594,21000200
2020-11-11,0.110075023294,21000100,0.10603,20991200,0.10603,21000200
2020-11-12,0.10669267264424999,21000100,0.10461,20991200,0.10461,21000200
2020-11-13,0.108455728051125,21000100,0.10647,20991200,0.10647,21000200
2020-11-14,0.10511046,21000100,0.10416,20991200,0.10416,21000200
2020-11-15,0.10456915382024999,21000100,0.10053,20991200,0.10053,21000200
2020-11-16,0.10490168604666668,21000100,0.1039,20991200,0.1039,21000200
2020-11-17,0.11458041724191667,21000100,0.10966,20991200,0.10966,21000200
2020-11-18,0.11375647056766665,21000100,0.10679,20991200,0.10679,21000200
2020-11-19,0.10882996118954165,21000100,0.10597,20991200,0.10597,21000200
2020-11-20,0.12552985404183334,21000100,0.11852,20991200,0.11852,21000200
2020-11-21,0.1432880587551112,21000100,0.13354,20991200,0.13354,21000200
2020-11-22,0.15720434937416666,21000100,0.14626,20991200,0.14626,21000200
2020-11-23,0.1680387500210691,21000100,0.15494,20991200,0.15494,21000200
2020-11-24,0.1830679963402867,21000100,0.16758,20991200,0.16758,21000200
2020-11-25,0.1705722249342977,21000100,0.1551,20991200,0.1551,21000200
2020-11-26,0.140687126474,21000100,0.13872,20991200,0.13872,21000200
2020-11-27,0.1430333775,21000100,0.14174,20991200,0.14174,21000200
2020-11-28,0.1687772784495,21000100,0.16503,20991200,0.16503,21000200
2020-11-29,0.17176358074374998,21000100,0.1669,20991200,0.1669,21000200
2020-11-30,0.17981100394570834,21000100,0.17231,20991200,0.17231,21000200
2020-12-02,0.160088864727125,21000100,0.15857,20991200,0.15857,21000200
2020-12-03,0.16853874248333334,21000100,0.16424,20991200,0.16424,21000200
2020-12-04,0.15212671862625002,21000100,0.14793,20991200,0.14793,21000200
2020-12-05,0.162313066642,21000100,0.16008,20991200,0.16008,21000200
2020-12-06,0.16032978,21000100,0.15888,20991200,0.15888,21000200
2020-12-07,0.15638663107099998,21000100,0.15411,20991200,0.15411,21000200
2020-12-08,0.14329519652375,21000100,0.14115,20991200,0.14115,21000200
2020-12-09,0.14943123,21000100,0.14808,20991200,0.14808,21000200
2020-12-10,0.143174655,21000100,0.14188,20991200,0.14188,21000200
2020-12-11,0.14060138625000002,21000100,0.13933,20991200,0.13933,21000200
2020-12-12,0.14574792375,21000100,0.14443,20991200,0.14443,21000200
2020-12-13,0.15563734875000002,21000100,0.15423,20991200,0.15423,21000200
2020-12-14,0.1605665224211667,21000100,0.15887,20991200,0.15887,21000200
2020-12-15,0.15546174538083335,21000100,0.15395,20991200,0.15395,21000200
2020-12-16,0.17167952549375,21000100,0.1685,20991200,0.1685,21000200
2020-12-17,0.176218933915125,21000100,0.16361,20991200,0.16361,21000200
2020-12-18,0.17292308354875,21000100,0.16521,20991200,0.16521,21000200
2020-12-19,0.17213492096116667,21000100,0.16454,20991200,0.16454,21000200
2020-12-20,0.168613833347,21000100,0.16206,20991200,0.16206,21000200
2020-12-21,0.15529886653187502,21000100,0.15285,20991200,0.15285,21000200
2020-12-22,0.15801888375,21000100,0.15659,20991200,0.15659,21000200
2020-12-23,0.1375841025,21000100,0.13634,20991200,0.13634,21000200
2020-12-24,0.15448694625,21000100,0.15309,20991200,0.15309,21000200
2020-12-25,0.1605856398724167,21000100,0.15773,20991200,0.15773,21000200
2020-12-26,0.16100292665266666,21000100,0.15856,20991200,0.15856,21000200
2020-12-27,0.16166611304275003,21000100,0.15481,20991200,0.15481,21000200
2020-12-28,0.18347402244208336,21000100,0.17663,20991200,0.17663,21000200
2020-12-29,0.19818930127916667,21000100,0.191,20991200,0.191,21000200
2020-12-30,0.18653984542375,21000100,0.18411,20991200,0.18411,21000200
2020-12-31,0.18441086219062502,21000100,0.18153,20991200,0.18153,21000200
2021-01-02,0.18111374225991667,21000100,0.17759,20991200,0.17759,21000200
2021-01-03,0.21602707568,21000100,0.2067,20991200,0.2067,21000200
2021-01-04,0.2427706722715,21000100,0.22524,20991200,0.22524,21000200
2021-01-05,0.26085881250000004,21000100,0.2585,20991200,0.2585,21000200
2021-01-06,0.3457325204858333,21000100,0.3331,20991200,0.3331,21000200
2021-01-07,0.31162867912912495,21000100,0.29961,20991200,0.29961,21000200
2021-01-08,0.32520240378674997,21000100,0.30429,20991200,0.30429,21000200
2021-01-09,0.36054878568000004,21000100,0.3312,20991200,0.3312,21000200
2021-01-10,0.33571578389020834,21000100,0.30187,20991200,0.30187,21000200
2021-01-11,0.280275527888,21000100,0.27584,20991200,0.27584,21000200
2021-01-12,0.30070912247325005,21000100,0.28929,20991200,0.28929,21000200
2021-01-13,0.33047681204241663,21000100,0.31246,20991200,0.31246,21000200
2021-01-14,0.321447678035,21000100,0.3124,20991200,0.3124,21000200
2021-01-15,0.312318712770625,21000100,0.30207,20991200,0.30207,21000200
2021-01-16,0.36824833249479166,21000100,0.35125,20991200,0.35125,21000200
2021-01-17,0.40605282467291665,21000100,0.38074,20991200,0.38074,21000200
2021-01-18,0.3824795845805,21000100,0.37169,20991200,0.37169,21000200
2021-01-19,0.3982196486633333,21000100,0.36782,20991200,0.36782,21000200
2021-01-20,0.3821211357909583,21000100,0.37571,20991200,0.37571,21000200
2021-01-21,0.31912645353875,21000100,0.3081,20991200,0.3081,21000200
2021-01-22,0.35192225250000003,21000100,0.34874,20991200,0.34874,21000200
2021-01-23,0.349278345,21000100,0.34612,20991200,0.34612,21000200
2021-01-24,0.36867702246283335,21000100,0.35398,20991200,0.35398,21000200
2021-01-25,0.3634855042635417,21000100,0.34325,20991200,0.34325,21000200
2021-01-26,0.3475294229890417,21000100,0.34387,20991200,0.34387,21000200
2021-01-27,0.317621426936625,21000100,0.31143,20991200,0.31143,21000200
2021-01-28,0.3474417375,21000100,0.3443,20991200,0.3443,21000200
2021-01-29,0.36592676633550003,21000100,0.34787,20991200,0.34787,21000200
2021-01-30,0.3751017832185,21000100,0.36452,20991200,0.36452,21000200
2021-01-31,0.36980981323375,21000100,0.34505,20991200,0.34505,21000200
2021-02-02,0.44025374068912504,21000100,0.42559,20991200,0.42559,21000200
2021-02-03,0.47409842955545833,21000100,0.44273,20991200,0.44273,21000200
2021-02-04,0.48090108415387495,21000100,0.44037,20991200,0.44037,21000200
2021-02-05,0.6120103435617432,21000100,0.53929,20991200,0.53929,21000200
2021-02-06,0.6500550411636666,21000100,0.63596,20991200,0.63596,21000200
2021-02-07,0.6864873390144999,21000100,0.66126,20991200,0.66126,21000200
2021-02-08,0.7348887477286666,21000100,0.67672,20991200,0.67672,21000200
2021-02-09,0.7674700595637501,21000100,0.70682,20991200,0.70682,21000200
2021-02-10,1.078389689647812,21000100,0.943,20991200,0.943,21000200
2021-02-11,1.0712429179954919,21000100,0.93026,20991200,0.93026,21000200
2021-02-12,1.0261462401235,21000100,0.92426,20991200,0.92426,21000200
2021-02-13,1.032482334562,21000100,0.91496,20991200,0.91496,21000200
2021-02-14,0.9627987179331666,21000100,0.84508,20991200,0.84508,21000200
2021-02-15,0.8860401381320833,21000100,0.86003,20991200,0.86003,21000200
2021-02-16,0.87793875,21000100,0.87,20991200,0.87,21000200
2021-02-17,0.9236607479425417,21000100,0.89407,20991200,0.89407,21000200
2021-02-18,1.0764849540793173,21000100,0.9158,20991200,0.9158,21000200
2021-02-19,1.10184589485189,21000100,0.92743,20991200,0.92743,21000200
2021-02-20,1.350080451337392,21000100,1.11542,20991200,1.11542,21000200
2021-02-21,1.1744535480682083,21000100,1.10047,20991200,1.10047,21000200
2021-02-22,1.0975079446542084,21000100,1.09729,20991200,1.09729,21000200
2021-02-23,0.9705461512500001,21000100,0.96177,20991200,0.96177,21000200
2021-02-24,1.05848130375,21000100,1.04891,20991200,1.04891,21000200
2021-02-25,1.09674909525525,21000100,1.07694,20991200,1.07694,21000200
2021-02-26,1.256199165,21000100,1.24484,20991200,1.24484,21000200
2021-02-27,1.340606061564,21000100,1.31376,20991200,1.31376,21000200
2021-02-28,1.32518295,21000100,1.3132,20991200,1.3132,21000200
2021-03-02,1.2340993275,21000100,1.22294,20991200,1.22294,21000200
2021-03-03,1.2460668379317914,21000100,1.21399,20991200,1.21399,21000200
2021-03-04,1.156159383856,21000100,1.11288,20991200,1.11288,21000200
2021-03-05,1.16902085625,21000100,1.15845,20991200,1.15845,21000200
2021-03-06,1.1396654099999999,21000100,1.12936,20991200,1.12936,21000200
2021-03-07,1.1417140521635836,21000100,1.13081,20991200,1.13081,21000200
2021-03-08,1.1490562093733334,21000100,1.1204,20991200,1.1204,21000200
2021-03-09,1.33384894810275,21000100,1.19879,20991200,1.19879,21000200
2021-03-10,1.237774471440375,21000100,1.13289,20991200,1.13289,21000200
2021-03-11,1.1923454366964998,21000100,1.12587,20991200,1.12587,21000200
2021-03-12,1.123173079974,21000100,1.03356,20991200,1.03356,21000200
2021-03-13,1.1735925593893335,21000100,1.10128,20991200,1.10128,21000200
2021-03-14,1.1651664971750835,21000100,1.05358,20991200,1.05358,21000200
2021-03-15,1.1368045784059997,21000100,1.03161,20991200,1.03161,21000200
2021-03-16,1.30863944856125,21000100,1.25166,20991200,1.25166,21000200
2021-03-17,1.4564953090975,21000100,1.3803,20991200,1.3803,21000200
2021-03-18,1.4280805233218334,21000100,1.23068,20991200,1.23068,21000200
2021-03-19,1.37104804969825,21000100,1.29577,20991200,1.29577,21000200
2021-03-20,1.3122593789085,21000100,1.20201,20991200,1.20201,21000200
2021-03-21,1.2729313913325002,21000100,1.18788,20991200,1.18788,21000200
2021-03-22,1.2225457031356668,21000100,1.10267,20991200,1.10267,21000200
2021-03-23,1.1520215811725831,21000100,1.11709,20991200,1.11709,21000200
2021-03-24,1.1126983710082499,21000100,1.06886,20991200,1.06886,21000200
2021-03-25,1.1255757329645835,21000100,1.09694,20991200,1.09694,21000200
2021-03-26,1.279714937967,21000100,1.21608,20991200,1.21608,21000200
2021-03-27,1.2361952478115,21000100,1.17727,20991200,1.17727,21000200
2021-03-28,1.2598314683298333,21000100,1.19102,20991200,1.19102,21000200
2021-03-29,1.2848690444355,21000100,1.20366,20991200,1.20366,21000200
2021-03-30,1.3465764905950002,21000100,1.21415,20991200,1.21415,21000200
2021-03-31,1.320412306766,21000100,1.19364,20991200,1.19364,21000200
2021-04-02,1.396670854903125,21000100,1.19283,20991200,1.19283,21000200
2021-04-03,1.3983058281331668,21000100,1.16378,20991200,1.16378,21000200
2021-04-04,1.3031057017110417,21000100,1.18403,20991200,1.18403,21000200
2021-04-05,1.4058773384916665,21000100,1.214,20991200,1.214,21000200
2021-04-06,1.509429553886875,21000100,1.25529,20991200,1.25529,21000200
2021-04-07,1.2919768786824999,21000100,1.17391,20991200,1.17391,21000200
2021-04-08,1.3209844463004166,21000100,1.2203,20991200,1.2203,21000200
2021-04-09,1.3008410866428335,21000100,1.20364,20991200,1.20364,21000200
2021-04-10,1.3854934730296666,21000100,1.21892,20991200,1.21892,21000200
2021-04-11,1.472766845963125,21000100,1.26757,20991200,1.26757,21000200
2021-04-12,1.540058849185,21000100,1.31676,20991200,1.31676,21000200
2021-04-13,1.6469253651422497,21000100,1.41587,20991200,1.41587,21000200
2021-04-14,1.7683461528675,21000100,1.45412,20991200,1.45412,21000200
2021-04-15,1.7131605206093334,21000100,1.48103,20991200,1.48103,21000200
2021-04-16,1.6257677059736666,21000100,1.41272,20991200,1.41272,21000200
2021-04-17,1.57845360839,21000100,1.3704,20991200,1.3704,21000200
2021-04-18,1.3357830374186666,21000100,1.27744,20991200,1.27744,21000200
2021-04-19,1.2153541687525002,21000100,1.1949,20991200,1.1949,21000200
2021-04-20,1.2881494433426668,21000100,1.26764,20991200,1.26764,21000200
2021-04-21,1.2152488725000001,21000100,1.20426,20991200,1.20426,21000200
2021-04-22,1.168950542050042,21000100,1.14487,20991200,1.14487,21000200
2021-04-23,1.1692327725,21000100,1.15866,20991200,1.15866,21000200
2021-04-24,1.1133272475,21000100,1.10326,20991200,1.10326,21000200
2021-04-25,1.1022093798203334,21000100,1.09093,20991200,1.09093,21000200
2021-04-26,1.2507213498779999,21000100,1.23816,20991200,1.23816,21000200
2021-04-27,1.3401566189814582,21000100,1.30745,20991200,1.30745,21000200
2021-04-28,1.3719042069233334,21000100,1.33871,20991200,1.33871,21000200
2021-04-29,1.3514191263675,21000100,1.30785,20991200,1.30785,21000200
2021-04-30,1.379921099645208,21000100,1.35455,20991200,1.35455,21000200
2021-05-02,1.391103369592125,21000100,1.32811,20991200,1.32811,21000200
2021-05-03,1.4664804386173331,21000100,1.36372,20991200,1.36372,21000200
2021-05-04,1.313168223286,21000100,1.27048,20991200,1.27048,21000200
2021-05-05,1.521850618591,21000100,1.48206,20991200,1.48206,21000200
2021-05-06,1.8726156935949998,21000100,1.6518,20991200,1.6518,21000200
2021-05-07,1.755967259410125,21000100,1.65339,20991200,1.65339,21000200
2021-05-08,1.7337612795075,21000100,1.62207,20991200,1.62207,21000200
2021-05-09,1.8238214665998753,21000100,1.76859,20991200,1.76859,21000200
2021-05-10,1.6736960160537497,21000100,1.6419,20991200,1.6419,21000200
2021-05-11,1.7921624188162502,21000100,1.7631,20991200,1.7631,21000200
2021-05-12,1.5871568754799998,21000100,1.5664,20991200,1.5664,21000200
2021-05-13,1.9603161552216668,21000100,1.9292,20991200,1.9292,21000200
2021-05-14,2.042030647885417,21000100,2.0101,20991200,2.0101,21000200
2021-05-15,2.2127768341,21000100,2.1756,20991200,2.1756,21000200
2021-05-16,2.3294049341875,21000100,2.301,20991200,2.301,21000200
2021-05-17,2.0580974816000004,21000100,2.0316,20991200,2.0316,21000200
2021-05-18,2.0424418281475,21000100,2.0046,20991200,2.0046,21000200
2021-05-19,1.265181699723679,21000100,1.4655,20991200,1.4655,21000200
2021-05-20,1.7807255771158335,21000100,1.7998,20991200,1.7998,21000200
2021-05-21,1.5593676625225,21000100,1.5474,20991200,1.5474,21000200
2021-05-22,1.47450321890625,21000100,1.4625,20991200,1.4625,21000200
2021-05-23,1.3123377351333332,21000100,1.3145,20991200,1.3145,21000200
2021-05-24,1.471018540875,21000100,1.5483,20991200,1.5483,21000200
2021-05-25,1.5609983569800001,21000100,1.5528,20991200,1.5528,21000200
2021-05-26,1.79422425,21000100,1.778,20991200,1.778,21000200
2021-05-27,1.6669943608662499,21000100,1.6549,20991200,1.6549,21000200
2021-05-28,1.5282189,21000100,1.5144,20991200,1.5144,21000200
2021-05-29,1.413784125,21000100,1.401,20991200,1.401,21000200
2021-05-30,1.538613031525,21000100,1.5754,20991200,1.5754,21000200
2021-05-31,1.7308413743683335,21000100,1.7369,20991200,1.7369,21000200
2021-06-02,1.7691979500000001,21000100,1.7532,20991200,1.7532,21000200
2021-06-03,1.8624411,21000100,1.8456,20991200,1.8456,21000200
2021-06-04,1.7240900625,21000100,1.7085,20991200,1.7085,21000200
2021-06-05,1.67070735,21000100,1.6556,20991200,1.6556,21000200
2021-06-06,1.6917980625000002,21000100,1.6765,20991200,1.6765,21000200
2021-06-07,1.5800879250000002,21000100,1.5658,20991200,1.5658,21000200
2021-06-08,1.5955275375,21000100,1.5811,20991200,1.5811,21000200
2021-06-09,1.6260975056333333,21000100,1.628,20991200,1.628,21000200
2021-06-10,1.5452718302608333,21000100,1.5331,20991200,1.5331,21000200
2021-06-11,1.4494062375,21000100,1.4363,20991200,1.4363,21000200
2021-06-12,1.4867466674229164,21000100,1.4783,20991200,1.4783,21000200
2021-06-13,1.56218539488375,21000100,1.5561,20991200,1.5561,21000200
2021-06-14,1.585689996565,21000100,1.5758,20991200,1.5758,21000200
2021-06-15,1.5689875500000001,21000100,1.5548,20991200,1.5548,21000200
2021-06-16,1.4980460625,21000100,1.4845,20991200,1.4845,21000200
2021-06-17,1.49233564805,21000100,1.481,20991200,1.481,21000200
2021-06-18,1.4236878923924998,21000100,1.4154,20991200,1.4154,21000200
2021-06-19,1.3906732809000002,21000100,1.3829,20991200,1.3829,21000200
2021-06-20,1.424562588783333,21000100,1.4264,20991200,1.4264,21000200
2021-06-21,1.1680809991841667,21000100,1.1731,20991200,1.1731,21000200
2021-06-22,1.1521145624825,21000100,1.1562,20991200,1.1562,21000200
2021-06-23,1.24691803125,21000100,1.25,20991200,1.25,21000200
2021-06-24,1.35327329995,21000100,1.3598,20991200,1.3598,21000200
2021-06-25,1.262415375,21000100,1.251,20991200,1.251,21000200
2021-06-26,1.25544621844,21000100,1.2504,20991200,1.2504,21000200
2021-06-27,1.32914533025125,21000100,1.3371,20991200,1.3371,21000200
2021-06-28,1.32445208011,21000100,1.3256,20991200,1.3256,21000200
2021-06-29,1.3810087707108332,21000100,1.3729,20991200,1.3729,21000200
2021-06-30,1.3977390375,21000100,1.3851,20991200,1.3851,21000200
2021-07-02,1.3898570682675,21000100,1.3941,20991200,1.3941,21000200
2021-07-03,1.4079119480687499,21000100,1.4037,20991200,1.4037,21000200
2021-07-04,1.4697675899550002,21000100,1.4609,20991200,1.4609,21000200
2021-07-05,1.3946595817533334,21000100,1.4024,20991200,1.4024,21000200
2021-07-06,1.4066730057,21000100,1.4145,20991200,1.4145,21000200
2021-07-07,1.4055092654999999,21000100,1.403,20991200,1.403,21000200
2021-07-08,1.334774254935,21000100,1.3266,20991200,1.3266,21000200
2021-07-09,1.35126667203875,21000100,1.3501,20991200,1.3501,21000200
2021-07-10,1.346671394985,21000100,1.3356,20991200,1.3356,21000200
2021-07-11,1.3529348043749998,21000100,1.3475,20991200,1.3475,21000200
2021-07-12,1.3136202574800002,21000100,1.3116,20991200,1.3116,21000200
2021-07-13,1.2699803767166666,21000100,1.2644,20991200,1.2644,21000200
2021-07-14,1.2599132543124998,21000100,1.263,20991200,1.263,21000200
2021-07-15,1.2351018894583334,21000100,1.2253,20991200,1.2253,21000200
2021-07-16,1.17303666853,21000100,1.1703,20991200,1.1703,21000200
2021-07-17,1.1748755299016667,21000100,1.1713,20991200,1.1713,21000200
2021-07-18,1.18510920168,21000100,1.1808,20991200,1.1808,21000200
2021-07-19,1.118924350635,21000100,1.1214,20991200,1.1214,21000200
2021-07-20,1.0371751206183333,21000100,1.0534,20991200,1.0534,21000200
2021-07-21,1.1395014339083334,21000100,1.1705,20991200,1.1705,21000200
2021-07-22,1.1959140375000001,21000100,1.1851,20991200,1.1851,21000200
2021-07-23,1.2187202625,21000100,1.2077,20991200,1.2077,21000200
2021-07-24,1.24364565,21000100,1.2324,20991200,1.2324,21000200
2021-07-25,1.2386000250000002,21000100,1.2274,20991200,1.2274,21000200
2021-07-26,1.2661491375,21000100,1.2547,20991200,1.2547,21000200
2021-07-27,1.2888607222875,21000100,1.279,20991200,1.279,21000200
2021-07-28,1.2988447875,21000100,1.2871,20991200,1.2871,21000200
2021-07-29,1.2966247124999999,21000100,1.2849,20991200,1.2849,21000200
2021-07-30,1.31601078362875,21000100,1.3101,20991200,1.3101,21000200
2021-07-31,1.3309349625,21000100,1.3189,20991200,1.3189,21000200
2021-08-02,1.3203391500000001,21000100,1.3084,20991200,1.3084,21000200
2021-08-03,1.3820976,21000100,1.3696,20991200,1.3696,21000200
2021-08-04,1.38895965,21000100,1.3764,20991200,1.3764,21000200
2021-08-05,1.3993536375000002,21000100,1.3867,20991200,1.3867,21000200
2021-08-06,1.4151969000000002,21000100,1.4024,20991200,1.4024,21000200
2021-08-07,1.50203328392,21000100,1.4736,20991200,1.4736,21000200
2021-08-08,1.4394159,21000100,1.4264,20991200,1.4264,21000200
2021-08-09,1.489266675,21000100,1.4758,20991200,1.4758,21000200
2021-08-10,1.71015767663,21000100,1.6796,20991200,1.6796,21000200
2021-08-11,1.8291930213375,21000100,1.7955,20991200,1.7955,21000200
2021-08-12,1.9139744512754169,21000100,1.8341,20991200,1.8341,21000200
2021-08-13,2.1829051202399996,21000100,2.1411,20991200,2.1411,21000200
2021-08-14,2.252156373995,21000100,2.1901,20991200,2.1901,21000200
2021-08-15,2.276498341010833,21000100,2.1691,20991200,2.1691,21000200
2021-08-16,2.174989440625,21000100,2.073,20991200,2.073,21000200
2021-08-17,1.9546542881250002,21000100,1.925,20991200,1.925,21000200
2021-08-18,2.125562682055,21000100,2.1057,20991200,2.1057,21000200
2021-08-19,2.4682188375000003,21000100,2.4459,20991200,2.4459,21000200
2021-08-20,2.576182222444346,21000100,2.458,20991200,2.458,21000200
2021-08-21,2.5260059665020833,21000100,2.4371,20991200,2.4371,21000200
2021-08-22,2.8016092800733334,21000100,2.7064,20991200,2.7064,21000200
2021-08-23,3.018513626041667,21000100,2.9195,20991200,2.9195,21000200
2021-08-24,2.87155507587576,21000100,2.7211,20991200,2.7211,21000200
2021-08-25,2.7816846756075004,21000100,2.7402,20991200,2.7402,21000200
2021-08-26,2.570166744773333,21000100,2.5309,20991200,2.5309,21000200
2021-08-27,2.9764141875,21000100,2.9495,20991200,2.9495,21000200
2021-08-28,2.92965438829,21000100,2.8498,20991200,2.8498,21000200
2021-08-29,2.91643371592375,21000100,2.8523,20991200,2.8523,21000200
2021-08-30,2.7772513324104167,21000100,2.7355,20991200,2.7355,21000200
2021-08-31,2.841304915615,21000100,2.7697,20991200,2.7697,21000200
2021-09-02,3.132891421767952,21000100,2.9632,20991200,2.9632,21000200
2021-09-03,3.1326163081500003,21000100,2.967,20991200,2.967,21000200
2021-09-04,3.0168411299318993,21000100,2.8355,20991200,2.8355,21000200
2021-09-05,3.1004526721700003,21000100,2.9148,20991200,2.9148,21000200
2021-09-06,3.038842031354092,21000100,2.8355,20991200,2.8355,21000200
2021-09-07,2.531899575033333,21000100,2.5115,20991200,2.5115,21000200
2021-09-08,2.4925387500000005,21000100,2.47,20991200,2.47,21000200
2021-09-09,2.5412794875,21000100,2.5183,20991200,2.5183,21000200
2021-09-10,2.4048457875,21000100,2.3831,20991200,2.3831,21000200
2021-09-11,2.6607598875,21000100,2.6367,20991200,2.6367,21000200
2021-09-12,2.60475345,21000100,2.5812,20991200,2.5812,21000200
2021-09-13,2.42230365,21000100,2.4004,20991200,2.4004,21000200
2021-09-14,2.4193771875000003,21000100,2.3975,20991200,2.3975,21000200
2021-09-15,2.5287663375,21000100,2.5059,20991200,2.5059,21000200
2021-09-16,2.4405688125,21000100,2.4185,20991200,2.4185,21000200
2021-09-17,2.37386565,21000100,2.3524,20991200,2.3524,21000200
2021-09-18,2.4022263389516665,21000100,2.3722,20991200,2.3722,21000200
2021-09-19,2.304236025,21000100,2.2834,20991200,2.2834,21000200
2021-09-20,2.0950618953333335,21000100,2.08,20991200,2.08,21000200
2021-09-21,2.00412225,21000100,1.986,20991200,1.986,21000200
2021-09-22,2.25921837713,21000100,2.2556,20991200,2.2556,21000200
2021-09-23,2.32042558845,21000100,2.3256,20991200,2.3256,21000200
2021-09-24,2.2860191474033336,21000100,2.2777,20991200,2.2777,21000200
2021-09-25,2.3189692500000003,21000100,2.298,20991200,2.298,21000200
2021-09-26,2.2187947184225,21000100,2.2051,20991200,2.2051,21000200
2021-09-27,2.1446543126999997,21000100,2.127,20991200,2.127,21000200
2021-09-28,2.0538721125,21000100,2.0353,20991200,2.0353,21000200
2021-09-29,2.08257034722,21000100,2.0646,20991200,2.0646,21000200
2021-09-30,2.1342993750000003,21000100,2.115,20991200,2.115,21000200
2021-10-02,2.2690175625,21000100,2.2485,20991200,2.2485,21000200
2021-10-03,2.2741641,21000100,2.2536,20991200,2.2536,21000200
2021-10-04,2.215588906895833,21000100,2.1925,20991200,2.1925,21000200
2021-10-05,2.255394375,21000100,2.235,20991200,2.235,21000200
2021-10-06,2.252587421255,21000100,2.2119,20991200,2.2119,21000200
2021-10-07,2.3638493083837497,21000100,2.2803,20991200,2.2803,21000200
2021-10-08,2.3268651307866666,21000100,2.2384,20991200,2.2384,21000200
2021-10-09,2.3379873842,21000100,2.271,20991200,2.271,21000200
2021-10-10,2.2651391091158333,21000100,2.1883,20991200,2.1883,21000200
2021-10-11,2.2179507655875,21000100,2.1705,20991200,2.1705,21000200
2021-10-12,2.1390422625,21000100,2.1197,20991200,2.1197,21000200
2021-10-13,2.2112956125000003,21000100,2.1913,20991200,2.1913,21000200
2021-10-14,2.2113400290633334,21000100,2.1748,20991200,2.1748,21000200
2021-10-15,2.3039000170449997,21000100,2.2199,20991200,2.2199,21000200
2021-10-16,2.2913102226666666,21000100,2.1808,20991200,2.1808,21000200
2021-10-17,2.27289420188,21000100,2.1612,20991200,2.1612,21000200
2021-10-18,2.2094749492083334,21000100,2.1302,20991200,2.1302,21000200
2021-10-19,2.18654162453125,21000100,2.1121,20991200,2.1121,21000200
2021-10-20,2.28710141226,21000100,2.1924,20991200,2.1924,21000200
2021-10-21,2.269932492266667,21000100,2.1376,20991200,2.1376,21000200
2021-10-22,2.2051581386116665,21000100,2.1589,20991200,2.1589,21000200
2021-10-23,2.2318050025679166,21000100,2.1691,20991200,2.1691,21000200
2021-10-24,2.2386658671162505,21000100,2.1219,20991200,2.1219,21000200
2021-10-25,2.274830183925,21000100,2.1465,20991200,2.1465,21000200
2021-10-26,2.2957203280091663,21000100,2.1403,20991200,2.1403,21000200
2021-10-27,2.00919020813,21000100,1.9128,20991200,1.9128,21000200
2021-10-28,2.005938675,21000100,1.9878,20991200,1.9878,21000200
2021-10-29,2.057184177075,21000100,2.0178,20991200,2.0178,21000200
2021-10-30,2.0253363902275,21000100,1.9579,20991200,1.9579,21000200
2021-10-31,2.0570954329479165,21000100,1.9675,20991200,1.9675,21000200
2021-11-02,2.09333430621875,21000100,1.9725,20991200,1.9725,21000200
2021-11-03,2.1801409153125,21000100,2.065,20991200,2.065,21000200
2021-11-04,2.10591791427375,21000100,1.9837,20991200,1.9837,21000200
2021-11-05,2.0490583570000003,21000100,1.983,20991200,1.983,21000200
2021-11-06,2.0661233903125,21000100,2.0058,20991200,2.0058,21000200
2021-11-07,2.1029251401262496,21000100,2.0229,20991200,2.0229,21000200
2021-11-08,2.2391578446091667,21000100,2.1277,20991200,2.1277,21000200
2021-11-09,2.3295357382499997,21000100,2.2716,20991200,2.2716,21000200
2021-11-10,2.1744947049,21000100,2.097,20991200,2.097,21000200
2021-11-11,2.09857635,21000100,2.0796,20991200,2.0796,21000200
2021-11-12,2.0665879996391667,21000100,2.0471,20991200,2.0471,21000200
2021-11-13,2.0702537539541668,21000100,2.051,20991200,2.051,21000200
2021-11-14,2.0738986910375004,21000100,2.0411,20991200,2.0411,21000200
2021-11-15,2.0981464773912504,21000100,2.0203,20991200,2.0203,21000200
2021-11-16,1.9068999497725,21000100,1.8737,20991200,1.8737,21000200
2021-11-17,1.8933203250000001,21000100,1.8762,20991200,1.8762,21000200
2021-11-18,1.8032054625,21000100,1.7869,20991200,1.7869,21000200
2021-11-19,1.8801007875,21000100,1.8631,20991200,1.8631,21000200
2021-11-20,1.93953825,21000100,1.922,20991200,1.922,21000200
2021-11-21,1.8527535000000002,21000100,1.836,20991200,1.836,21000200
2021-11-22,1.7989800639695834,21000100,1.7779,20991200,1.7779,21000200
2021-11-23,1.7772725852104168,21000100,1.7519,20991200,1.7519,21000200
2021-11-24,1.72138180813,21000100,1.6652,20991200,1.6652,21000200
2021-11-25,1.6957941739375,21000100,1.677,20991200,1.677,21000200
2021-11-26,1.5767645510500001,21000100,1.5326,20991200,1.5326,21000200
2021-11-27,1.5581899125,21000100,1.5441,20991200,1.5441,21000200
2021-11-28,1.6080406875,21000100,1.5935,20991200,1.5935,21000200
2021-11-29,1.6167191625000001,21000100,1.6021,20991200,1.6021,21000200
2021-11-30,1.5685839000000001,21000100,1.5544,20991200,1.5544,21000200
2021-12-02,1.7369059500000001,21000100,1.7212,20991200,1.7212,21000200
2021-12-03,1.570400325,21000100,1.5562,20991200,1.5562,21000200
2021-12-04,1.4059701231250001,21000100,1.4187,20991200,1.4187,21000200
2021-12-05,1.3870530408583335,21000100,1.378,20991200,1.378,21000200
2021-12-06,1.42287867483,21000100,1.4184,20991200,1.4184,21000200
2021-12-07,1.37986312398125,21000100,1.3785,20991200,1.3785,21000200
2021-12-08,1.3972230107549999,21000100,1.3959,20991200,1.3959,21000200
2021-12-09,1.2927891465625,21000100,1.2875,20991200,1.2875,21000200
2021-12-10,1.2125144527370832,21000100,1.2097,20991200,1.2097,21000200
2021-12-11,1.3524647103733334,21000100,1.3534,20991200,1.3534,21000200
2021-12-12,1.3471608987608334,21000100,1.3454,20991200,1.3454,21000200
2021-12-13,1.234563525,21000100,1.2234,20991200,1.2234,21000200
2021-12-14,1.2729974592300002,21000100,1.2652,20991200,1.2652,21000200
2021-12-15,1.31984993322,21000100,1.3104,20991200,1.3104,21000200
2021-12-16,1.2504067875000002,21000100,1.2391,20991200,1.2391,21000200
2021-12-17,1.225091194075,21000100,1.217,20991200,1.217,21000200
2021-12-18,1.25243490522625,21000100,1.2417,20991200,1.2417,21000200
2021-12-19,1.2550487625000002,21000100,1.2437,20991200,1.2437,21000200
2021-12-20,1.2485903625,21000100,1.2373,20991200,1.2373,21000200
2021-12-21,1.2912763500000002,21000100,1.2796,20991200,1.2796,21000200
2021-12-22,1.3394116125,21000100,1.3273,20991200,1.3273,21000200
2021-12-23,1.4864411250000003,21000100,1.473,20991200,1.473,21000200
2021-12-24,1.4056102125,21000100,1.3929,20991200,1.3929,21000200
2021-12-25,1.4660568000000003,21000100,1.4528,20991200,1.4528,21000200
2021-12-26,1.4679741375000002,21000100,1.4547,20991200,1.4547,21000200
2021-12-27,1.5297325875,21000100,1.5159,20991200,1.5159,21000200
2021-12-28,1.4112613125000002,21000100,1.3985,20991200,1.3985,21000200
2021-12-29,1.3425272594049997,21000100,1.3316,20991200,1.3316,21000200
2021-12-30,1.35645410075,21000100,1.3576,20991200,1.3576,21000200
2021-12-31,1.3174751967883336,21000100,1.3076,20991200,1.3076,21000200
2022-01-01,1.3889234423637502,21000100,1.3781,20991200,1.3781,21000200
2022-01-02,1.3860107292908335,21000100,1.3769,20991200,1.3769,21000200
2022-01-03,1.3316413500000002,21000100,1.3196,20991200,1.3196,21000200
2022-01-04,1.3212473625,21000100,1.3093,20991200,1.3093,21000200
2022-01-05,1.2409210125,21000100,1.2297,20991200,1.2297,21000200
2022-01-06,1.29046905,21000100,1.2788,20991200,1.2788,21000200
2022-01-07,1.2172314361999998,21000100,1.209,20991200,1.209,21000200
2022-01-08,1.1921802750000001,21000100,1.1814,20991200,1.1814,21000200
2022-01-09,1.1801253554999998,21000100,1.17,20991200,1.17,21000200
2022-01-10,1.13213082919,21000100,1.1224,20991200,1.1224,21000200
2022-01-11,1.1929181646070832,21000100,1.1867,20991200,1.1867,21000200
2022-01-12,1.308782670345,21000100,1.3122,20991200,1.3122,21000200
2022-01-13,1.2423625840675,21000100,1.2313,20991200,1.2313,21000200
2022-01-14,1.3034867625000002,21000100,1.2917,20991200,1.2917,21000200
2022-01-15,1.3031840250000002,21000100,1.2914,20991200,1.2914,21000200
2022-01-16,1.4212823086583335,21000100,1.4105,20991200,1.4105,21000200
2022-01-17,1.6144990875000003,21000100,1.5999,20991200,1.5999,21000200
2022-01-18,1.4690293415800002,21000100,1.4577,20991200,1.4577,21000200
2022-01-19,1.3440477394675,21000100,1.3353,20991200,1.3353,21000200
2022-01-20,1.2599173341666667,21000100,1.2575,20991200,1.2575,21000200
2022-01-21,1.116411791655,21000100,1.1202,20991200,1.1202,21000200
2022-01-22,1.0684639580645834,21000100,1.0705,20991200,1.0705,21000200
2022-01-23,1.1113805631075,21000100,1.1238,20991200,1.1238,21000200
2022-01-24,1.0600137949725,21000100,1.0653,20991200,1.0653,21000200
2022-01-25,1.0266473203854167,21000100,1.0415,20991200,1.0415,21000200
2022-01-26,1.05445121476,21000100,1.0767,20991200,1.0767,21000200
2022-01-27,1.02503411584,21000100,1.0416,20991200,1.0416,21000200
2022-01-28,1.0287085644658334,21000100,1.0478,20991200,1.0478,21000200
2022-01-29,1.04997966455,21000100,1.0587,20991200,1.0587,21000200
2022-01-30,1.0260077841825,21000100,1.0343,20991200,1.0343,21000200
2022-01-31,1.0256142773749999,21000100,1.051,20991200,1.051,21000200
2022-02-01,1.0871421253333333,21000100,1.0946,20991200,1.0946,21000200
2022-02-02,1.0279351547725,21000100,1.0259,20991200,1.0259,21000200
2022-02-03,1.0561467984166668,21000100,1.06,20991200,1.06,21000200
2022-02-04,1.1389986980258335,21000100,1.1383,20991200,1.1383,21000200
2022-02-05,1.1327998314208334,21000100,1.1245,20991200,1.1245,21000200
2022-02-06,1.1463189493304167,21000100,1.1423,20991200,1.1423,21000200
2022-02-07,1.20598335433125,21000100,1.1979,20991200,1.1979,21000200
2022-02-08,1.1817945524075,21000100,1.1741,20991200,1.1741,21000200
2022-02-09,1.1955260613499998,21000100,1.194,20991200,1.194,21000200
2022-02-10,1.160291925,21000100,1.1498,20991200,1.1498,21000200
2022-02-11,1.0834765278533331,21000100,1.0792,20991200,1.0792,21000200
2022-02-12,1.0633560663550001,21000100,1.0579,20991200,1.0579,21000200
2022-02-13,1.0362922960395835,21000100,1.0415,20991200,1.0415,21000200
2022-02-14,1.0453711290683332,21000100,1.0487,20991200,1.0487,21000200
2022-02-15,1.1147146907633334,21000100,1.1074,20991200,1.1074,21000200
2022-02-16,1.092478725,21000100,1.0826,20991200,1.0826,21000200
2022-02-17,1.0286011125,21000100,1.0193,20991200,1.0193,21000200
2022-02-18,1.0005198709029166,21000100,0.9949,20991200,0.9949,21000200
2022-02-19,0.9949954821241667,21000100,0.9959,20991200,0.9959,21000200
2022-02-20,0.9198778609366667,21000100,0.9308,20991200,0.9308,21000200
2022-02-21,0.84726184983375,21000100,0.8563,20991200,0.8563,21000200
2022-02-22,0.8677956627875,21000100,0.887,20991200,0.887,21000200
2022-02-23,0.8475106474125,21000100,0.8655,20991200,0.8655,21000200
2022-02-24,0.8366475318075,21000100,0.8523,20991200,0.8523,21000200
2022-02-25,0.88867146554375,21000100,0.8981,20991200,0.8981,21000200
2022-02-26,0.8859767830008334,21000100,0.8866,20991200,0.8866,21000200
2022-02-27,0.8516412016333333,21000100,0.856,20991200,0.856,21000200
2022-02-28,0.9634334562358332,21000100,0.9617,20991200,0.9617,21000200
2022-03-01,0.9716502298533333,21000100,0.9632,20991200,0.9632,21000200
2022-03-02,0.9373673141616667,21000100,0.9383,20991200,0.9383,21000200
2022-03-03,0.8896872084,21000100,0.9014,20991200,0.9014,21000200
2022-03-04,0.8396090668975,21000100,0.8438,20991200,0.8438,21000200
2022-03-05,0.8506245444666667,21000100,0.8645,20991200,0.8645,21000200
2022-03-06,0.8132534293983333,21000100,0.8222,20991200,0.8222,21000200
2022-03-07,0.7803714644270834,21000100,0.7925,20991200,0.7925,21000200
2022-03-08,0.8007757212016667,21000100,0.8012,20991200,0.8012,21000200
2022-03-09,0.84357037586625,21000100,0.8487,20991200,0.8487,21000200
2022-03-10,0.8031717885108334,21000100,0.8062,20991200,0.8062,21000200
2022-03-11,0.7810421080587501,21000100,0.7881,20991200,0.7881,21000200
2022-03-12,0.7922831176108333,21000100,0.7891,20991200,0.7891,21000200
2022-03-13,0.7867516668916666,21000100,0.7865,20991200,0.7865,21000200
2022-03-14,0.7967140565233334,21000100,0.8024,20991200,0.8024,21000200
2022-03-15,0.7961472717366666,21000100,0.7988,20991200,0.7988,21000200
2022-03-16,0.8460504000000001,21000100,0.8384,20991200,0.8384,21000200
2022-03-17,0.843023025,21000100,0.8354,20991200,0.8354,21000200
2022-03-18,0.8589672,21000100,0.8512,20991200,0.8512,21000200
2022-03-19,0.9105122564,21000100,0.9024,20991200,0.9024,21000200
2022-03-20,0.8860117500000001,21000100,0.878,20991200,0.878,21000200
2022-03-21,0.9215545399908334,21000100,0.9166,20991200,0.9166,21000200
2022-03-22,0.97872892628,21000100,0.9744,20991200,0.9744,21000200
2022-03-23,1.10143921127,21000100,1.1064,20991200,1.1064,21000200
2022-03-24,1.124585349325,21000100,1.1306,20991200,1.1306,21000200
2022-03-25,1.1060010000000002,21000100,1.096,20991200,1.096,21000200
2022-03-26,1.1620074375,21000100,1.1515,20991200,1.1515,21000200
2022-03-27,1.1938957875,21000100,1.1831,20991200,1.1831,21000200
2022-03-28,1.1800707750000001,21000100,1.1694,20991200,1.1694,21000200
2022-03-29,1.201060575,21000100,1.1902,20991200,1.1902,21000200
2022-03-30,1.2011614875,21000100,1.1903,20991200,1.1903,21000200
2022-03-31,1.1519161875,21000100,1.1415,20991200,1.1415,21000200
2022-04-01,1.1763370125000001,21000100,1.1657,20991200,1.1657,21000200
2022-04-02,1.16614485,21000100,1.1556,20991200,1.1556,21000200
2022-04-03,1.197024075,21000100,1.1862,20991200,1.1862,21000200
2022-04-04,1.222857675,21000100,1.2118,20991200,1.2118,21000200
2022-04-05,1.18067625,21000100,1.17,20991200,1.17,21000200
2022-04-06,1.0591194176116667,21000100,1.0519,20991200,1.0519,21000200
2022-04-07,1.0837398952000001,21000100,1.088,20991200,1.088,21000200
2022-04-08,1.0321066136875001,21000100,1.0245,20991200,1.0245,21000200
2022-04-09,1.0496993874,21000100,1.044,20991200,1.044,21000200
2022-04-10,1.03433926815,21000100,1.026,20991200,1.026,21000200
2022-04-11,0.9250251500245833,21000100,0.9199,20991200,0.9199,21000200
2022-04-12,0.9460084038258333,21000100,0.9538,20991200,0.9538,21000200
2022-04-13,0.9678557655883333,21000100,0.9739,20991200,0.9739,21000200
2022-04-14,0.92110255304375,21000100,0.9317,20991200,0.9317,21000200
2022-04-15,0.9513033621249999,21000100,0.955,20991200,0.955,21000200
2022-04-16,0.9539008058312499,21000100,0.9505,20991200,0.9505,21000200
2022-04-17,0.9195571285820835,21000100,0.9139,20991200,0.9139,21000200
2022-04-18,0.9228710595,21000100,0.936,20991200,0.936,21000200
2022-04-19,0.9573898351725,21000100,0.9522,20991200,0.9522,21000200
2022-04-20,0.9446419125000001,21000100,0.9361,20991200,0.9361,21000200
2022-04-21,0.9132369244266667,21000100,0.9088,20991200,0.9088,21000200
2022-04-22,0.9024453212820833,21000100,0.9053,20991200,0.9053,21000200
2022-04-23,0.8932710242062499,21000100,0.8865,20991200,0.8865,21000200
2022-04-24,0.8928758210870833,21000100,0.8851,20991200,0.8851,21000200
2022-04-25,0.897468734825,21000100,0.897,20991200,0.897,21000200
2022-04-26,0.8324749037325,21000100,0.8253,20991200,0.8253,21000200
2022-04-27,0.8380519330341666,21000100,0.8399,20991200,0.8399,21000200
2022-04-28,0.8500333187045833,21000100,0.8429,20991200,0.8429,21000200
2022-04-29,0.8095886272799999,21000100,0.8046,20991200,0.8046,21000200
2022-04-30,0.75783740955,21000100,0.7548,20991200,0.7548,21000200
2022-05-01,0.7846728616512499,21000100,0.7887,20991200,0.7887,21000200
2022-05-02,0.7769400705866667,21000100,0.7804,20991200,0.7804,21000200
2022-05-03,0.7744894814883334,21000100,0.7706,20991200,0.7706,21000200
2022-05-04,0.8969305566216667,21000100,0.8983,20991200,0.8983,21000200
2022-05-05,0.7948877625,21000100,0.7877,20991200,0.7877,21000200
2022-05-06,0.7855380272191667,21000100,0.7829,20991200,0.7829,21000200
2022-05-07,0.7590609754125001,21000100,0.7599,20991200,0.7599,21000200
2022-05-08,0.7405017914991667,21000100,0.7399,20991200,0.7399,21000200
2022-05-09,0.59427855975,21000100,0.6012,20991200,0.6012,21000200
2022-05-10,0.6234319555658333,21000100,0.6281,20991200,0.6281,21000200
2022-05-11,0.51137637113,21000100,0.5176,20991200,0.5176,21000200
2022-05-12,0.4577025990053608,21000100,0.473,20991200,0.473,21000200
2022-05-13,0.5281782675025,21000100,0.5286,20991200,0.5286,21000200
2022-05-14,0.5419001250000001,21000100,0.537,20991200,0.537,21000200
2022-05-15,0.5945964850870834,21000100,0.5977,20991200,0.5977,21000200
2022-05-16,0.5481936191783333,21000100,0.5566,20991200,0.5566,21000200
2022-05-17,0.56658217993,21000100,0.5772,20991200,0.5772,21000200
2022-05-18,0.4979060422291667,21000100,0.5059,20991200,0.5059,21000200
2022-05-19,0.522274133945,21000100,0.5331,20991200,0.5331,21000200
2022-05-20,0.5091866509575,21000100,0.5158,20991200,0.5158,21000200
2022-05-21,0.5240959955175,21000100,0.5283,20991200,0.5283,21000200
2022-05-22,0.54166699463375,21000100,0.5413,20991200,0.5413,21000200
2022-05-23,0.5136471179220834,21000100,0.5129,20991200,0.5129,21000200
2022-05-24,0.51310822704,21000100,0.5217,20991200,0.5217,21000200
2022-05-25,0.51069971205,21000100,0.5142,20991200,0.5142,21000200
2022-05-26,0.47212008971874997,21000100,0.4785,20991200,0.4785,21000200
2022-05-27,0.44711201925,21000100,0.4563,20991200,0.4563,21000200
2022-05-28,0.4580765427875,21000100,0.4641,20991200,0.4641,21000200
2022-05-29,0.47342516508,21000100,0.4816,20991200,0.4816,21000200
2022-05-30,0.5706471689775,21000100,0.5697,20991200,0.5697,21000200
2022-05-31,0.62853412653,21000100,0.6264,20991200,0.6264,21000200
2022-06-01,0.55552000933,21000100,0.5512,20991200,0.5512,21000200
2022-06-02,0.58578613407875,21000100,0.5867,20991200,0.5867,21000200
2022-06-03,0.55559253652,21000100,0.5596,20991200,0.5596,21000200
2022-06-04,0.5639601175183333,21000100,0.5662,20991200,0.5662,21000200
2022-06-05,0.5648446551145834,21000100,0.5671,20991200,0.5671,21000200
2022-06-06,0.6091691605975,21000100,0.6087,20991200,0.6087,21000200
2022-06-07,0.612805649115,21000100,0.6138,20991200,0.6138,21000200
2022-06-08,0.6445544455733333,21000100,0.6404,20991200,0.6404,21000200
2022-06-09,0.6330782038791667,21000100,0.6319,20991200,0.6319,21000200
2022-06-10,0.5731502217075,21000100,0.5738,20991200,0.5738,21000200
2022-06-11,0.5415162029404167,21000100,0.5537,20991200,0.5537,21000200
2022-06-12,0.47952034979999997,21000100,0.4896,20991200,0.4896,21000200
2022-06-13,0.4472218651625,21000100,0.4638,20991200,0.4638,21000200
2022-06-14,0.476250268815,21000100,0.4828,20991200,0.4828,21000200
2022-06-15,0.5304482539291666,21000100,0.5345,20991200,0.5345,21000200
2022-06-16,0.47356000408750004,21000100,0.4757,20991200,0.4757,21000200
2022-06-17,0.4865413048275,21000100,0.4869,20991200,0.4869,21000200
2022-06-18,0.45543991925625,21000100,0.4545,20991200,0.4545,21000200
2022-06-19,0.48325238892125005,21000100,0.4847,20991200,0.4847,21000200
2022-06-20,0.49294056152249993,21000100,0.4914,20991200,0.4914,21000200
2022-06-21,0.48538912500000003,21000100,0.481,20991200,0.481,21000200
2022-06-22,0.45551080743458333,21000100,0.4589,20991200,0.4589,21000200
2022-06-23,0.4710694727016667,21000100,0.4796,20991200,0.4796,21000200
2022-06-24,0.5002303178999999,21000100,0.498,20991200,0.498,21000200
2022-06-25,0.5012439002841667,21000100,0.4982,20991200,0.4982,21000200
2022-06-26,0.49286475569375,21000100,0.4895,20991200,0.4895,21000200
2022-06-27,0.48466398338666666,21000100,0.4852,20991200,0.4852,21000200
2022-06-28,0.4661637498583333,21000100,0.469,20991200,0.469,21000200
2022-06-29,0.46216568045375,21000100,0.4657,20991200,0.4657,21000200
2022-06-30,0.4509206512983333,21000100,0.4594,20991200,0.4594,21000200
2022-07-01,0.4378999902875,21000100,0.4485,20991200,0.4485,21000200
2022-07-02,0.45077232943958334,21000100,0.4555,20991200,0.4555,21000200
2022-07-03,0.4528638294729167,21000100,0.4559,20991200,0.4559,21000200
2022-07-04,0.4701473367933333,21000100,0.4693,20991200,0.4693,21000200
2022-07-05,0.4562240798833333,21000100,0.4568,20991200,0.4568,21000200
2022-07-06,0.461297375,21000100,0.462,20991200,0.462,21000200
2022-07-07,0.48067889022750004,21000100,0.4773,20991200,0.4773,21000200
2022-07-08,0.46666356620000005,21000100,0.4656,20991200,0.4656,21000200
2022-07-09,0.47970514575000006,21000100,0.4777,20991200,0.4777,21000200
2022-07-10,0.46062599534541665,21000100,0.4621,20991200,0.4621,21000200
2022-07-11,0.42731228254000003,21000100,0.4344,20991200,0.4344,21000200
2022-07-12,0.40920333955125,21000100,0.4167,20991200,0.4167,21000200
2022-07-13,0.42950421263416666,21000100,0.4379,20991200,0.4379,21000200
2022-07-14,0.43541298098083336,21000100,0.4414,20991200,0.4414,21000200
2022-07-15,0.4412025004070833,21000100,0.4417,20991200,0.4417,21000200
2022-07-16,0.45779063032125,21000100,0.4577,20991200,0.4577,21000200
2022-07-17,0.4490338752395833,21000100,0.4475,20991200,0.4475,21000200
2022-07-18,0.4932611807083333,21000100,0.49,20991200,0.49,21000200
2022-07-19,0.5195984625000001,21000100,0.5149,20991200,0.5149,21000200
2022-07-20,0.49517763750000005,21000100,0.4907,20991200,0.4907,21000200
2022-07-21,0.5037552,21000100,0.4992,20991200,0.4992,21000200
2022-07-22,0.4868135821666666,21000100,0.4825,20991200,0.4825,21000200
2022-07-23,0.5215158000000001,21000100,0.5168,20991200,0.5168,21000200
2022-07-24,0.5165710875,21000100,0.5119,20991200,0.5119,21000200
2022-07-25,0.47841437915625007,21000100,0.4747,20991200,0.4747,21000200
2022-07-26,0.46893825235,21000100,0.4674,20991200,0.4674,21000200
2022-07-27,0.5112241288583333,21000100,0.511,20991200,0.511,21000200
2022-07-28,0.5174793000000001,21000100,0.5128,20991200,0.5128,21000200
2022-07-29,0.5264605125,21000100,0.5217,20991200,0.5217,21000200
2022-07-30,0.5311024875,21000100,0.5263,20991200,0.5263,21000200
2022-07-31,0.520506675,21000100,0.5158,20991200,0.5158,21000200
2022-08-01,0.516873825,21000100,0.5122,20991200,0.5122,21000200
2022-08-02,0.49871279439,21000100,0.4959,20991200,0.4959,21000200
2022-08-03,0.50462979536125,21000100,0.5001,20991200,0.5001,21000200
2022-08-04,0.5024224557666667,21000100,0.4993,20991200,0.4993,21000200
2022-08-05,0.5211345078041666,21000100,0.5173,20991200,0.5173,21000200
2022-08-06,0.5157637875000001,21000100,0.5111,20991200,0.5111,21000200
2022-08-07,0.5320107000000001,21000100,0.5272,20991200,0.5272,21000200
2022-08-08,0.541496475,21000100,0.5366,20991200,0.5366,21000200
2022-08-09,0.51511000674,21000100,0.5124,20991200,0.5124,21000200
2022-08-10,0.5383365988066667,21000100,0.5372,20991200,0.5372,21000200
2022-08-11,0.5351389875,21000100,0.5303,20991200,0.5303,21000200
2022-08-12,0.54470559825,21000100,0.54,20991200,0.54,21000200
2022-08-13,0.5642017875,21000100,0.5591,20991200,0.5591,21000200
2022-08-14,0.5744948625,21000100,0.5693,20991200,0.5693,21000200
2022-08-15,0.5513041207975,21000100,0.5497,20991200,0.5497,21000200
2022-08-16,0.55876092269375,21000100,0.5565,20991200,0.5565,21000200
2022-08-17,0.543111075,21000100,0.5382,20991200,0.5382,21000200
2022-08-18,0.5139472930625,21000100,0.5115,20991200,0.5115,21000200
2022-08-19,0.44386921481333336,21000100,0.4496,20991200,0.4496,21000200
2022-08-20,0.44409170328249997,21000100,0.4502,20991200,0.4502,21000200
2022-08-21,0.44942749586999997,21000100,0.4622,20991200,0.4622,21000200
2022-08-22,0.45141829966499997,21000100,0.4612,20991200,0.4612,21000200
2022-08-23,0.45994893949125,21000100,0.4653,20991200,0.4653,21000200
2022-08-24,0.44992922100166666,21000100,0.4574,20991200,0.4574,21000200
2022-08-25,0.4585506801975,21000100,0.4642,20991200,0.4642,21000200
2022-08-26,0.43122352092749994,21000100,0.4311,20991200,0.4311,21000200
2022-08-27,0.43813258326250004,21000100,0.4495,20991200,0.4495,21000200
2022-08-28,0.4234123352533333,21000100,0.4288,20991200,0.4288,21000200
2022-08-29,0.4451135625,21000100,0.45,20991200,0.45,21000200
2022-08-30,0.45004450258,21000100,0.4528,20991200,0.4528,21000200
2022-08-31,0.44681883513875,21000100,0.4457,20991200,0.4457,21000200
2022-09-01,0.455683218045,21000100,0.4572,20991200,0.4572,21000200
2022-09-02,0.45644836525000004,21000100,0.454,20991200,0.454,21000200
2022-09-03,0.48104965643833336,21000100,0.4799,20991200,0.4799,21000200
2022-09-04,0.5000423068666666,21000100,0.5033,20991200,0.5033,21000200
2022-09-05,0.5007183910849999,21000100,0.4983,20991200,0.4983,21000200
2022-09-06,0.46650378843999996,21000100,0.4624,20991200,0.4624,21000200
2022-09-07,0.47610074382,21000100,0.4784,20991200,0.4784,21000200
2022-09-08,0.47875421112916666,21000100,0.479,20991200,0.479,21000200
2022-09-09,0.506438288675,21000100,0.502,20991200,0.502,21000200
2022-09-10,0.5162050601020833,21000100,0.5117,20991200,0.5117,21000200
2022-09-11,0.5130942868562499,21000100,0.5095,20991200,0.5095,21000200
2022-09-12,0.5036588462624999,21000100,0.5013,20991200,0.5013,21000200
2022-09-13,0.46476007497,21000100,0.4632,20991200,0.4632,21000200
2022-09-14,0.47454547182083334,21000100,0.4805,20991200,0.4805,21000200
2022-09-15,0.4622518868908333,21000100,0.4658,20991200,0.4658,21000200
2022-09-16,0.47228503328625,21000100,0.4743,20991200,0.4743,21000200
2022-09-17,0.48420010940249997,21000100,0.4854,20991200,0.4854,21000200
2022-09-18,0.44943514103125,21000100,0.4475,20991200,0.4475,21000200
2022-09-19,0.4489941205633333,21000100,0.4522,20991200,0.4522,21000200
2022-09-20,0.4417238060675,21000100,0.4418,20991200,0.4418,21000200
2022-09-21,0.4388233104016666,21000100,0.4381,20991200,0.4381,21000200
2022-09-22,0.44999591896125,21000100,0.4581,20991200,0.4581,21000200
2022-09-23,0.46427344846874996,21000100,0.4617,20991200,0.4617,21000200
2022-09-24,0.4542667534158334,21000100,0.4507,20991200,0.4507,21000200
2022-09-25,0.44861404116,21000100,0.4461,20991200,0.4461,21000200
2022-09-26,0.445279530525,21000100,0.447,20991200,0.447,21000200
2022-09-27,0.4433860771108334,21000100,0.4409,20991200,0.4409,21000200
2022-09-28,0.4325044661375,21000100,0.4359,20991200,0.4359,21000200
2022-09-29,0.4393175899504167,21000100,0.4379,20991200,0.4379,21000200
2022-09-30,0.43836400178833335,21000100,0.4346,20991200,0.4346,21000200
2022-10-01,0.43341287731,21000100,0.4298,20991200,0.4298,21000200
2022-10-02,0.4193060855466667,21000100,0.4192,20991200,0.4192,21000200
2022-10-03,0.4297699151916667,21000100,0.4274,20991200,0.4274,21000200
2022-10-04,0.43800485856000004,21000100,0.4352,20991200,0.4352,21000200
2022-10-05,0.4320857664825,21000100,0.4307,20991200,0.4307,21000200
2022-10-06,0.43027477736874997,21000100,0.4285,20991200,0.4285,21000200
2022-10-07,0.4247642156333334,21000100,0.4238,20991200,0.4238,21000200
2022-10-08,0.4255480125,21000100,0.4217,20991200,0.4217,21000200
2022-10-09,0.42575089384333337,21000100,0.4228,20991200,0.4228,21000200
2022-10-10,0.40300839930833326,21000100,0.4007,20991200,0.4007,21000200
2022-10-11,0.3877484100875,21000100,0.3905,20991200,0.3905,21000200
2022-10-12,0.3793777537820833,21000100,0.3809,20991200,0.3809,21000200
2022-10-13,0.36634282265782486,21000100,0.3764,20991200,0.3764,21000200
2022-10-14,0.3663510286425,21000100,0.3663,20991200,0.3663,21000200
2022-10-15,0.35919710304,21000100,0.3637,20991200,0.3637,21000200
2022-10-16,0.36546259302708334,21000100,0.3701,20991200,0.3701,21000200
2022-10-17,0.37070754133374995,21000100,0.3721,20991200,0.3721,21000200
2022-10-18,0.35542250786499996,21000100,0.3621,20991200,0.3621,21000200
2022-10-19,0.3423239029,21000100,0.3495,20991200,0.3495,21000200
2022-10-20,0.3377336445175,21000100,0.3399,20991200,0.3399,21000200
2022-10-21,0.34558013072875,21000100,0.3489,20991200,0.3489,21000200
2022-10-22,0.34324901193833335,21000100,0.3511,20991200,0.3511,21000200
2022-10-23,0.35793015462250005,21000100,0.3617,20991200,0.3617,21000200
2022-10-24,0.3518396342958333,21000100,0.3571,20991200,0.3571,21000200
2022-10-25,0.394236129655,21000100,0.3999,20991200,0.3999,21000200
2022-10-26,0.4032226963875,21000100,0.4026,20991200,0.4026,21000200
2022-10-27,0.38983763751666667,21000100,0.388,20991200,0.388,21000200
2022-10-28,0.4032923032175,21000100,0.4042,20991200,0.4042,21000200
2022-10-29,0.42310039731916665,21000100,0.4199,20991200,0.4199,21000200
2022-10-30,0.4073882370033333,21000100,0.4054,20991200,0.4054,21000200
2022-10-31,0.40739709481624997,21000100,0.4053,20991200,0.4053,21000200
2022-11-01,0.40140556496749996,21000100,0.4009,20991200,0.4009,21000200
2022-11-02,0.38219035668333334,21000100,0.3854,20991200,0.3854,21000200
2022-11-03,0.3863571858666667,21000100,0.389,20991200,0.389,21000200
2022-11-04,0.422099751645,21000100,0.4212,20991200,0.4212,21000200
2022-11-05,0.4300774077750001,21000100,0.4262,20991200,0.4262,21000200
2022-11-06,0.40509636050333336,21000100,0.4018,20991200,0.4018,21000200
2022-11-07,0.40604009780833333,21000100,0.4039,20991200,0.4039,21000200
2022-11-08,0.36751100005000004,21000100,0.372,20991200,0.372,21000200
2022-11-09,0.31448684628375,21000100,0.3171,20991200,0.3171,21000200
2022-11-10,0.36589856899583334,21000100,0.3686,20991200,0.3686,21000200
2022-11-11,0.35868565475624997,21000100,0.3555,20991200,0.3555,21000200
2022-11-12,0.34195760508,21000100,0.3396,20991200,0.3396,21000200
2022-11-13,0.33218463118666663,21000100,0.3296,20991200,0.3296,21000200
2022-11-14,0.33511303813500004,21000100,0.3321,20991200,0.3321,21000200
2022-11-15,0.3392170315420834,21000100,0.3371,20991200,0.3371,21000200
2022-11-16,0.33370644086125,21000100,0.3317,20991200,0.3317,21000200
2022-11-17,0.32720012278125,21000100,0.3249,20991200,0.3249,21000200
2022-11-18,0.32726411311,21000100,0.3256,20991200,0.3256,21000200
2022-11-19,0.32749856159375,21000100,0.3279,20991200,0.3279,21000200
2022-11-20,0.31311101023125,21000100,0.3119,20991200,0.3119,21000200
2022-11-21,0.30571882822,21000100,0.3044,20991200,0.3044,21000200
2022-11-22,0.3145837879433333,21000100,0.3124,20991200,0.3124,21000200
2022-11-23,0.32081722250000005,21000100,0.3183,20991200,0.3183,21000200
2022-11-24,0.318321483295,21000100,0.3162,20991200,0.3162,21000200
2022-11-25,0.3172175211166666,21000100,0.3145,20991200,0.3145,21000200
2022-11-26,0.31634084048,21000100,0.3136,20991200,0.3136,21000200
2022-11-27,0.3140212135416667,21000100,0.3125,20991200,0.3125,21000200
2022-11-28,0.3068995341333334,21000100,0.3064,20991200,0.3064,21000200
2022-11-29,0.311819625,21000100,0.309,20991200,0.309,21000200
2022-11-30,0.3213383152275,21000100,0.3186,20991200,0.3186,21000200
2022-12-01,0.3167147498754167,21000100,0.3143,20991200,0.3143,21000200
2022-12-02,0.3209563020583333,21000100,0.319,20991200,0.319,21000200
2022-12-03,0.322314525,21000100,0.3194,20991200,0.3194,21000200
2022-12-04,0.3244265047916667,21000100,0.322,20991200,0.322,21000200
2022-12-05,0.32141064221,21000100,0.3192,20991200,0.3192,21000200
2022-12-06,0.3200401412129167,21000100,0.3179,20991200,0.3179,21000200
2022-12-07,0.31153827424999997,21000100,0.31,20991200,0.31,21000200
2022-12-08,0.3141571742225,21000100,0.3143,20991200,0.3143,21000200
2022-12-09,0.31427796180833334,21000100,0.3116,20991200,0.3116,21000200
2022-12-10,0.31387324508250003,21000100,0.3123,20991200,0.3123,21000200
2022-12-11,0.30872392560624995,21000100,0.3071,20991200,0.3071,21000200
2022-12-12,0.3065977564433333,21000100,0.3067,20991200,0.3067,21000200
2022-12-13,0.3140092381875,21000100,0.3141,20991200,0.3141,21000200
2022-12-14,0.31060867500000006,21000100,0.3078,20991200,0.3078,21000200
2022-12-15,0.30255343503916665,21000100,0.3001,20991200,0.3001,21000200
2022-12-16,0.2612816435475,21000100,0.2631,20991200,0.2631,21000200
2022-12-17,0.26451081128750004,21000100,0.2669,20991200,0.2669,21000200
2022-12-18,0.2625829971275,21000100,0.2658,20991200,0.2658,21000200
2022-12-19,0.2530476734266667,21000100,0.2528,20991200,0.2528,21000200
2022-12-20,0.25563553672708333,21000100,0.2585,20991200,0.2585,21000200
2022-12-21,0.2503641843979167,21000100,0.2533,20991200,0.2533,21000200
2022-12-22,0.25543925279333335,21000100,0.2566,20991200,0.2566,21000200
2022-12-23,0.26176702500000004,21000100,0.2594,20991200,0.2594,21000200
2022-12-24,0.2602168365975,21000100,0.2589,20991200,0.2589,21000200
2022-12-25,0.25994405092750006,21000100,0.2589,20991200,0.2589,21000200
2022-12-26,0.2665132262,21000100,0.2652,20991200,0.2652,21000200
2022-12-27,0.26138328443583336,21000100,0.2602,20991200,0.2602,21000200
2022-12-28,0.24854493039999997,21000100,0.248,20991200,0.248,21000200
2022-12-29,0.238335031585,21000100,0.2436,20991200,0.2436,21000200
2022-12-30,0.24145930809,21000100,0.2457,20991200,0.2457,21000200
2022-12-31,0.24004550835333335,21000100,0.2456,20991200,0.2456,21000200
2023-01-01,0.24699881461749998,21000100,0.2498,20991200,0.2498,21000200
2023-01-02,0.2503622382625,21000100,0.2535,20991200,0.2535,21000200
2023-01-03,0.252935450695,21000100,0.2526,20991200,0.2526,21000200
2023-01-04,0.2691868505416667,21000100,0.2675,20991200,0.2675,21000200
2023-01-05,0.270127069485,21000100,0.2691,20991200,0.2691,21000200
2023-01-06,0.28005989736,21000100,0.2784,20991200,0.2784,21000200
2023-01-07,0.27788520807000006,21000100,0.2766,20991200,0.2766,21000200
2023-01-08,0.2962393896145833,21000100,0.2975,20991200,0.2975,21000200
2023-01-09,0.31658521356,21000100,0.3168,20991200,0.3168,21000200
2023-01-10,0.32524098749999997,21000100,0.3223,20991200,0.3223,21000200
2023-01-11,0.32594737500000004,21000100,0.323,20991200,0.323,21000200
2023-01-12,0.3323048625,21000100,0.3293,20991200,0.3293,21000200
2023-01-13,0.3486526875,21000100,0.3455,20991200,0.3455,21000200
2023-01-14,0.358813468875,21000100,0.3525,20991200,0.3525,21000200
2023-01-15,0.354202875,21000100,0.351,20991200,0.351,21000200
2023-01-16,0.3534964875,21000100,0.3503,20991200,0.3503,21000200
2023-01-17,0.3486526875,21000100,0.3455,20991200,0.3455,21000200
2023-01-18,0.3294793125,21000100,0.3265,20991200,0.3265,21000200
2023-01-19,0.34108425000000003,21000100,0.338,20991200,0.338,21000200
2023-01-20,0.368330625,21000100,0.365,20991200,0.365,21000200
2023-01-21,0.37206438750000004,21000100,0.3687,20991200,0.3687,21000200
2023-01-22,0.37983465000000005,21000100,0.3764,20991200,0.3764,21000200
2023-01-23,0.378421875,21000100,0.375,20991200,0.375,21000200
2023-01-24,0.36197313750000004,21000100,0.3587,20991200,0.3587,21000200
2023-01-25,0.37564902758000007,21000100,0.3733,20991200,0.3733,21000200
2023-01-26,0.38306385000000004,21000100,0.3796,20991200,0.3796,21000200
2023-01-27,0.39355875,21000100,0.39,20991200,0.39,21000200
2023-01-28,0.38528392499999997,21000100,0.3818,20991200,0.3818,21000200
2023-01-29,0.4013290125,21000100,0.3977,20991200,0.3977,21000200
2023-01-30,0.37569723750000006,21000100,0.3723,20991200,0.3723,21000200
2023-01-31,0.3936596625,21000100,0.3901,20991200,0.3901,21000200
2023-02-01,0.40062262500000007,21000100,0.397,20991200,0.397,21000200
2023-02-02,0.40246645532041664,21000100,0.3983,20991200,0.3983,21000200
2023-02-03,0.40768650000000006,21000100,0.404,20991200,0.404,21000200
2023-02-04,0.40371958050874995,21000100,0.3993,20991200,0.3993,21000200
2023-02-05,0.395778825,21000100,0.3922,20991200,0.3922,21000200
2023-02-06,0.38548575,21000100,0.382,20991200,0.382,21000200
2023-02-07,0.4025399625,21000100,0.3989,20991200,0.3989,21000200
2023-02-08,0.3979989,21000100,0.3944,20991200,0.3944,21000200
2023-02-09,0.36530325,21000100,0.362,20991200,0.362,21000200
2023-02-10,0.3604005351420833,21000100,0.3577,20991200,0.3577,21000200
2023-02-11,0.36887098930125006,21000100,0.3683,20991200,0.3683,21000200
2023-02-12,0.36614361592875,21000100,0.3641,20991200,0.3641,21000200
2023-02-13,0.3613825307404167,21000100,0.3589,20991200,0.3589,21000200
2023-02-14,0.3890290183712499,21000100,0.3867,20991200,0.3867,21000200
2023-02-15,0.4228183655179167,21000100,0.4193,20991200,0.4193,21000200
2023-02-16,0.38781847010416665,21000100,0.3875,20991200,0.3875,21000200
2023-02-17,0.4069801125,21000100,0.4033,20991200,0.4033,21000200
2023-02-18,0.40980566250000006,21000100,0.4061,20991200,0.4061,21000200
2023-02-19,0.403044525,21000100,0.3994,20991200,0.3994,21000200
2023-02-20,0.40768650000000006,21000100,0.404,20991200,0.404,21000200
2023-02-21,0.39608156250000004,21000100,0.3925,20991200,0.3925,21000200
2023-02-22,0.3924487125,21000100,0.3889,20991200,0.3889,21000200
2023-02-23,0.385687575,21000100,0.3822,20991200,0.3822,21000200
2023-02-24,0.3689361,21000100,0.3656,20991200,0.3656,21000200
2023-02-25,0.3641274169266667,21000100,0.3617,20991200,0.3617,21000200
2023-02-26,0.37054614199333336,21000100,0.3688,20991200,0.3688,21000200
2023-02-27,0.36692167405416665,21000100,0.3646,20991200,0.3646,21000200
2023-02-28,0.35419512737000003,21000100,0.3516,20991200,0.3516,21000200
2023-03-01,0.36032069160875,21000100,0.3599,20991200,0.3599,21000200
2023-03-02,0.35186670540083337,21000100,0.3502,20991200,0.3502,21000200
2023-03-03,0.3434602270866667,21000100,0.3428,20991200,0.3428,21000200
2023-03-04,0.3384501169133333,21000100,0.3364,20991200,0.3364,21000200
2023-03-05,0.33899620000458336,21000100,0.3367,20991200,0.3367,21000200
2023-03-06,0.3317727247141667,21000100,0.3302,20991200,0.3302,21000200
2023-03-07,0.32999699378999997,21000100,0.3303,20991200,0.3303,21000200
2023-03-08,0.3203080506979167,21000100,0.3175,20991200,0.3175,21000200
2023-03-09,0.31173359859499994,21000100,0.3097,20991200,0.3097,21000200
2023-03-10,0.3119381680891667,21000100,0.3146,20991200,0.3146,21000200
2023-03-11,0.30465980232083334,21000100,0.3049,20991200,0.3049,21000200
2023-03-12,0.32763777475000005,21000100,0.33,20991200,0.33,21000200
2023-03-13,0.34529255039083334,21000100,0.3433,20991200,0.3433,21000200
2023-03-14,0.34622911774666665,21000100,0.3431,20991200,0.3431,21000200
2023-03-15,0.32499929699999996,21000100,0.324,20991200,0.324,21000200
2023-03-16,0.32667377743000003,21000100,0.3246,20991200,0.3246,21000200
2023-03-17,0.35101496756333334,21000100,0.3494,20991200,0.3494,21000200
2023-03-18,0.34017603750000003,21000100,0.3371,20991200,0.3371,21000200
2023-03-19,0.34784538750000005,21000100,0.3447,20991200,0.3447,21000200
2023-03-20,0.3349051895166667,21000100,0.332,20991200,0.332,21000200
2023-03-21,0.36862359815833334,21000100,0.3694,20991200,0.3694,21000200
2023-03-22,0.3627804375,21000100,0.3595,20991200,0.3595,21000200
2023-03-23,0.3748899375,21000100,0.3715,20991200,0.3715,21000200
2023-03-24,0.36288135,21000100,0.3596,20991200,0.3596,21000200
2023-03-25,0.3535094525625,21000100,0.351,20991200,0.351,21000200
2023-03-26,0.35590051814999996,21000100,0.3555,20991200,0.3555,21000200
2023-03-27,0.34590884374833336,21000100,0.3452,20991200,0.3452,21000200
2023-03-28,0.37106976201749997,21000100,0.3679,20991200,0.3679,21000200
2023-03-29,0.3843757125,21000100,0.3809,20991200,0.3809,21000200
2023-03-30,0.3791699645783334,21000100,0.3758,20991200,0.3758,21000200
2023-03-31,0.4025162357125,21000100,0.399,20991200,0.399,21000200
2023-04-01,0.395308726605,21000100,0.3919,20991200,0.3919,21000200
2023-04-02,0.38291013298624993,21000100,0.3813,20991200,0.3813,21000200
2023-04-03,0.38956177713750006,21000100,0.387,20991200,0.387,21000200
2023-04-04,0.39129144890499995,21000100,0.3892,20991200,0.3892,21000200
2023-04-05,0.394712830235,21000100,0.3921,20991200,0.3921,21000200
2023-04-06,0.38472163558208333,21000100,0.3829,20991200,0.3829,21000200
2023-04-07,0.3846208257666666,21000100,0.3832,20991200,0.3832,21000200
2023-04-08,0.38841546012500006,21000100,0.385,20991200,0.385,21000200
2023-04-09,0.39148560614625,21000100,0.3891,20991200,0.3891,21000200
2023-04-10,0.3985208987291667,21000100,0.397,20991200,0.397,21000200
2023-04-11,0.40486095,21000100,0.4012,20991200,0.4012,21000200
2023-04-12,0.40796771305249996,21000100,0.4047,20991200,0.4047,21000200
2023-04-13,0.4289790375,21000100,0.4251,20991200,0.4251,21000200
2023-04-14,0.44179492500000006,21000100,0.4378,20991200,0.4378,21000200
2023-04-15,0.4566290625,21000100,0.4525,20991200,0.4525,21000200
2023-04-16,0.455519025,21000100,0.4514,20991200,0.4514,21000200
2023-04-17,0.4384648125,21000100,0.4345,20991200,0.4345,21000200
2023-04-18,0.447446025,21000100,0.4434,20991200,0.4434,21000200
2023-04-19,0.41981046563333335,21000100,0.4162,20991200,0.4162,21000200
2023-04-20,0.40415456250000004,21000100,0.4005,20991200,0.4005,21000200
2023-04-21,0.38548575,21000100,0.382,20991200,0.382,21000200
2023-04-22,0.39728447145749995,21000100,0.3954,20991200,0.3954,21000200
2023-04-23,0.39196175353125007,21000100,0.3885,20991200,0.3885,21000200
2023-04-24,0.3866967,21000100,0.3832,20991200,0.3832,21000200
2023-04-25,0.39596472499499996,21000100,0.3942,20991200,0.3942,21000200
2023-04-26,0.40462253375,21000100,0.401,20991200,0.401,21000200
2023-04-27,0.41318348629333335,21000100,0.4096,20991200,0.4096,21000200
2023-04-28,0.4075673177808333,21000100,0.4042,20991200,0.4042,21000200
2023-04-29,0.4051192999908333,21000100,0.4022,20991200,0.4022,21000200
2023-04-30,0.3979542336145833,21000100,0.3953,20991200,0.3953,21000200
2023-05-01,0.38617375475000004,21000100,0.3864,20991200,0.3864,21000200
2023-05-02,0.393312194485,21000100,0.3914,20991200,0.3914,21000200
2023-05-03,0.39442249686124997,21000100,0.3939,20991200,0.3939,21000200
2023-05-04,0.390531375,21000100,0.387,20991200,0.387,21000200
2023-05-05,0.397393425,21000100,0.3938,20991200,0.3938,21000200
2023-05-06,0.37991744465000005,21000100,0.3785,20991200,0.3785,21000200
2023-05-07,0.37831558195375004,21000100,0.3759,20991200,0.3759,21000200
2023-05-08,0.36788372168374994,21000100,0.3651,20991200,0.3651,21000200
2023-05-09,0.3636757652816667,21000100,0.3629,20991200,0.3629,21000200
2023-05-10,0.3688992145504167,21000100,0.3689,20991200,0.3689,21000200
2023-05-11,0.3613556316283333,21000100,0.3596,20991200,0.3596,21000200
2023-05-12,0.37304015767249993,21000100,0.3701,20991200,0.3701,21000200
2023-05-13,0.36772515,21000100,0.3644,20991200,0.3644,21000200
2023-05-14,0.3740826375,21000100,0.3707,20991200,0.3707,21000200
2023-05-15,0.36957957439458333,21000100,0.3667,20991200,0.3667,21000200
2023-05-16,0.3708884199708334,21000100,0.3682,20991200,0.3682,21000200
2023-05-17,0.37885619553125,21000100,0.3755,20991200,0.3755,21000200
2023-05-18,0.3739076147733333,21000100,0.3712,20991200,0.3712,21000200
2023-05-19,0.3702850238425,21000100,0.3678,20991200,0.3678,21000200
2023-05-20,0.364087770475,21000100,0.366,20991200,0.366,21000200
2023-05-21,0.35919976950541666,21000100,0.3601,20991200,0.3601,21000200
2023-05-22,0.3698871837816667,21000100,0.3677,20991200,0.3677,21000200
2023-05-23,0.373578075,21000100,0.3702,20991200,0.3702,21000200
2023-05-24,0.36701876250000004,21000100,0.3637,20991200,0.3637,21000200
2023-05-25,0.35886091825375,21000100,0.3579,20991200,0.3579,21000200
2023-05-26,0.36574727953124997,21000100,0.3625,20991200,0.3625,21000200
2023-05-27,0.369945225,21000100,0.3666,20991200,0.3666,21000200
2023-05-28,0.3861921375,21000100,0.3827,20991200,0.3827,21000200
2023-05-29,0.38225655000000003,21000100,0.3788,20991200,0.3788,21000200
2023-05-30,0.3810456,21000100,0.3776,20991200,0.3776,21000200
2023-05-31,0.37771548750000006,21000100,0.3743,20991200,0.3743,21000200
2023-06-01,0.3662445065216667,21000100,0.3641,20991200,0.3641,21000200
2023-06-02,0.38025796163833336,21000100,0.3781,20991200,0.3781,21000200
2023-06-03,0.3795319125,21000100,0.3761,20991200,0.3761,21000200
2023-06-04,0.38074286250000006,21000100,0.3773,20991200,0.3773,21000200
2023-06-05,0.3543037875,21000100,0.3511,20991200,0.3511,21000200
2023-06-06,0.35325864294000003,21000100,0.3528,20991200,0.3528,21000200
2023-06-07,0.32359537180833337,21000100,0.322,20991200,0.322,21000200
2023-06-08,0.3256446375,21000100,0.3227,20991200,0.3227,21000200
2023-06-09,0.29749005,21000100,0.2948,20991200,0.2948,21000200
2023-06-10,0.27266642413937164,21000100,0.2744,20991200,0.2744,21000200
2023-06-11,0.2679662233433842,21000100,0.2717,20991200,0.2717,21000200
2023-06-12,0.2703558709212719,21000100,0.2745,20991200,0.2745,21000200
2023-06-13,0.27195696458333335,21000100,0.275,20991200,0.275,21000200
2023-06-14,0.26247396609,21000100,0.2632,20991200,0.2632,21000200
2023-06-15,0.26246551521375006,21000100,0.2619,20991200,0.2619,21000200
2023-06-16,0.2618089420375,21000100,0.263,20991200,0.263,21000200
2023-06-17,0.2672180331708333,21000100,0.2665,20991200,0.2665,21000200
2023-06-18,0.260153490245,21000100,0.2607,20991200,0.2607,21000200
2023-06-19,0.26094953461,21000100,0.2631,20991200,0.2631,21000200
2023-06-20,0.26698084777125,21000100,0.2703,20991200,0.2703,21000200
2023-06-21,0.286828073675,21000100,0.286,20991200,0.286,21000200
2023-06-22,0.29092200771166665,21000100,0.2897,20991200,0.2897,21000200
2023-06-23,0.2962650669895833,21000100,0.2965,20991200,0.2965,21000200
2023-06-24,0.284110608995,21000100,0.2892,20991200,0.2892,21000200
2023-06-25,0.29225487364583336,21000100,0.2918,20991200,0.2918,21000200
2023-06-26,0.278997439975,21000100,0.2802,20991200,0.2802,21000200
2023-06-27,0.2813879733375,21000100,0.2865,20991200,0.2865,21000200
2023-06-28,0.26431527861375,21000100,0.2667,20991200,0.2667,21000200
2023-06-29,0.274933250625,21000100,0.275,20991200,0.275,21000200
2023-06-30,0.28789340349,21000100,0.2868,20991200,0.2868,21000200
2023-07-01,0.2924334811925,21000100,0.2922,20991200,0.2922,21000200
2023-07-02,0.29415993749999997,21000100,0.2915,20991200,0.2915,21000200
2023-07-03,0.299306475,21000100,0.2966,20991200,0.2966,21000200
2023-07-04,0.29496723750000003,21000100,0.2923,20991200,0.2923,21000200
2023-07-05,0.2849037745625,21000100,0.2837,20991200,0.2837,21000200
2023-07-06,0.27833648397041666,21000100,0.2783,20991200,0.2783,21000200
2023-07-07,0.28407715499875,21000100,0.2843,20991200,0.2843,21000200
2023-07-08,0.28874310586,21000100,0.2904,20991200,0.2904,21000200
2023-07-09,0.2840547738,21000100,0.2842,20991200,0.2842,21000200
2023-07-10,0.2876735692783334,21000100,0.2876,20991200,0.2876,21000200
2023-07-11,0.2953708875,21000100,0.2927,20991200,0.2927,21000200
2023-07-12,0.2914353,21000100,0.2888,20991200,0.2888,21000200
2023-07-13,0.35514065361666664,21000100,0.3565,20991200,0.3565,21000200
2023-07-14,0.33089208750000004,21000100,0.3279,20991200,0.3279,21000200
2023-07-15,0.3286720125,21000100,0.3257,20991200,0.3257,21000200
2023-07-16,0.31221664462125,21000100,0.3141,20991200,0.3141,21000200
2023-07-17,0.3106709397208334,21000100,0.3118,20991200,0.3118,21000200
2023-07-18,0.31202145,21000100,0.3092,20991200,0.3092,21000200
2023-07-19,0.3253419,21000100,0.3224,20991200,0.3224,21000200
2023-07-20,0.31839132429,21000100,0.3159,20991200,0.3159,21000200
2023-07-21,0.3153515625,21000100,0.3125,20991200,0.3125,21000200
2023-07-22,0.31272783750000005,21000100,0.3099,20991200,0.3099,21000200
2023-07-23,0.31979171250000005,21000100,0.3169,20991200,0.3169,21000200
2023-07-24,0.307783125,21000100,0.305,20991200,0.305,21000200
2023-07-25,0.30637035,21000100,0.3036,20991200,0.3036,21000200
2023-07-26,0.3092968125,21000100,0.3065,20991200,0.3065,21000200
2023-07-27,0.31040685,21000100,0.3076,20991200,0.3076,21000200
2023-07-28,0.3125260125,21000100,0.3097,20991200,0.3097,21000200
2023-07-29,0.31575521250000005,21000100,0.3129,20991200,0.3129,21000200
2023-07-30,0.31847985,21000100,0.3156,20991200,0.3156,21000200
2023-07-31,0.3097004625,21000100,0.3069,20991200,0.3069,21000200
2023-08-01,0.313030575,21000100,0.3102,20991200,0.3102,21000200
2023-08-02,0.30193020000000004,21000100,0.2992,20991200,0.2992,21000200
2023-08-03,0.29389161736666664,21000100,0.292,20991200,0.292,21000200
2023-08-04,0.29208484221291664,21000100,0.2933,20991200,0.2933,21000200
2023-08-05,0.2963800125,21000100,0.2937,20991200,0.2937,21000200
2023-08-06,0.29476541250000005,21000100,0.2921,20991200,0.2921,21000200
2023-08-07,0.2935544625,21000100,0.2909,20991200,0.2909,21000200
2023-08-08,0.29969446287125,21000100,0.2973,20991200,0.2973,21000200
2023-08-09,0.30404936250000003,21000100,0.3013,20991200,0.3013,21000200
2023-08-10,0.29890282500000004,21000100,0.2962,20991200,0.2962,21000200
2023-08-11,0.29577453750000005,21000100,0.2931,20991200,0.2931,21000200
2023-08-12,0.29426372091458336,21000100,0.2917,20991200,0.2917,21000200
2023-08-13,0.29117183850333334,21000100,0.2893,20991200,0.2893,21000200
2023-08-14,0.29271097779,21000100,0.2904,20991200,0.2904,21000200
2023-08-15,0.28303016972,21000100,0.2818,20991200,0.2818,21000200
2023-08-16,0.273090050115,21000100,0.2746,20991200,0.2746,21000200
2023-08-17,0.2521359812291667,21000100,0.2549,20991200,0.2549,21000200
2023-08-18,0.25943794271666665,21000100,0.2636,20991200,0.2636,21000200
2023-08-19,0.26532876536666666,21000100,0.2686,20991200,0.2686,21000200
2023-08-20,0.2686910346041667,21000100,0.2701,20991200,0.2701,21000200
2023-08-21,0.26273915324583336,21000100,0.2627,20991200,0.2627,21000200
2023-08-22,0.25879756006124993,21000100,0.2583,20991200,0.2583,21000200
2023-08-23,0.26555172924750003,21000100,0.2679,20991200,0.2679,21000200
2023-08-24,0.26603875238666663,21000100,0.2656,20991200,0.2656,21000200
2023-08-25,0.2625159837,21000100,0.261,20991200,0.261,21000200
2023-08-26,0.25773106910375,21000100,0.2607,20991200,0.2607,21000200
2023-08-27,0.26061846601375,21000100,0.2631,20991200,0.2631,21000200
2023-08-28,0.2669137843516667,21000100,0.2674,20991200,0.2674,21000200
2023-08-29,0.27362774538999995,21000100,0.2724,20991200,0.2724,21000200
2023-08-30,0.265787321865,21000100,0.2652,20991200,0.2652,21000200
2023-08-31,0.25602629552375,21000100,0.2553,20991200,0.2553,21000200
2023-09-01,0.2533106504716667,21000100,0.2548,20991200,0.2548,21000200
2023-09-02,0.2562388949333333,21000100,0.256,20991200,0.256,21000200
2023-09-03,0.2531467886216667,21000100,0.2557,20991200,0.2557,21000200
2023-09-04,0.25477933284916665,21000100,0.2561,20991200,0.2561,21000200
2023-09-05,0.25916624642749997,21000100,0.2577,20991200,0.2577,21000200
2023-09-06,0.25862196252666664,21000100,0.2576,20991200,0.2576,21000200
2023-09-07,0.259835788595,21000100,0.2578,20991200,0.2578,21000200
2023-09-08,0.2545074983258333,21000100,0.2542,20991200,0.2542,21000200
2023-09-09,0.25193910985833334,21000100,0.253,20991200,0.253,21000200
2023-09-10,0.24581727986,21000100,0.2488,20991200,0.2488,21000200
2023-09-11,0.24083944790916667,21000100,0.2419,20991200,0.2419,21000200
2023-09-12,0.2461130598025,21000100,0.2454,20991200,0.2454,21000200
2023-09-13,0.24969455192499998,21000100,0.2485,20991200,0.2485,21000200
2023-09-14,0.25112107191333327,21000100,0.2512,20991200,0.2512,21000200
2023-09-15,0.2512190604866667,21000100,0.2504,20991200,0.2504,21000200
2023-09-16,0.2503839770870833,21000100,0.2501,20991200,0.2501,21000200
2023-09-17,0.2450797340733333,21000100,0.2468,20991200,0.2468,21000200
2023-09-18,0.2501475388175,21000100,0.2514,20991200,0.2514,21000200
2023-09-19,0.25567611782,21000100,0.2546,20991200,0.2546,21000200
2023-09-20,0.2523357327975,21000100,0.2514,20991200,0.2514,21000200
2023-09-21,0.24001721082,21000100,0.2448,20991200,0.2448,21000200
2023-09-22,0.24692382257999998,21000100,0.2448,20991200,0.2448,21000200
2023-09-23,0.24814383750000002,21000100,0.2459,20991200,0.2459,21000200
2023-09-24,0.24471281250000002,21000100,0.2425,20991200,0.2425,21000200
2023-09-25,0.2479420125,21000100,0.2457,20991200,0.2457,21000200
2023-09-26,0.24733586530583335,21000100,0.2453,20991200,0.2453,21000200
2023-09-27,0.24683197500000004,21000100,0.2446,20991200,0.2446,21000200
2023-09-28,0.2506810091354167,21000100,0.2489,20991200,0.2489,21000200
2023-09-29,0.25109677749333337,21000100,0.2492,20991200,0.2492,21000200
2023-09-30,0.256115925,21000100,0.2538,20991200,0.2538,21000200
2023-10-01,0.2679438331575,21000100,0.2658,20991200,0.2658,21000200
2023-10-02,0.25860343220750004,21000100,0.2589,20991200,0.2589,21000200
2023-10-03,0.26288914709333333,21000100,0.2608,20991200,0.2608,21000200
2023-10-04,0.2603549232383333,21000100,0.2588,20991200,0.2588,21000200
2023-10-05,0.26086415971125,21000100,0.2601,20991200,0.2601,21000200
2023-10-06,0.26630003491250004,21000100,0.2645,20991200,0.2645,21000200
2023-10-07,0.26085881250000004,21000100,0.2585,20991200,0.2585,21000200
2023-10-08,0.2583694536258333,21000100,0.2561,20991200,0.2561,21000200
2023-10-09,0.25136823339000003,21000100,0.2511,20991200,0.2511,21000200
2023-10-10,0.25072446500125,21000100,0.2489,20991200,0.2489,21000200
2023-10-11,0.24986831773666668,21000100,0.2479,20991200,0.2479,21000200
2023-10-12,0.24783470679583333,21000100,0.2458,20991200,0.2458,21000200
2023-10-13,0.24702017169375,21000100,0.2457,20991200,0.2457,21000200
2023-10-14,0.24646355552458335,21000100,0.2467,20991200,0.2467,21000200
2023-10-15,0.2481835005533333,21000100,0.2471,20991200,0.2471,21000200
2023-10-16,0.2515813231275,21000100,0.2511,20991200,0.2511,21000200
2023-10-17,0.24560780283,21000100,0.2462,20991200,0.2462,21000200
2023-10-18,0.24093478627,21000100,0.2427,20991200,0.2427,21000200
2023-10-19,0.24517573269999998,21000100,0.2469,20991200,0.2469,21000200
2023-10-20,0.25107670524375,21000100,0.2511,20991200,0.2511,21000200
2023-10-21,0.2594337752416667,21000100,0.2585,20991200,0.2585,21000200
2023-10-22,0.26510869938583337,21000100,0.2639,20991200,0.2639,21000200
2023-10-23,0.28315169674083335,21000100,0.2809,20991200,0.2809,21000200
2023-10-24,0.28164678750000005,21000100,0.2791,20991200,0.2791,21000200
2023-10-25,0.2833623,21000100,0.2808,20991200,0.2808,21000200
2023-10-26,0.28982070000000004,21000100,0.2872,20991200,0.2872,21000200
2023-10-27,0.29193986250000004,21000100,0.2893,20991200,0.2893,21000200
2023-10-28,0.2933526375,21000100,0.2907,20991200,0.2907,21000200
2023-10-29,0.2981964375,21000100,0.2955,20991200,0.2955,21000200
2023-10-30,0.3058657875,21000100,0.3031,20991200,0.3031,21000200
2023-10-31,0.295673625,21000100,0.293,20991200,0.293,21000200
2023-11-01,0.3103059375,21000100,0.3075,20991200,0.3075,21000200
2023-11-02,0.32707909411249997,21000100,0.3233,20991200,0.3233,21000200
2023-11-03,0.33220395,21000100,0.3292,20991200,0.3292,21000200
2023-11-04,0.33089208750000004,21000100,0.3279,20991200,0.3279,21000200
2023-11-05,0.34512075000000003,21000100,0.342,20991200,0.342,21000200
2023-11-06,0.36611055000000003,21000100,0.3628,20991200,0.3628,21000200
2023-11-07,0.354606525,21000100,0.3514,20991200,0.3514,21000200
2023-11-08,0.36116583750000003,21000100,0.3579,20991200,0.3579,21000200
2023-11-09,0.3729784849083333,21000100,0.3685,20991200,0.3685,21000200
2023-11-10,0.3898249875,21000100,0.3863,20991200,0.3863,21000200
2023-11-11,0.39113686988375007,21000100,0.3849,20991200,0.3849,21000200
2023-11-12,0.3895224372108333,21000100,0.3838,20991200,0.3838,21000200
2023-11-13,0.36192509465,21000100,0.357,20991200,0.357,21000200
2023-11-14,0.36126675,21000100,0.358,20991200,0.358,21000200
2023-11-15,0.38255626659375,21000100,0.3789,20991200,0.3789,21000200
2023-11-16,0.37627142947166664,21000100,0.3707,20991200,0.3707,21000200
2023-11-17,0.3704497875,21000100,0.3671,20991200,0.3671,21000200
2023-11-18,0.38074286250000006,21000100,0.3773,20991200,0.3773,21000200
2023-11-19,0.3876049125,21000100,0.3841,20991200,0.3841,21000200
2023-11-20,0.38407297500000004,21000100,0.3806,20991200,0.3806,21000200
2023-11-21,0.35995488750000004,21000100,0.3567,20991200,0.3567,21000200
2023-11-22,0.38387115000000005,21000100,0.3804,20991200,0.3804,21000200
2023-11-23,0.39093502500000005,21000100,0.3874,20991200,0.3874,21000200
2023-11-24,0.3896231625,21000100,0.3861,20991200,0.3861,21000200
2023-11-25,0.397797075,21000100,0.3942,20991200,0.3942,21000200
2023-11-26,0.3908341125,21000100,0.3873,20991200,0.3873,21000200
2023-11-27,0.3811465125,21000100,0.3777,20991200,0.3777,21000200
2023-11-28,0.3894213375,21000100,0.3859,20991200,0.3859,21000200
2023-11-29,0.38528392499999997,21000100,0.3818,20991200,0.3818,21000200
2023-11-30,0.3793300875,21000100,0.3759,20991200,0.3759,21000200
2023-12-01,0.38800856250000004,21000100,0.3845,20991200,0.3845,21000200
2023-12-02,0.40235353958250003,21000100,0.3982,20991200,0.3982,21000200
2023-12-03,0.4050381388882964,21000100,0.3952,20991200,0.3952,21000200
2023-12-04,0.41494897450875,21000100,0.4071,20991200,0.4071,21000200
2023-12-05,0.43053250525000003,21000100,0.4261,20991200,0.4261,21000200
2023-12-06,0.45189330215791673,21000100,0.4433,20991200,0.4433,21000200
2023-12-07,0.459959175,21000100,0.4558,20991200,0.4558,21000200
2023-12-08,0.556344977825,21000100,0.546,20991200,0.546,21000200
2023-12-09,0.5907307374149999,21000100,0.5796,20991200,0.5796,21000200
2023-12-10,0.60719871975,21000100,0.595,20991200,0.595,21000200
2023-12-11,0.5562297,21000100,0.5512,20991200,0.5512,21000200
2023-12-12,0.5858277055125,21000100,0.579,20991200,0.579,21000200
2023-12-13,0.67933476075625,21000100,0.6683,20991200,0.6683,21000200
2023-12-14,0.6523709057133333,21000100,0.6436,20991200,0.6436,21000200
2023-12-15,0.60690234813,21000100,0.6008,20991200,0.6008,21000200
2023-12-16,0.61459722164625,21000100,0.6081,20991200,0.6081,21000200
2023-12-17,0.58700218023,21000100,0.5809,20991200,0.5809,21000200
2023-12-18,0.60751851895,21000100,0.602,20991200,0.602,21000200
2023-12-19,0.581256,21000100,0.576,20991200,0.576,21000200
2023-12-20,0.5952828375,21000100,0.5899,20991200,0.5899,21000200
2023-12-21,0.6453410032820833,21000100,0.6359,20991200,0.6359,21000200
2023-12-22,0.6387073217937014,21000100,0.6229,20991200,0.6229,21000200
2023-12-23,0.61990880505,21000100,0.6135,20991200,0.6135,21000200
2023-12-24,0.6027369084283334,21000100,0.5923,20991200,0.5923,21000200
2023-12-25,0.64107036994,21000100,0.6248,20991200,0.6248,21000200
2023-12-26,0.6277219373922941,21000100,0.6092,20991200,0.6092,21000200
2023-12-27,0.6515131922774999,21000100,0.6342,20991200,0.6342,21000200
2023-12-28,0.6384879564267623,21000100,0.6164,20991200,0.6164,21000200
2023-12-29,0.6256942501229167,21000100,0.6085,20991200,0.6085,21000200
2023-12-30,0.6128401816166666,21000100,0.6014,20991200,0.6014,21000200
2023-12-31,0.6065914426325,21000100,0.5941,20991200,0.5941,21000200
2024-01-01,0.6347382863804166,21000100,0.6241,20991200,0.6241,21000200
2024-01-02,0.6301709164720867,21000100,0.6058,20991200,0.6058,21000200
2024-01-03,0.56563483376,21000100,0.5568,20991200,0.5568,21000200
2024-01-04,0.5748985125,21000100,0.5697,20991200,0.5697,21000200
2024-01-05,0.5459366250000001,21000100,0.541,20991200,0.541,21000200
2024-01-06,0.5277723750000001,21000100,0.523,20991200,0.523,21000200
2024-01-07,0.4989114,21000100,0.4944,20991200,0.4944,21000200
2024-01-08,0.5459366250000001,21000100,0.541,20991200,0.541,21000200
2024-01-09,0.5169747375,21000100,0.5123,20991200,0.5123,21000200
2024-01-10,0.5713665750000001,21000100,0.5662,20991200,0.5662,21000200
2024-01-11,0.5874116625,21000100,0.5821,20991200,0.5821,21000200
2024-01-12,0.5528995875000001,21000100,0.5479,20991200,0.5479,21000200
2024-01-13,0.5541105375,21000100,0.5491,20991200,0.5491,21000200
2024-01-14,0.5298915375000001,21000100,0.5251,20991200,0.5251,21000200
2024-01-15,0.53241435,21000100,0.5276,20991200,0.5276,21000200
2024-01-16,0.5403864375,21000100,0.5355,20991200,0.5355,21000200
2024-01-17,0.5331207375,21000100,0.5283,20991200,0.5283,21000200
2024-01-18,0.5071862250000001,21000100,0.5026,20991200,0.5026,21000200
2024-01-19,0.508599,21000100,0.504,20991200,0.504,21000200
2024-01-20,0.5208094125,21000100,0.5161,20991200,0.5161,21000200
2024-01-21,0.507993525,21000100,0.5034,20991200,0.5034,21000200
2024-01-22,0.48316905000000004,21000100,0.4788,20991200,0.4788,21000200
2024-01-23,0.481352625,21000100,0.477,20991200,0.477,21000200
2024-01-24,0.48094897500000006,21000100,0.4766,20991200,0.4766,21000200
2024-01-25,0.47085772500000006,21000100,0.4666,20991200,0.4666,21000200
2024-01-26,0.48922380000000004,21000100,0.4848,20991200,0.4848,21000200
2024-01-27,0.49043475000000003,21000100,0.486,20991200,0.486,21000200
2024-01-28,0.4946730750000001,21000100,0.4902,20991200,0.4902,21000200
2024-01-29,0.5309006625,21000100,0.5261,20991200,0.5261,21000200
2024-01-30,0.5183875125,21000100,0.5137,20991200,0.5137,21000200
2024-01-31,0.5019387750000001,21000100,0.4974,20991200,0.4974,21000200
2024-02-01,0.51223185,21000100,0.5076,20991200,0.5076,21000200
2024-02-02,0.5189929875,21000100,0.5143,20991200,0.5143,21000200
2024-02-03,0.5171765625,21000100,0.5125,20991200,0.5125,21000200
2024-02-04,0.49780136250000007,21000100,0.4933,20991200,0.4933,21000200
2024-02-05,0.49850775,21000100,0.494,20991200,0.494,21000200
2024-02-06,0.50269420872,21000100,0.4983,20991200,0.4983,21000200
2024-02-07,0.506782575,21000100,0.5022,20991200,0.5022,21000200
2024-02-08,0.535038075,21000100,0.5302,20991200,0.5302,21000200
2024-02-09,0.5457348,21000100,0.5408,20991200,0.5408,21000200
2024-02-10,0.55663335,21000100,0.5516,20991200,0.5516,21000200
2024-02-11,0.546340275,21000100,0.5414,20991200,0.5414,21000200
2024-02-12,0.56470635,21000100,0.5596,20991200,0.5596,21000200
2024-02-13,0.5515045706850001,21000100,0.5451,20991200,0.5451,21000200
2024-02-14,0.5882536765,21000100,0.5774,20991200,0.5774,21000200
2024-02-15,0.6235154564400001,21000100,0.6093,20991200,0.6093,21000200
2024-02-16,0.6166113959462499,21000100,0.5991,20991200,0.5991,21000200
2024-02-17,0.6252969120716666,21000100,0.6103,20991200,0.6103,21000200
2024-02-18,0.64061187720125,21000100,0.6197,20991200,0.6197,21000200
2024-02-19,0.6397174279562499,21000100,0.6315,20991200,0.6315,21000200
2024-02-20,0.6411023504475,21000100,0.6222,20991200,0.6222,21000200
2024-02-21,0.605962431575,21000100,0.599,20991200,0.599,21000200
2024-02-22,0.5940806651541667,21000100,0.5863,20991200,0.5863,21000200
2024-02-23,0.5965823218362499,21000100,0.5829,20991200,0.5829,21000200
2024-02-24,0.6152549475050001,21000100,0.5973,20991200,0.5973,21000200
2024-02-25,0.6081125454,21000100,0.592,20991200,0.592,21000200
2024-02-26,0.6420855132808333,21000100,0.6199,20991200,0.6199,21000200
2024-02-27,0.653328778996613,21000100,0.6245,20991200,0.6245,21000200
2024-02-28,0.6563641017974999,21000100,0.6294,20991200,0.6294,21000200
2024-02-29,0.6899396097487575,21000100,0.6554,20991200,0.6554,21000200
2024-03-01,0.75445169820625,21000100,0.7205,20991200,0.7205,21000200
2024-03-02,0.7861905154341268,21000100,0.7424,20991200,0.7424,21000200
2024-03-03,0.7661066312633333,21000100,0.7288,20991200,0.7288,21000200
2024-03-04,0.814355800545,21000100,0.7707,20991200,0.7707,21000200
2024-03-05,0.7382871456436719,21000100,0.692,20991200,0.692,21000200
2024-03-06,0.749134580915,21000100,0.7357,20991200,0.7357,21000200
2024-03-07,0.7695244433175001,21000100,0.7437,20991200,0.7437,21000200
2024-03-08,0.75874048218125,21000100,0.7235,20991200,0.7235,21000200
2024-03-09,0.7816942297599999,21000100,0.7424,20991200,0.7424,21000200
2024-03-10,0.75781666659,21000100,0.7173,20991200,0.7173,21000200
2024-03-11,0.8177995845708333,21000100,0.7766,20991200,0.7766,21000200
2024-03-12,0.7962979814400001,21000100,0.7488,20991200,0.7488,21000200
2024-03-13,0.8063723121541666,21000100,0.7646,20991200,0.7646,21000200
2024-03-14,0.7917698445562499,21000100,0.7515,20991200,0.7515,21000200
2024-03-15,0.7450590284958334,21000100,0.7282,20991200,0.7282,21000200
2024-03-16,0.6733917491475,21000100,0.6597,20991200,0.6597,21000200
2024-03-17,0.6896402397849999,21000100,0.6818,20991200,0.6818,21000200
2024-03-18,0.6683416939500001,21000100,0.661,20991200,0.661,21000200
2024-03-19,0.5957902719766667,21000100,0.5866,20991200,0.5866,21000200
2024-03-20,0.6465302838562501,21000100,0.6399,20991200,0.6399,21000200
2024-03-21,0.6380697375,21000100,0.6323,20991200,0.6323,21000200
2024-03-22,0.6221368490899999,21000100,0.6152,20991200,0.6152,21000200
2024-03-23,0.6342712430750002,21000100,0.6235,20991200,0.6235,21000200
2024-03-24,0.6604778819275,21000100,0.6474,20991200,0.6474,21000200
2024-03-25,0.66756034345,21000100,0.6573,20991200,0.6573,21000200
2024-03-26,0.68326385088,21000100,0.6656,20991200,0.6656,21000200
2024-03-27,0.6709554610524999,21000100,0.6486,20991200,0.6486,21000200
2024-03-28,0.6746774973983333,21000100,0.6517,20991200,0.6517,21000200
2024-03-29,0.6939821740833333,21000100,0.665,20991200,0.665,21000200
2024-03-30,0.6707603349275001,21000100,0.6441,20991200,0.6441,21000200
2024-03-31,0.6750498082399999,21000100,0.6506,20991200,0.6506,21000200
2024-04-01,0.6424278639720834,21000100,0.6217,20991200,0.6217,21000200
2024-04-02,0.5866366077579166,21000100,0.5809,20991200,0.5809,21000200
2024-04-03,0.5748985125,21000100,0.5697,20991200,0.5697,21000200
2024-04-04,0.5899807641541667,21000100,0.5834,20991200,0.5834,21000200
2024-04-05,0.580342732025,21000100,0.5745,20991200,0.5745,21000200
2024-04-06,0.5905189912875,21000100,0.5841,20991200,0.5841,21000200
2024-04-07,0.5969262068925001,21000100,0.5898,20991200,0.5898,21000200
2024-04-08,0.6260386382233333,21000100,0.6143,20991200,0.6143,21000200
2024-04-09,0.5994712955291668,21000100,0.5915,20991200,0.5915,21000200
2024-04-10,0.5939657784375,21000100,0.5865,20991200,0.5865,21000200
2024-04-11,0.5944966251533333,21000100,0.5864,20991200,0.5864,21000200
2024-04-12,0.5119033102866667,21000100,0.5026,20991200,0.5026,21000200
2024-04-13,0.4488588,21000100,0.4448,20991200,0.4448,21000200
2024-04-14,0.46933116543,21000100,0.4671,20991200,0.4671,21000200
2024-04-15,0.464802975,21000100,0.4606,20991200,0.4606,21000200
2024-04-16,0.460649899125,21000100,0.4581,20991200,0.4581,21000200
2024-04-17,0.44521725126083334,21000100,0.4438,20991200,0.4438,21000200
2024-04-18,0.46048712600833336,21000100,0.4577,20991200,0.4577,21000200
2024-04-19,0.47035245106,21000100,0.4679,20991200,0.4679,21000200
2024-04-20,0.5067589956566667,21000100,0.5068,20991200,0.5068,21000200
2024-04-21,0.500675642,21000100,0.499,20991200,0.499,21000200
2024-04-22,0.51983861048625,21000100,0.5163,20991200,0.5163,21000200
2024-04-23,0.5021733671720833,21000100,0.4997,20991200,0.4997,21000200
2024-04-24,0.47611905314624997,21000100,0.4743,20991200,0.4743,21000200
2024-04-25,0.4717521870158333,21000100,0.4702,20991200,0.4702,21000200
2024-04-26,0.46399850159,21000100,0.4628,20991200,0.4628,21000200
2024-04-27,0.47111589130666665,21000100,0.4672,20991200,0.4672,21000200
2024-04-28,0.46054153304791673,21000100,0.4601,20991200,0.4601,21000200
2024-04-29,0.4601553425566667,21000100,0.4568,20991200,0.4568,21000200
2024-04-30,0.44267785760375,21000100,0.4409,20991200,0.4409,21000200
2024-05-01,0.4534727383816667,21000100,0.4499,20991200,0.4499,21000200
2024-05-02,0.46078812303125,21000100,0.4575,20991200,0.4575,21000200
2024-05-03,0.46907951059958325,21000100,0.4669,20991200,0.4669,21000200
2024-05-04,0.46400594273750007,21000100,0.463,20991200,0.463,21000200
2024-05-05,0.4595077338270833,21000100,0.4577,20991200,0.4577,21000200
2024-05-06,0.4560393830633333,21000100,0.4537,20991200,0.4537,21000200
2024-05-07,0.4434287525295833,21000100,0.4411,20991200,0.4411,21000200
2024-05-08,0.451466072375,21000100,0.4516,20991200,0.4516,21000200
2024-05-09,0.4651822740054167,21000100,0.4633,20991200,0.4633,21000200
2024-05-10,0.45168435,21000100,0.4476,20991200,0.4476,21000200
2024-05-11,0.440866490205,21000100,0.4388,20991200,0.4388,21000200
2024-05-12,0.43771411334250004,21000100,0.4374,20991200,0.4374,21000200
2024-05-13,0.43650450289958337,21000100,0.4363,20991200,0.4363,21000200
2024-05-14,0.42828347117375,21000100,0.4281,20991200,0.4281,21000200
2024-05-15,0.4539322316750001,21000100,0.4524,20991200,0.4524,21000200
2024-05-16,0.46379385,21000100,0.4596,20991200,0.4596,21000200
2024-05-17,0.48639825000000003,21000100,0.482,20991200,0.482,21000200
2024-05-18,0.48629733750000004,21000100,0.4819,20991200,0.4819,21000200
2024-05-19,0.47136228750000003,21000100,0.4671,20991200,0.4671,21000200
2024-05-20,0.5066816625,21000100,0.5021,20991200,0.5021,21000200
2024-05-21,0.49941596250000003,21000100,0.4949,20991200,0.4949,21000200
2024-05-22,0.48811376250000005,21000100,0.4837,20991200,0.4837,21000200
2024-05-23,0.470050425,21000100,0.4658,20991200,0.4658,21000200
2024-05-24,0.46429841250000004,21000100,0.4601,20991200,0.4601,21000200
2024-05-25,0.46641757500000003,21000100,0.4622,20991200,0.4622,21000200
2024-05-26,0.46228016250000004,21000100,0.4581,20991200,0.4581,21000200
2024-05-27,0.47297688750000005,21000100,0.4687,20991200,0.4687,21000200
2024-05-28,0.4622747193624999,21000100,0.4579,20991200,0.4579,21000200
2024-05-29,0.45603665299749996,21000100,0.4513,20991200,0.4513,21000200
2024-05-30,0.45087705,21000100,0.4468,20991200,0.4468,21000200
2024-05-31,0.4513816125,21000100,0.4473,20991200,0.4473,21000200
2024-06-01,0.45640869474999995,21000100,0.4503,20991200,0.4503,21000200
2024-06-02,0.45437906116166665,21000100,0.4466,20991200,0.4466,21000200
2024-06-03,0.46368605614916664,21000100,0.4577,20991200,0.4577,21000200
2024-06-04,0.4659130125,21000100,0.4617,20991200,0.4617,21000200
2024-06-05,0.4658121,21000100,0.4616,20991200,0.4616,21000200
2024-06-06,0.46317527100833333,21000100,0.4585,20991200,0.4585,21000200
2024-06-07,0.45714126035541663,21000100,0.4493,20991200,0.4493,21000200
2024-06-08,0.440583975,21000100,0.4366,20991200,0.4366,21000200
2024-06-09,0.44815241250000004,21000100,0.4441,20991200,0.4441,21000200
2024-06-10,0.44482230000000006,21000100,0.4408,20991200,0.4408,21000200
2024-06-11,0.4254471,21000100,0.4216,20991200,0.4216,21000200
2024-06-12,0.44199675000000005,21000100,0.438,20991200,0.438,21000200
2024-06-13,0.424841625,21000100,0.421,20991200,0.421,21000200
2024-06-14,0.4156585875,21000100,0.4119,20991200,0.4119,21000200
2024-06-15,0.4162874535258333,21000100,0.4138,20991200,0.4138,21000200
2024-06-16,0.420401475,21000100,0.4166,20991200,0.4166,21000200
2024-06-17,0.40476003750000006,21000100,0.4011,20991200,0.4011,21000200
2024-06-18,0.38221200933833327,21000100,0.3833,20991200,0.3833,21000200
2024-06-19,0.38343301759875,21000100,0.3843,20991200,0.3843,21000200
2024-06-20,0.38609691040000005,21000100,0.384,20991200,0.384,21000200
2024-06-21,0.3782591756983334,21000100,0.3758,20991200,0.3758,21000200
2024-06-22,0.38597394710625,21000100,0.3845,20991200,0.3845,21000200
2024-06-23,0.38285129579250005,21000100,0.3798,20991200,0.3798,21000200
2024-06-24,0.38073997528,21000100,0.3776,20991200,0.3776,21000200
2024-06-25,0.39527426250000003,21000100,0.3917,20991200,0.3917,21000200
2024-06-26,0.38831129999999997,21000100,0.3848,20991200,0.3848,21000200
2024-06-27,0.3948706125,21000100,0.3913,20991200,0.3913,21000200
2024-06-28,0.38911860000000004,21000100,0.3856,20991200,0.3856,21000200
2024-06-29,0.38730217499999997,21000100,0.3838,20991200,0.3838,21000200
2024-06-30,0.39363202032375,21000100,0.3923,20991200,0.3923,21000200
2024-07-01,0.40670124935999996,21000100,0.4032,20991200,0.4032,21000200
2024-07-02,0.42211698750000004,21000100,0.4183,20991200,0.4183,21000200
2024-07-03,0.41051205,21000100,0.4068,20991200,0.4068,21000200
2024-07-04,0.3654041625,21000100,0.3621,20991200,0.3621,21000200
2024-07-05,0.3476552741432945,21000100,0.3497,20991200,0.3497,21000200
2024-07-06,0.3694295849775,21000100,0.3706,20991200,0.3706,21000200
2024-07-07,0.34897148343749995,21000100,0.3465,20991200,0.3465,21000200
2024-07-08,0.3699148117133333,21000100,0.3688,20991200,0.3688,21000200
2024-07-09,0.37658602788333334,21000100,0.3752,20991200,0.3752,21000200
2024-07-10,0.391742325,21000100,0.3882,20991200,0.3882,21000200
2024-07-11,0.399411675,21000100,0.3958,20991200,0.3958,21000200
2024-07-12,0.42009873750000004,21000100,0.4163,20991200,0.4163,21000200
2024-07-13,0.44473634029166664,21000100,0.4414,20991200,0.4414,21000200
2024-07-14,0.43553835,21000100,0.4316,20991200,0.4316,21000200
2024-07-15,0.44546328863874995,21000100,0.4447,20991200,0.4447,21000200
2024-07-16,0.4418161871391667,21000100,0.4379,20991200,0.4379,21000200
2024-07-17,0.4396757625,21000100,0.4357,20991200,0.4357,21000200
2024-07-18,0.42616083232999996,21000100,0.4231,20991200,0.4231,21000200
2024-07-19,0.44204715108166664,21000100,0.4388,20991200,0.4388,21000200
2024-07-20,0.44067472935833335,21000100,0.437,20991200,0.437,21000200
2024-07-21,0.45007911798750005,21000100,0.4467,20991200,0.4467,21000200
2024-07-22,0.4276998433108333,21000100,0.4258,20991200,0.4258,21000200
2024-07-23,0.4092339321083333,21000100,0.4097,20991200,0.4097,21000200
2024-07-24,0.40855726543333337,21000100,0.406,20991200,0.406,21000200
2024-07-25,0.39808706211416667,21000100,0.3946,20991200,0.3946,21000200
2024-07-26,0.4201743621125,21000100,0.417,20991200,0.417,21000200
2024-07-27,0.42104287498000004,21000100,0.4173,20991200,0.4173,21000200
2024-07-28,0.4101277017291667,21000100,0.407,20991200,0.407,21000200
2024-07-29,0.40440379571125,21000100,0.4029,20991200,0.4029,21000200
2024-07-30,0.40326182713333336,21000100,0.401,20991200,0.401,21000200
2024-07-31,0.3897748165616666,21000100,0.3878,20991200,0.3878,21000200
2024-08-01,0.39220939006500005,21000100,0.3924,20991200,0.3924,21000200
2024-08-02,0.36539983123541664,21000100,0.3635,20991200,0.3635,21000200
2024-08-03,0.36534404379374996,21000100,0.3645,20991200,0.3645,21000200
2024-08-04,0.3450218491333333,21000100,0.344,20991200,0.344,21000200
2024-08-05,0.31186838034000003,21000100,0.3117,20991200,0.3117,21000200
2024-08-06,0.33059805375,21000100,0.3309,20991200,0.3309,21000200
2024-08-07,0.3244310200908333,21000100,0.3238,20991200,0.3238,21000200
2024-08-08,0.35299651698874995,21000100,0.3513,20991200,0.3513,21000200
2024-08-09,0.3477429947541667,21000100,0.3482,20991200,0.3482,21000200
2024-08-10,0.34735052247291665,21000100,0.3455,20991200,0.3455,21000200
2024-08-11,0.3273278014791667,21000100,0.3274,20991200,0.3274,21000200
2024-08-12,0.3389186110925,21000100,0.3387,20991200,0.3387,21000200
2024-08-13,0.3400181389579167,21000100,0.3397,20991200,0.3397,21000200
2024-08-14,0.33493742763125,21000100,0.3351,20991200,0.3351,21000200
2024-08-15,0.3246701988075,21000100,0.3246,20991200,0.3246,21000200
2024-08-16,0.3273288316796346,21000100,0.3298,20991200,0.3298,21000200
2024-08-17,0.33759431922625005,21000100,0.3371,20991200,0.3371,21000200
2024-08-18,0.33708199841333336,21000100,0.3341,20991200,0.3341,21000200
2024-08-19,0.33683957387999997,21000100,0.3364,20991200,0.3364,21000200
2024-08-20,0.34578061141833333,21000100,0.3433,20991200,0.3433,21000200
2024-08-21,0.3703134662808333,21000100,0.3686,20991200,0.3686,21000200
2024-08-22,0.37882528171624996,21000100,0.3761,20991200,0.3761,21000200
2024-08-23,0.39396490364541664,21000100,0.3911,20991200,0.3911,21000200
2024-08-24,0.39487718544,21000100,0.3933,20991200,0.3933,21000200
2024-08-25,0.38743495390500005,21000100,0.3846,20991200,0.3846,21000200
2024-08-26,0.36847887377499994,21000100,0.366,20991200,0.366,21000200
2024-08-27,0.3515625954166667,21000100,0.35,20991200,0.35,21000200
2024-08-28,0.3501897340425,21000100,0.3498,20991200,0.3498,21000200
2024-08-29,0.35889027655833333,21000100,0.3577,20991200,0.3577,21000200
2024-08-30,0.349445669285,21000100,0.3468,20991200,0.3468,21000200
2024-08-31,0.3465650852266666,21000100,0.3449,20991200,0.3449,21000200
2024-09-01,0.3323511322266667,21000100,0.3308,20991200,0.3308,21000200
2024-09-02,0.33579813692541666,21000100,0.3359,20991200,0.3359,21000200
2024-09-03,0.3168246733083333,21000100,0.3182,20991200,0.3182,21000200
2024-09-04,0.3232449268625,21000100,0.323,20991200,0.323,21000200
2024-09-05,0.32531001973875,21000100,0.3249,20991200,0.3249,21000200
2024-09-06,0.31601279995000003,21000100,0.3144,20991200,0.3144,21000200
2024-09-07,0.325205044665,21000100,0.3252,20991200,0.3252,21000200
2024-09-08,0.3415991924216667,21000100,0.3388,20991200,0.3388,21000200
2024-09-09,0.34599822356666665,21000100,0.3433,20991200,0.3433,21000200
2024-09-10,0.34571826211333334,21000100,0.3428,20991200,0.3428,21000200
2024-09-11,0.3553518507333333,21000100,0.353,20991200,0.353,21000200
2024-09-12,0.35843589433250006,21000100,0.3561,20991200,0.3561,21000200
2024-09-13,0.36277183064375,21000100,0.3603,20991200,0.3603,21000200
2024-09-14,0.35434582525125,21000100,0.3537,20991200,0.3537,21000200
2024-09-15,0.33899229832166666,21000100,0.3382,20991200,0.3382,21000200
2024-09-16,0.328485843125,21000100,0.33,20991200,0.33,21000200
2024-09-17,0.33317260836,21000100,0.3336,20991200,0.3336,21000200
2024-09-18,0.3427074644333333,21000100,0.344,20991200,0.344,21000200
2024-09-19,0.3527687720470833,21000100,0.3509,20991200,0.3509,21000200
2024-09-20,0.35521199999999997,21000100,0.352,20991200,0.352,21000200
2024-09-21,0.361468575,21000100,0.3582,20991200,0.3582,21000200
2024-09-22,0.3540664845729167,21000100,0.3515,20991200,0.3515,21000200
2024-09-23,0.36592105726499996,21000100,0.3636,20991200,0.3636,21000200
2024-09-24,0.39098971704,21000100,0.3876,20991200,0.3876,21000200
2024-09-25,0.3842748,21000100,0.3808,20991200,0.3808,21000200
2024-09-26,0.4049618625,21000100,0.4013,20991200,0.4013,21000200
2024-09-27,0.4053655125,21000100,0.4017,20991200,0.4017,21000200
2024-09-28,0.40415456250000004,21000100,0.4005,20991200,0.4005,21000200
2024-09-29,0.40082445,21000100,0.3972,20991200,0.3972,21000200
2024-09-30,0.37660545,21000100,0.3732,20991200,0.3732,21000200
2024-10-01,0.3543884711083334,21000100,0.3518,20991200,0.3518,21000200
2024-10-02,0.34526685153375,21000100,0.3429,20991200,0.3429,21000200
2024-10-03,0.3450654655554167,21000100,0.3451,20991200,0.3451,21000200
2024-10-04,0.35092393792166665,21000100,0.3514,20991200,0.3514,21000200
2024-10-05,0.35254007906250007,21000100,0.3507,20991200,0.3507,21000200
2024-10-06,0.35985253780125004,21000100,0.3573,20991200,0.3573,21000200
2024-10-07,0.35356752112833334,21000100,0.3508,20991200,0.3508,21000200
2024-10-08,0.34715903718999996,21000100,0.3444,20991200,0.3444,21000200
2024-10-09,0.33941088266458336,21000100,0.3395,20991200,0.3395,21000200
2024-10-10,0.34071843234,21000100,0.3393,20991200,0.3393,21000200
2024-10-11,0.35316535396500004,21000100,0.3516,20991200,0.3516,21000200
2024-10-12,0.35612021250000003,21000100,0.3529,20991200,0.3529,21000200
2024-10-13,0.35138776367249996,21000100,0.3483,20991200,0.3483,21000200
2024-10-14,0.36600345770000003,21000100,0.3642,20991200,0.3642,21000200
2024-10-15,0.362275875,21000100,0.359,20991200,0.359,21000200
2024-10-16,0.3553129125,21000100,0.3521,20991200,0.3521,21000200
2024-10-17,0.3457553252383334,21000100,0.3431,20991200,0.3431,21000200
2024-10-18,0.35379922500000005,21000100,0.3506,20991200,0.3506,21000200
2024-10-19,0.3544047,21000100,0.3512,20991200,0.3512,21000200
2024-10-20,0.36812880000000003,21000100,0.3648,20991200,0.3648,21000200
2024-10-21,0.36419321250000003,21000100,0.3609,20991200,0.3609,21000200
2024-10-22,0.36772515,21000100,0.3644,20991200,0.3644,21000200
2024-10-23,0.3526891875,21000100,0.3495,20991200,0.3495,21000200
2024-10-24,0.34954520086333335,21000100,0.3464,20991200,0.3464,21000200
2024-10-25,0.3286720125,21000100,0.3257,20991200,0.3257,21000200
2024-10-26,0.33303127626999995,21000100,0.3334,20991200,0.3334,21000200
2024-10-27,0.34128408196291665,21000100,0.3397,20991200,0.3397,21000200
2024-10-28,0.34601737123750004,21000100,0.3435,20991200,0.3435,21000200
2024-10-29,0.359450325,21000100,0.3562,20991200,0.3562,21000200
2024-10-30,0.358239375,21000100,0.355,20991200,0.355,21000200
2024-10-31,0.34471710000000005,21000100,0.3416,20991200,0.3416,21000200
2024-11-01,0.3607621875,21000100,0.3575,20991200,0.3575,21000200
2024-11-02,0.351377325,21000100,0.3482,20991200,0.3482,21000200
2024-11-03,0.33686152605,21000100,0.3339,20991200,0.3339,21000200
2024-11-04,0.327810410805,21000100,0.3261,20991200,0.3261,21000200
2024-11-05,0.3361508191916667,21000100,0.3335,20991200,0.3335,21000200
2024-11-06,0.36651420000000007,21000100,0.3632,20991200,0.3632,21000200
2024-11-07,0.41051205,21000100,0.4068,20991200,0.4068,21000200
2024-11-08,0.4488588,21000100,0.4448,20991200,0.4448,21000200
2024-11-09,0.501535125,21000100,0.497,20991200,0.497,21000200
2024-11-10,0.6012420309225,21000100,0.5907,20991200,0.5907,21000200
2024-11-11,0.6216718026195834,21000100,0.6139,20991200,0.6139,21000200
2024-11-12,0.5839317694656451,21000100,0.5714,20991200,0.5714,21000200
2024-11-13,0.58576425183,21000100,0.5788,20991200,0.5788,21000200
2024-11-14,0.5862251989124999,21000100,0.5795,20991200,0.5795,21000200
2024-11-15,0.7140568500000001,21000100,0.7076,20991200,0.7076,21000200
2024-11-16,0.7496403399916667,21000100,0.742,20991200,0.742,21000200
2024-11-17,0.7116506727666666,21000100,0.703,20991200,0.703,21000200
2024-11-18,0.7449527847483333,21000100,0.7333,20991200,0.7333,21000200
2024-11-19,0.7518738463425,21000100,0.7389,20991200,0.7389,21000200
2024-11-20,0.8129897235291667,21000100,0.8003,20991200,0.8003,21000200
2024-11-21,0.8301062250000001,21000100,0.8226,20991200,0.8226,21000200
2024-11-22,1.0423487491271715,21000100,1.0177,20991200,1.0177,21000200
2024-11-23,1.0879638368625,21000100,1.0665,20991200,1.0665,21000200
2024-11-24,1.0409876168512502,21000100,1.0233,20991200,1.0233,21000200
2024-11-25,0.9570782173979167,21000100,0.9445,20991200,0.9445,21000200
2024-11-26,0.9694663875,21000100,0.9607,20991200,0.9607,21000200
2024-11-27,1.0231931662758333,21000100,1.0123,20991200,1.0123,21000200
2024-11-28,1.049094928843333,21000100,1.0328,20991200,1.0328,21000200
2024-11-29,1.1003403229150002,21000100,1.0762,20991200,1.0762,21000200
2024-11-30,1.098995841,21000100,1.08,20991200,1.08,21000200
2024-12-01,1.1689960122699998,21000100,1.1512,20991200,1.1512,21000200
2024-12-02,1.237625060156719,21000100,1.2036,20991200,1.2036,21000200
2024-12-03,1.2280459437959494,21000100,1.1924,20991200,1.1924,21000200
2024-12-04,1.2148743136904168,21000100,1.1881,20991200,1.1881,21000200
2024-12-05,1.1990583085174427,21000100,1.1605,20991200,1.1605,21000200
2024-12-06,1.2512155084799998,21000100,1.2288,20991200,1.2288,21000200
2024-12-07,1.2552871651684674,21000100,1.2116,20991200,1.2116,21000200
2024-12-08,1.226440480969167,21000100,1.1947,20991200,1.1947,21000200
2024-12-09,1.01972518733625,21000100,1.0033,20991200,1.0033,21000200
2024-12-10,1.0307202750000002,21000100,1.0214,20991200,1.0214,21000200
2024-12-11,1.0966161375,21000100,1.0867,20991200,1.0867,21000200
2024-12-12,1.1331464625,21000100,1.1229,20991200,1.1229,21000200
2024-12-13,1.13143095,21000100,1.1212,20991200,1.1212,21000200
2024-12-14,1.0699752375,21000100,1.0603,20991200,1.0603,21000200
2024-12-15,1.1097347625,21000100,1.0997,20991200,1.0997,21000200
2024-12-16,1.087231275,21000100,1.0774,20991200,1.0774,21000200
2024-12-17,1.0599301904925,21000100,1.0518,20991200,1.0518,21000200
2024-12-18,0.9754232532,21000100,0.968,20991200,0.968,21000200
2024-12-19,0.88638129252,21000100,0.8802,20991200,0.8802,21000200
2024-12-20,0.95333324394,21000100,0.9492,20991200,0.9492,21000200
2024-12-21,0.9094956330200001,21000100,0.9048,20991200,0.9048,21000200
2024-12-22,0.891057375,21000100,0.883,20991200,0.883,21000200
2024-12-23,0.93454193014875,21000100,0.9261,20991200,0.9261,21000200
2024-12-24,0.9440364375,21000100,0.9355,20991200,0.9355,21000200
2024-12-25,0.9219488259299999,21000100,0.9172,20991200,0.9172,21000200
2024-12-26,0.8638777977450001,21000100,0.8604,20991200,0.8604,21000200
2024-12-27,0.8825035036266666,21000100,0.8768,20991200,0.8768,21000200
2024-12-28,0.896790059295,21000100,0.8892,20991200,0.8892,21000200
2024-12-29,0.866031075,21000100,0.8582,20991200,0.8582,21000200
2024-12-30,0.8661015465299998,21000100,0.8613,20991200,0.8613,21000200
2024-12-31,0.8524078875000001,21000100,0.8447,20991200,0.8447,21000200
2025-01-01,0.9307159875000001,21000100,0.9223,20991200,0.9223,21000200
2025-01-02,0.9700718625000001,21000100,0.9613,20991200,0.9613,21000200
2025-01-03,1.0994416875,21000100,1.0895,20991200,1.0895,21000200
2025-01-04,1.0804701375,21000100,1.0707,20991200,1.0707,21000200
2025-01-05,1.1008544625,21000100,1.0909,20991200,1.0909,21000200
2025-01-06,1.10317545,21000100,1.0932,20991200,1.0932,21000200
2025-01-07,0.9978228,21000100,0.9888,20991200,0.9888,21000200
2025-01-08,0.9548340750000001,21000100,0.9462,20991200,0.9462,21000200
2025-01-09,0.9108029511983333,21000100,0.9038,20991200,0.9038,21000200
2025-01-10,0.9365034942412499,21000100,0.9297,20991200,0.9297,21000200
2025-01-11,1.0002667041866666,21000100,0.9952,20991200,0.9952,21000200
2025-01-12,0.9759247875,21000100,0.9671,20991200,0.9671,21000200
2025-01-13,0.9503204825254167,21000100,0.9439,20991200,0.9439,21000200
2025-01-14,1.00414856374375,21000100,0.9969,20991200,0.9969,21000200
2025-01-15,1.0851121125,21000100,1.0753,20991200,1.0753,21000200
2025-01-16,1.0988362125,21000100,1.0889,20991200,1.0889,21000200
2025-01-17,1.1431368000000002,21000100,1.1328,20991200,1.1328,21000200
2025-01-18,1.1137864757658333,21000100,1.1042,20991200,1.1042,21000200
2025-01-19,1.00145565,21000100,0.9924,20991200,0.9924,21000200
2025-01-20,1.0184089500000002,21000100,1.0092,20991200,1.0092,21000200
2025-01-21,1.0147761000000002,21000100,1.0056,20991200,1.0056,21000200
2025-01-22,0.9913644000000001,21000100,0.9824,20991200,0.9824,21000200
2025-01-23,0.9955018125000001,21000100,0.9865,20991200,0.9865,21000200
2025-01-24,0.979456725,21000100,0.9706,20991200,0.9706,21000200
2025-01-25,0.9846110652925,21000100,0.9762,20991200,0.9762,21000200
2025-01-26,0.9609897375,21000100,0.9523,20991200,0.9523,21000200
2025-01-27,0.9392738777,21000100,0.934,20991200,0.934,21000200
2025-01-28,0.9235398771250001,21000100,0.9161,20991200,0.9161,21000200
2025-01-29,0.9475644565495833,21000100,0.9391,20991200,0.9391,21000200
2025-01-30,0.96695647963875,21000100,0.9591,20991200,0.9591,21000200
2025-01-31,0.9482839306558334,21000100,0.9422,20991200,0.9422,21000200
2025-02-01,0.9002861698629165,21000100,0.8941,20991200,0.8941,21000200
2025-02-02,0.8047660294683334,21000100,0.8042,20991200,0.8042,21000200
2025-02-03,0.8014789185283333,21000100,0.8116,20991200,0.8116,21000200
2025-02-04,0.7348021081799999,21000100,0.7434,20991200,0.7434,21000200
2025-02-05,0.729829637875,21000100,0.7319,20991200,0.7319,21000200
2025-02-06,0.7063543243575001,21000100,0.7047,20991200,0.7047,21000200
2025-02-07,0.7076402329666667,21000100,0.7066,20991200,0.7066,21000200
2025-02-08,0.6974296435749999,21000100,0.7001,20991200,0.7001,21000200
2025-02-09,0.677606673475,21000100,0.681,20991200,0.681,21000200
2025-02-10,0.7118565705916666,21000100,0.7114,20991200,0.7114,21000200
2025-02-11,0.78209813736,21000100,0.7776,20991200,0.7776,21000200
2025-02-12,0.8018040378645833,21000100,0.7991,20991200,0.7991,21000200
2025-02-13,0.8058771039691667,21000100,0.8101,20991200,0.8101,21000200
2025-02-14,0.79914676329,21000100,0.7992,20991200,0.7992,21000200
2025-02-15,0.77746329738,21000100,0.7803,20991200,0.7803,21000200
2025-02-16,0.77008862938,21000100,0.7707,20991200,0.7707,21000200
2025-02-17,0.8139528962316666,21000100,0.8084,20991200,0.8084,21000200
2025-02-18,0.75441350178,21000100,0.7536,20991200,0.7536,21000200
2025-02-19,0.7688329454175,21000100,0.7731,20991200,0.7731,21000200
2025-02-20,0.8087726638549999,21000100,0.8034,20991200,0.8034,21000200
2025-02-21,0.768077738145,21000100,0.7614,20991200,0.7614,21000200
2025-02-22,0.7718472025541666,21000100,0.773,20991200,0.773,21000200
2025-02-23,0.771765426225,21000100,0.7692,20991200,0.7692,21000200
2025-02-24,0.67829639658375,21000100,0.6811,20991200,0.6811,21000200
2025-02-25,0.6860354642145832,21000100,0.6829,20991200,0.6829,21000200
2025-02-26,0.6487401501766668,21000100,0.6469,20991200,0.6469,21000200
2025-02-27,0.6491332225733333,21000100,0.6448,20991200,0.6448,21000200
2025-02-28,0.6337889374341668,21000100,0.6326,20991200,0.6326,21000200
2025-03-01,0.6635203770158334,21000100,0.6589,20991200,0.6589,21000200
2025-03-02,1.1438296252933333,21000100,1.1336,20991200,1.1336,21000200
2025-03-03,0.8611402348458332,21000100,0.857,20991200,0.857,21000200
2025-03-04,0.92980056352,21000100,0.9404,20991200,0.9404,21000200
2025-03-05,0.9733725670400001,21000100,0.9736,20991200,0.9736,21000200
2025-03-06,0.8978131198225,21000100,0.9058,20991200,0.9058,21000200
2025-03-07,0.8053480772067457,21000100,0.8174,20991200,0.8174,21000200
2025-03-08,0.8009625866833333,21000100,0.8045,20991200,0.8045,21000200
2025-03-09,0.7216671073833333,21000100,0.7208,20991200,0.7208,21000200
2025-03-10,0.6630226955154166,21000100,0.6707,20991200,0.6707,21000200
2025-03-11,0.7248952471912501,21000100,0.7233,20991200,0.7233,21000200
2025-03-12,0.7258292255608334,21000100,0.7354,20991200,0.7354,21000200
2025-03-13,0.6938856559125,21000100,0.7023,20991200,0.7023,21000200
2025-03-14,0.7324650240416667,21000100,0.737,20991200,0.737,21000200
2025-03-15,0.75071253009375,21000100,0.7461,20991200,0.7461,21000200
2025-03-16,0.6970981782100001,21000100,0.7042,20991200,0.7042,21000200
2025-03-17,0.7096770771716666,21000100,0.7169,20991200,0.7169,21000200
2025-03-18,0.6950771516916666,21000100,0.701,20991200,0.701,21000200
2025-03-19,0.7436692002070833,21000100,0.7433,20991200,0.7433,21000200
2025-03-20,0.7227607445975001,21000100,0.7174,20991200,0.7174,21000200
2025-03-21,0.696853296135,21000100,0.7044,20991200,0.7044,21000200
2025-03-22,0.6947716282824999,21000100,0.7009,20991200,0.7009,21000200
2025-03-23,0.7097348142900001,21000100,0.7103,20991200,0.7103,21000200
2025-03-24,0.7335701611762501,21000100,0.7317,20991200,0.7317,21000200
2025-03-25,0.7508899125,21000100,0.7441,20991200,0.7441,21000200
2025-03-26,0.731638032455,21000100,0.7282,20991200,0.7282,21000200
2025-03-27,0.737983493385,21000100,0.7379,20991200,0.7379,21000200
2025-03-28,0.702163419735,21000100,0.7057,20991200,0.7057,21000200
2025-03-29,0.6697990609925,21000100,0.6726,20991200,0.6726,21000200
2025-03-30,0.6600762111066666,21000100,0.6607,20991200,0.6607,21000200
2025-03-31,0.6548094396949999,21000100,0.6613,20991200,0.6613,21000200
2025-04-01,0.6763636554645833,21000100,0.6769,20991200,0.6769,21000200
2025-04-02,0.6405768327333333,21000100,0.6395,20991200,0.6395,21000200
2025-04-03,0.64286940322,21000100,0.6504,20991200,0.6504,21000200
2025-04-04,0.658584509415,21000100,0.6601,20991200,0.6601,21000200
2025-04-05,0.65942672452,21000100,0.6544,20991200,0.6544,21000200
2025-04-06,0.5705319484516667,21000100,0.5731,20991200,0.5731,21000200
2025-04-07,0.58524603775,21000100,0.586,20991200,0.586,21000200
2025-04-08,0.55761608205,21000100,0.558,20991200,0.558,21000200
2025-04-09,0.6301165242808333,21000100,0.6314,20991200,0.6314,21000200
2025-04-10,0.6100585762008333,21000100,0.6091,20991200,0.6091,21000200
2025-04-11,0.6238741753395833,21000100,0.6235,20991200,0.6235,21000200
2025-04-12,0.6636957728666667,21000100,0.6593,20991200,0.6593,21000200
2025-04-13,0.6405943658583334,21000100,0.638,20991200,0.638,21000200
2025-04-14,0.6345498035341667,21000100,0.6347,20991200,0.6347,21000200
2025-04-15,0.6048912045458333,21000100,0.6085,20991200,0.6085,21000200
2025-04-16,0.6040374401924999,21000100,0.6102,20991200,0.6102,21000200
2025-04-17,0.6184801980000001,21000100,0.6165,20991200,0.6165,21000200
2025-04-18,0.6238649878966667,21000100,0.6274,20991200,0.6274,21000200
2025-04-19,0.6311410487845834,21000100,0.6277,20991200,0.6277,21000200
2025-04-20,0.6196733593941667,21000100,0.6199,20991200,0.6199,21000200
2025-04-21,0.6276668099625,21000100,0.6237,20991200,0.6237,21000200
2025-04-22,0.6773023938116667,21000100,0.6793,20991200,0.6793,21000200
2025-04-23,0.7037637750000001,21000100,0.6974,20991200,0.6974,21000200
2025-04-24,0.7280836875000001,21000100,0.7215,20991200,0.7215,21000200
2025-04-25,0.7142641090087499,21000100,0.7131,20991200,0.7131,21000200
2025-04-26,0.70901662070625,21000100,0.7065,20991200,0.7065,21000200
2025-04-27,0.7045964485583334,21000100,0.703,20991200,0.703,21000200
2025-04-28,0.7102008141433334,21000100,0.7052,20991200,0.7052,21000200
2025-04-29,0.6994249353700001,21000100,0.6951,20991200,0.6951,21000200
2025-04-30,0.6743303739870834,21000100,0.6811,20991200,0.6811,21000200
2025-05-01,0.7061914212075,21000100,0.7047,20991200,0.7047,21000200
2025-05-02,0.703002312005,21000100,0.6979,20991200,0.6979,21000200
2025-05-03,0.7001174963562501,21000100,0.6991,20991200,0.6991,21000200
2025-05-04,0.66818532941,21000100,0.6756,20991200,0.6756,21000200
2025-05-05,0.6543515375204166,21000100,0.6617,20991200,0.6617,21000200
2025-05-06,0.6781865132104167,21000100,0.6785,20991200,0.6785,21000200
2025-05-07,0.6747060447370834,21000100,0.6713,20991200,0.6713,21000200
2025-05-08,0.7734489727329166,21000100,0.7693,20991200,0.7693,21000200
2025-05-09,0.7841910375000001,21000100,0.7771,20991200,0.7771,21000200
2025-05-10,0.8482704750000001,21000100,0.8406,20991200,0.8406,21000200
2025-05-11,0.8108827579787499,21000100,0.8049,20991200,0.8049,21000200
2025-05-12,0.824051475,21000100,0.8166,20991200,0.8166,21000200
2025-05-13,0.8340750357566666,21000100,0.8297,20991200,0.8297,21000200
2025-05-14,0.8053826625000001,21000100,0.7981,20991200,0.7981,21000200
2025-05-15,0.7632689681249999,21000100,0.762,20991200,0.762,21000200
2025-05-16,0.76377692012,21000100,0.7584,20991200,0.7584,21000200
2025-05-17,0.7467699396266666,21000100,0.7424,20991200,0.7424,21000200
2025-05-18,0.7633029620708334,21000100,0.7595,20991200,0.7595,21000200
2025-05-19,0.73598057856,21000100,0.7424,20991200,0.7424,21000200
2025-05-20,0.74904391925,21000100,0.7458,20991200,0.7458,21000200
2025-05-21,0.77579310236375,21000100,0.7691,20991200,0.7691,21000200
2025-05-22,0.8165839500000001,21000100,0.8092,20991200,0.8092,21000200
2025-05-23,0.7536145500000001,21000100,0.7468,20991200,0.7468,21000200
2025-05-24,0.74420252385,21000100,0.7463,20991200,0.7463,21000200
2025-05-25,0.7586355460612499,21000100,0.7593,20991200,0.7593,21000200
2025-05-26,0.7625681856716667,21000100,0.7598,20991200,0.7598,21000200
2025-05-27,0.7634810632583333,21000100,0.758,20991200,0.758,21000200
2025-05-28,0.7486542757425001,21000100,0.7473,20991200,0.7473,21000200
2025-05-29,0.7260014372479167,21000100,0.7217,20991200,0.7217,21000200
2025-05-30,0.6825295886866667,21000100,0.6884,20991200,0.6884,21000200
2025-05-31,0.6830322880233333,21000100,0.6856,20991200,0.6856,21000200
2025-06-01,0.6844207772325,21000100,0.6853,20991200,0.6853,21000200
2025-06-02,0.6937099778291667,21000100,0.6895,20991200,0.6895,21000200
2025-06-03,0.6871249856,21000100,0.6834,20991200,0.6834,21000200
2025-06-04,0.6664991716316666,21000100,0.6652,20991200,0.6652,21000200
2025-06-05,0.6263951967816667,21000100,0.6251,20991200,0.6251,21000200
2025-06-06,0.6485132752133334,21000100,0.6551,20991200,0.6551,21000200
2025-06-07,0.6679395618,21000100,0.664,20991200,0.664,21000200
2025-06-08,0.6745775684166667,21000100,0.67,20991200,0.67,21000200
2025-06-09,0.708356099295,21000100,0.7046,20991200,0.7046,21000200
2025-06-10,0.7220977522141667,21000100,0.7166,20991200,0.7166,21000200
2025-06-11,0.7039656000000001,21000100,0.6976,20991200,0.6976,21000200
2025-06-12,0.66348496440125,21000100,0.6609,20991200,0.6609,21000200
2025-06-13,0.6346362257258333,21000100,0.6418,20991200,0.6418,21000200
2025-06-14,0.6262448011749999,21000100,0.6242,20991200,0.6242,21000200
2025-06-15,0.6314959092541667,21000100,0.6331,20991200,0.6331,21000200
2025-06-16,0.633411499875,21000100,0.63,20991200,0.63,21000200
2025-06-17,0.6108636190775001,21000100,0.6087,20991200,0.6087,21000200
2025-06-18,0.608008289765,21000100,0.6038,20991200,0.6038,21000200
2025-06-19,0.60684259253,21000100,0.6018,20991200,0.6018,21000200
2025-06-20,0.5804467423658333,21000100,0.5771,20991200,0.5771,21000200
2025-06-21,0.5602877881875,21000100,0.5559,20991200,0.5559,21000200
2025-06-22,0.54507626680625,21000100,0.5415,20991200,0.5415,21000200
2025-06-23,0.5815499601799999,21000100,0.5817,20991200,0.5817,21000200
2025-06-24,0.5875356019266667,21000100,0.5872,20991200,0.5872,21000200
2025-06-25,0.567352892145,21000100,0.5668,20991200,0.5668,21000200
2025-06-26,0.5550498069166667,21000100,0.554,20991200,0.554,21000200
2025-06-27,0.55665380642,21000100,0.5584,20991200,0.5584,21000200
2025-06-28,0.568003074075,21000100,0.5652,20991200,0.5652,21000200
2025-06-29,0.5787822448125,21000100,0.577,20991200,0.577,21000200
2025-06-30,0.5723496682895832,21000100,0.5719,20991200,0.5719,21000200
2025-07-01,0.5396040505466667,21000100,0.5416,20991200,0.5416,21000200
2025-07-02,0.5824556558,21000100,0.584,20991200,0.584,21000200
2025-07-03,0.604465875,21000100,0.599,20991200,0.599,21000200
2025-07-04,0.5745940915,21000100,0.572,20991200,0.572,21000200
2025-07-05,0.5746961248000001,21000100,0.5752,20991200,0.5752,21000200
2025-07-06,0.5878718173516667,21000100,0.5854,20991200,0.5854,21000200
2025-07-07,0.5854943250000001,21000100,0.5802,20991200,0.5802,21000200
2025-07-08,0.5921625531429167,21000100,0.5881,20991200,0.5881,21000200
2025-07-09,0.6279784875,21000100,0.6223,20991200,0.6223,21000200
2025-07-10,0.683581275,21000100,0.6774,20991200,0.6774,21000200
2025-07-11,0.7157723625000001,21000100,0.7093,20991200,0.7093,21000200
2025-07-12,0.7151668875,21000100,0.7087,20991200,0.7087,21000200
2025-07-13,0.7428714709266667,21000100,0.7364,20991200,0.7364,21000200
2025-07-14,0.7416059625,21000100,0.7349,20991200,0.7349,21000200
2025-07-15,0.7536145500000001,21000100,0.7468,20991200,0.7468,21000200
2025-07-16,0.77137515,21000100,0.7644,20991200,0.7644,21000200
2025-07-17,0.8291980125,21000100,0.8217,20991200,0.8217,21000200
2025-07-18,0.823244175,21000100,0.8158,20991200,0.8158,21000200
2025-07-19,0.8371701,21000100,0.8296,20991200,0.8296,21000200
2025-07-20,0.86582925,21000100,0.858,20991200,0.858,21000200
2025-07-21,0.8972130375,21000100,0.8891,20991200,0.8891,21000200
2025-07-22,0.9122490000000001,21000100,0.904,20991200,0.904,21000200
2025-07-23,0.8231432625,21000100,0.8157,20991200,0.8157,21000200
2025-07-24,0.8130520125,21000100,0.8057,20991200,0.8057,21000200
2025-07-25,0.8231432625,21000100,0.8157,20991200,0.8157,21000200
2025-07-26,0.8271797625,21000100,0.8197,20991200,0.8197,21000200
2025-07-27,0.8392892625,21000100,0.8317,20991200,0.8317,21000200
2025-07-28,0.7999333875,21000100,0.7927,20991200,0.7927,21000200
2025-07-29,0.7875867741000001,21000100,0.7824,20991200,0.7824,21000200
2025-07-30,0.76660187370875,21000100,0.7629,20991200,0.7629,21000200
2025-07-31,0.7445428648475,21000100,0.7386,20991200,0.7386,21000200
2025-08-01,0.717816419705,21000100,0.7139,20991200,0.7139,21000200
2025-08-02,0.7010179029666666,21000100,0.697,20991200,0.697,21000200
2025-08-03,0.7309036790475,21000100,0.7266,20991200,0.7266,21000200
2025-08-04,0.7585278159033333,21000100,0.7544,20991200,0.7544,21000200
2025-08-05,0.7311614169599999,21000100,0.7254,20991200,0.7254,21000200
2025-08-06,0.7451761506562501,21000100,0.7409,20991200,0.7409,21000200
2025-08-07,0.7942822875000001,21000100,0.7871,20991200,0.7871,21000200
2025-08-08,0.7982178750000001,21000100,0.791,20991200,0.791,21000200
2025-08-09,0.8094307979375,21000100,0.8025,20991200,0.8025,21000200
2025-08-10,0.8066163979654166,21000100,0.8011,20991200,0.8011,21000200
2025-08-11,0.7767040536216666,21000100,0.7723,20991200,0.7723,21000200
2025-08-12,0.84330657328125,21000100,0.8411,20991200,0.8411,21000200
2025-08-13,0.9126526500000001,21000100,0.9044,20991200,0.9044,21000200
2025-08-14,0.9335992213395834,21000100,0.9251,20991200,0.9251,21000200
2025-08-15,0.9533203875,21000100,0.9447,20991200,0.9447,21000200
2025-08-16,0.9230209886916666,21000100,0.9205,20991200,0.9205,21000200
2025-08-17,0.96744924173625,21000100,0.9607,20991200,0.9607,21000200
2025-08-18,0.9256981712733333,21000100,0.9229,20991200,0.9229,21000200
2025-08-19,0.8527653913670832,21000100,0.8459,20991200,0.8459,21000200
2025-08-20,0.8750916681625,21000100,0.8805,20991200,0.8805,21000200
2025-08-21,0.8591690250000001,21000100,0.8514,20991200,0.8514,21000200
2025-08-22,0.9370504591875001,21000100,0.9315,20991200,0.9315,21000200
2025-08-23,0.9223402500000001,21000100,0.914,20991200,0.914,21000200
2025-08-24,0.9165882375000001,21000100,0.9083,20991200,0.9083,21000200
2025-08-25,0.8394360217125,21000100,0.8366,20991200,0.8366,21000200
2025-08-26,0.86012389195625,21000100,0.8661,20991200,0.8661,21000200
2025-08-27,0.8571267986466667,21000100,0.8504,20991200,0.8504,21000200
2025-08-28,0.8640226609924999,21000100,0.8571,20991200,0.8571,21000200
2025-08-29,0.828431709575,21000100,0.8265,20991200,0.8265,21000200
2025-08-30,0.8287783509658334,21000100,0.8219,20991200,0.8219,21000200
2025-08-31,0.8159991743291667,21000100,0.8107,20991200,0.8107,21000200
2025-09-01,0.8057718980595833,21000100,0.8009,20991200,0.8009,21000200
2025-09-02,0.8389896525,21000100,0.8348,20991200,0.8348,21000200
2025-09-03,0.8440321500000001,21000100,0.8364,20991200,0.8364,21000200
2025-09-04,0.8131770099199999,21000100,0.8088,20991200,0.8088,21000200
2025-09-05,0.8365200134,21000100,0.8304,20991200,0.8304,21000200
2025-09-06,0.8253633375,21000100,0.8179,20991200,0.8179,21000200
2025-09-07,0.84226857693,21000100,0.8349,20991200,0.8349,21000200
2025-09-08,0.8729940375,21000100,0.8651,20991200,0.8651,21000200
2025-09-09,0.8726913000000001,21000100,0.8648,20991200,0.8648,21000200
2025-09-10,0.8933783625,21000100,0.8853,20991200,0.8853,21000200
2025-09-11,0.9018550125000001,21000100,0.8937,20991200,0.8937,21000200
2025-09-12,0.9233794610504168,21000100,0.9169,20991200,0.9169,21000200
2025-09-13,0.937880775,21000100,0.9294,20991200,0.9294,21000200
2025-09-14,0.8938949607683334,21000100,0.8873,20991200,0.8873,21000200
2025-09-15,0.86462788647375,21000100,0.8627,20991200,0.8627,21000200
2025-09-16,0.8831704954708334,21000100,0.8798,20991200,0.8798,21000200
2025-09-17,0.9194868861825001,21000100,0.9134,20991200,0.9134,21000200
2025-09-18,0.9325324125000001,21000100,0.9241,20991200,0.9241,21000200
2025-09-19,0.8980203375000001,21000100,0.8899,20991200,0.8899,21000200
2025-09-20,0.8960070430425,21000100,0.8926,20991200,0.8926,21000200
2025-09-21,0.8867532605124999,21000100,0.8835,20991200,0.8835,21000200
2025-09-22,0.8255682145550001,21000100,0.8252,20991200,0.8252,21000200
2025-09-23,0.80641450188,21000100,0.8056,20991200,0.8056,21000200
2025-09-24,0.818567493695,21000100,0.8124,20991200,0.8124,21000200
2025-09-25,0.7672608273083332,21000100,0.7633,20991200,0.7633,21000200
2025-09-26,0.7987224375,21000100,0.7915,20991200,0.7915,21000200
2025-09-27,0.7878238875,21000100,0.7807,20991200,0.7807,21000200
2025-09-28,0.8154087358025001,21000100,0.8083,20991200,0.8083,21000200
2025-09-29,0.8120780343566666,21000100,0.8056,20991200,0.8056,21000200
2025-09-30,0.8119006588125,21000100,0.807,20991200,0.807,21000200
2025-10-01,0.8582608125000001,21000100,0.8505,20991200,0.8505,21000200
2025-10-02,0.8782414875,21000100,0.8703,20991200,0.8703,21000200
2025-10-03,0.8713055930174999,21000100,0.8653,20991200,0.8653,21000200
2025-10-04,0.8461965658812499,21000100,0.8391,20991200,0.8391,21000200
2025-10-05,0.8442339750000001,21000100,0.8366,20991200,0.8366,21000200
2025-10-06,0.874392421185,21000100,0.8716,20991200,0.8716,21000200
2025-10-07,0.8269779375,21000100,0.8195,20991200,0.8195,21000200
2025-10-08,0.8429479630000001,21000100,0.8385,20991200,0.8385,21000200
2025-10-09,0.8195880560833333,21000100,0.815,20991200,0.815,21000200
2025-10-10,0.6404916375,21000100,0.6347,20991200,0.6347,21000200
2025-10-11,0.6282808581707824,21000100,0.631,20991200,0.631,21000200
2025-10-12,0.6950766361308184,21000100,0.6995,20991200,0.6995,21000200
2025-10-13,0.7229646488307656,21000100,0.7282,20991200,0.7282,21000200
2025-10-14,0.69975854793875,21000100,0.6983,20991200,0.6983,21000200
2025-10-15,0.6724736906333333,21000100,0.668,20991200,0.668,21000200
2025-10-16,0.6456534199675001,21000100,0.6447,20991200,0.6447,21000200
2025-10-17,0.62608061025125,21000100,0.6243,20991200,0.6243,21000200
2025-10-18,0.635372839825,21000100,0.634,20991200,0.634,21000200
2025-10-19,0.65483007583,21000100,0.6524,20991200,0.6524,21000200
2025-10-20,0.6615419635825,21000100,0.6622,20991200,0.6622,21000200
2025-10-21,0.64470554463625,21000100,0.6423,20991200,0.6423,21000200
2025-10-22,0.6235898071174999,21000100,0.6234,20991200,0.6234,21000200
2025-10-23,0.6443456309324999,21000100,0.6426,20991200,0.6426,21000200
2025-10-24,0.6600931436733333,21000100,0.6556,20991200,0.6556,21000200
2025-10-25,0.6580867152000001,21000100,0.654,20991200,0.654,21000200
2025-10-26,0.6859913134295833,21000100,0.6809,20991200,0.6809,21000200
2025-10-27,0.6695625542316667,21000100,0.6667,20991200,0.6667,21000200
2025-10-28,0.6474231622716666,21000100,0.6454,20991200,0.6454,21000200
2025-10-29,0.6365591636241668,21000100,0.6397,20991200,0.6397,21000200
2025-10-30,0.60175266615625,21000100,0.6013,20991200,0.6013,21000200
2025-10-31,0.6053794020062501,21000100,0.6087,20991200,0.6087,21000200
2025-11-01,0.6164365070166666,21000100,0.6124,20991200,0.6124,21000200
2025-11-02,0.6123252551208334,21000100,0.6103,20991200,0.6103,21000200
2025-11-03,0.5526001680825,21000100,0.5526,20991200,0.5526,21000200
2025-11-04,0.5250187334958333,21000100,0.5206,20991200,0.5206,21000200
2025-11-05,0.5487576081979167,21000100,0.5449,20991200,0.5449,21000200
2025-11-06,0.534881276635,21000100,0.5316,20991200,0.5316,21000200
2025-11-07,0.5798135783999999,21000100,0.576,20991200,0.576,21000200
2025-11-08,0.5713598051825001,21000100,0.5682,20991200,0.5682,21000200
2025-11-09,0.5785066864958334,21000100,0.5785,20991200,0.5785,21000200
2025-11-10,0.5925126177083334,21000100,0.5924,20991200,0.5924,21000200
2025-11-11,0.5570343175333334,21000100,0.556,20991200,0.556,21000200
2025-11-12,0.5463321499575,21000100,0.5454,20991200,0.5454,21000200
2025-11-13,0.5315392281958333,21000100,0.5294,20991200,0.5294,21000200
2025-11-14,0.49914872049416664,21000100,0.4981,20991200,0.4981,21000200
2025-11-15,0.50510417799,21000100,0.5032,20991200,0.5032,21000200
2025-11-16,0.48402119314500003,21000100,0.4844,20991200,0.4844,21000200
2025-11-17,0.4701513375,21000100,0.4659,20991200,0.4659,21000200
2025-11-18,0.47943528750000003,21000100,0.4751,20991200,0.4751,21000200
2025-11-19,0.4677312648258333,21000100,0.4637,20991200,0.4637,21000200
2025-11-20,0.436143825,21000100,0.4322,20991200,0.4322,21000200
2025-11-21,0.4107240654175,21000100,0.4089,20991200,0.4089,21000200
2025-11-22,0.4063542904145834,21000100,0.4043,20991200,0.4043,21000200
2025-11-23,0.40889500027875,21000100,0.4083,20991200,0.4083,21000200
2025-11-24,0.42787892307000003,21000100,0.4274,20991200,0.4274,21000200
2025-11-25,0.4210127449675,21000100,0.4217,20991200,0.4217,21000200
2025-11-26,0.4379709943375,21000100,0.4355,20991200,0.4355,21000200
2025-11-27,0.4357265087175,21000100,0.4329,20991200,0.4329,21000200
2025-11-28,0.42045778234000003,21000100,0.4197,20991200,0.4197,21000200
2025-11-29,0.41359771296666664,21000100,0.4144,20991200,0.4144,21000200
2025-11-30,0.41677996448833327,21000100,0.4139,20991200,0.4139,21000200
2025-12-01,0.3837326284975,21000100,0.3853,20991200,0.3853,21000200
2025-12-02,0.43288759298583335,21000100,0.4334,20991200,0.4334,21000200
2025-12-03,0.45345512727666665,21000100,0.4498,20991200,0.4498,21000200
2025-12-04,0.442719855525,21000100,0.439,20991200,0.439,21000200
2025-12-05,0.4176659218625,21000100,0.4155,20991200,0.4155,21000200
2025-12-06,0.41191928598333327,21000100,0.4135,20991200,0.4135,21000200
2025-12-07,0.41821110921416665,21000100,0.4171,20991200,0.4171,21000200
2025-12-08,0.43412201477749995,21000100,0.4326,20991200,0.4326,21000200
2025-12-09,0.4707086832883333,21000100,0.4694,20991200,0.4694,21000200
2025-12-10,0.451032651245,21000100,0.4534,20991200,0.4534,21000200
2025-12-11,0.42533610408249994,21000100,0.4251,20991200,0.4251,21000200
2025-12-12,0.40746062259125,21000100,0.4089,20991200,0.4089,21000200
2025-12-13,0.41225523507208334,21000100,0.4103,20991200,0.4103,21000200
2025-12-14,0.39701334585,21000100,0.396,20991200,0.396,21000200
2025-12-15,0.38925318430125005,21000100,0.3879,20991200,0.3879,21000200
2025-12-16,0.38628740663624994,21000100,0.3857,20991200,0.3857,21000200
2025-12-17,0.36828048906000005,21000100,0.3672,20991200,0.3672,21000200
2025-12-18,0.35187886228333337,21000100,0.3512,20991200,0.3512,21000200
2025-12-19,0.3787420694166666,21000100,0.3766,20991200,0.3766,21000200
2025-12-20,0.3741037965466667,21000100,0.3728,20991200,0.3728,21000200
2025-12-21,0.3666472318325,21000100,0.3659,20991200,0.3659,21000200
2025-12-22,0.3703131074125,21000100,0.371,20991200,0.371,21000200
2025-12-23,0.36276762692625003,21000100,0.3627,20991200,0.3627,21000200
2025-12-24,0.35633897340625,21000100,0.3565,20991200,0.3565,21000200
2025-12-25,0.34283407610083333,21000100,0.3433,20991200,0.3433,21000200
2025-12-26,0.35139745428749997,21000100,0.3494,20991200,0.3494,21000200
2025-12-27,0.37238503597875,21000100,0.3699,20991200,0.3699,21000200
2025-12-28,0.37176165,21000100,0.3684,20991200,0.3684,21000200
2025-12-29,0.35601930000000004,21000100,0.3528,20991200,0.3528,21000200
2025-12-30,0.3504737676375,21000100,0.351,20991200,0.351,21000200
2025-12-31,0.332774641045,21000100,0.3332,20991200,0.3332,21000200
2026-01-01,0.35380088171999996,21000100,0.3564,20991200,0.3564,21000200
2026-01-02,0.39840255,21000100,0.3948,20991200,0.3948,21000200
2026-01-03,0.3928523625,21000100,0.3893,20991200,0.3893,21000200
2026-01-04,0.4038867999833333,21000100,0.4004,20991200,0.4004,21000200
2026-01-05,0.42423988359000003,21000100,0.4209,20991200,0.4209,21000200
2026-01-06,0.42057830418625,21000100,0.4193,20991200,0.4193,21000200
2026-01-07,0.4044005028,21000100,0.402,20991200,0.402,21000200
2026-01-08,0.3989992258,21000100,0.3955,20991200,0.3955,21000200
2026-01-09,0.39312097455999995,21000100,0.3912,20991200,0.3912,21000200
2026-01-10,0.39022809914,21000100,0.3882,20991200,0.3882,21000200
2026-01-11,0.39383007188708335,21000100,0.3907,20991200,0.3907,21000200
2026-01-12,0.3863725634925,21000100,0.3859,20991200,0.3859,21000200
2026-01-13,0.42537075683416664,21000100,0.4219,20991200,0.4219,21000200
2026-01-14,0.41787866250000005,21000100,0.4141,20991200,0.4141,21000200
2026-01-15,0.39396479126666667,21000100,0.3934,20991200,0.3934,21000200
2026-01-16,0.3942544520625,21000100,0.3954,20991200,0.3954,21000200
2026-01-17,0.39957981387,21000100,0.3972,20991200,0.3972,21000200
2026-01-18,0.37574540710416665,21000100,0.3754,20991200,0.3754,21000200
2026-01-19,0.37018555478333326,21000100,0.3701,20991200,0.3701,21000200
2026-01-20,0.3528970286083333,21000100,0.3505,20991200,0.3505,21000200
2026-01-21,0.3665629818329167,21000100,0.3659,20991200,0.3659,21000200
2026-01-22,0.3602841539033334,21000100,0.3592,20991200,0.3592,21000200
2026-01-23,0.3594938586741666,21000100,0.3601,20991200,0.3601,21000200
2026-01-24,0.35906072475,21000100,0.3582,20991200,0.3582,21000200
2026-01-25,0.33930134635833337,21000100,0.3388,20991200,0.3388,21000200
2026-01-26,0.3530299813333333,21000100,0.352,20991200,0.352,21000200
2026-01-27,0.3635403233145833,21000100,0.3605,20991200,0.3605,21000200
2026-01-28,0.36037004513874993,21000100,0.3581,20991200,0.3581,21000200
2026-01-29,0.33431873104666665,21000100,0.3344,20991200,0.3344,21000200
2026-01-30,0.31857011041333333,21000100,0.3206,20991200,0.3206,21000200
2026-01-31,0.2946837533625,21000100,0.2934,20991200,0.2934,21000200
2026-02-01,0.28346942638,21000100,0.2856,20991200,0.2856,21000200
2026-02-02,0.297111875585,21000100,0.2989,20991200,0.2989,21000200
2026-02-03,0.28862372091666666,21000100,0.2915,20991200,0.2915,21000200
2026-02-04,0.28675435031999996,21000100,0.2862,20991200,0.2862,21000200
2026-02-05,0.2453741994975,21000100,0.2451,20991200,0.2451,21000200
2026-02-06,0.2725170110777595,21000100,0.2759,20991200,0.2759,21000200
2026-02-07,0.27145117127124996,21000100,0.2719,20991200,0.2719,21000200
2026-02-08,0.26928430877666665,21000100,0.2698,20991200,0.2698,21000200
2026-02-09,0.267885085315,21000100,0.2697,20991200,0.2697,21000200
2026-02-10,0.259591862565,21000100,0.2617,20991200,0.2617,21000200
2026-02-11,0.2548576144620833,21000100,0.2557,20991200,0.2557,21000200
2026-02-12,0.2650133919525,21000100,0.2643,20991200,0.2643,21000200
2026-02-13,0.27237957863625,21000100,0.2727,20991200,0.2727,21000200
2026-02-14,0.29643627049125004,21000100,0.2949,20991200,0.2949,21000200
2026-02-15,0.28200368416000005,21000100,0.2816,20991200,0.2816,21000200
2026-02-16,0.28428586951958335,21000100,0.2857,20991200,0.2857,21000200
2026-02-17,0.28052944491291665,21000100,0.2809,20991200,0.2809,21000200
2026-02-18,0.2725606745308333,21000100,0.2734,20991200,0.2734,21000200
2026-02-19,0.2722358416433333,21000100,0.2728,20991200,0.2728,21000200
2026-02-20,0.28489995074125,21000100,0.2847,20991200,0.2847,21000200
2026-02-21,0.2777648745725,21000100,0.2797,20991200,0.2797,21000200
2026-02-22,0.26881916488125,21000100,0.2715,20991200,0.2715,21000200
2026-02-23,0.261136899175,21000100,0.2622,20991200,0.2622,21000200
2026-02-24,0.25796103761666667,21000100,0.2584,20991200,0.2584,21000200
2026-02-25,0.29865857545875,21000100,0.2971,20991200,0.2971,21000200
2026-02-26,0.29246842500000003,21000100,0.2907,20991200,0.2907,21000200
