DATETIME,CARRY,CARRY_CONTRACT,PRICE,PRICE_CONTRACT,FORWARD,FORWARD_CONTRACT
2020-09-24,4.502277859966666,21000100,4.6133,20991200,4.6133,21000200
2020-09-25,3.6455084887354166,21000100,4.6867,20991200,4.6867,21000200
2020-09-26,4.077912515614166,21000100,4.5203,20991200,4.5203,21000200
2020-09-27,4.523003661721667,21000100,4.6391,20991200,4.6391,21000200
2020-09-28,4.10782085020625,21000100,4.1955,20991200,4.1955,21000200
2020-09-29,4.143202308093334,21000100,4.1314,20991200,4.1314,21000200
2020-09-30,4.307619069279166,21000100,4.321,20991200,4.321,21000200
2020-10-02,3.92355140495,21000100,3.8972,20991200,3.8972,21000200
2020-10-03,3.8832147561699997,21000100,4.0169,20991200,4.0169,21000200
2020-10-04,3.63861308088,21000100,3.9608,20991200,3.9608,21000200
2020-10-05,3.5408614077666667,21000100,3.976,20991200,3.976,21000200
2020-10-06,2.98453581192,21000100,3.5338,20991200,3.5338,21000200
2020-10-07,2.5819377897074998,21000100,3.4413,20991200,3.4413,21000200
2020-10-08,3.2002095811766664,21000100,3.9034,20991200,3.9034,21000200
2020-10-09,4.116737539638334,21000100,4.2356,20991200,4.2356,21000200
2020-10-10,3.9839256562625,21000100,4.0142,20991200,4.0142,21000200
2020-10-11,4.128217059936666,21000100,4.0924,20991200,4.0924,21000200
2020-10-12,4.423648582676666,21000100,4.4123,20991200,4.4123,21000200
2020-10-13,4.448667143668334,21000100,4.4774,20991200,4.4774,21000200
2020-10-14,4.160771415812084,21000100,4.1513,20991200,4.1513,21000200
2020-10-15,4.164255225,21000100,4.1266,20991200,4.1266,21000200
2020-10-16,3.9852322213150004,21000100,4.0281,20991200,4.0281,21000200
2020-10-17,3.8667804269458332,21000100,4.189,20991200,4.189,21000200
2020-10-18,4.156182225,21000100,4.1186,20991200,4.1186,21000200
2020-10-19,3.87197792149875,21000100,4.0401,20991200,4.0401,21000200
2020-10-20,3.3653104445625,21000100,3.7938,20991200,3.7938,21000200
2020-10-21,3.8054623851083336,21000100,3.9601,20991200,3.9601,21000200
2020-10-22,4.1867315867783335,21000100,4.3346,20991200,4.3346,21000200
2020-10-23,4.292918662500001,21000100,4.2541,20991200,4.2541,21000200
2020-10-24,4.2196561875,21000100,4.1815,20991200,4.1815,21000200
2020-10-25,4.1807039625,21000100,4.1429,20991200,4.1429,21000200
2020-10-26,4.17979575,21000100,4.142,20991200,4.142,21000200
2020-10-27,4.1621360625,21000100,4.1245,20991200,4.1245,21000200
2020-10-28,4.087460812500001,21000100,4.0505,20991200,4.0505,21000200
2020-10-29,3.7969805203399996,21000100,3.7776,20991200,3.7776,21000200
2020-10-30,3.74638540685,21000100,3.716,20991200,3.716,21000200
2020-10-31,3.6735177375,21000100,3.6403,20991200,3.6403,21000200
2020-11-02,3.6408220875,21000100,3.6079,20991200,3.6079,21000200
2020-11-03,3.3622026750000003,21000100,3.3318,20991200,3.3318,21000200
2020-11-04,3.20377005,21000100,3.1748,20991200,3.1748,21000200
2020-11-05,3.349716987204167,21000100,3.337,20991200,3.337,21000200
2020-11-06,3.629418975,21000100,3.5966,20991200,3.5966,21000200
2020-11-07,3.4521157125000004,21000100,3.4209,20991200,3.4209,21000200
2020-11-08,3.5067093750000002,21000100,3.475,20991200,3.475,21000200
2020-11-09,3.4500974625,21000100,3.4189,20991200,3.4189,21000200
2020-11-10,3.6062091,21000100,3.5736,20991200,3.5736,21000200
2020-11-11,3.5183143125000003,21000100,3.4865,20991200,3.4865,21000200
2020-11-12,3.4531248375000003,21000100,3.4219,20991200,3.4219,21000200
2020-11-13,3.702817782175833,21000100,3.6781,20991200,3.6781,21000200
2020-11-14,3.5181124875000003,21000100,3.4863,20991200,3.4863,21000200
2020-11-15,3.5747244000000005,21000100,3.5424,20991200,3.5424,21000200
2020-11-16,3.741230025,21000100,3.7074,20991200,3.7074,21000200
2020-11-17,3.8813974875,21000100,3.8463,20991200,3.8463,21000200
2020-11-18,3.790987382115,21000100,3.7491,20991200,3.7491,21000200
2020-11-19,3.6730131750000004,21000100,3.6398,20991200,3.6398,21000200
2020-11-20,3.8179452244420835,21000100,3.7217,20991200,3.7217,21000200
2020-11-21,4.2545077035766665,21000100,4.0412,20991200,4.0412,21000200
2020-11-22,3.9740522162366667,21000100,3.9028,20991200,3.9028,21000200
2020-11-23,4.1694384759875005,21000100,4.0805,20991200,4.0805,21000200
2020-11-24,4.466986807136667,21000100,4.2712,20991200,4.2712,21000200
2020-11-25,4.372982542681667,21000100,4.0444,20991200,4.0444,21000200
2020-11-26,3.595038134003333,21000100,3.5386,20991200,3.5386,21000200
2020-11-27,3.6052834706695838,21000100,3.5851,20991200,3.5851,21000200
2020-11-28,3.6242525030741666,21000100,3.6317,20991200,3.6317,21000200
2020-11-29,3.7374962625,21000100,3.7037,20991200,3.7037,21000200
2020-11-30,3.7413309375000003,21000100,3.7075,20991200,3.7075,21000200
2020-12-02,3.769485525,21000100,3.7354,20991200,3.7354,21000200
2020-12-03,3.8519310375,21000100,3.8171,20991200,3.8171,21000200
2020-12-04,3.5681650875,21000100,3.5359,20991200,3.5359,21000200
2020-12-05,3.6712205527000004,21000100,3.6408,20991200,3.6408,21000200
2020-12-06,3.6040991309266666,21000100,3.5984,20991200,3.5984,21000200
2020-12-07,3.2450097624187504,21000100,3.3765,20991200,3.3765,21000200
2020-12-08,2.77014325854,21000100,3.1113,20991200,3.1113,21000200
2020-12-09,3.0926034132683333,21000100,3.2588,20991200,3.2588,21000200
2020-12-10,3.1761200250000003,21000100,3.1474,20991200,3.1474,21000200
2020-12-11,3.2678494875000004,21000100,3.2383,20991200,3.2383,21000200
2020-12-12,3.3679546875,21000100,3.3375,20991200,3.3375,21000200
2020-12-13,3.3750185625,21000100,3.3445,20991200,3.3445,21000200
2020-12-14,3.18066215653875,21000100,3.1491,20991200,3.1491,21000200
2020-12-15,3.3748628805150003,21000100,3.3012,20991200,3.3012,21000200
2020-12-16,3.3766331625,21000100,3.3461,20991200,3.3461,21000200
2020-12-17,3.2715353118858332,21000100,3.2177,20991200,3.2177,21000200
2020-12-18,3.452963156359167,21000100,3.4123,20991200,3.4123,21000200
2020-12-19,3.627540396341667,21000100,3.466,20991200,3.466,21000200
2020-12-20,3.57853812504,21000100,3.3144,20991200,3.3144,21000200
2020-12-21,3.14596072055375,21000100,3.0923,20991200,3.0923,21000200
2020-12-22,3.1015456875000003,21000100,3.0735,20991200,3.0735,21000200
2020-12-23,2.98587285653625,21000100,2.9529,20991200,2.9529,21000200
2020-12-24,3.134544075,21000100,3.1062,20991200,3.1062,21000200
2020-12-25,2.980349775,21000100,2.9534,20991200,2.9534,21000200
2020-12-26,2.9532043125,21000100,2.9265,20991200,2.9265,21000200
2020-12-27,2.9365537500000003,21000100,2.91,20991200,2.91,21000200
2020-12-28,2.9964059087400003,21000100,2.9646,20991200,2.9646,21000200
2020-12-29,2.9647127497312495,21000100,2.9253,20991200,2.9253,21000200
2020-12-30,2.9454610816224998,21000100,2.9166,20991200,2.9166,21000200
2020-12-31,3.2217324750000005,21000100,3.1926,20991200,3.1926,21000200
2021-01-02,3.6074771308124993,21000100,3.505,20991200,3.505,21000200
2021-01-03,3.772263512690416,21000100,3.4907,20991200,3.4907,21000200
2021-01-04,4.161321964534853,21000100,3.6036,20991200,3.6036,21000200
2021-01-05,4.336712867115001,21000100,4.2626,20991200,4.2626,21000200
2021-01-06,5.108335769226666,21000100,4.5808,20991200,4.5808,21000200
2021-01-07,4.7330867373425,21000100,4.4722,20991200,4.4722,21000200
2021-01-08,5.7802430919850005,21000100,5.7084,20991200,5.7084,21000200
2021-01-09,7.2551041875,21000100,7.1895,20991200,7.1895,21000200
2021-01-10,6.317103555601666,21000100,6.5449,20991200,6.5449,21000200
2021-01-11,6.5160210375,21000100,6.4571,20991200,6.4571,21000200
2021-01-12,7.359315793425001,21000100,7.7118,20991200,7.7118,21000200
2021-01-13,8.173880774605001,21000100,8.4617,20991200,8.4617,21000200
2021-01-14,9.14210968005,21000100,9.3204,20991200,9.3204,21000200
2021-01-15,9.443997225,21000100,9.3586,20991200,9.3586,21000200
2021-01-16,11.38611645652874,21000100,12.7952,20991200,12.7952,21000200
2021-01-17,11.432182115377227,21000100,13.1289,20991200,13.1289,21000200
2021-01-18,11.487912689642084,21000100,12.6751,20991200,12.6751,21000200
2021-01-19,10.17405592569,21000100,11.7022,20991200,11.7022,21000200
2021-01-20,10.794659336008332,21000100,12.3692,20991200,12.3692,21000200
2021-01-21,10.416866935727084,21000100,11.2759,20991200,11.2759,21000200
2021-01-22,12.333314025109999,21000100,12.7114,20991200,12.7114,21000200
2021-01-23,12.928831836151668,21000100,12.8923,20991200,12.8923,21000200
2021-01-24,12.581972325,21000100,12.4682,20991200,12.4682,21000200
2021-01-25,11.819316039835,21000100,12.1388,20991200,12.1388,21000200
2021-01-26,10.765924641105833,21000100,12.1862,20991200,12.1862,21000200
2021-01-27,10.337303714926666,21000100,11.1092,20991200,11.1092,21000200
2021-01-28,11.38172086971,21000100,11.9178,20991200,11.9178,21000200
2021-01-29,11.055089883366668,21000100,11.5976,20991200,11.5976,21000200
2021-01-30,11.440811607656249,21000100,12.0375,20991200,12.0375,21000200
2021-01-31,13.427401960663333,21000100,13.4644,20991200,13.4644,21000200
2021-02-02,13.594394831159999,21000100,13.4628,20991200,13.4628,21000200
2021-02-03,14.958988055134165,21000100,14.8534,20991200,14.8534,21000200
2021-02-04,15.817836793,21000100,15.29,20991200,15.29,21000200
2021-02-05,18.19151802414,21000100,17.8632,20991200,17.8632,21000200
2021-02-06,15.935370520504167,21000100,18.119,20991200,18.119,21000200
2021-02-07,22.7837020993725,21000100,23.7402,20991200,23.7402,21000200
2021-02-08,27.877905691323754,21000100,30.1671,20991200,30.1671,21000200
2021-02-09,33.62680503413417,21000100,31.9082,20991200,31.9082,21000200
2021-02-10,56.148266744851675,21000100,54.9172,20991200,54.9172,21000200
2021-02-11,47.45860549597667,21000100,47.5001,20991200,47.5001,21000200
2021-02-12,56.923210118539245,21000100,48.4247,20991200,48.4247,21000200
2021-02-13,53.92894046404678,21000100,44.2039,20991200,44.2039,21000200
2021-02-14,48.71469244512075,21000100,39.2,20991200,39.2,21000200
2021-02-15,39.676027236767496,21000100,38.1642,20991200,38.1642,21000200
2021-02-16,33.70820968977,21000100,36.6762,20991200,36.6762,21000200
2021-02-17,39.267926319286666,21000100,37.1984,20991200,37.1984,21000200
2021-02-18,49.43700917517791,21000100,41.1329,20991200,41.1329,21000200
2021-02-19,44.15080620287917,21000100,38.8859,20991200,38.8859,21000200
2021-02-20,46.1571710510059,21000100,36.0081,20991200,36.0081,21000200
2021-02-21,37.27447976643333,21000100,36.2344,20991200,36.2344,21000200
2021-02-22,27.804250473720003,21000100,32.2924,20991200,32.2924,21000200
2021-02-23,21.819582690690417,21000100,27.5483,20991200,27.5483,21000200
2021-02-24,27.826940140095832,21000100,29.6555,20991200,29.6555,21000200
2021-02-25,25.966966024865,21000100,26.7276,20991200,26.7276,21000200
2021-02-26,23.204133473716666,21000100,25.9372,20991200,25.9372,21000200
2021-02-27,24.3312984934875,21000100,25.677,20991200,25.677,21000200
2021-02-28,22.7074901453125,21000100,23.925,20991200,23.925,21000200
2021-03-02,27.72692336312,21000100,27.1118,20991200,27.1118,21000200
2021-03-03,27.757147956331252,21000100,27.2227,20991200,27.2227,21000200
2021-03-04,26.88826812967167,21000100,25.7677,20991200,25.7677,21000200
2021-03-05,24.772050006096663,21000100,24.2636,20991200,24.2636,21000200
2021-03-06,25.463772730814583,21000100,24.9377,20991200,24.9377,21000200
2021-03-07,28.94968916878792,21000100,26.7401,20991200,26.7401,21000200
2021-03-08,26.941376891,21000100,25.63,20991200,25.63,21000200
2021-03-09,39.424664604320824,21000100,34.3501,20991200,34.3501,21000200
2021-03-10,34.581708544775,21000100,29.6156,20991200,29.6156,21000200
2021-03-11,34.659300774164585,21000100,30.8663,20991200,30.8663,21000200
2021-03-12,30.793196237265004,21000100,28.0242,20991200,28.0242,21000200
2021-03-13,34.10108049545,21000100,30.9576,20991200,30.9576,21000200
2021-03-14,33.3184229484425,21000100,28.8123,20991200,28.8123,21000200
2021-03-15,31.692665579609997,21000100,28.9611,20991200,28.9611,21000200
2021-03-16,35.6794467936025,21000100,33.0058,20991200,33.0058,21000200
2021-03-17,34.655057010054996,21000100,32.7399,20991200,32.7399,21000200
2021-03-18,37.376557957726675,21000100,33.2432,20991200,33.2432,21000200
2021-03-19,40.229836502771256,21000100,37.3661,20991200,37.3661,21000200
2021-03-20,38.91849215855,21000100,34.231,20991200,34.231,21000200
2021-03-21,36.740996110687504,21000100,32.8665,20991200,32.8665,21000200
2021-03-22,32.91611903745,21000100,29.193,20991200,29.193,21000200
2021-03-23,29.62776335475375,21000100,28.4859,20991200,28.4859,21000200
2021-03-24,26.993291467005005,21000100,25.8228,20991200,25.8228,21000200
2021-03-25,26.060249475000003,21000100,25.8246,20991200,25.8246,21000200
2021-03-26,29.322116091451665,21000100,28.2868,20991200,28.2868,21000200
2021-03-27,28.841427185559997,21000100,27.6364,20991200,27.6364,21000200
2021-03-28,31.908608408893336,21000100,28.7914,20991200,28.7914,21000200
2021-03-29,32.198992233333335,21000100,29.6,20991200,29.6,21000200
2021-03-30,34.1460282351175,21000100,29.6998,20991200,29.6998,21000200
2021-03-31,31.706035995495,21000100,28.8004,20991200,28.8004,21000200
2021-04-02,35.028496305714995,21000100,29.1181,20991200,29.1181,21000200
2021-04-03,34.85613102515,21000100,28.177,20991200,28.177,21000200
2021-04-04,31.342977456431665,21000100,29.2138,20991200,29.2138,21000200
2021-04-05,37.098164312229166,21000100,31.355,20991200,31.355,21000200
2021-04-06,38.307326387192504,21000100,31.5321,20991200,31.5321,21000200
2021-04-07,32.0945530881125,21000100,29.5754,20991200,29.5754,21000200
2021-04-08,33.08065388355,21000100,30.7944,20991200,30.7944,21000200
2021-04-09,34.67686571896792,21000100,31.5737,20991200,31.5737,21000200
2021-04-10,36.1578596612625,21000100,31.8805,20991200,31.8805,21000200
2021-04-11,37.14642645299667,21000100,31.6214,20991200,31.6214,21000200
2021-04-12,40.463351966299996,21000100,33.9088,20991200,33.9088,21000200
2021-04-13,41.080233478993335,21000100,33.7292,20991200,33.7292,21000200
2021-04-14,48.22065482212916,21000100,38.489,20991200,38.489,21000200
2021-04-15,43.72803572331375,21000100,37.0683,20991200,37.0683,21000200
2021-04-16,43.97745675942083,21000100,35.5202,20991200,35.5202,21000200
2021-04-17,40.873264422910836,21000100,33.9586,20991200,33.9586,21000200
2021-04-18,29.817830216217917,21000100,29.3351,20991200,29.3351,21000200
2021-04-19,26.543853271,21000100,26.1768,20991200,26.1768,21000200
2021-04-20,27.680500575,21000100,27.4302,20991200,27.4302,21000200
2021-04-21,26.134038565929583,21000100,25.8407,20991200,25.8407,21000200
2021-04-22,24.3873588485,21000100,23.97,20991200,23.97,21000200
2021-04-23,23.77712904042875,21000100,23.5679,20991200,23.5679,21000200
2021-04-24,22.0325288625,21000100,21.8333,20991200,21.8333,21000200
2021-04-25,21.812640525000003,21000100,21.6154,20991200,21.6154,21000200
2021-04-26,26.648973,21000100,26.408,20991200,26.408,21000200
2021-04-27,28.2558027375,21000100,28.0003,20991200,28.0003,21000200
2021-04-28,28.70010622291875,21000100,28.2819,20991200,28.2819,21000200
2021-04-29,28.988662228166664,21000100,27.9664,20991200,27.9664,21000200
2021-04-30,33.63501970511,21000100,32.8467,20991200,32.8467,21000200
2021-05-02,33.13184257261917,21000100,31.2878,20991200,31.2878,21000200
2021-05-03,38.87344701392666,21000100,35.9222,20991200,35.9222,21000200
2021-05-04,31.750073123078753,21000100,30.3941,20991200,30.3941,21000200
2021-05-05,35.644918725000004,21000100,35.3226,20991200,35.3226,21000200
2021-05-06,41.5890198143875,21000100,38.103,20991200,38.103,21000200
2021-05-07,39.9793718323875,21000100,37.8974,20991200,37.8974,21000200
2021-05-08,41.05567940427667,21000100,38.4214,20991200,38.4214,21000200
2021-05-09,41.89178446760417,21000100,39.025,20991200,39.025,21000200
2021-05-10,37.171651020985834,21000100,34.6661,20991200,34.6661,21000200
2021-05-11,37.115617500000006,21000100,36.78,20991200,36.78,21000200
2021-05-12,33.293051999999996,21000100,32.992,20991200,32.992,21000200
2021-05-13,35.327448000000004,21000100,35.008,20991200,35.008,21000200
2021-05-14,37.354780125000005,21000100,37.017,20991200,37.017,21000200
2021-05-15,35.60727593626667,21000100,34.528,20991200,34.528,21000200
2021-05-16,37.48125638693334,21000100,36.652,20991200,36.652,21000200
2021-05-17,34.28244502612084,21000100,33.679,20991200,33.679,21000200
2021-05-18,37.402372848249996,21000100,36.966,20991200,36.966,21000200
2021-05-19,18.08094589518528,21000100,22.958,20991200,22.958,21000200
2021-05-20,23.42285211215,21000100,25.022,20991200,25.022,21000200
2021-05-21,20.8608950265625,21000100,21.775,20991200,21.775,21000200
2021-05-22,17.696369906366666,21000100,18.746,20991200,18.746,21000200
2021-05-23,15.1585340786375,21000100,15.583,20991200,15.583,21000200
2021-05-24,18.6551796249,21000100,19.422,20991200,19.422,21000200
2021-05-25,19.630508625,21000100,19.453,20991200,19.453,21000200
2021-05-26,21.005946,21000100,20.816,20991200,20.816,21000200
2021-05-27,19.293460875,21000100,19.119,20991200,19.119,21000200
2021-05-28,16.8685335,21000100,16.716,20991200,16.716,21000200
2021-05-29,16.250415212800004,21000100,16.152,20991200,16.152,21000200
2021-05-30,16.538111142637497,21000100,16.497,20991200,16.497,21000200
2021-05-31,18.2181020735,21000100,18.124,20991200,18.124,21000200
2021-06-02,18.85650975,21000100,18.686,20991200,18.686,21000200
2021-06-03,20.44689075,21000100,20.262,20991200,20.262,21000200
2021-06-04,18.390294,21000100,18.224,20991200,18.224,21000200
2021-06-05,17.197976380525002,21000100,17.202,20991200,17.202,21000200
2021-06-06,17.28894604114583,21000100,17.375,20991200,17.375,21000200
2021-06-07,15.493304629999999,21000100,15.52,20991200,15.52,21000200
2021-06-08,14.667947595120834,21000100,14.771,20991200,14.771,21000200
2021-06-09,14.937590962666667,21000100,15.392,20991200,15.392,21000200
2021-06-10,14.303424022900002,21000100,14.178,20991200,14.178,21000200
2021-06-11,13.527320625,21000100,13.405,20991200,13.405,21000200
2021-06-12,13.506556403675,21000100,13.529,20991200,13.529,21000200
2021-06-13,14.776059737791666,21000100,14.734,20991200,14.734,21000200
2021-06-14,15.199502867670834,21000100,15.107,20991200,15.107,21000200
2021-06-15,14.8502835,21000100,14.716,20991200,14.716,21000200
2021-06-16,14.200407,21000100,14.072,20991200,14.072,21000200
2021-06-17,14.98146975,21000100,14.846,20991200,14.846,21000200
2021-06-18,13.7604285,21000100,13.636,20991200,13.636,21000200
2021-06-19,13.4837156705625,21000100,13.365,20991200,13.365,21000200
2021-06-20,13.989989208349998,21000100,13.911,20991200,13.911,21000200
2021-06-21,11.2210023508,21000100,11.168,20991200,11.168,21000200
2021-06-22,10.549089380770834,21000100,10.573,20991200,10.573,21000200
2021-06-23,11.487901936945832,21000100,11.449,20991200,11.449,21000200
2021-06-24,11.496850929925,21000100,11.491,20991200,11.491,21000200
2021-06-25,10.320321375,21000100,10.227,20991200,10.227,21000200
2021-06-26,10.401051375000002,21000100,10.307,20991200,10.307,21000200
2021-06-27,10.989869697266666,21000100,10.949,20991200,10.949,21000200
2021-06-28,11.43338625,21000100,11.33,20991200,11.33,21000200
2021-06-29,12.02877,21000100,11.92,20991200,11.92,21000200
2021-06-30,12.050970750000001,21000100,11.942,20991200,11.942,21000200
2021-07-02,11.02251843875,21000100,11.1,20991200,11.1,21000200
2021-07-03,11.4891230887875,21000100,11.491,20991200,11.491,21000200
2021-07-04,12.4606755,21000100,12.348,20991200,12.348,21000200
2021-07-05,12.1377555,21000100,12.028,20991200,12.028,21000200
2021-07-06,13.497046875,21000100,13.375,20991200,13.375,21000200
2021-07-07,13.206418875,21000100,13.087,20991200,13.087,21000200
2021-07-08,12.208394250000001,21000100,12.098,20991200,12.098,21000200
2021-07-09,12.6705735,21000100,12.556,20991200,12.556,21000200
2021-07-10,12.132709875,21000100,12.023,20991200,12.023,21000200
2021-07-11,12.541405500000002,21000100,12.428,20991200,12.428,21000200
2021-07-12,12.2588505,21000100,12.148,20991200,12.148,21000200
2021-07-13,12.015651375000001,21000100,11.907,20991200,11.907,21000200
2021-07-14,11.84962289225,21000100,11.78,20991200,11.78,21000200
2021-07-15,11.495952,21000100,11.392,20991200,11.392,21000200
2021-07-16,10.898550000000002,21000100,10.8,20991200,10.8,21000200
2021-07-17,11.053955250000001,21000100,10.954,20991200,10.954,21000200
2021-07-18,10.78350975,21000100,10.686,20991200,10.686,21000200
2021-07-19,10.2348198122625,21000100,10.179,20991200,10.179,21000200
2021-07-20,9.652312219666667,21000100,9.616,20991200,9.616,21000200
2021-07-21,10.372431801966666,21000100,10.436,20991200,10.436,21000200
2021-07-22,10.929832875,21000100,10.831,20991200,10.831,21000200
2021-07-23,11.186150625000002,21000100,11.085,20991200,11.085,21000200
2021-07-24,11.24367075,21000100,11.142,20991200,11.142,21000200
2021-07-25,11.344583250000001,21000100,11.242,20991200,11.242,21000200
2021-07-26,11.559526875000001,21000100,11.455,20991200,11.455,21000200
2021-07-27,12.029779125,21000100,11.921,20991200,11.921,21000200
2021-07-28,12.431410875000001,21000100,12.319,20991200,12.319,21000200
2021-07-29,12.545442000000001,21000100,12.432,20991200,12.432,21000200
2021-07-30,13.10046075,21000100,12.982,20991200,12.982,21000200
2021-07-31,13.677680250000002,21000100,13.554,20991200,13.554,21000200
2021-08-02,13.113579375,21000100,12.995,20991200,12.995,21000200
2021-08-03,12.689746874999999,21000100,12.575,20991200,12.575,21000200
2021-08-04,13.832076375000002,21000100,13.707,20991200,13.707,21000200
2021-08-05,13.967299125,21000100,13.841,20991200,13.841,21000200
2021-08-06,14.918904000000001,21000100,14.784,20991200,14.784,21000200
2021-08-07,16.25939296595,21000100,15.859,20991200,15.859,21000200
2021-08-08,15.288793017545833,21000100,14.837,20991200,14.837,21000200
2021-08-09,16.33565777819167,21000100,16.178,20991200,16.178,21000200
2021-08-10,16.777267415612503,21000100,16.449,20991200,16.449,21000200
2021-08-11,17.302276145183335,21000100,16.699,20991200,16.699,21000200
2021-08-12,17.02243405895,21000100,16.606,20991200,16.606,21000200
2021-08-13,18.567574868562495,21000100,18.051,20991200,18.051,21000200
2021-08-14,18.479948703883334,21000100,18.116,20991200,18.116,21000200
2021-08-15,19.414805844845834,21000100,18.791,20991200,18.791,21000200
2021-08-16,20.237816641362503,21000100,19.109,20991200,19.109,21000200
2021-08-17,24.517597907129165,21000100,23.491,20991200,23.491,21000200
2021-08-18,30.428162586891663,21000100,30.034,20991200,30.034,21000200
2021-08-19,31.286587941787502,21000100,30.699,20991200,30.699,21000200
2021-08-20,40.423334000000004,21000100,39.2,20991200,39.2,21000200
2021-08-21,45.3349816677,21000100,43.748,20991200,43.748,21000200
2021-08-22,46.29550788032033,21000100,43.788,20991200,43.788,21000200
2021-08-23,49.18952939421556,21000100,46.458,20991200,46.458,21000200
2021-08-24,58.99903767955079,21000100,55.592,20991200,55.592,21000200
2021-08-25,47.882733720825,21000100,46.314,20991200,46.314,21000200
2021-08-26,42.299447170624994,21000100,41.35,20991200,41.35,21000200
2021-08-27,51.1348961326,21000100,50.178,20991200,50.178,21000200
2021-08-28,51.16808339183333,21000100,50.296,20991200,50.296,21000200
2021-08-29,48.9530003118375,21000100,47.451,20991200,47.451,21000200
2021-08-30,42.86918039535,21000100,41.476,20991200,41.476,21000200
2021-08-31,40.642627826625,21000100,39.545,20991200,39.545,21000200
2021-09-02,50.656911760650004,21000100,47.604,20991200,47.604,21000200
2021-09-03,49.30572805699203,21000100,45.96,20991200,45.96,21000200
2021-09-04,50.119864128974996,21000100,47.259,20991200,47.259,21000200
2021-09-05,52.19536665617537,21000100,48.195,20991200,48.195,21000200
2021-09-06,51.33151461278333,21000100,47.137,20991200,47.137,21000200
2021-09-07,35.76321961871235,21000100,37.976,20991200,37.976,21000200
2021-09-08,37.9179269439,21000100,37.053,20991200,37.053,21000200
2021-09-09,41.44363255444999,21000100,40.782,20991200,40.782,21000200
2021-09-10,50.292521015199995,21000100,49.376,20991200,49.376,21000200
2021-09-11,57.9646014399,21000100,57.108,20991200,57.108,21000200
2021-09-12,60.194722070874995,21000100,59.295,20991200,59.295,21000200
2021-09-13,53.985309512300006,21000100,53.142,20991200,53.142,21000200
2021-09-14,51.965901,21000100,51.496,20991200,51.496,21000200
2021-09-15,58.431364875,21000100,57.903,20991200,57.903,21000200
2021-09-16,68.39003594965,21000100,67.594,20991200,67.594,21000200
2021-09-17,71.02374134341666,21000100,70.166,20991200,70.166,21000200
2021-09-18,69.717418875,21000100,69.087,20991200,69.087,21000200
2021-09-19,71.07828505668333,21000100,70.076,20991200,70.076,21000200
2021-09-20,57.86322750000001,21000100,57.34,20991200,57.34,21000200
2021-09-21,59.58681300000001,21000100,59.048,20991200,59.048,21000200
2021-09-22,74.676259125,21000100,74.001,20991200,74.001,21000200
2021-09-23,77.14356975,21000100,76.446,20991200,76.446,21000200
2021-09-24,72.9516645,21000100,72.292,20991200,72.292,21000200
2021-09-25,68.86874475,21000100,68.246,20991200,68.246,21000200
2021-09-26,67.370194125,21000100,66.761,20991200,66.761,21000200
2021-09-27,66.928197375,21000100,66.323,20991200,66.323,21000200
2021-09-28,62.0531145,21000100,61.492,20991200,61.492,21000200
2021-09-29,66.07145025000001,21000100,65.474,20991200,65.474,21000200
2021-09-30,67.26726337500001,21000100,66.659,20991200,66.659,21000200
2021-10-02,70.2158695502,21000100,69.168,20991200,69.168,21000200
2021-10-03,70.22592917840001,21000100,68.774,20991200,68.774,21000200
2021-10-04,65.92875349975415,21000100,65.273,20991200,65.273,21000200
2021-10-05,65.26415025000001,21000100,64.674,20991200,64.674,21000200
2021-10-06,60.791738949300004,21000100,60.084,20991200,60.084,21000200
2021-10-07,64.02971621955,21000100,61.596,20991200,61.596,21000200
2021-10-08,61.560449491375,21000100,60.546,20991200,60.546,21000200
2021-10-09,62.18990522364584,21000100,60.715,20991200,60.715,21000200
2021-10-10,59.1681233376,21000100,56.512,20991200,56.512,21000200
2021-10-11,56.0523999716,21000100,55.344,20991200,55.344,21000200
2021-10-12,54.864108,21000100,54.368,20991200,54.368,21000200
2021-10-13,55.537194375,21000100,55.035,20991200,55.035,21000200
2021-10-14,57.4793139011875,21000100,56.229,20991200,56.229,21000200
2021-10-15,58.03848170221251,21000100,56.417,20991200,56.417,21000200
2021-10-16,60.869935998412494,21000100,57.683,20991200,57.683,21000200
2021-10-17,58.82255347621667,21000100,56.116,20991200,56.116,21000200
2021-10-18,56.63861714134166,21000100,55.538,20991200,55.538,21000200
2021-10-19,57.75532680545833,21000100,56.87,20991200,56.87,21000200
2021-10-20,61.28350449420833,21000100,59.686,20991200,59.686,21000200
2021-10-21,64.96284728422499,21000100,61.518,20991200,61.518,21000200
2021-10-22,67.04954354231667,21000100,65.578,20991200,65.578,21000200
2021-10-23,66.9191598628125,21000100,65.525,20991200,65.525,21000200
2021-10-24,66.8131106491875,21000100,64.585,20991200,64.585,21000200
2021-10-25,71.83205949261668,21000100,69.793,20991200,69.793,21000200
2021-10-26,72.81493713862916,21000100,68.699,20991200,68.699,21000200
2021-10-27,62.90872287304166,21000100,61.585,20991200,61.585,21000200
2021-10-28,64.89279225,21000100,64.306,20991200,64.306,21000200
2021-10-29,65.83908944261667,21000100,64.924,20991200,64.924,21000200
2021-10-30,63.884322166654165,21000100,62.407,20991200,62.407,21000200
2021-10-31,65.99657005001667,21000100,64.519,20991200,64.519,21000200
2021-11-02,70.49142812625833,21000100,67.826,20991200,67.826,21000200
2021-11-03,77.29271724996667,21000100,75.652,20991200,75.652,21000200
2021-11-04,82.520474275875,21000100,78.978,20991200,78.978,21000200
2021-11-05,74.95084295474166,21000100,74.246,20991200,74.246,21000200
2021-11-06,79.51739720970834,21000100,78.791,20991200,78.791,21000200
2021-11-07,89.14990542093749,21000100,87.609,20991200,87.609,21000200
2021-11-08,93.01427187636666,21000100,91.241,20991200,91.241,21000200
2021-11-09,93.49038233014583,21000100,88.405,20991200,88.405,21000200
2021-11-10,88.60830188383332,21000100,85.189,20991200,85.189,21000200
2021-11-11,88.7182335,21000100,87.916,20991200,87.916,21000200
2021-11-12,85.62930187500001,21000100,84.855,20991200,84.855,21000200
2021-11-13,98.566284375,21000100,97.675,20991200,97.675,21000200
2021-11-14,96.904064614475,21000100,95.406,20991200,95.406,21000200
2021-11-15,96.34524708393333,21000100,93.922,20991200,93.922,21000200
2021-11-16,98.79131925,21000100,97.898,20991200,97.898,21000200
2021-11-17,108.59597775,21000100,107.614,20991200,107.614,21000200
2021-11-18,101.52302062500002,21000100,100.605,20991200,100.605,21000200
2021-11-19,112.96851637500001,21000100,111.947,20991200,111.947,21000200
2021-11-20,127.086175125,21000100,125.937,20991200,125.937,21000200
2021-11-21,129.84411375,21000100,128.67,20991200,128.67,21000200
2021-11-22,136.12966835243333,21000100,134.884,20991200,134.884,21000200
2021-11-23,125.29882233802083,21000100,123.937,20991200,123.937,21000200
2021-11-24,118.60879270515001,21000100,115.357,20991200,115.357,21000200
2021-11-25,120.8548524448,21000100,119.292,20991200,119.292,21000200
2021-11-26,106.10710683789999,21000100,104.376,20991200,104.376,21000200
2021-11-27,114.55587,21000100,113.52,20991200,113.52,21000200
2021-11-28,111.51436725,21000100,110.506,20991200,110.506,21000200
2021-11-29,121.58240737500002,21000100,120.483,20991200,120.483,21000200
2021-11-30,121.51984162500001,21000100,120.421,20991200,120.421,21000200
2021-12-02,108.85935937500001,21000100,107.875,20991200,107.875,21000200
2021-12-03,109.42183972875,21000100,108.279,20991200,108.279,21000200
2021-12-04,92.27032085286666,21000100,92.986,20991200,92.986,21000200
2021-12-05,87.102624375,21000100,86.315,20991200,86.315,21000200
2021-12-06,93.730557375,21000100,92.883,20991200,92.883,21000200
2021-12-07,90.14077563655,21000100,89.543,20991200,89.543,21000200
2021-12-08,94.0383405,21000100,93.188,20991200,93.188,21000200
2021-12-09,86.18532975000001,21000100,85.406,20991200,85.406,21000200
2021-12-10,81.27694575000001,21000100,80.542,20991200,80.542,21000200
2021-12-11,87.300412875,21000100,86.511,20991200,86.511,21000200
2021-12-12,88.36947107844168,21000100,87.914,20991200,87.914,21000200
2021-12-13,79.728948,21000100,79.008,20991200,79.008,21000200
2021-12-14,87.76029857933334,21000100,87.136,20991200,87.136,21000200
2021-12-15,102.07904850000001,21000100,101.156,20991200,101.156,21000200
2021-12-16,98.95922426078333,21000100,98.318,20991200,98.318,21000200
2021-12-17,111.75756637500001,21000100,110.747,20991200,110.747,21000200
2021-12-18,116.60801383660001,21000100,115.896,20991200,115.896,21000200
2021-12-19,108.510202125,21000100,107.529,20991200,107.529,21000200
2021-12-20,114.550824375,21000100,113.515,20991200,113.515,21000200
2021-12-21,123.877152590875,21000100,123.154,20991200,123.154,21000200
2021-12-22,117.721495125,21000100,116.657,20991200,116.657,21000200
2021-12-23,122.545112625,21000100,121.437,20991200,121.437,21000200
2021-12-24,115.925252625,21000100,114.877,20991200,114.877,21000200
2021-12-25,116.034238125,21000100,114.985,20991200,114.985,21000200
2021-12-26,116.1179955,21000100,115.068,20991200,115.068,21000200
2021-12-27,114.86668050000002,21000100,113.828,20991200,113.828,21000200
2021-12-28,107.97839325,21000100,107.002,20991200,107.002,21000200
2021-12-29,104.01455025,21000100,103.074,20991200,103.074,21000200
2021-12-30,102.66030450000001,21000100,101.732,20991200,101.732,21000200
2021-12-31,110.4588225,21000100,109.46,20991200,109.46,21000200
2022-01-01,115.14822637500001,21000100,114.107,20991200,114.107,21000200
2022-01-02,114.095709,21000100,113.064,20991200,113.064,21000200
2022-01-03,109.08540337500001,21000100,108.099,20991200,108.099,21000200
2022-01-04,104.269858875,21000100,103.327,20991200,103.327,21000200
2022-01-05,98.24639175000002,21000100,97.358,20991200,97.358,21000200
2022-01-06,95.9354955,21000100,95.068,20991200,95.068,21000200
2022-01-07,87.35903799925,21000100,86.685,20991200,86.685,21000200
2022-01-08,84.610085625,21000100,83.845,20991200,83.845,21000200
2022-01-09,90.11678799199998,21000100,89.32,20991200,89.32,21000200
2022-01-10,84.56490401446666,21000100,84.368,20991200,84.368,21000200
2022-01-11,89.86268568885417,21000100,89.525,20991200,89.525,21000200
2022-01-12,96.14166999791668,21000100,95.9,20991200,95.9,21000200
2022-01-13,90.50438475000001,21000100,89.686,20991200,89.686,21000200
2022-01-14,91.17040725000001,21000100,90.346,20991200,90.346,21000200
2022-01-15,93.84257025000001,21000100,92.994,20991200,92.994,21000200
2022-01-16,93.07866262499999,21000100,92.237,20991200,92.237,21000200
2022-01-17,87.44370862500001,21000100,86.653,20991200,86.653,21000200
2022-01-18,86.73276246189583,21000100,85.985,20991200,85.985,21000200
2022-01-19,83.29620487500002,21000100,82.543,20991200,82.543,21000200
2022-01-20,79.935818625,21000100,79.213,20991200,79.213,21000200
2022-01-21,66.062707951825,21000100,66.027,20991200,66.027,21000200
2022-01-22,59.964257076208334,21000100,59.771,20991200,59.771,21000200
2022-01-23,63.98561907816667,21000100,64.76,20991200,64.76,21000200
2022-01-24,62.824946185637494,21000100,62.967,20991200,62.967,21000200
2022-01-25,68.38934157199999,21000100,67.94,20991200,67.94,21000200
2022-01-26,65.76616574616666,21000100,65.83,20991200,65.83,21000200
2022-01-27,63.585824703916664,21000100,64.66,20991200,64.66,21000200
2022-01-28,66.22490499937501,21000100,66.93,20991200,66.93,21000200
2022-01-29,72.01161204908334,21000100,71.87,20991200,71.87,21000200
2022-01-30,67.88587384066666,21000100,67.91,20991200,67.91,21000200
2022-01-31,69.32469139258332,21000100,69.82,20991200,69.82,21000200
2022-02-01,73.86855400837501,21000100,73.29,20991200,73.29,21000200
2022-02-02,68.17156760175,21000100,67.78,20991200,67.78,21000200
2022-02-03,67.445235148125,21000100,68.41,20991200,68.41,21000200
2022-02-04,77.3745491375,21000100,77.75,20991200,77.75,21000200
2022-02-05,77.68244250000001,21000100,76.98,20991200,76.98,21000200
2022-02-06,79.611994915,21000100,78.9,20991200,78.9,21000200
2022-02-07,83.69520226254167,21000100,83.17,20991200,83.17,21000200
2022-02-08,84.58431829568042,21000100,86.31,20991200,86.31,21000200
2022-02-09,90.12176907066666,21000100,89.96,20991200,89.96,21000200
2022-02-10,91.16965687729167,21000100,91.15,20991200,91.15,21000200
2022-02-11,82.28873763074999,21000100,81.71,20991200,81.71,21000200
2022-02-12,82.00149750000001,21000100,81.26,20991200,81.26,21000200
2022-02-13,77.88395073495835,21000100,77.87,20991200,77.87,21000200
2022-02-14,82.2156071625,21000100,81.81,20991200,81.81,21000200
2022-02-15,93.36060492266667,21000100,92.96,20991200,92.96,21000200
2022-02-16,96.11915625,21000100,95.25,20991200,95.25,21000200
2022-02-17,88.97455125,21000100,88.17,20991200,88.17,21000200
2022-02-18,84.13151155358335,21000100,83.62,20991200,83.62,21000200
2022-02-19,85.144996777125,21000100,84.97,20991200,84.97,21000200
2022-02-20,77.73354884720833,21000100,77.27,20991200,77.27,21000200
2022-02-21,69.65103130958333,21000100,69.98,20991200,69.98,21000200
2022-02-22,73.83451987816666,21000100,74.36,20991200,74.36,21000200
2022-02-23,73.512824469375,21000100,73.41,20991200,73.41,21000200
2022-02-24,76.43260499700001,21000100,76.36,20991200,76.36,21000200
2022-02-25,81.32846256429168,21000100,80.93,20991200,80.93,21000200
2022-02-26,82.08221455470832,21000100,81.77,20991200,81.77,21000200
2022-02-27,74.46132237475,21000100,74.99,20991200,74.99,21000200
2022-02-28,82.6861282185605,21000100,84.49,20991200,84.49,21000200
2022-03-01,87.6525975,21000100,86.86,20991200,86.86,21000200
2022-03-02,84.05002125000001,21000100,83.29,20991200,83.29,21000200
2022-03-03,78.992370589,21000100,78.42,20991200,78.42,21000200
2022-03-04,76.26523386241666,21000100,75.74,20991200,75.74,21000200
2022-03-05,76.94999953629167,21000100,76.63,20991200,76.63,21000200
2022-03-06,72.45945381937501,21000100,72.45,20991200,72.45,21000200
2022-03-07,71.663620902,21000100,71.64,20991200,71.64,21000200
2022-03-08,73.42860044275,21000100,72.94,20991200,72.94,21000200
2022-03-09,78.1846087395,21000100,77.58,20991200,77.58,21000200
2022-03-10,74.19046660387501,21000100,73.89,20991200,73.89,21000200
2022-03-11,71.40077099825001,21000100,71.18,20991200,71.18,21000200
2022-03-12,70.55611883704167,21000100,70.87,20991200,70.87,21000200
2022-03-13,67.85962354791667,21000100,67.9,20991200,67.9,21000200
2022-03-14,68.80797283733334,21000100,68.92,20991200,68.92,21000200
2022-03-15,69.71161604083333,21000100,69.8,20991200,69.8,21000200
2022-03-16,74.63868539925001,21000100,74.06,20991200,74.06,21000200
2022-03-17,80.1043425,21000100,79.38,20991200,79.38,21000200
2022-03-18,86.502195,21000100,85.72,20991200,85.72,21000200
2022-03-19,90.34696125,21000100,89.53,20991200,89.53,21000200
2022-03-20,85.5939825,21000100,84.82,20991200,84.82,21000200
2022-03-21,86.82858189458334,21000100,86.21,20991200,86.21,21000200
2022-03-22,84.11464763283334,21000100,83.89,20991200,83.89,21000200
2022-03-23,85.58812833825,21000100,85.94,20991200,85.94,21000200
2022-03-24,87.75872430708334,21000100,87.55,20991200,87.55,21000200
2022-03-25,83.68420112366667,21000100,83.48,20991200,83.48,21000200
2022-03-26,86.08490992416665,21000100,85.85,20991200,85.85,21000200
2022-03-27,90.71024625000001,21000100,89.89,20991200,89.89,21000200
2022-03-28,90.37723500000001,21000100,89.56,20991200,89.56,21000200
2022-03-29,93.5862525,21000100,92.74,20991200,92.74,21000200
2022-03-30,96.44207625,21000100,95.57,20991200,95.57,21000200
2022-03-31,98.3493225,21000100,97.46,20991200,97.46,21000200
2022-04-01,97.70348249999999,21000100,96.82,20991200,96.82,21000200
2022-04-02,97.09800750000001,21000100,96.22,20991200,96.22,21000200
2022-04-03,98.94470625,21000100,98.05,20991200,98.05,21000200
2022-04-04,97.00718625,21000100,96.13,20991200,96.13,21000200
2022-04-05,91.54804538158335,21000100,90.98,20991200,90.98,21000200
2022-04-06,83.525780460375,21000100,82.89,20991200,82.89,21000200
2022-04-07,87.33205272854167,21000100,87.53,20991200,87.53,21000200
2022-04-08,83.21892468358334,21000100,83.62,20991200,83.62,21000200
2022-04-09,84.43125199075,21000100,84.49,20991200,84.49,21000200
2022-04-10,81.35776405325001,21000100,80.94,20991200,80.94,21000200
2022-04-11,74.837517206,21000100,74.28,20991200,74.28,21000200
2022-04-12,75.86174766425,21000100,76.27,20991200,76.27,21000200
2022-04-13,80.16162876312501,21000100,80.15,20991200,80.15,21000200
2022-04-14,77.35313626541667,21000100,76.79,20991200,76.79,21000200
2022-04-15,77.82194329574999,21000100,77.38,20991200,77.38,21000200
2022-04-16,78.28442541874999,21000100,77.73,20991200,77.73,21000200
2022-04-17,76.05775125000001,21000100,75.37,20991200,75.37,21000200
2022-04-18,77.74700752875,21000100,77.7,20991200,77.7,21000200
2022-04-19,80.99237250000002,21000100,80.26,20991200,80.26,21000200
2022-04-20,78.8933925,21000100,78.18,20991200,78.18,21000200
2022-04-21,75.511907645,21000100,74.95,20991200,74.95,21000200
2022-04-22,73.94129613000001,21000100,73.98,20991200,73.98,21000200
2022-04-23,73.4441175,21000100,72.78,20991200,72.78,21000200
2022-04-24,71.395280346,21000100,71.44,20991200,71.44,21000200
2022-04-25,72.59349272166666,21000100,72.85,20991200,72.85,21000200
2022-04-26,69.02711161250001,21000100,68.65,20991200,68.65,21000200
2022-04-27,69.80303528900001,21000100,69.81,20991200,69.81,21000200
2022-04-28,67.38909044,21000100,67.2,20991200,67.2,21000200
2022-04-29,62.933491368,21000100,63.36,20991200,63.36,21000200
2022-04-30,56.81720041987499,21000100,56.91,20991200,56.91,21000200
2022-05-01,57.4653555625,21000100,58.7,20991200,58.7,21000200
2022-05-02,59.59682150933333,21000100,60.32,20991200,60.32,21000200
2022-05-03,59.23942855575,21000100,59.58,20991200,59.58,21000200
2022-05-04,66.73528143099999,21000100,67.24,20991200,67.24,21000200
2022-05-05,59.39943656304167,21000100,58.99,20991200,58.99,21000200
2022-05-06,56.26261682208334,21000100,56.95,20991200,56.95,21000200
2022-05-07,54.552601202750004,21000100,55.02,20991200,55.02,21000200
2022-05-08,51.88172919737501,21000100,51.59,20991200,51.59,21000200
2022-05-09,41.17482117854167,21000100,41.17,20991200,41.17,21000200
2022-05-10,43.65886925816667,21000100,44.53,20991200,44.53,21000200
2022-05-11,30.293578817850896,21000100,31.1,20991200,31.1,21000200
2022-05-12,29.290408618602765,21000100,30.3,20991200,30.3,21000200
2022-05-13,31.858265700833332,21000100,32.18,20991200,32.18,21000200
2022-05-14,33.51635505854166,21000100,33.91,20991200,33.91,21000200
2022-05-15,36.81337778983333,21000100,36.52,20991200,36.52,21000200
2022-05-16,32.541622819000004,21000100,32.52,20991200,32.52,21000200
2022-05-17,34.069838770333334,21000100,34.37,20991200,34.37,21000200
2022-05-18,28.955101953083332,21000100,29.57,20991200,29.57,21000200
2022-05-19,29.7667110785,21000100,30.36,20991200,30.36,21000200
2022-05-20,28.564695873,21000100,28.76,20991200,28.76,21000200
2022-05-21,28.761737621583332,21000100,29.87,20991200,29.87,21000200
2022-05-22,31.512921165541666,21000100,31.69,20991200,31.69,21000200
2022-05-23,28.825499428,21000100,29.04,20991200,29.04,21000200
2022-05-24,27.875592866041668,21000100,29.05,20991200,29.05,21000200
2022-05-25,26.345677041166667,21000100,27.22,20991200,27.22,21000200
2022-05-26,22.775610195,21000100,23.4,20991200,23.4,21000200
2022-05-27,22.134230522708332,21000100,22.55,20991200,22.55,21000200
2022-05-28,24.562302682166663,21000100,24.74,20991200,24.74,21000200
2022-05-29,26.011855076083332,21000100,26.14,20991200,26.14,21000200
2022-05-30,27.517582640666667,21000100,27.68,20991200,27.68,21000200
2022-05-31,26.37873540183333,21000100,26.41,20991200,26.41,21000200
2022-06-01,23.516096117333333,21000100,23.68,20991200,23.68,21000200
2022-06-02,24.433901215583333,21000100,24.62,20991200,24.62,21000200
2022-06-03,22.785880663,21000100,22.98,20991200,22.98,21000200
2022-06-04,24.398902261666667,21000100,24.56,20991200,24.56,21000200
2022-06-05,24.180297017333334,21000100,24.16,20991200,24.16,21000200
2022-06-06,26.20697625,21000100,25.97,20991200,25.97,21000200
2022-06-07,24.538573175249997,21000100,24.58,20991200,24.58,21000200
2022-06-08,24.67671767841667,21000100,24.49,20991200,24.49,21000200
2022-06-09,24.499942916749998,21000100,24.41,20991200,24.41,21000200
2022-06-10,21.899391434666665,21000100,22.06,20991200,22.06,21000200
2022-06-11,19.427257161,21000100,19.89,20991200,19.89,21000200
2022-06-12,16.743333144541666,21000100,17.27,20991200,17.27,21000200
2022-06-13,15.52490612166667,21000100,16.1,20991200,16.1,21000200
2022-06-14,16.05710824475,21000100,16.53,20991200,16.53,21000200
2022-06-15,17.768069894833335,21000100,18.28,20991200,18.28,21000200
2022-06-16,15.5838150185,21000100,15.78,20991200,15.78,21000200
2022-06-17,15.552057115,21000100,15.97,20991200,15.97,21000200
2022-06-18,14.319874219208334,21000100,14.81,20991200,14.81,21000200
2022-06-19,15.988469612666668,21000100,16.16,20991200,16.16,21000200
2022-06-20,17.24594625,21000100,17.09,20991200,17.09,21000200
2022-06-21,17.04412125,21000100,16.89,20991200,16.89,21000200
2022-06-22,15.977250990625,21000100,16.07,20991200,16.07,21000200
2022-06-23,18.31806913125,21000100,18.27,20991200,18.27,21000200
2022-06-24,20.666880000000003,21000100,20.48,20991200,20.48,21000200
2022-06-25,21.409237887916667,21000100,21.35,20991200,21.35,21000200
2022-06-26,19.785853871833332,21000100,19.72,20991200,19.72,21000200
2022-06-27,19.427841452875,21000100,19.33,20991200,19.33,21000200
2022-06-28,18.00272479291667,21000100,18.1,20991200,18.1,21000200
2022-06-29,17.649919371583334,21000100,17.78,20991200,17.78,21000200
2022-06-30,16.579986480041665,21000100,16.97,20991200,16.97,21000200
2022-07-01,15.564856193625,21000100,16.11,20991200,16.11,21000200
2022-07-02,16.173935795791664,21000100,16.31,20991200,16.31,21000200
2022-07-03,16.39901816933333,21000100,16.63,20991200,16.63,21000200
2022-07-04,17.505464815125,21000100,17.91,20991200,17.91,21000200
2022-07-05,17.82012559779167,21000100,18.01,20991200,18.01,21000200
2022-07-06,19.125545849333335,21000100,19.16,20991200,19.16,21000200
2022-07-07,20.075265884083333,21000100,20.18,20991200,20.18,21000200
2022-07-08,19.712440939125,21000100,19.69,20991200,19.69,21000200
2022-07-09,19.736710218583333,21000100,19.87,20991200,19.87,21000200
2022-07-10,19.12986433325,21000100,19.14,20991200,19.14,21000200
2022-07-11,17.283860376666667,21000100,17.32,20991200,17.32,21000200
2022-07-12,16.626072093749997,21000100,16.74,20991200,16.74,21000200
2022-07-13,18.380507910416668,21000100,18.82,20991200,18.82,21000200
2022-07-14,19.744893802083336,21000100,19.75,20991200,19.75,21000200
2022-07-15,19.519611941249998,21000100,19.35,20991200,19.35,21000200
2022-07-16,21.336152546875,21000100,21.25,20991200,21.25,21000200
2022-07-17,20.79806625,21000100,20.61,20991200,20.61,21000200
2022-07-18,24.178635000000003,21000100,23.96,20991200,23.96,21000200
2022-07-19,24.93547875,21000100,24.71,20991200,24.71,21000200
2022-07-20,23.80525875,21000100,23.59,20991200,23.59,21000200
2022-07-21,25.21803375,21000100,24.99,20991200,24.99,21000200
2022-07-22,23.797742686625,21000100,23.61,20991200,23.61,21000200
2022-07-23,23.670399039,21000100,23.58,20991200,23.58,21000200
2022-07-24,23.701357984416667,21000100,23.77,20991200,23.77,21000200
2022-07-25,21.02257092375,21000100,20.9,20991200,20.9,21000200
2022-07-26,20.523129287833335,21000100,20.69,20991200,20.69,21000200
2022-07-27,23.04302786708333,21000100,23.39,20991200,23.39,21000200
2022-07-28,24.215281372166668,21000100,24.19,20991200,24.19,21000200
2022-07-29,24.667558443041663,21000100,24.47,20991200,24.47,21000200
2022-07-30,24.4410075,21000100,24.22,20991200,24.22,21000200
2022-07-31,23.906171250000003,21000100,23.69,20991200,23.69,21000200
2022-08-01,23.68566800725,21000100,23.57,20991200,23.57,21000200
2022-08-02,22.76841337825,21000100,22.81,20991200,22.81,21000200
2022-08-03,22.997488837916666,21000100,23.02,20991200,23.02,21000200
2022-08-04,23.51904164395834,21000100,23.35,20991200,23.35,21000200
2022-08-05,25.177668750000002,21000100,24.95,20991200,24.95,21000200
2022-08-06,26.883090000000003,21000100,26.64,20991200,26.64,21000200
2022-08-07,28.124313750000002,21000100,27.87,20991200,27.87,21000200
2022-08-08,28.001913560875,21000100,27.91,20991200,27.91,21000200
2022-08-09,27.63993375,21000100,27.39,20991200,27.39,21000200
2022-08-10,29.426085,21000100,29.16,20991200,29.16,21000200
2022-08-11,28.601235920125,21000100,28.51,20991200,28.51,21000200
2022-08-12,29.587545000000002,21000100,29.32,20991200,29.32,21000200
2022-08-13,29.41599375,21000100,29.15,20991200,29.15,21000200
2022-08-14,28.26180156975,21000100,28.17,20991200,28.17,21000200
2022-08-15,27.841432088750004,21000100,27.87,20991200,27.87,21000200
2022-08-16,27.109396665749998,21000100,27.09,20991200,27.09,21000200
2022-08-17,25.626229425000002,21000100,25.54,20991200,25.54,21000200
2022-08-18,24.01224550725,21000100,24.18,20991200,24.18,21000200
2022-08-19,21.727181363750002,21000100,22.42,20991200,22.42,21000200
2022-08-20,21.617415451333333,21000100,22.28,20991200,22.28,21000200
2022-08-21,22.903851088125,21000100,22.95,20991200,22.95,21000200
2022-08-22,22.453178944166666,21000100,22.55,20991200,22.55,21000200
2022-08-23,23.500607572916667,21000100,23.5,20991200,23.5,21000200
2022-08-24,23.06635429220833,21000100,22.99,20991200,22.99,21000200
2022-08-25,22.776181724125,21000100,22.97,20991200,22.97,21000200
2022-08-26,20.44783042,21000100,20.64,20991200,20.64,21000200
2022-08-27,19.51066057429167,21000100,20.03,20991200,20.03,21000200
2022-08-28,18.028140121750003,21000100,18.51,20991200,18.51,21000200
2022-08-29,18.520784373333335,21000100,19.3,20991200,19.3,21000200
2022-08-30,18.954831441875,21000100,19.39,20991200,19.39,21000200
2022-08-31,18.96052278866667,21000100,19.12,20991200,19.12,21000200
2022-09-01,19.22410654533333,21000100,19.31,20991200,19.31,21000200
2022-09-02,18.723016805791666,21000100,18.83,20991200,18.83,21000200
2022-09-03,18.476634800625,21000100,18.87,20991200,18.87,21000200
2022-09-04,18.760320620833333,21000100,19.0,20991200,19.0,21000200
2022-09-05,19.183641885,21000100,19.44,20991200,19.44,21000200
2022-09-06,18.160914114208335,21000100,18.19,20991200,18.19,21000200
2022-09-07,18.589096492124998,21000100,18.99,20991200,18.99,21000200
2022-09-08,19.262846929958332,21000100,19.13,20991200,19.13,21000200
2022-09-09,20.536181705416666,21000100,20.38,20991200,20.38,21000200
2022-09-10,20.58583782675,21000100,20.43,20991200,20.43,21000200
2022-09-11,20.858613750000004,21000100,20.67,20991200,20.67,21000200
2022-09-12,21.519943146000003,21000100,21.36,20991200,21.36,21000200
2022-09-13,18.721395935083333,21000100,18.83,20991200,18.83,21000200
2022-09-14,18.69256811125,21000100,19.1,20991200,19.1,21000200
2022-09-15,17.94585379575,21000100,18.18,20991200,18.18,21000200
2022-09-16,17.603792198666667,21000100,18.04,20991200,18.04,21000200
2022-09-17,18.0852716915,21000100,18.46,20991200,18.46,21000200
2022-09-18,16.485049859833335,21000100,16.69,20991200,16.69,21000200
2022-09-19,16.627873283916667,21000100,17.26,20991200,17.26,21000200
2022-09-20,16.198657835625,21000100,16.65,20991200,16.65,21000200
2022-09-21,16.1306538575,21000100,16.51,20991200,16.51,21000200
2022-09-22,17.18463098975,21000100,17.66,20991200,17.66,21000200
2022-09-23,17.802626697333334,21000100,17.96,20991200,17.96,21000200
2022-09-24,17.601289115416666,21000100,17.59,20991200,17.59,21000200
2022-09-25,17.300370086374997,21000100,17.31,20991200,17.31,21000200
2022-09-26,17.436827355499997,21000100,17.56,20991200,17.56,21000200
2022-09-27,17.300223576999997,21000100,17.29,20991200,17.29,21000200
2022-09-28,16.903317981249998,21000100,17.25,20991200,17.25,21000200
2022-09-29,17.272116861291664,21000100,17.33,20991200,17.33,21000200
2022-09-30,17.21156252333333,21000100,17.18,20991200,17.18,21000200
2022-10-01,17.050240816875,21000100,16.95,20991200,16.95,21000200
2022-10-02,16.3281166895,21000100,16.52,20991200,16.52,21000200
2022-10-03,16.916938754500002,21000100,17.14,20991200,17.14,21000200
2022-10-04,17.54119628275,21000100,17.43,20991200,17.43,21000200
2022-10-05,17.438673308250003,21000100,17.37,20991200,17.37,21000200
2022-10-06,16.998531326583333,21000100,17.02,20991200,17.02,21000200
2022-10-07,16.60359134375,21000100,16.89,20991200,16.89,21000200
2022-10-08,16.6402366015,21000100,16.76,20991200,16.76,21000200
2022-10-09,16.898606824,21000100,16.88,20991200,16.88,21000200
2022-10-10,16.273257817041667,21000100,16.19,20991200,16.19,21000200
2022-10-11,15.811584836166666,21000100,15.94,20991200,15.94,21000200
2022-10-12,15.774601113833333,21000100,15.94,20991200,15.94,21000200
2022-10-13,15.3214173055,21000100,15.64,20991200,15.64,21000200
2022-10-14,15.582206601000001,21000100,15.66,20991200,15.66,21000200
2022-10-15,15.484312708000001,21000100,15.42,20991200,15.42,21000200
2022-10-16,15.697512962083334,21000100,15.73,20991200,15.73,21000200
2022-10-17,16.14864558,21000100,16.16,20991200,16.16,21000200
2022-10-18,15.96140705575,21000100,15.86,20991200,15.86,21000200
2022-10-19,15.17724,21000100,15.04,20991200,15.04,21000200
2022-10-20,15.181542866666666,21000100,15.13,20991200,15.13,21000200
2022-10-21,15.498847232541667,21000100,15.67,20991200,15.67,21000200
2022-10-22,15.653545796249999,21000100,15.66,20991200,15.66,21000200
2022-10-23,16.421145310500002,21000100,16.31,20991200,16.31,21000200
2022-10-24,15.835780392166665,21000100,15.74,20991200,15.74,21000200
2022-10-25,16.554302073879164,21000100,16.621,20991200,16.621,21000200
2022-10-26,17.147052000000002,21000100,16.992,20991200,16.992,21000200
2022-10-27,16.959451680849998,21000100,16.878,20991200,16.878,21000200
2022-10-28,18.349566800666665,21000100,18.32,20991200,18.32,21000200
2022-10-29,18.349985817833335,21000100,18.28,20991200,18.28,21000200
2022-10-30,18.278889369154165,21000100,18.241,20991200,18.241,21000200
2022-10-31,19.3767319772,21000100,19.266,20991200,19.266,21000200
2022-11-01,18.5794179801,21000100,18.614,20991200,18.614,21000200
2022-11-02,17.799369027466668,21000100,17.902,20991200,17.902,21000200
2022-11-03,17.837009351324998,21000100,18.022,20991200,18.022,21000200
2022-11-04,19.349989135416667,21000100,19.375,20991200,19.375,21000200
2022-11-05,19.6823453862,21000100,19.593,20991200,19.593,21000200
2022-11-06,18.318250279875,21000100,18.219,20991200,18.219,21000200
2022-11-07,17.968819531333335,21000100,18.065,20991200,18.065,21000200
2022-11-08,15.388594778791665,21000100,15.994,20991200,15.994,21000200
2022-11-09,12.209709597356566,21000100,12.858,20991200,12.858,21000200
2022-11-10,14.19018476150606,21000100,15.403,20991200,15.403,21000200
2022-11-11,14.242157944499997,21000100,14.12,20991200,14.12,21000200
2022-11-12,12.81978790335,21000100,13.086,20991200,13.086,21000200
2022-11-13,12.384292278012499,21000100,13.011,20991200,13.011,21000200
2022-11-14,12.9651839632625,21000100,13.127,20991200,13.127,21000200
2022-11-15,13.221945835187501,21000100,13.505,20991200,13.505,21000200
2022-11-16,12.604016673666665,21000100,13.04,20991200,13.04,21000200
2022-11-17,11.800568744708334,21000100,12.859,20991200,12.859,21000200
2022-11-18,12.830898949475,21000100,12.986,20991200,12.986,21000200
2022-11-19,12.600791814333334,21000100,12.88,20991200,12.88,21000200
2022-11-20,12.033172582199999,21000100,12.177,20991200,12.177,21000200
2022-11-21,11.093080424416666,21000100,11.806,20991200,11.806,21000200
2022-11-22,11.889277234916666,21000100,12.341,20991200,12.341,21000200
2022-11-23,13.002065737395833,21000100,13.049,20991200,13.049,21000200
2022-11-24,12.7981050725,21000100,12.939,20991200,12.939,21000200
2022-11-25,12.7484492271375,21000100,12.813,20991200,12.813,21000200
2022-11-26,12.65362860555,21000100,12.762,20991200,12.762,21000200
2022-11-27,12.7754966991875,21000100,12.855,20991200,12.855,21000200
2022-11-28,12.1705968866625,21000100,12.441,20991200,12.441,21000200
2022-11-29,12.3863788488,21000100,12.456,20991200,12.456,21000200
2022-11-30,13.128335993662501,21000100,13.131,20991200,13.131,21000200
2022-12-01,12.8282656944,21000100,12.896,20991200,12.896,21000200
2022-12-02,13.572034711033334,21000100,13.574,20991200,13.574,21000200
2022-12-03,13.307004865862499,21000100,13.403,20991200,13.403,21000200
2022-12-04,13.819897647933333,21000100,13.919,20991200,13.919,21000200
2022-12-05,13.623578265975,21000100,13.599,20991200,13.599,21000200
2022-12-06,13.6333933659,21000100,13.662,20991200,13.662,21000200
2022-12-07,13.143218158070834,21000100,13.259,20991200,13.259,21000200
2022-12-08,13.295404797354166,21000100,13.405,20991200,13.405,21000200
2022-12-09,13.407181686125,21000100,13.451,20991200,13.451,21000200
2022-12-10,13.569440648625,21000100,13.478,20991200,13.478,21000200
2022-12-11,12.983517352349999,21000100,12.972,20991200,12.972,21000200
2022-12-12,12.91321336815,21000100,12.996,20991200,12.996,21000200
2022-12-13,13.751233776041666,21000100,13.75,20991200,13.75,21000200
2022-12-14,13.721688860375002,21000100,13.71,20991200,13.71,21000200
2022-12-15,13.29017625,21000100,13.17,20991200,13.17,21000200
2022-12-16,11.865048942966668,21000100,11.828,20991200,11.828,21000200
2022-12-17,11.7115521741375,21000100,11.943,20991200,11.943,21000200
2022-12-18,11.733840145,21000100,11.92,20991200,11.92,21000200
2022-12-19,11.311883758916666,21000100,11.383,20991200,11.383,21000200
2022-12-20,11.897706829429167,21000100,11.939,20991200,11.939,21000200
2022-12-21,11.763690411450002,21000100,11.698,20991200,11.698,21000200
2022-12-22,11.773611882725,21000100,11.847,20991200,11.847,21000200
2022-12-23,11.872389847500001,21000100,11.775,20991200,11.775,21000200
2022-12-24,11.735976879875,21000100,11.67,20991200,11.67,21000200
2022-12-25,11.646875145075,21000100,11.673,20991200,11.673,21000200
2022-12-26,11.779859148629168,21000100,11.707,20991200,11.707,21000200
2022-12-27,11.6770630904375,21000100,11.641,20991200,11.641,21000200
2022-12-28,11.28937770115,21000100,11.204,20991200,11.204,21000200
2022-12-29,11.029762998604166,21000100,10.967,20991200,10.967,21000200
2022-12-30,10.679996694625,21000100,10.869,20991200,10.869,21000200
2022-12-31,10.880051002166667,21000100,10.903,20991200,10.903,21000200
2023-01-01,10.8345583685,21000100,10.86,20991200,10.86,21000200
2023-01-02,11.197580735333334,21000100,11.162,20991200,11.162,21000200
2023-01-03,11.353679662420834,21000100,11.377,20991200,11.377,21000200
2023-01-04,12.015463755699999,21000100,12.072,20991200,12.072,21000200
2023-01-05,11.784926130758334,21000100,11.743,20991200,11.743,21000200
2023-01-06,11.879419500000001,21000100,11.772,20991200,11.772,21000200
2023-01-07,11.847127500000001,21000100,11.74,20991200,11.74,21000200
2023-01-08,12.19628475,21000100,12.086,20991200,12.086,21000200
2023-01-09,12.289124250000002,21000100,12.178,20991200,12.178,21000200
2023-01-10,12.846161250000002,21000100,12.73,20991200,12.73,21000200
2023-01-11,15.950163330174998,21000100,15.838,20991200,15.838,21000200
2023-01-12,15.330420606841667,21000100,15.446,20991200,15.446,21000200
2023-01-13,16.1015985,21000100,15.956,20991200,15.956,21000200
2023-01-14,17.2198175897375,21000100,16.941,20991200,16.941,21000200
2023-01-15,17.220290298841668,21000100,16.817,20991200,16.817,21000200
2023-01-16,17.05081652353333,21000100,16.762,20991200,16.762,21000200
2023-01-17,17.287320375,21000100,17.131,20991200,17.131,21000200
2023-01-18,15.967384875,21000100,15.823,20991200,15.823,21000200
2023-01-19,16.326633375,21000100,16.179,20991200,16.179,21000200
2023-01-20,17.655651,21000100,17.496,20991200,17.496,21000200
2023-01-21,17.2306498871,21000100,16.887,20991200,16.887,21000200
2023-01-22,17.669138936250004,21000100,17.35,20991200,17.35,21000200
2023-01-23,18.208900938958337,21000100,17.998,20991200,17.998,21000200
2023-01-24,17.2477173495,21000100,16.995,20991200,16.995,21000200
2023-01-25,17.962425000000003,21000100,17.8,20991200,17.8,21000200
2023-01-26,18.265162500000002,21000100,18.1,20991200,18.1,21000200
2023-01-27,21.414641625,21000100,21.221,20991200,21.221,21000200
2023-01-28,20.961478500925,21000100,20.539,20991200,20.539,21000200
2023-01-29,21.206816205,21000100,20.99,20991200,20.99,21000200
2023-01-30,19.93021875,21000100,19.75,20991200,19.75,21000200
2023-01-31,19.987738874999998,21000100,19.807,20991200,19.807,21000200
2023-02-01,21.15731475,21000100,20.966,20991200,20.966,21000200
2023-02-02,21.795854636741666,21000100,21.218,20991200,21.218,21000200
2023-02-03,21.570046875000003,21000100,21.375,20991200,21.375,21000200
2023-02-04,21.27060400886667,21000100,21.032,20991200,21.032,21000200
2023-02-05,20.272312125,21000100,20.089,20991200,20.089,21000200
2023-02-06,19.752612750000004,21000100,19.574,20991200,19.574,21000200
2023-02-07,21.041265375000002,21000100,20.851,20991200,20.851,21000200
2023-02-08,20.29350375,21000100,20.11,20991200,20.11,21000200
2023-02-09,18.054255375,21000100,17.891,20991200,17.891,21000200
2023-02-10,17.921078503775,21000100,17.769,20991200,17.769,21000200
2023-02-11,18.021332908270832,21000100,17.995,20991200,17.995,21000200
2023-02-12,17.820827208449998,21000100,17.766,20991200,17.766,21000200
2023-02-13,17.652382178,21000100,17.616,20991200,17.616,21000200
2023-02-14,18.306536625,21000100,18.141,20991200,18.141,21000200
2023-02-15,20.108234312308337,21000100,19.957,20991200,19.957,21000200
2023-02-16,18.790204808979166,21000100,18.595,20991200,18.595,21000200
2023-02-17,19.633536,21000100,19.456,20991200,19.456,21000200
2023-02-18,19.738485,21000100,19.56,20991200,19.56,21000200
2023-02-19,20.01094875,21000100,19.83,20991200,19.83,21000200
2023-02-20,21.037228875000004,21000100,20.847,20991200,20.847,21000200
2023-02-21,21.27319879641667,21000100,20.995,20991200,20.995,21000200
2023-02-22,20.607206991825002,21000100,20.311,20991200,20.311,21000200
2023-02-23,19.89792675,21000100,19.718,20991200,19.718,21000200
2023-02-24,18.5477175,21000100,18.38,20991200,18.38,21000200
2023-02-25,18.031386554075002,21000100,17.931,20991200,17.931,21000200
2023-02-26,18.5086597824375,21000100,18.421,20991200,18.421,21000200
2023-02-27,18.080492625,21000100,17.917,20991200,17.917,21000200
2023-02-28,17.21599387783333,21000100,17.08,20991200,17.08,21000200
2023-03-01,17.89877496527083,21000100,17.765,20991200,17.765,21000200
2023-03-02,17.623359,21000100,17.464,20991200,17.464,21000200
2023-03-03,16.72566418097917,21000100,16.655,20991200,16.655,21000200
2023-03-04,16.28122275,21000100,16.134,20991200,16.134,21000200
2023-03-05,16.16711806236667,21000100,16.138,20991200,16.138,21000200
2023-03-06,16.51696330539583,21000100,16.505,20991200,16.505,21000200
2023-03-07,16.28900306208333,21000100,16.165,20991200,16.165,21000200
2023-03-08,15.23980575,21000100,15.102,20991200,15.102,21000200
2023-03-09,14.4410535013,21000100,14.401,20991200,14.401,21000200
2023-03-10,14.495807519599161,21000100,14.782,20991200,14.782,21000200
2023-03-11,14.423720208883333,21000100,14.509,20991200,14.509,21000200
2023-03-12,16.213998704599998,21000100,16.176,20991200,16.176,21000200
2023-03-13,16.611206624999998,21000100,16.461,20991200,16.461,21000200
2023-03-14,17.3044755,21000100,17.148,20991200,17.148,21000200
2023-03-15,15.726861099791666,21000100,15.55,20991200,15.55,21000200
2023-03-16,15.909188864699999,21000100,15.819,20991200,15.819,21000200
2023-03-17,17.673846599,21000100,17.648,20991200,17.648,21000200
2023-03-18,17.14503375,21000100,16.99,20991200,16.99,21000200
2023-03-19,17.692988625,21000100,17.533,20991200,17.533,21000200
2023-03-20,16.782757875,21000100,16.631,20991200,16.631,21000200
2023-03-21,17.59308525,21000100,17.434,20991200,17.434,21000200
2023-03-22,16.887706875,21000100,16.735,20991200,16.735,21000200
2023-03-23,17.648037869333333,21000100,17.536,20991200,17.536,21000200
2023-03-24,17.106687,21000100,16.952,20991200,16.952,21000200
2023-03-25,16.98410831504167,21000100,16.882,20991200,16.882,21000200
2023-03-26,17.132823108391666,21000100,17.101,20991200,17.101,21000200
2023-03-27,16.6221580853625,21000100,16.479,20991200,16.479,21000200
2023-03-28,16.8604605,21000100,16.708,20991200,16.708,21000200
2023-03-29,17.46795375,21000100,17.31,20991200,17.31,21000200
2023-03-30,17.3852055,21000100,17.228,20991200,17.228,21000200
2023-03-31,17.8615125,21000100,17.7,20991200,17.7,21000200
2023-04-01,17.950315500000002,21000100,17.788,20991200,17.788,21000200
2023-04-02,17.396305875000003,21000100,17.239,20991200,17.239,21000200
2023-04-03,17.209264048437497,21000100,17.095,20991200,17.095,21000200
2023-04-04,17.813074500000003,21000100,17.652,20991200,17.652,21000200
2023-04-05,18.15415875,21000100,17.99,20991200,17.99,21000200
2023-04-06,18.12186675,21000100,17.958,20991200,17.958,21000200
2023-04-07,17.754545250000003,21000100,17.594,20991200,17.594,21000200
2023-04-08,17.55505032875,21000100,17.445,20991200,17.445,21000200
2023-04-09,17.613838762995837,21000100,17.527,20991200,17.527,21000200
2023-04-10,18.097647750000004,21000100,17.934,20991200,17.934,21000200
2023-04-11,18.300481875000003,21000100,18.135,20991200,18.135,21000200
2023-04-12,18.422586000000003,21000100,18.256,20991200,18.256,21000200
2023-04-13,19.006869375,21000100,18.835,20991200,18.835,21000200
2023-04-14,19.40143725,21000100,19.226,20991200,19.226,21000200
2023-04-15,19.293724704616668,21000100,19.102,20991200,19.102,21000200
2023-04-16,20.401413656749998,21000100,20.188,20991200,20.188,21000200
2023-04-17,21.100933264681547,21000100,20.54,20991200,20.54,21000200
2023-04-18,21.7668573219625,21000100,21.211,20991200,21.211,21000200
2023-04-19,19.151818506166666,21000100,18.98,20991200,18.98,21000200
2023-04-20,18.466987500000002,21000100,18.3,20991200,18.3,21000200
2023-04-21,17.068028610525,21000100,16.922,20991200,16.922,21000200
2023-04-22,17.108568085641664,21000100,17.206,20991200,17.206,21000200
2023-04-23,16.682938964,21000100,16.832,20991200,16.832,21000200
2023-04-24,16.967355422225,21000100,16.913,20991200,16.913,21000200
2023-04-25,17.6748205158,21000100,17.619,20991200,17.619,21000200
2023-04-26,17.235925505000004,21000100,17.167,20991200,17.167,21000200
2023-04-27,17.7720479604,21000100,17.712,20991200,17.712,21000200
2023-04-28,17.65587801,21000100,17.54,20991200,17.54,21000200
2023-04-29,17.597002234333335,21000100,17.48,20991200,17.48,21000200
2023-04-30,17.171156679141667,21000100,17.083,20991200,17.083,21000200
2023-05-01,16.666410910150002,21000100,16.638,20991200,16.638,21000200
2023-05-02,16.878755896724996,21000100,16.839,20991200,16.839,21000200
2023-05-03,17.252955684899998,21000100,17.208,20991200,17.208,21000200
2023-05-04,17.018634983458334,21000100,16.91,20991200,16.91,21000200
2023-05-05,17.490517924533332,21000100,17.368,20991200,17.368,21000200
2023-05-06,16.65729283865,21000100,16.572,20991200,16.572,21000200
2023-05-07,16.24751243235,21000100,16.402,20991200,16.402,21000200
2023-05-08,15.401614857050003,21000100,15.396,20991200,15.396,21000200
2023-05-09,15.167818479083333,21000100,15.305,20991200,15.305,21000200
2023-05-10,15.417473822770834,21000100,15.505,20991200,15.505,21000200
2023-05-11,15.040053745675,21000100,14.946,20991200,14.946,21000200
2023-05-12,15.206110548749999,21000100,15.18,20991200,15.18,21000200
2023-05-13,14.994807879808334,21000100,14.909,20991200,14.909,21000200
2023-05-14,15.1074967168125,21000100,15.015,20991200,15.015,21000200
2023-05-15,15.149800914633333,21000100,15.076,20991200,15.076,21000200
2023-05-16,14.961602418466668,21000100,14.896,20991200,14.896,21000200
2023-05-17,15.234577419920836,21000100,15.169,20991200,15.169,21000200
2023-05-18,14.8095794632,21000100,14.678,20991200,14.678,21000200
2023-05-19,14.655965399133335,21000100,14.672,20991200,14.672,21000200
2023-05-20,14.560691570287501,21000100,14.619,20991200,14.619,21000200
2023-05-21,14.332973248687502,21000100,14.305,20991200,14.305,21000200
2023-05-22,14.738168483816665,21000100,14.671,20991200,14.671,21000200
2023-05-23,14.849274375,21000100,14.715,20991200,14.715,21000200
2023-05-24,14.2609545,21000100,14.132,20991200,14.132,21000200
2023-05-25,14.135503761358331,21000100,14.078,20991200,14.078,21000200
2023-05-26,14.456724750000001,21000100,14.326,20991200,14.326,21000200
2023-05-27,14.69084175,21000100,14.558,20991200,14.558,21000200
2023-05-28,15.036971625000001,21000100,14.901,20991200,14.901,21000200
2023-05-29,14.599011375000002,21000100,14.467,20991200,14.467,21000200
2023-05-30,14.567728500000001,21000100,14.436,20991200,14.436,21000200
2023-05-31,14.218579023616666,21000100,14.099,20991200,14.099,21000200
2023-06-01,14.158650261208333,21000100,14.081,20991200,14.081,21000200
2023-06-02,14.620203,21000100,14.488,20991200,14.488,21000200
2023-06-03,14.707996875,21000100,14.575,20991200,14.575,21000200
2023-06-04,14.91688575,21000100,14.782,20991200,14.782,21000200
2023-06-05,13.990509000000001,21000100,13.864,20991200,13.864,21000200
2023-06-06,14.715828089829168,21000100,14.621,20991200,14.621,21000200
2023-06-07,14.14187775,21000100,14.014,20991200,14.014,21000200
2023-06-08,14.033925343666668,21000100,13.916,20991200,13.916,21000200
2023-06-09,13.87024925,21000100,13.75,20991200,13.75,21000200
2023-06-10,11.475710796300959,21000100,11.634,20991200,11.634,21000200
2023-06-11,11.345792816801717,21000100,11.565,20991200,11.565,21000200
2023-06-12,11.26220836494168,21000100,11.507,20991200,11.507,21000200
2023-06-13,11.639276871733333,21000100,11.786,20991200,11.786,21000200
2023-06-14,11.280365836749999,21000100,11.37,20991200,11.37,21000200
2023-06-15,11.297751556541666,21000100,11.395,20991200,11.395,21000200
2023-06-16,11.507387815749999,21000100,11.54,20991200,11.54,21000200
2023-06-17,11.576650751599999,21000100,11.616,20991200,11.616,21000200
2023-06-18,11.2064357864,21000100,11.328,20991200,11.328,21000200
2023-06-19,11.2711282593,21000100,11.466,20991200,11.466,21000200
2023-06-20,11.968562869683334,21000100,12.116,20991200,12.116,21000200
2023-06-21,12.967449672416668,21000100,12.89,20991200,12.89,21000200
2023-06-22,12.742679750625001,21000100,12.65,20991200,12.65,21000200
2023-06-23,13.40118,21000100,13.28,20991200,13.28,21000200
2023-06-24,13.114197252625,21000100,13.01,20991200,13.01,21000200
2023-06-25,13.551539625,21000100,13.429,20991200,13.429,21000200
2023-06-26,13.268984625,21000100,13.149,20991200,13.149,21000200
2023-06-27,13.311367875000002,21000100,13.191,20991200,13.191,21000200
2023-06-28,12.427998226041666,21000100,12.337,20991200,12.337,21000200
2023-06-29,12.639409044799999,21000100,12.664,20991200,12.664,21000200
2023-06-30,13.087573617066665,21000100,13.024,20991200,13.024,21000200
2023-07-01,13.111561125000001,21000100,12.993,20991200,12.993,21000200
2023-07-02,13.202898118666667,21000100,13.12,20991200,13.12,21000200
2023-07-03,13.368888,21000100,13.248,20991200,13.248,21000200
2023-07-04,13.1549535,21000100,13.036,20991200,13.036,21000200
2023-07-05,12.666339406849998,21000100,12.658,20991200,12.658,21000200
2023-07-06,12.3275448474,21000100,12.349,20991200,12.349,21000200
2023-07-07,12.6817377003375,21000100,12.729,20991200,12.729,21000200
2023-07-08,13.737911615416667,21000100,13.633,20991200,13.633,21000200
2023-07-09,13.703003427975002,21000100,13.583,20991200,13.583,21000200
2023-07-10,13.466381756999999,21000100,13.378,20991200,13.378,21000200
2023-07-11,13.331299850775,21000100,13.257,20991200,13.257,21000200
2023-07-12,13.0946376702,21000100,13.008,20991200,13.008,21000200
2023-07-13,14.114488646933331,21000100,14.116,20991200,14.116,21000200
2023-07-14,14.77359,21000100,14.64,20991200,14.64,21000200
2023-07-15,14.982478875,21000100,14.847,20991200,14.847,21000200
2023-07-16,14.410305,21000100,14.28,20991200,14.28,21000200
2023-07-17,14.514703193666664,21000100,14.392,20991200,14.392,21000200
2023-07-18,13.926934125,21000100,13.801,20991200,13.801,21000200
2023-07-19,14.1156405,21000100,13.988,20991200,13.988,21000200
2023-07-20,13.9864725,21000100,13.86,20991200,13.86,21000200
2023-07-21,14.070301347916665,21000100,13.975,20991200,13.975,21000200
2023-07-22,13.5791290748375,21000100,13.513,20991200,13.513,21000200
2023-07-23,13.611559346937499,21000100,13.533,20991200,13.533,21000200
2023-07-24,13.213368733479166,21000100,13.099,20991200,13.099,21000200
2023-07-25,13.37951579925,21000100,13.329,20991200,13.329,21000200
2023-07-26,13.3199148713125,21000100,13.255,20991200,13.255,21000200
2023-07-27,13.153542166316665,21000100,13.147,20991200,13.147,21000200
2023-07-28,13.325554668695833,21000100,13.219,20991200,13.219,21000200
2023-07-29,13.306788504350001,21000100,13.229,20991200,13.229,21000200
2023-07-30,13.2380183817,21000100,13.122,20991200,13.122,21000200
2023-07-31,12.863749617449999,21000100,12.806,20991200,12.806,21000200
2023-08-01,12.8994911796,21000100,12.882,20991200,12.882,21000200
2023-08-02,12.590785662933333,21000100,12.536,20991200,12.536,21000200
2023-08-03,12.450154551566666,21000100,12.436,20991200,12.436,21000200
2023-08-04,12.360426504349999,21000100,12.399,20991200,12.399,21000200
2023-08-05,12.410240150833332,21000100,12.44,20991200,12.44,21000200
2023-08-06,12.630307811916667,21000100,12.593,20991200,12.593,21000200
2023-08-07,12.578743125,21000100,12.465,20991200,12.465,21000200
2023-08-08,12.7541624973,21000100,12.684,20991200,12.684,21000200
2023-08-09,12.742221375000002,21000100,12.627,20991200,12.627,21000200
2023-08-10,12.563629676,21000100,12.48,20991200,12.48,21000200
2023-08-11,12.44928883465,21000100,12.442,20991200,12.442,21000200
2023-08-12,12.434009748862499,21000100,12.387,20991200,12.387,21000200
2023-08-13,12.139402818433334,21000100,12.266,20991200,12.266,21000200
2023-08-14,12.437937477020833,21000100,12.365,20991200,12.365,21000200
2023-08-15,11.929875749999999,21000100,11.822,20991200,11.822,21000200
2023-08-16,11.2650625278,21000100,11.376,20991200,11.376,21000200
2023-08-17,10.5352484709875,21000100,10.569,20991200,10.569,21000200
2023-08-18,10.51587151065901,21000100,10.799,20991200,10.799,21000200
2023-08-19,10.779061862325,21000100,10.809,20991200,10.809,21000200
2023-08-20,10.670789926333335,21000100,10.855,20991200,10.855,21000200
2023-08-21,10.31165464245,21000100,10.346,20991200,10.346,21000200
2023-08-22,9.942416337,21000100,10.136,20991200,10.136,21000200
2023-08-23,10.0652381003125,21000100,10.325,20991200,10.325,21000200
2023-08-24,9.962590808,21000100,10.11,20991200,10.11,21000200
2023-08-25,9.856571916537499,21000100,10.043,20991200,10.043,21000200
2023-08-26,9.968821800758333,21000100,10.087,20991200,10.087,21000200
2023-08-27,10.23979322195,21000100,10.196,20991200,10.196,21000200
2023-08-28,10.369975922491665,21000100,10.366,20991200,10.366,21000200
2023-08-29,10.711755898166667,21000100,10.804,20991200,10.804,21000200
2023-08-30,10.462621168658334,21000100,10.399,20991200,10.399,21000200
2023-08-31,9.984342091333332,21000100,9.979,20991200,9.979,21000200
2023-09-01,9.771165570833332,21000100,9.919,20991200,9.919,21000200
2023-09-02,9.762095241062498,21000100,9.905,20991200,9.905,21000200
2023-09-03,9.775049031866667,21000100,9.868,20991200,9.868,21000200
2023-09-04,9.787568139895834,21000100,9.805,20991200,9.805,21000200
2023-09-05,9.88114520675,21000100,9.907,20991200,9.907,21000200
2023-09-06,9.960550163083333,21000100,9.94,20991200,9.94,21000200
2023-09-07,10.077004305112501,21000100,10.089,20991200,10.089,21000200
2023-09-08,9.857060391208334,21000100,9.919,20991200,9.919,21000200
2023-09-09,9.802402684583333,21000100,9.83,20991200,9.83,21000200
2023-09-10,9.18225617452341,21000100,9.457,20991200,9.457,21000200
2023-09-11,9.104028387766666,21000100,9.227,20991200,9.227,21000200
2023-09-12,9.255725211683332,21000100,9.206,20991200,9.206,21000200
2023-09-13,9.199297819183332,21000100,9.283,20991200,9.283,21000200
2023-09-14,9.343302186808334,21000100,9.394,20991200,9.394,21000200
2023-09-15,9.445448452883333,21000100,9.422,20991200,9.422,21000200
2023-09-16,9.405857246770834,21000100,9.373,20991200,9.373,21000200
2023-09-17,9.023825502504167,21000100,9.091,20991200,9.091,21000200
2023-09-18,9.02435195565,21000100,9.099,20991200,9.099,21000200
2023-09-19,9.188640452104167,21000100,9.205,20991200,9.205,21000200
2023-09-20,9.004012362666666,21000100,9.04,20991200,9.04,21000200
2023-09-21,8.802001024958333,21000100,8.818,20991200,8.818,21000200
2023-09-22,8.8474551432375,21000100,8.857,20991200,8.857,21000200
2023-09-23,8.940180938241665,21000100,8.899,20991200,8.899,21000200
2023-09-24,8.8406242396875,21000100,8.775,20991200,8.775,21000200
2023-09-25,8.950583529333334,21000100,8.944,20991200,8.944,21000200
2023-09-26,9.0695591641875,21000100,9.039,20991200,9.039,21000200
2023-09-27,9.007449750000001,21000100,8.926,20991200,8.926,21000200
2023-09-28,9.346515750000002,21000100,9.262,20991200,9.262,21000200
2023-09-29,9.2337768969125,21000100,9.167,20991200,9.167,21000200
2023-09-30,9.319654839100002,21000100,9.236,20991200,9.236,21000200
2023-10-01,9.828841140625,21000100,9.75,20991200,9.75,21000200
2023-10-02,9.3740692136,21000100,9.312,20991200,9.312,21000200
2023-10-03,9.477147662016668,21000100,9.409,20991200,9.409,21000200
2023-10-04,10.15584565035,21000100,10.092,20991200,10.092,21000200
2023-10-05,10.215603117566667,21000100,10.126,20991200,10.126,21000200
2023-10-06,10.617202041629165,21000100,10.649,20991200,10.649,21000200
2023-10-07,10.366448315633333,21000100,10.342,20991200,10.342,21000200
2023-10-08,10.166032039012501,21000100,10.079,20991200,10.079,21000200
2023-10-09,9.594248781645833,21000100,9.535,20991200,9.535,21000200
2023-10-10,9.519925213791668,21000100,9.518,20991200,9.518,21000200
2023-10-11,9.318467579866667,21000100,9.296,20991200,9.296,21000200
2023-10-12,9.1678617228,21000100,9.108,20991200,9.108,21000200
2023-10-13,9.173343377008335,21000100,9.146,20991200,9.146,21000200
2023-10-14,9.1401686641375,21000100,9.141,20991200,9.141,21000200
2023-10-15,9.214941096366667,21000100,9.173,20991200,9.173,21000200
2023-10-16,9.451804807670833,21000100,9.391,20991200,9.391,21000200
2023-10-17,9.129736900470833,21000100,9.101,20991200,9.101,21000200
2023-10-18,8.958445347975001,21000100,8.901,20991200,8.901,21000200
2023-10-19,9.041571805104166,21000100,9.059,20991200,9.059,21000200
2023-10-20,9.249171927049998,21000100,9.213,20991200,9.213,21000200
2023-10-21,9.677240928000002,21000100,9.63,20991200,9.63,21000200
2023-10-22,10.1197614918,21000100,10.079,20991200,10.079,21000200
2023-10-23,10.669169902066665,21000100,10.588,20991200,10.588,21000200
2023-10-24,10.417197375,21000100,10.323,20991200,10.323,21000200
2023-10-25,10.624068000000001,21000100,10.528,20991200,10.528,21000200
2023-10-26,11.151840375,21000100,11.051,20991200,11.051,21000200
2023-10-27,10.692688500000001,21000100,10.596,20991200,10.596,21000200
2023-10-28,11.075146875,21000100,10.975,20991200,10.975,21000200
2023-10-29,11.483842500000002,21000100,11.38,20991200,11.38,21000200
2023-10-30,11.573654625,21000100,11.469,20991200,11.469,21000200
2023-10-31,11.4594703136,21000100,11.328,20991200,11.328,21000200
2023-11-01,12.350680875000002,21000100,12.239,20991200,12.239,21000200
2023-11-02,12.166920258783334,21000100,11.884,20991200,11.884,21000200
2023-11-03,12.231604125,21000100,12.121,20991200,12.121,21000200
2023-11-04,12.338571375,21000100,12.227,20991200,12.227,21000200
2023-11-05,12.480484455999997,21000100,12.36,20991200,12.36,21000200
2023-11-06,13.258254286895834,21000100,13.085,20991200,13.085,21000200
2023-11-07,12.958454564075002,21000100,12.813,20991200,12.813,21000200
2023-11-08,13.1198267493,21000100,12.994,20991200,12.994,21000200
2023-11-09,13.234243681599999,21000100,12.972,20991200,12.972,21000200
2023-11-10,15.024005047500001,21000100,14.76,20991200,14.76,21000200
2023-11-11,17.2311714443,21000100,16.808,20991200,16.808,21000200
2023-11-12,19.351001427333337,21000100,18.98,20991200,18.98,21000200
2023-11-13,16.46666672965,21000100,16.122,20991200,16.122,21000200
2023-11-14,17.2565205206375,21000100,17.053,20991200,17.053,21000200
2023-11-15,20.908424103666665,21000100,20.708,20991200,20.708,21000200
2023-11-16,22.257636177270836,21000100,21.719,20991200,21.719,21000200
2023-11-17,22.128093000000003,21000100,21.928,20991200,21.928,21000200
2023-11-18,22.199740875,21000100,21.999,20991200,21.999,21000200
2023-11-19,23.070615749999998,21000100,22.862,20991200,22.862,21000200
2023-11-20,21.041265375000002,21000100,20.851,20991200,20.851,21000200
2023-11-21,19.205667000000002,21000100,19.032,20991200,19.032,21000200
2023-11-22,20.9776905,21000100,20.788,20991200,20.788,21000200
2023-11-23,20.8323765,21000100,20.644,20991200,20.644,21000200
2023-11-24,21.077593875,21000100,20.887,20991200,20.887,21000200
2023-11-25,21.57307425,21000100,21.378,20991200,21.378,21000200
2023-11-26,21.294190747600002,21000100,21.081,20991200,21.081,21000200
2023-11-27,20.546794125,21000100,20.361,20991200,20.361,21000200
2023-11-28,20.887878375000003,21000100,20.699,20991200,20.699,21000200
2023-11-29,21.317765625,21000100,21.125,20991200,21.125,21000200
2023-11-30,21.604357125,21000100,21.409,20991200,21.409,21000200
2023-12-01,22.074609375,21000100,21.875,20991200,21.875,21000200
2023-12-02,22.518400944,21000100,22.252,20991200,22.252,21000200
2023-12-03,22.1864963022625,21000100,21.957,20991200,21.957,21000200
2023-12-04,23.09543006402083,21000100,22.709,20991200,22.709,21000200
2023-12-05,24.9552172328875,21000100,24.557,20991200,24.557,21000200
2023-12-06,27.027924179775,21000100,26.238,20991200,26.238,21000200
2023-12-07,26.584200636000002,21000100,26.28,20991200,26.28,21000200
2023-12-08,30.9928698642,21000100,30.466,20991200,30.466,21000200
2023-12-09,32.96070262440189,21000100,31.94,20991200,31.94,21000200
2023-12-10,37.538440875,21000100,37.199,20991200,37.199,21000200
2023-12-11,38.587869577250004,21000100,38.055,20991200,38.055,21000200
2023-12-12,38.10271396555,21000100,37.518,20991200,37.518,21000200
2023-12-13,39.377066625000005,21000100,39.021,20991200,39.021,21000200
2023-12-14,39.653566875,21000100,39.295,20991200,39.295,21000200
2023-12-15,40.472291353533336,21000100,39.749,20991200,39.749,21000200
2023-12-16,42.86851679166667,21000100,42.22,20991200,42.22,21000200
2023-12-17,40.997721375000005,21000100,40.627,20991200,40.627,21000200
2023-12-18,41.505311250000005,21000100,41.13,20991200,41.13,21000200
2023-12-19,40.102627500000004,21000100,39.74,20991200,39.74,21000200
2023-12-20,44.057934286850006,21000100,43.473,20991200,43.473,21000200
2023-12-21,47.3066451845,21000100,46.02,20991200,46.02,21000200
2023-12-22,46.64935178655,21000100,45.363,20991200,45.363,21000200
2023-12-23,48.57860677359167,21000100,48.106,20991200,48.106,21000200
2023-12-24,49.27907284073214,21000100,47.723,20991200,47.723,21000200
2023-12-25,49.547597378325,21000100,48.231,20991200,48.231,21000200
2023-12-26,45.8004461630625,21000100,44.415,20991200,44.415,21000200
2023-12-27,43.14747306077916,21000100,42.457,20991200,42.457,21000200
2023-12-28,41.42227783028474,21000100,39.841,20991200,39.841,21000200
2023-12-29,41.92140425636031,21000100,40.204,20991200,40.204,21000200
2023-12-30,40.754049048333336,21000100,39.379,20991200,39.379,21000200
2023-12-31,40.070400034862494,21000100,38.589,20991200,38.589,21000200
2024-01-01,43.486092101987495,21000100,41.979,20991200,41.979,21000200
2024-01-02,42.656068675061505,21000100,40.654,20991200,40.654,21000200
2024-01-03,37.677763492800004,21000100,36.768,20991200,36.768,21000200
2024-01-04,39.058183125,21000100,38.705,20991200,38.705,21000200
2024-01-05,36.79168837500001,21000100,36.459,20991200,36.459,21000200
2024-01-06,34.931871,21000100,34.616,20991200,34.616,21000200
2024-01-07,33.939901125000006,21000100,33.633,20991200,33.633,21000200
2024-01-08,36.39913875,21000100,36.07,20991200,36.07,21000200
2024-01-09,34.95609,21000100,34.64,20991200,34.64,21000200
2024-01-10,38.898741375,21000100,38.547,20991200,38.547,21000200
2024-01-11,39.668703750000006,21000100,39.31,20991200,39.31,21000200
2024-01-12,36.256852125,21000100,35.929,20991200,35.929,21000200
2024-01-13,36.8088435,21000100,36.476,20991200,36.476,21000200
2024-01-14,35.604957375000005,21000100,35.283,20991200,35.283,21000200
2024-01-15,35.92686825,21000100,35.602,20991200,35.602,21000200
2024-01-16,35.891548875000005,21000100,35.567,20991200,35.567,21000200
2024-01-17,36.392074875000006,21000100,36.063,20991200,36.063,21000200
2024-01-18,33.89348137500001,21000100,33.587,20991200,33.587,21000200
2024-01-19,33.021597375,21000100,32.723,20991200,32.723,21000200
2024-01-20,33.18204825,21000100,32.882,20991200,32.882,21000200
2024-01-21,32.83087275,21000100,32.534,20991200,32.534,21000200
2024-01-22,29.804506875,21000100,29.535,20991200,29.535,21000200
2024-01-23,30.887298,21000100,30.608,20991200,30.608,21000200
2024-01-24,31.446248200249997,21000100,31.179,20991200,31.179,21000200
2024-01-25,30.788403750000004,21000100,30.51,20991200,30.51,21000200
2024-01-26,32.51139264479167,21000100,32.249,20991200,32.249,21000200
2024-01-27,33.54740348293333,21000100,33.256,20991200,33.256,21000200
2024-01-28,35.02142122283333,21000100,34.82,20991200,34.82,21000200
2024-01-29,36.369578679774996,21000100,36.042,20991200,36.042,21000200
2024-01-30,35.53532775,21000100,35.214,20991200,35.214,21000200
2024-01-31,33.4746945,21000100,33.172,20991200,33.172,21000200
2024-02-01,34.149799125,21000100,33.841,20991200,33.841,21000200
2024-02-02,37.096444125000005,21000100,36.761,20991200,36.761,21000200
2024-02-03,36.280062,21000100,35.952,20991200,35.952,21000200
2024-02-04,35.171033625,21000100,34.853,20991200,34.853,21000200
2024-02-05,34.84508625,21000100,34.53,20991200,34.53,21000200
2024-02-06,34.421594500125,21000100,34.146,20991200,34.146,21000200
2024-02-07,35.617066875000006,21000100,35.295,20991200,35.295,21000200
2024-02-08,35.745225749999996,21000100,35.422,20991200,35.422,21000200
2024-02-09,38.355832125,21000100,38.009,20991200,38.009,21000200
2024-02-10,40.565815875,21000100,40.199,20991200,40.199,21000200
2024-02-11,40.09253625,21000100,39.73,20991200,39.73,21000200
2024-02-12,41.376143250000005,21000100,41.002,20991200,41.002,21000200
2024-02-13,40.1961168102,21000100,39.756,20991200,39.756,21000200
2024-02-14,42.87837608975,21000100,42.253,20991200,42.253,21000200
2024-02-15,42.79241699260417,21000100,41.575,20991200,41.575,21000200
2024-02-16,40.97321934635001,21000100,40.276,20991200,40.276,21000200
2024-02-17,40.27966353753333,21000100,39.782,20991200,39.782,21000200
2024-02-18,40.86699525474166,21000100,40.318,20991200,40.318,21000200
2024-02-19,40.117572642,21000100,39.54,20991200,39.54,21000200
2024-02-20,39.55455412685,21000100,38.523,20991200,38.523,21000200
2024-02-21,38.047841693658334,21000100,37.622,20991200,37.622,21000200
2024-02-22,37.260812241225004,21000100,36.801,20991200,36.801,21000200
2024-02-23,36.507923469362495,21000100,35.943,20991200,35.943,21000200
2024-02-24,37.867871364975,21000100,36.783,20991200,36.783,21000200
2024-02-25,38.444956915937496,21000100,37.495,20991200,37.495,21000200
2024-02-26,41.00761519421666,21000100,39.338,20991200,39.338,21000200
2024-02-27,41.274704125,21000100,39.288,20991200,39.288,21000200
2024-02-28,42.29342669652083,21000100,40.373,20991200,40.373,21000200
2024-02-29,43.37479863530213,21000100,40.997,20991200,40.997,21000200
2024-03-01,45.00694992809583,21000100,42.727,20991200,42.727,21000200
2024-03-02,47.3269814269892,21000100,44.436,20991200,44.436,21000200
2024-03-03,45.46849531170833,21000100,42.647,20991200,42.647,21000200
2024-03-04,45.74104633366667,21000100,43.121,20991200,43.121,21000200
2024-03-05,42.42722420911976,21000100,39.437,20991200,39.437,21000200
2024-03-06,42.671077607250005,21000100,41.598,20991200,41.598,21000200
2024-03-07,45.072627886999996,21000100,43.26,20991200,43.26,21000200
2024-03-08,44.934246513649995,21000100,42.666,20991200,42.666,21000200
2024-03-09,45.59905925971666,21000100,42.973,20991200,42.973,21000200
2024-03-10,44.68434212865,21000100,42.084,20991200,42.084,21000200
2024-03-11,51.814605579975,21000100,49.194,20991200,49.194,21000200
2024-03-12,59.02136695635417,21000100,55.555,20991200,55.555,21000200
2024-03-13,58.484086185825,21000100,54.854,20991200,54.854,21000200
2024-03-14,57.02082545493332,21000100,54.016,20991200,54.016,21000200
2024-03-15,60.507324715133336,21000100,58.457,20991200,58.457,21000200
2024-03-16,55.073863068525,21000100,53.478,20991200,53.478,21000200
2024-03-17,59.258341097999995,21000100,58.494,20991200,58.494,21000200
2024-03-18,62.47855098179999,21000100,60.696,20991200,60.696,21000200
2024-03-19,54.506093252,21000100,53.664,20991200,53.664,21000200
2024-03-20,57.64220213865,21000100,57.077,20991200,57.077,21000200
2024-03-21,54.543343363999995,21000100,53.86,20991200,53.86,21000200
2024-03-22,54.2203118834,21000100,53.456,20991200,53.456,21000200
2024-03-23,54.25343461871667,21000100,53.482,20991200,53.482,21000200
2024-03-24,56.37590918260417,21000100,55.733,20991200,55.733,21000200
2024-03-25,59.123284001937506,21000100,57.809,20991200,57.809,21000200
2024-03-26,57.42027355800833,21000100,55.826,20991200,55.826,21000200
2024-03-27,55.82143290975,21000100,54.146,20991200,54.146,21000200
2024-03-28,56.65774424519999,21000100,54.684,20991200,54.684,21000200
2024-03-29,55.56216642206249,21000100,53.385,20991200,53.385,21000200
2024-03-30,55.75935927675,21000100,52.98,20991200,52.98,21000200
2024-03-31,57.117974122441666,21000100,54.134,20991200,54.134,21000200
2024-04-01,53.932959894116664,21000100,51.434,20991200,51.434,21000200
2024-04-02,47.683928311066666,21000100,46.904,20991200,46.904,21000200
2024-04-03,46.34860661933333,21000100,45.914,20991200,45.914,21000200
2024-04-04,46.982698859925,21000100,46.534,20991200,46.534,21000200
2024-04-05,45.777797483187506,21000100,45.337,20991200,45.337,21000200
2024-04-06,48.76043824475834,21000100,48.209,20991200,48.209,21000200
2024-04-07,49.797291375,21000100,49.347,20991200,49.347,21000200
2024-04-08,50.51375131710833,21000100,49.906,20991200,49.906,21000200
2024-04-09,47.228007100000006,21000100,46.5,20991200,46.5,21000200
2024-04-10,48.159807503150006,21000100,47.334,20991200,47.334,21000200
2024-04-11,46.63003577553334,21000100,46.064,20991200,46.064,21000200
2024-04-12,39.790254485029166,21000100,39.331,20991200,39.331,21000200
2024-04-13,34.19924625,21000100,33.89,20991200,33.89,21000200
2024-04-14,37.4032834976,21000100,37.248,20991200,37.248,21000200
2024-04-15,35.0517421152,21000100,35.136,20991200,35.136,21000200
2024-04-16,34.812148750225,21000100,34.734,20991200,34.734,21000200
2024-04-17,33.625556277499996,21000100,33.55,20991200,33.55,21000200
2024-04-18,35.01901933442084,21000100,34.831,20991200,34.831,21000200
2024-04-19,34.9236825794,21000100,34.651,20991200,34.651,21000200
2024-04-20,38.2425082199,21000100,38.289,20991200,38.289,21000200
2024-04-21,36.84616094261666,21000100,37.114,20991200,37.114,21000200
2024-04-22,39.1203786595625,21000100,39.155,20991200,39.155,21000200
2024-04-23,38.087868037183334,21000100,38.284,20991200,38.284,21000200
2024-04-24,36.49804173653333,21000100,36.352,20991200,36.352,21000200
2024-04-25,35.72757487016667,21000100,35.56,20991200,35.56,21000200
2024-04-26,34.2192189165,21000100,34.41,20991200,34.41,21000200
2024-04-27,34.5812877484375,21000100,34.449,20991200,34.449,21000200
2024-04-28,33.9000251520125,21000100,33.941,20991200,33.941,21000200
2024-04-29,35.3597441874,21000100,35.271,20991200,35.271,21000200
2024-04-30,32.75557508716667,21000100,32.68,20991200,32.68,21000200
2024-05-01,33.28172984161667,21000100,33.308,20991200,33.308,21000200
2024-05-02,33.78328839000833,21000100,33.562,20991200,33.562,21000200
2024-05-03,35.646382782725006,21000100,35.529,20991200,35.529,21000200
2024-05-04,37.5750803893375,21000100,37.329,20991200,37.329,21000200
2024-05-05,37.50957207645833,21000100,37.33,20991200,37.33,21000200
2024-05-06,37.38167448458333,21000100,37.1,20991200,37.1,21000200
2024-05-07,35.5539310319375,21000100,35.295,20991200,35.295,21000200
2024-05-08,34.30419525,21000100,33.994,20991200,33.994,21000200
2024-05-09,35.161697649599994,21000100,35.043,20991200,35.043,21000200
2024-05-10,33.829084798775,21000100,33.698,20991200,33.698,21000200
2024-05-11,33.70939077086667,21000100,33.482,20991200,33.482,21000200
2024-05-12,33.272959065849996,21000100,33.114,20991200,33.114,21000200
2024-05-13,32.62285561089166,21000100,32.443,20991200,32.443,21000200
2024-05-14,31.795311650099997,21000100,31.572,20991200,31.572,21000200
2024-05-15,34.831539248783336,21000100,34.658,20991200,34.658,21000200
2024-05-16,34.763347125,21000100,34.449,20991200,34.449,21000200
2024-05-17,36.74224125,21000100,36.41,20991200,36.41,21000200
2024-05-18,37.535169313191666,21000100,37.222,20991200,37.222,21000200
2024-05-19,35.87556646975,21000100,35.58,20991200,35.58,21000200
2024-05-20,40.46201815216667,21000100,40.12,20991200,40.12,21000200
2024-05-21,41.600169,21000100,41.224,20991200,41.224,21000200
2024-05-22,40.402337625,21000100,40.037,20991200,40.037,21000200
2024-05-23,38.945005842116664,21000100,38.524,20991200,38.524,21000200
2024-05-24,38.36087775000001,21000100,38.014,20991200,38.014,21000200
2024-05-25,38.638387125,21000100,38.289,20991200,38.289,21000200
2024-05-26,37.095435,21000100,36.76,20991200,36.76,21000200
2024-05-27,38.635359750000006,21000100,38.286,20991200,38.286,21000200
2024-05-28,37.385053875,21000100,37.047,20991200,37.047,21000200
2024-05-29,36.689224687,21000100,36.208,20991200,36.208,21000200
2024-05-30,36.361522237062495,21000100,35.995,20991200,35.995,21000200
2024-05-31,36.37895625,21000100,36.05,20991200,36.05,21000200
2024-06-01,36.298635676275,21000100,35.781,20991200,35.781,21000200
2024-06-02,35.54406982469583,21000100,34.937,20991200,34.937,21000200
2024-06-03,35.440197342333335,21000100,35.048,20991200,35.048,21000200
2024-06-04,36.426540696375,21000100,36.095,20991200,36.095,21000200
2024-06-05,37.299291855374996,21000100,36.597,20991200,36.597,21000200
2024-06-06,36.51913967540417,21000100,35.917,20991200,35.917,21000200
2024-06-07,34.02226069666666,21000100,33.515,20991200,33.515,21000200
2024-06-08,32.556390750000006,21000100,32.262,20991200,32.262,21000200
2024-06-09,33.277915125,21000100,32.977,20991200,32.977,21000200
2024-06-10,32.57354587500001,21000100,32.279,20991200,32.279,21000200
2024-06-11,31.83385725,21000100,31.546,20991200,31.546,21000200
2024-06-12,33.582670875000005,21000100,33.279,20991200,33.279,21000200
2024-06-13,31.27682025,21000100,30.994,20991200,30.994,21000200
2024-06-14,30.551259375,21000100,30.275,20991200,30.275,21000200
2024-06-15,30.220647036525,21000100,29.994,20991200,29.994,21000200
2024-06-16,30.3342975,21000100,30.06,20991200,30.06,21000200
2024-06-17,28.70633521125,21000100,28.45,20991200,28.45,21000200
2024-06-18,26.715553948950003,21000100,26.582,20991200,26.582,21000200
2024-06-19,26.888677605795834,21000100,26.927,20991200,26.927,21000200
2024-06-20,27.658060073374998,21000100,27.57,20991200,27.57,21000200
2024-06-21,27.6034533805,21000100,27.47,20991200,27.47,21000200
2024-06-22,25.73463345065417,21000100,25.603,20991200,25.603,21000200
2024-06-23,25.026627018295834,21000100,25.069,20991200,25.069,21000200
2024-06-24,24.8733498624,21000100,24.768,20991200,24.768,21000200
2024-06-25,25.58182225185,21000100,25.391,20991200,25.391,21000200
2024-06-26,25.97870278839167,21000100,25.807,20991200,25.807,21000200
2024-06-27,27.97408949973333,21000100,27.904,20991200,27.904,21000200
2024-06-28,28.0675891554375,21000100,27.957,20991200,27.957,21000200
2024-06-29,28.01129175,21000100,27.758,20991200,27.758,21000200
2024-06-30,29.623873500000002,21000100,29.356,20991200,29.356,21000200
2024-07-01,29.088028125,21000100,28.825,20991200,28.825,21000200
2024-07-02,28.91322524002917,21000100,28.699,20991200,28.699,21000200
2024-07-03,26.73575775,21000100,26.494,20991200,26.494,21000200
2024-07-04,24.6491398181875,21000100,24.431,20991200,24.431,21000200
2024-07-05,25.045984810149996,21000100,25.118,20991200,25.118,21000200
2024-07-06,27.43059393171667,21000100,27.388,20991200,27.388,21000200
2024-07-07,25.932452324533333,21000100,25.736,20991200,25.736,21000200
2024-07-08,25.395055645099998,21000100,25.188,20991200,25.188,21000200
2024-07-09,26.454811473854164,21000100,26.425,20991200,26.425,21000200
2024-07-10,25.974877499999998,21000100,25.74,20991200,25.74,21000200
2024-07-11,25.058519355866668,21000100,25.184,20991200,25.184,21000200
2024-07-12,25.959518144824997,21000100,25.954,20991200,25.954,21000200
2024-07-13,25.7968631850375,21000100,25.833,20991200,25.833,21000200
2024-07-14,26.282109966483333,21000100,26.332,20991200,26.332,21000200
2024-07-15,27.71295907215,21000100,27.819,20991200,27.819,21000200
2024-07-16,28.067072194333335,21000100,27.995,20991200,27.995,21000200
2024-07-17,27.2675895725625,21000100,27.223,20991200,27.223,21000200
2024-07-18,27.196788637199997,21000100,27.118,20991200,27.118,21000200
2024-07-19,28.1141984742,21000100,28.148,20991200,28.148,21000200
2024-07-20,29.292096369629167,21000100,29.093,20991200,29.093,21000200
2024-07-21,32.9257305,21000100,32.628,20991200,32.628,21000200
2024-07-22,32.149713375000005,21000100,31.859,20991200,31.859,21000200
2024-07-23,29.9323778274875,21000100,29.797,20991200,29.797,21000200
2024-07-24,28.274796095750002,21000100,28.356,20991200,28.356,21000200
2024-07-25,27.18912830075,21000100,27.222,20991200,27.222,21000200
2024-07-26,28.41814742009198,21000100,28.693,20991200,28.693,21000200
2024-07-27,27.9978273453125,21000100,28.033,20991200,28.033,21000200
2024-07-28,27.101545516004165,21000100,27.377,20991200,27.377,21000200
2024-07-29,26.680276862050004,21000100,26.978,20991200,26.978,21000200
2024-07-30,25.92477515409011,21000100,26.303,20991200,26.303,21000200
2024-07-31,25.552160305,21000100,25.69,20991200,25.69,21000200
2024-08-01,25.5369507068,21000100,25.688,20991200,25.688,21000200
2024-08-02,23.328925076333334,21000100,23.585,20991200,23.585,21000200
2024-08-03,22.386078587199997,21000100,22.656,20991200,22.656,21000200
2024-08-04,20.917694503025,21000100,21.246,20991200,21.246,21000200
2024-08-05,19.14351626651734,21000100,19.527,20991200,19.527,21000200
2024-08-06,20.41865007273887,21000100,20.875,20991200,20.875,21000200
2024-08-07,19.390332089549997,21000100,19.842,20991200,19.842,21000200
2024-08-08,22.5070636297,21000100,22.724,20991200,22.724,21000200
2024-08-09,21.509437158562502,21000100,21.735,20991200,21.735,21000200
2024-08-10,21.2896742928,21000100,21.564,20991200,21.564,21000200
2024-08-11,19.921558248425,21000100,20.386,20991200,20.386,21000200
2024-08-12,20.772668869683333,21000100,21.247,20991200,21.247,21000200
2024-08-13,20.781103505625,21000100,21.367,20991200,21.367,21000200
2024-08-14,20.789745520133334,21000100,20.944,20991200,20.944,21000200
2024-08-15,20.026923873733335,21000100,20.108,20991200,20.108,21000200
2024-08-16,19.810440996300002,21000100,20.359,20991200,20.359,21000200
2024-08-17,20.564759429,21000100,20.688,20991200,20.688,21000200
2024-08-18,20.668690804608335,21000100,20.803,20991200,20.803,21000200
2024-08-19,21.11687453715,21000100,21.196,20991200,21.196,21000200
2024-08-20,22.196073094558333,21000100,22.247,20991200,22.247,21000200
2024-08-21,23.517170206566668,21000100,23.518,20991200,23.518,21000200
2024-08-22,25.08117353431667,21000100,25.196,20991200,25.196,21000200
2024-08-23,26.38693313819167,21000100,26.483,20991200,26.483,21000200
2024-08-24,26.905256478091665,21000100,27.101,20991200,27.101,21000200
2024-08-25,26.9263733553,21000100,26.898,20991200,26.898,21000200
2024-08-26,25.993623927075,21000100,25.929,20991200,25.929,21000200
2024-08-27,24.153914861845834,21000100,24.067,20991200,24.067,21000200
2024-08-28,23.2700550042,21000100,23.432,20991200,23.432,21000200
2024-08-29,22.622023929962502,21000100,22.879,20991200,22.879,21000200
2024-08-30,23.133556247175,21000100,23.274,20991200,23.274,21000200
2024-08-31,22.890952221058335,21000100,22.786,20991200,22.786,21000200
2024-09-01,21.274000504504166,21000100,21.397,20991200,21.397,21000200
2024-09-02,22.013505580879166,21000100,22.351,20991200,22.351,21000200
2024-09-03,21.098535183158333,21000100,21.374,20991200,21.374,21000200
2024-09-04,21.732335391654168,21000100,21.893,20991200,21.893,21000200
2024-09-05,21.19552167275,21000100,21.356,20991200,21.356,21000200
2024-09-06,21.07811125204167,21000100,21.143,20991200,21.143,21000200
2024-09-07,21.633080357233332,21000100,21.784,20991200,21.784,21000200
2024-09-08,23.374222696445837,21000100,23.231,20991200,23.231,21000200
2024-09-09,23.8610723446875,21000100,23.829,20991200,23.829,21000200
2024-09-10,24.1789179138,21000100,24.336,20991200,24.336,21000200
2024-09-11,23.248099928400002,21000100,23.264,20991200,23.264,21000200
2024-09-12,23.619413986312498,21000100,24.005,20991200,24.005,21000200
2024-09-13,24.95648737309167,21000100,24.898,20991200,24.898,21000200
2024-09-14,25.4335637929875,21000100,25.317,20991200,25.317,21000200
2024-09-15,23.777907850345834,21000100,23.779,20991200,23.779,21000200
2024-09-16,23.345726339099997,21000100,23.496,20991200,23.496,21000200
2024-09-17,23.6175923855,21000100,23.762,20991200,23.762,21000200
2024-09-18,24.433944638091663,21000100,24.697,20991200,24.697,21000200
2024-09-19,26.8454793428875,21000100,26.651,20991200,26.651,21000200
2024-09-20,27.832832366312502,21000100,27.655,20991200,27.655,21000200
2024-09-21,27.926209319066665,21000100,27.764,20991200,27.764,21000200
2024-09-22,27.48648559285417,21000100,27.287,20991200,27.287,21000200
2024-09-23,27.506456660145837,21000100,27.379,20991200,27.379,21000200
2024-09-24,28.597969852316666,21000100,28.462,20991200,28.462,21000200
2024-09-25,27.503493693750002,21000100,27.27,20991200,27.27,21000200
2024-09-26,29.331721088833334,21000100,29.155,20991200,29.155,21000200
2024-09-27,30.701619,21000100,30.424,20991200,30.424,21000200
2024-09-28,29.544152625000002,21000100,29.277,20991200,29.277,21000200
2024-09-29,29.123133694333333,21000100,29.02,20991200,29.02,21000200
2024-09-30,27.725633371333334,21000100,27.698,20991200,27.698,21000200
2024-10-01,25.73721304773333,21000100,25.801,20991200,25.801,21000200
2024-10-02,25.143752182425,21000100,25.317,20991200,25.317,21000200
2024-10-03,24.2881559615625,21000100,24.633,20991200,24.633,21000200
2024-10-04,25.35987085320233,21000100,26.248,20991200,26.248,21000200
2024-10-05,25.590401476874998,21000100,25.65,20991200,25.65,21000200
2024-10-06,26.77386636105,21000100,26.916,20991200,26.916,21000200
2024-10-07,26.584095058516667,21000100,26.546,20991200,26.546,21000200
2024-10-08,26.416087549854165,21000100,26.335,20991200,26.335,21000200
2024-10-09,25.7029375527,21000100,25.758,20991200,25.758,21000200
2024-10-10,25.871405288775,21000100,25.842,20991200,25.842,21000200
2024-10-11,27.43172894048333,21000100,27.451,20991200,27.451,21000200
2024-10-12,28.885194,21000100,28.624,20991200,28.624,21000200
2024-10-13,29.313063,21000100,29.048,20991200,29.048,21000200
2024-10-14,29.262055879045832,21000100,29.047,20991200,29.047,21000200
2024-10-15,28.115534977041666,21000100,28.195,20991200,28.195,21000200
2024-10-16,27.778866647583335,21000100,28.007,20991200,28.007,21000200
2024-10-17,27.411604506883332,21000100,27.286,20991200,27.286,21000200
2024-10-18,28.144406910637503,21000100,28.077,20991200,28.077,21000200
2024-10-19,28.2749373592125,21000100,28.089,20991200,28.089,21000200
2024-10-20,29.158764415916664,21000100,28.97,20991200,28.97,21000200
2024-10-21,27.99110925,21000100,27.738,20991200,27.738,21000200
2024-10-22,27.757124652425002,21000100,27.629,20991200,27.629,21000200
2024-10-23,26.6677626803875,21000100,26.733,20991200,26.733,21000200
2024-10-24,26.933155296991664,21000100,26.819,20991200,26.819,21000200
2024-10-25,24.885287530308332,21000100,24.907,20991200,24.907,21000200
2024-10-26,24.948190770433335,21000100,25.388,20991200,25.388,21000200
2024-10-27,25.436607200533334,21000100,25.744,20991200,25.744,21000200
2024-10-28,26.081752170349997,21000100,26.252,20991200,26.252,21000200
2024-10-29,27.102263895225,21000100,26.869,20991200,26.869,21000200
2024-10-30,26.399719125000004,21000100,26.161,20991200,26.161,21000200
2024-10-31,24.9327551499,21000100,24.999,20991200,24.999,21000200
2024-11-01,24.312491090270832,21000100,24.773,20991200,24.773,21000200
2024-11-02,23.860552356666666,21000100,24.101,20991200,24.101,21000200
2024-11-03,23.226734862337498,21000100,23.517,20991200,23.517,21000200
2024-11-04,22.363897742575,21000100,22.717,20991200,22.717,21000200
2024-11-05,23.951999651999998,21000100,23.973,20991200,23.973,21000200
2024-11-06,27.253438875000004,21000100,27.007,20991200,27.007,21000200
2024-11-07,27.644979375000002,21000100,27.395,20991200,27.395,21000200
2024-11-08,29.0506905,21000100,28.788,20991200,28.788,21000200
2024-11-09,30.666299625,21000100,30.389,20991200,30.389,21000200
2024-11-10,32.26613884773334,21000100,31.904,20991200,31.904,21000200
2024-11-11,36.23515870005,21000100,35.748,20991200,35.748,21000200
2024-11-12,34.91761879167597,21000100,33.971,20991200,33.971,21000200
2024-11-13,33.468165364250005,21000100,33.13,20991200,33.13,21000200
2024-11-14,31.491763875000004,21000100,31.207,20991200,31.207,21000200
2024-11-15,33.4343295,21000100,33.132,20991200,33.132,21000200
2024-11-16,35.4929445,21000100,35.172,20991200,35.172,21000200
2024-11-17,35.147374592733335,21000100,34.738,20991200,34.738,21000200
2024-11-18,35.833019625,21000100,35.509,20991200,35.509,21000200
2024-11-19,34.7224628632,21000100,34.224,20991200,34.224,21000200
2024-11-20,33.90458175,21000100,33.598,20991200,33.598,21000200
2024-11-21,36.200341125,21000100,35.873,20991200,35.873,21000200
2024-11-22,44.2790820318,21000100,43.208,20991200,43.208,21000200
2024-11-23,42.5909744823375,21000100,41.463,20991200,41.463,21000200
2024-11-24,43.036912720237495,21000100,42.083,20991200,42.083,21000200
2024-11-25,41.990014044125004,21000100,41.335,20991200,41.335,21000200
2024-11-26,43.22365841173333,21000100,42.752,20991200,42.752,21000200
2024-11-27,44.26148554005417,21000100,43.819,20991200,43.819,21000200
2024-11-28,43.20277630505,21000100,42.806,20991200,42.806,21000200
2024-11-29,45.513087905075004,21000100,44.886,20991200,44.886,21000200
2024-11-30,45.693389108104164,21000100,44.845,20991200,44.845,21000200
2024-12-01,45.764144300270836,21000100,45.145,20991200,45.145,21000200
2024-12-02,53.52645032583333,21000100,52.312,20991200,52.312,21000200
2024-12-03,52.271263695449996,21000100,50.931,20991200,50.931,21000200
2024-12-04,54.439336108062506,21000100,52.815,20991200,52.815,21000200
2024-12-05,52.14400277881666,21000100,50.314,20991200,50.314,21000200
2024-12-06,53.5803359881125,21000100,52.517,20991200,52.517,21000200
2024-12-07,53.72677585566666,21000100,51.632,20991200,51.632,21000200
2024-12-08,55.0596621398,21000100,54.024,20991200,54.024,21000200
2024-12-09,45.72026041158333,21000100,44.98,20991200,44.98,21000200
2024-12-10,44.995874625,21000100,44.589,20991200,44.589,21000200
2024-12-11,48.88806975,21000100,48.446,20991200,48.446,21000200
2024-12-12,53.608756500000005,21000100,53.124,20991200,53.124,21000200
2024-12-13,53.262626625,21000100,52.781,20991200,52.781,21000200
2024-12-14,50.284698750000004,21000100,49.83,20991200,49.83,21000200
2024-12-15,51.182170059854165,21000100,50.765,20991200,50.765,21000200
2024-12-16,49.425933375,21000100,48.979,20991200,48.979,21000200
2024-12-17,48.335069250000004,21000100,47.898,20991200,47.898,21000200
2024-12-18,43.140093750000005,21000100,42.75,20991200,42.75,21000200
2024-12-19,38.851523917883334,21000100,38.807,20991200,38.807,21000200
2024-12-20,39.780136582333334,21000100,39.835,20991200,39.835,21000200
2024-12-21,37.72461164826667,21000100,37.408,20991200,37.408,21000200
2024-12-22,36.801471586441664,21000100,36.557,20991200,36.557,21000200
2024-12-23,39.329849042229164,21000100,39.083,20991200,39.083,21000200
2024-12-24,41.45043591425,21000100,41.217,20991200,41.217,21000200
2024-12-25,40.38869914064999,21000100,40.236,20991200,40.236,21000200
2024-12-26,37.593169128487496,21000100,37.309,20991200,37.309,21000200
2024-12-27,36.5676540032,21000100,36.552,20991200,36.552,21000200
2024-12-28,37.85030982395,21000100,37.731,20991200,37.731,21000200
2024-12-29,36.11118570189167,21000100,35.818,20991200,35.818,21000200
2024-12-30,36.22314760878333,21000100,35.966,20991200,35.966,21000200
2024-12-31,35.899316231700006,21000100,35.688,20991200,35.688,21000200
2025-01-01,38.07870129412083,21000100,37.771,20991200,37.771,21000200
2025-01-02,39.63439350000001,21000100,39.276,20991200,39.276,21000200
2025-01-03,42.337839375,21000100,41.955,20991200,41.955,21000200
2025-01-04,43.012944000000005,21000100,42.624,20991200,42.624,21000200
2025-01-05,43.505397,21000100,43.112,20991200,43.112,21000200
2025-01-06,44.449938,21000100,44.048,20991200,44.048,21000200
2025-01-07,39.544581375,21000100,39.187,20991200,39.187,21000200
2025-01-08,37.7209008825,21000100,37.4,20991200,37.4,21000200
2025-01-09,36.3740237104375,21000100,36.177,20991200,36.177,21000200
2025-01-10,36.87650944766666,21000100,36.646,20991200,36.646,21000200
2025-01-11,37.326286667541666,21000100,37.114,20991200,37.114,21000200
2025-01-12,36.83182686225,21000100,36.54,20991200,36.54,21000200
2025-01-13,35.08299023033334,21000100,35.27,20991200,35.27,21000200
2025-01-14,36.698889694799995,21000100,36.552,20991200,36.552,21000200
2025-01-15,40.13647051764167,21000100,39.811,20991200,39.811,21000200
2025-01-16,40.3817738982,21000100,40.054,20991200,40.054,21000200
2025-01-17,41.736400875,21000100,41.359,20991200,41.359,21000200
2025-01-18,39.578891625,21000100,39.221,20991200,39.221,21000200
2025-01-19,35.968552807416664,21000100,35.659,20991200,35.659,21000200
2025-01-20,36.336573,21000100,36.008,20991200,36.008,21000200
2025-01-21,37.098646190475,21000100,36.947,20991200,36.947,21000200
2025-01-22,37.133781750000004,21000100,36.798,20991200,36.798,21000200
2025-01-23,35.869348125,21000100,35.545,20991200,35.545,21000200
2025-01-24,35.6463315,21000100,35.324,20991200,35.324,21000200
2025-01-25,36.943057125,21000100,36.609,20991200,36.609,21000200
2025-01-26,36.0499815,21000100,35.724,20991200,35.724,21000200
2025-01-27,34.15447229775,21000100,34.17,20991200,34.17,21000200
2025-01-28,32.071736217666675,21000100,32.048,20991200,32.048,21000200
2025-01-29,32.72397402927917,21000100,32.779,20991200,32.779,21000200
2025-01-30,34.55977915685,21000100,34.278,20991200,34.278,21000200
2025-01-31,34.735091625,21000100,34.421,20991200,34.421,21000200
2025-02-01,32.381812125,21000100,32.089,20991200,32.089,21000200
2025-02-02,27.58904580349167,21000100,27.614,20991200,27.614,21000200
2025-02-03,27.933076313713798,21000100,28.382,20991200,28.382,21000200
2025-02-04,26.204272753799998,21000100,26.448,20991200,26.448,21000200
2025-02-05,25.90412490305,21000100,25.836,20991200,25.836,21000200
2025-02-06,24.5106581342,21000100,24.488,20991200,24.488,21000200
2025-02-07,24.457276500175,21000100,24.447,20991200,24.447,21000200
2025-02-08,24.552349998183335,21000100,24.569,20991200,24.569,21000200
2025-02-09,24.8636749295,21000100,24.86,20991200,24.86,21000200
2025-02-10,25.744292237241666,21000100,25.658,20991200,25.658,21000200
2025-02-11,25.472103458533333,21000100,25.376,20991200,25.376,21000200
2025-02-12,26.429648830825,21000100,26.491,20991200,26.491,21000200
2025-02-13,25.473131109766666,21000100,25.382,20991200,25.382,21000200
2025-02-14,26.48851829597083,21000100,26.371,20991200,26.371,21000200
2025-02-15,25.56698498996667,21000100,25.468,20991200,25.468,21000200
2025-02-16,24.561267907091665,21000100,24.842,20991200,24.842,21000200
2025-02-17,24.915316422987498,21000100,25.017,20991200,25.017,21000200
2025-02-18,23.159247012970837,21000100,23.513,20991200,23.513,21000200
2025-02-19,23.615153328374998,21000100,23.715,20991200,23.715,21000200
2025-02-20,25.1331902432,21000100,25.142,20991200,25.142,21000200
2025-02-21,24.754845375,21000100,24.531,20991200,24.531,21000200
2025-02-22,25.65545574937917,21000100,25.823,20991200,25.823,21000200
2025-02-23,25.059601125,21000100,24.833,20991200,24.833,21000200
2025-02-24,21.743576730308334,21000100,21.866,20991200,21.866,21000200
2025-02-25,21.7491650556,21000100,21.936,20991200,21.936,21000200
2025-02-26,21.7488363779875,21000100,21.859,20991200,21.859,21000200
2025-02-27,22.6597372757875,21000100,22.519,20991200,22.519,21000200
2025-02-28,22.36936072,21000100,22.368,20991200,22.368,21000200
2025-03-01,21.925106158800002,21000100,21.853,20991200,21.853,21000200
2025-03-02,25.053761586466663,21000100,24.941,20991200,24.941,21000200
2025-03-03,21.0923210602375,21000100,20.931,20991200,20.931,21000200
2025-03-04,19.5241230238878,21000100,19.982,20991200,19.982,21000200
2025-03-05,21.420690546916667,21000100,21.713,20991200,21.713,21000200
2025-03-06,21.03453188265,21000100,20.988,20991200,20.988,21000200
2025-03-07,20.159604100625,21000100,20.13,20991200,20.13,21000200
2025-03-08,20.41809204153333,21000100,20.488,20991200,20.488,21000200
2025-03-09,17.9340089290625,21000100,17.959,20991200,17.959,21000200
2025-03-10,15.925485119791666,21000100,16.253,20991200,16.253,21000200
2025-03-11,17.463719012025003,21000100,17.498,20991200,17.498,21000200
2025-03-12,18.905086743699997,21000100,18.904,20991200,18.904,21000200
2025-03-13,18.51751894,21000100,18.496,20991200,18.496,21000200
2025-03-14,18.587931426166666,21000100,18.557,20991200,18.557,21000200
2025-03-15,19.227180414875,21000100,19.385,20991200,19.385,21000200
2025-03-16,18.07318128547917,21000100,18.245,20991200,18.245,21000200
2025-03-17,18.425653927741667,21000100,18.809,20991200,18.809,21000200
2025-03-18,18.9593853591,21000100,18.972,20991200,18.972,21000200
2025-03-19,19.850680940945836,21000100,19.721,20991200,19.721,21000200
2025-03-20,18.684755790933334,21000100,18.736,20991200,18.736,21000200
2025-03-21,19.003610151000004,21000100,19.17,20991200,19.17,21000200
2025-03-22,19.534854313145836,21000100,19.417,20991200,19.417,21000200
2025-03-23,19.9277154946125,21000100,19.807,20991200,19.807,21000200
2025-03-24,21.632714741024998,21000100,21.471,20991200,21.471,21000200
2025-03-25,22.992207665,21000100,22.89,20991200,22.89,21000200
2025-03-26,22.11412873185,21000100,22.041,20991200,22.041,21000200
2025-03-27,22.028759737212503,21000100,22.003,20991200,22.003,21000200
2025-03-28,20.236774161587498,21000100,20.351,20991200,20.351,21000200
2025-03-29,19.325195345104166,21000100,19.589,20991200,19.589,21000200
2025-03-30,18.4890055164375,21000100,18.855,20991200,18.855,21000200
2025-03-31,18.5189370392,21000100,18.762,20991200,18.762,21000200
2025-04-01,19.627748805525002,21000100,19.809,20991200,19.809,21000200
2025-04-02,17.939482238533333,21000100,17.968,20991200,17.968,21000200
2025-04-03,18.0546009588,21000100,18.144,20991200,18.144,21000200
2025-04-04,18.123233851791667,21000100,18.178,20991200,18.178,21000200
2025-04-05,17.827181923841668,21000100,17.869,20991200,17.869,21000200
2025-04-06,15.7722634304,21000100,16.032,20991200,16.032,21000200
2025-04-07,16.452680035575,21000100,16.677,20991200,16.677,21000200
2025-04-08,15.8364674032125,21000100,16.137,20991200,16.137,21000200
2025-04-09,18.105084012633334,21000100,18.431,20991200,18.431,21000200
2025-04-10,18.239306093837502,21000100,18.303,20991200,18.303,21000200
2025-04-11,18.993962297166664,21000100,19.112,20991200,19.112,21000200
2025-04-12,20.224921258666665,21000100,20.48,20991200,20.48,21000200
2025-04-13,19.378984645791668,21000100,19.574,20991200,19.574,21000200
2025-04-14,19.830295918895835,21000100,20.105,20991200,20.105,21000200
2025-04-15,18.6809681774,21000100,19.002,20991200,19.002,21000200
2025-04-16,18.538650627558333,21000100,18.742,20991200,18.742,21000200
2025-04-17,19.054417585866666,21000100,19.037,20991200,19.037,21000200
2025-04-18,18.982374838483334,21000100,19.058,20991200,19.058,21000200
2025-04-19,20.035928094108332,21000100,19.886,20991200,19.886,21000200
2025-04-20,19.5558282841875,21000100,19.491,20991200,19.491,21000200
2025-04-21,20.0061087807,21000100,19.908,20991200,19.908,21000200
2025-04-22,22.174714196554167,21000100,22.103,20991200,22.103,21000200
2025-04-23,22.529724750000003,21000100,22.326,20991200,22.326,21000200
2025-04-24,22.573117125,21000100,22.369,20991200,22.369,21000200
2025-04-25,22.275822388300003,21000100,22.152,20991200,22.152,21000200
2025-04-26,22.355679352299997,21000100,22.398,20991200,22.398,21000200
2025-04-27,21.628741802437503,21000100,21.699,20991200,21.699,21000200
2025-04-28,21.747505157666666,21000100,21.83,20991200,21.83,21000200
2025-04-29,21.7412569785,21000100,21.547,20991200,21.547,21000200
2025-04-30,20.706879063245836,21000100,20.899,20991200,20.899,21000200
2025-05-01,21.694035305891667,21000100,21.626,20991200,21.626,21000200
2025-05-02,21.310201673429162,21000100,21.241,20991200,21.241,21000200
2025-05-03,20.274482832258336,21000100,20.509,20991200,20.509,21000200
2025-05-04,19.627341223691666,21000100,19.886,20991200,19.886,21000200
2025-05-05,19.4913800566,21000100,19.672,20991200,19.672,21000200
2025-05-06,19.958450865625,21000100,20.005,20991200,20.005,21000200
2025-05-07,19.480956243204165,21000100,19.537,20991200,19.537,21000200
2025-05-08,22.305900929166665,21000100,22.15,20991200,22.15,21000200
2025-05-09,23.47830225,21000100,23.266,20991200,23.266,21000200
2025-05-10,26.04551625,21000100,25.81,20991200,25.81,21000200
2025-05-11,25.002081,21000100,24.776,20991200,24.776,21000200
2025-05-12,25.050519,21000100,24.824,20991200,24.824,21000200
2025-05-13,25.937417055125003,21000100,25.71,20991200,25.71,21000200
2025-05-14,25.174641375,21000100,24.947,20991200,24.947,21000200
2025-05-15,23.643523544604168,21000100,23.495,20991200,23.495,21000200
2025-05-16,23.129873747008332,21000100,23.047,20991200,23.047,21000200
2025-05-17,22.241789718958334,21000100,22.165,20991200,22.165,21000200
2025-05-18,22.970622609558333,21000100,23.041,20991200,23.041,21000200
2025-05-19,22.206435815733332,21000100,22.244,20991200,22.244,21000200
2025-05-20,22.710394947241667,21000100,22.597,20991200,22.597,21000200
2025-05-21,23.335443423650002,21000100,23.164,20991200,23.164,21000200
2025-05-22,25.470130131250002,21000100,25.25,20991200,25.25,21000200
2025-05-23,23.273449875,21000100,23.063,20991200,23.063,21000200
2025-05-24,22.91769555180417,21000100,22.937,20991200,22.937,21000200
2025-05-25,23.289356055625,21000100,23.43,20991200,23.43,21000200
2025-05-26,23.022008889520833,21000100,23.047,20991200,23.047,21000200
2025-05-27,23.4082311724625,21000100,23.361,20991200,23.361,21000200
2025-05-28,23.614382516504165,21000100,23.599,20991200,23.599,21000200
2025-05-29,22.28761188695,21000100,22.236,20991200,22.236,21000200
2025-05-30,20.2765129495,21000100,20.535,20991200,20.535,21000200
2025-05-31,20.534652656708335,21000100,20.786,20991200,20.786,21000200
2025-06-01,20.790276393025,21000100,20.869,20991200,20.869,21000200
2025-06-02,21.121018856241665,21000100,21.143,20991200,21.143,21000200
2025-06-03,21.2820591803,21000100,21.129,20991200,21.129,21000200
2025-06-04,20.05942098825,21000100,20.076,20991200,20.076,21000200
2025-06-05,18.681626419208335,21000100,18.73,20991200,18.73,21000200
2025-06-06,19.392050516625,21000100,19.637,20991200,19.637,21000200
2025-06-07,20.679364710225002,21000100,20.646,20991200,20.646,21000200
2025-06-08,21.056640456925,21000100,21.038,20991200,21.038,21000200
2025-06-09,21.975710022054166,21000100,21.941,20991200,21.941,21000200
2025-06-10,22.772923875,21000100,22.567,20991200,22.567,21000200
2025-06-11,21.756735,21000100,21.56,20991200,21.56,21000200
2025-06-12,20.35200059583333,21000100,20.27,20991200,20.27,21000200
2025-06-13,19.248675248204165,21000100,19.403,20991200,19.403,21000200
2025-06-14,18.91774495195,21000100,18.926,20991200,18.926,21000200
2025-06-15,19.090832153491668,21000100,19.099,20991200,19.099,21000200
2025-06-16,19.100775816966667,21000100,19.049,20991200,19.049,21000200
2025-06-17,18.604502145408333,21000100,18.574,20991200,18.574,21000200
2025-06-18,18.072570929145833,21000100,18.155,20991200,18.155,21000200
2025-06-19,17.853614955562502,21000100,18.045,20991200,18.045,21000200
2025-06-20,17.4113727551625,21000100,17.357,20991200,17.357,21000200
2025-06-21,16.790290949375,21000100,16.811,20991200,16.811,21000200
2025-06-22,16.539143175187505,21000100,16.513,20991200,16.513,21000200
2025-06-23,18.019737021824998,21000100,18.051,20991200,18.051,21000200
2025-06-24,18.256122457666667,21000100,18.224,20991200,18.224,21000200
2025-06-25,17.648741739658334,21000100,17.567,20991200,17.567,21000200
2025-06-26,17.29351406796667,21000100,17.222,20991200,17.222,21000200
2025-06-27,17.582525421445833,21000100,17.569,20991200,17.569,21000200
2025-06-28,18.005687581125,21000100,17.965,20991200,17.965,21000200
2025-06-29,18.823193097433336,21000100,18.728,20991200,18.728,21000200
2025-06-30,18.078147101099997,21000100,17.958,20991200,17.958,21000200
2025-07-01,17.075936485425,21000100,17.093,20991200,17.093,21000200
2025-07-02,18.4869321137875,21000100,18.519,20991200,18.519,21000200
2025-07-03,18.704131875,21000100,18.535,20991200,18.535,21000200
2025-07-04,17.860009559908335,21000100,17.782,20991200,17.782,21000200
2025-07-05,17.755128165400002,21000100,17.904,20991200,17.904,21000200
2025-07-06,18.207562861704165,21000100,18.281,20991200,18.281,21000200
2025-07-07,18.117111065624997,21000100,17.985,20991200,17.985,21000200
2025-07-08,18.420018507870836,21000100,18.359,20991200,18.359,21000200
2025-07-09,19.677937500000002,21000100,19.5,20991200,19.5,21000200
2025-07-10,20.89090575,21000100,20.702,20991200,20.702,21000200
2025-07-11,20.860632000000003,21000100,20.672,20991200,20.672,21000200
2025-07-12,20.872741500000004,21000100,20.684,20991200,20.684,21000200
2025-07-13,21.3510339864,21000100,21.184,20991200,21.184,21000200
2025-07-14,21.431011326562498,21000100,21.255,20991200,21.255,21000200
2025-07-15,22.641535915233337,21000100,22.504,20991200,22.504,21000200
2025-07-16,22.857690375,21000100,22.651,20991200,22.651,21000200
2025-07-17,24.123133125000003,21000100,23.905,20991200,23.905,21000200
2025-07-18,23.729574375000002,21000100,23.515,20991200,23.515,21000200
2025-07-19,24.719526,21000100,24.496,20991200,24.496,21000200
2025-07-20,25.267480875000004,21000100,25.039,20991200,25.039,21000200
2025-07-21,25.667094375,21000100,25.435,20991200,25.435,21000200
2025-07-22,26.1363375,21000100,25.9,20991200,25.9,21000200
2025-07-23,24.159461625,21000100,23.941,20991200,23.941,21000200
2025-07-24,23.8505986915,21000100,23.656,20991200,23.656,21000200
2025-07-25,24.158487533512503,21000100,24.003,20991200,24.003,21000200
2025-07-26,25.156477125,21000100,24.929,20991200,24.929,21000200
2025-07-27,26.293761000000003,21000100,26.056,20991200,26.056,21000200
2025-07-28,25.425913500000004,21000100,25.196,20991200,25.196,21000200
2025-07-29,24.505473988625,21000100,24.358,20991200,24.358,21000200
2025-07-30,23.318789342625,21000100,23.301,20991200,23.301,21000200
2025-07-31,22.512583584374998,21000100,22.45,20991200,22.45,21000200
2025-08-01,21.52696521300833,21000100,21.509,20991200,21.509,21000200
2025-08-02,21.0202410510625,21000100,20.851,20991200,20.851,21000200
2025-08-03,21.51025607239167,21000100,21.359,20991200,21.359,21000200
2025-08-04,23.103411410166668,21000100,23.096,20991200,23.096,21000200
2025-08-05,22.024998185633333,21000100,21.896,20991200,21.896,21000200
2025-08-06,22.33600432433333,21000100,22.22,20991200,22.22,21000200
2025-08-07,23.5597097785625,21000100,23.351,20991200,23.351,21000200
2025-08-08,24.014147625000003,21000100,23.797,20991200,23.797,21000200
2025-08-09,24.462199125,21000100,24.241,20991200,24.241,21000200
2025-08-10,24.04744875,21000100,23.83,20991200,23.83,21000200
2025-08-11,22.93006282833333,21000100,22.775,20991200,22.775,21000200
2025-08-12,24.79129754255,21000100,24.684,20991200,24.684,21000200
2025-08-13,25.71452325,21000100,25.482,20991200,25.482,21000200
2025-08-14,23.859751499999998,21000100,23.644,20991200,23.644,21000200
2025-08-15,23.9149546374375,21000100,23.751,20991200,23.751,21000200
2025-08-16,24.246313524125,21000100,24.29,20991200,24.29,21000200
2025-08-17,25.280981474191666,21000100,25.063,20991200,25.063,21000200
2025-08-18,23.5830270015,21000100,23.682,20991200,23.682,21000200
2025-08-19,22.34445273,21000100,22.35,20991200,22.35,21000200
2025-08-20,23.544983742954162,21000100,23.447,20991200,23.447,21000200
2025-08-21,22.976767125,21000100,22.769,20991200,22.769,21000200
2025-08-22,25.495543125,21000100,25.265,20991200,25.265,21000200
2025-08-23,26.502649875000003,21000100,26.263,20991200,26.263,21000200
2025-08-24,26.058634875000003,21000100,25.823,20991200,25.823,21000200
2025-08-25,23.429461866754167,21000100,23.339,20991200,23.339,21000200
2025-08-26,24.148060856933334,21000100,24.172,20991200,24.172,21000200
2025-08-27,24.642832500000004,21000100,24.42,20991200,24.42,21000200
2025-08-28,25.13645925746667,21000100,24.928,20991200,24.928,21000200
2025-08-29,23.696451678600003,21000100,23.536,20991200,23.536,21000200
2025-08-30,23.930947957541665,21000100,23.77,20991200,23.77,21000200
2025-08-31,23.584701019829165,21000100,23.381,20991200,23.381,21000200
2025-09-01,23.2124040386875,21000100,23.205,20991200,23.205,21000200
2025-09-02,24.535161697787498,21000100,24.467,20991200,24.467,21000200
2025-09-03,25.426922625,21000100,25.197,20991200,25.197,21000200
2025-09-04,24.422843250000003,21000100,24.202,20991200,24.202,21000200
2025-09-05,24.5988044876875,21000100,24.465,20991200,24.465,21000200
2025-09-06,24.559983711425,21000100,24.369,20991200,24.369,21000200
2025-09-07,24.908232375,21000100,24.683,20991200,24.683,21000200
2025-09-08,25.51269825,21000100,25.282,20991200,25.282,21000200
2025-09-09,26.167620375000002,21000100,25.931,20991200,25.931,21000200
2025-09-10,29.742950250000003,21000100,29.474,20991200,29.474,21000200
2025-09-11,29.397766409212498,21000100,29.133,20991200,29.133,21000200
2025-09-12,29.0571595209,21000100,28.968,20991200,28.968,21000200
2025-09-13,30.318374495174996,21000100,30.069,20991200,30.069,21000200
2025-09-14,29.424115966470833,21000100,29.431,20991200,29.431,21000200
2025-09-15,29.8218395136,21000100,29.794,20991200,29.794,21000200
2025-09-16,30.329251875,21000100,30.055,20991200,30.055,21000200
2025-09-17,31.83811654114583,21000100,31.825,20991200,31.825,21000200
2025-09-18,35.514136125,21000100,35.193,20991200,35.193,21000200
2025-09-19,34.026685875000005,21000100,33.719,20991200,33.719,21000200
2025-09-20,33.211006783441675,21000100,33.154,20991200,33.154,21000200
2025-09-21,33.1320261285,21000100,33.02,20991200,33.02,21000200
2025-09-22,33.94986311535,21000100,33.861,20991200,33.861,21000200
2025-09-23,33.89247225,21000100,33.586,20991200,33.586,21000200
2025-09-24,32.372947105275,21000100,32.298,20991200,32.298,21000200
2025-09-25,28.6918803777375,21000100,28.629,20991200,28.629,21000200
2025-09-26,29.204995810141664,21000100,29.081,20991200,29.081,21000200
2025-09-27,28.827128800533334,21000100,28.736,20991200,28.736,21000200
2025-09-28,30.252558375,21000100,29.979,20991200,29.979,21000200
2025-09-29,30.581402185425,21000100,30.394,20991200,30.394,21000200
2025-09-30,30.0664797832,21000100,30.012,20991200,30.012,21000200
2025-10-01,30.925549311999998,21000100,30.72,20991200,30.72,21000200
2025-10-02,30.959791557979166,21000100,30.965,20991200,30.965,21000200
2025-10-03,31.45839782085,21000100,31.317,20991200,31.317,21000200
2025-10-04,30.143754979187502,21000100,30.093,20991200,30.093,21000200
2025-10-05,29.90118346642731,21000100,30.051,20991200,30.051,21000200
2025-10-06,30.619585740037504,21000100,30.609,20991200,30.609,21000200
2025-10-07,27.944618799500002,21000100,27.911,20991200,27.911,21000200
2025-10-08,28.79894477798333,21000100,28.804,20991200,28.804,21000200
2025-10-09,28.602240219549998,21000100,28.374,20991200,28.374,21000200
2025-10-10,20.796048000000003,21000100,20.608,20991200,20.608,21000200
2025-10-11,21.282913132667467,21000100,21.438,20991200,21.438,21000200
2025-10-12,22.227693916294665,21000100,22.477,20991200,22.477,21000200
2025-10-13,23.391778494764985,21000100,23.798,20991200,23.798,21000200
2025-10-14,22.429230239099997,21000100,22.723,20991200,22.723,21000200
2025-10-15,21.664794823908334,21000100,21.886,20991200,21.886,21000200
2025-10-16,20.668081919008333,21000100,20.959,20991200,20.959,21000200
2025-10-17,19.819349667599997,21000100,19.944,20991200,19.944,21000200
2025-10-18,20.306784876375,21000100,20.205,20991200,20.205,21000200
2025-10-19,20.67608692539167,21000100,20.582,20991200,20.582,21000200
2025-10-20,20.241882137533334,21000100,20.332,20991200,20.332,21000200
2025-10-21,19.561929515625003,21000100,19.53,20991200,19.53,21000200
2025-10-22,19.016770389958335,21000100,19.007,20991200,19.007,21000200
2025-10-23,19.122401870333334,21000100,19.12,20991200,19.12,21000200
2025-10-24,19.597835306316664,21000100,19.492,20991200,19.492,21000200
2025-10-25,19.83022510440833,21000100,19.711,20991200,19.711,21000200
2025-10-26,20.920596582416668,21000100,20.812,20991200,20.812,21000200
2025-10-27,20.3759159472,21000100,20.316,20991200,20.316,21000200
2025-10-28,19.2961746550625,21000100,19.461,20991200,19.461,21000200
2025-10-29,19.54117148151667,21000100,19.652,20991200,19.652,21000200
2025-10-30,17.88715189666667,21000100,18.103,20991200,18.103,21000200
2025-10-31,17.817899785366667,21000100,18.184,20991200,18.184,21000200
2025-11-01,18.70282734705,21000100,18.711,20991200,18.711,21000200
2025-11-02,18.8105100941625,21000100,18.801,20991200,18.801,21000200
2025-11-03,16.23150619407762,21000100,16.645,20991200,16.645,21000200
2025-11-04,15.861168458666668,21000100,15.98,20991200,15.98,21000200
2025-11-05,16.601908585,21000100,16.6,20991200,16.6,21000200
2025-11-06,16.117789189991665,21000100,16.118,20991200,16.118,21000200
2025-11-07,17.796603165833332,21000100,17.74,20991200,17.74,21000200
2025-11-08,17.5959385592,21000100,17.488,20991200,17.488,21000200
2025-11-09,17.658323888433333,21000100,17.764,20991200,17.764,21000200
2025-11-10,18.11326621397917,21000100,18.169,20991200,18.169,21000200
2025-11-11,16.896546914566667,21000100,16.996,20991200,16.996,21000200
2025-11-12,16.60846202395833,21000100,16.805,20991200,16.805,21000200
2025-11-13,15.943220292566666,21000100,16.087,20991200,16.087,21000200
2025-11-14,14.71118031765,21000100,15.111,20991200,15.111,21000200
2025-11-15,15.242660833333332,21000100,15.52,20991200,15.52,21000200
2025-11-16,14.9612324797,21000100,15.132,20991200,15.132,21000200
2025-11-17,14.462103390400001,21000100,14.512,20991200,14.512,21000200
2025-11-18,14.52219303375,21000100,14.58,20991200,14.58,21000200
2025-11-19,14.189318448708335,21000100,14.282,20991200,14.282,21000200
2025-11-20,13.925925000000001,21000100,13.8,20991200,13.8,21000200
2025-11-21,13.09852713845,21000100,13.278,20991200,13.278,21000200
2025-11-22,12.9257278605,21000100,13.23,20991200,13.23,21000200
2025-11-23,13.092130879191666,21000100,13.267,20991200,13.267,21000200
2025-11-24,13.876478372049998,21000100,13.889,20991200,13.889,21000200
2025-11-25,13.997030716500001,21000100,14.172,20991200,14.172,21000200
2025-11-26,14.8183502788125,21000100,14.945,20991200,14.945,21000200
2025-11-27,14.797720209433333,21000100,15.011,20991200,15.011,21000200
2025-11-28,14.584980448983334,21000100,14.837,20991200,14.837,21000200
2025-11-29,14.013955393470834,21000100,14.239,20991200,14.239,21000200
2025-11-30,13.442465478187499,21000100,13.705,20991200,13.705,21000200
2025-12-01,12.511899791458333,21000100,12.745,20991200,12.745,21000200
2025-12-02,13.432370919158332,21000100,13.622,20991200,13.622,21000200
2025-12-03,14.878588413533334,21000100,14.776,20991200,14.776,21000200
2025-12-04,14.4504257157,21000100,14.391,20991200,14.391,21000200
2025-12-05,12.992505331145834,21000100,13.201,20991200,13.201,21000200
2025-12-06,13.071888531125,21000100,13.394,20991200,13.394,21000200
2025-12-07,13.371786669825,21000100,13.473,20991200,13.473,21000200
2025-12-08,13.659875783395835,21000100,13.637,20991200,13.637,21000200
2025-12-09,14.608786926283333,21000100,14.599,20991200,14.599,21000200
2025-12-10,14.1776836525125,21000100,14.107,20991200,14.107,21000200
2025-12-11,13.10606267935,21000100,13.407,20991200,13.407,21000200
2025-12-12,13.1245097210125,21000100,13.103,20991200,13.103,21000200
2025-12-13,13.414026726858333,21000100,13.363,20991200,13.363,21000200
2025-12-14,12.769450992566666,21000100,12.869,20991200,12.869,21000200
2025-12-15,12.213483584416666,21000100,12.34,20991200,12.34,21000200
2025-12-16,12.15784268315,21000100,12.338,20991200,12.338,21000200
2025-12-17,11.931275953312499,21000100,11.857,20991200,11.857,21000200
2025-12-18,11.297717583958335,21000100,11.435,20991200,11.435,21000200
2025-12-19,12.286989048058333,21000100,12.251,20991200,12.251,21000200
2025-12-20,12.229267734337501,21000100,12.201,20991200,12.201,21000200
2025-12-21,12.02003904525,21000100,12.14,20991200,12.14,21000200
2025-12-22,12.421509634799998,21000100,12.411,20991200,12.411,21000200
2025-12-23,11.8451506366,21000100,12.174,20991200,12.174,21000200
2025-12-24,12.058783013749999,21000100,12.1,20991200,12.1,21000200
2025-12-25,12.156338901954166,21000100,12.071,20991200,12.071,21000200
2025-12-26,12.4170962986,21000100,12.336,20991200,12.336,21000200
2025-12-27,12.7981547134875,21000100,12.691,20991200,12.691,21000200
2025-12-28,12.728115580395832,21000100,12.635,20991200,12.635,21000200
2025-12-29,12.359524747166668,21000100,12.364,20991200,12.364,21000200
2025-12-30,12.5189002528125,21000100,12.575,20991200,12.575,21000200
2025-12-31,12.323683918975,21000100,12.309,20991200,12.309,21000200
2026-01-01,13.42017413,21000100,13.584,20991200,13.584,21000200
2026-01-02,13.930970625,21000100,13.805,20991200,13.805,21000200
2026-01-03,14.06469658995,21000100,13.977,20991200,13.977,21000200
2026-01-04,14.200992550770835,21000100,14.237,20991200,14.237,21000200
2026-01-05,14.462965201825002,21000100,14.446,20991200,14.446,21000200
2026-01-06,14.660244838399999,21000100,14.592,20991200,14.592,21000200
2026-01-07,13.959926462120832,21000100,14.113,20991200,14.113,21000200
2026-01-08,13.86243471955,21000100,13.879,20991200,13.879,21000200
2026-01-09,13.851440894124998,21000100,13.782,20991200,13.782,21000200
2026-01-10,13.819099308299998,21000100,13.729,20991200,13.729,21000200
2026-01-11,13.7416920980625,21000100,13.689,20991200,13.689,21000200
2026-01-12,13.425477432195834,21000100,13.507,20991200,13.507,21000200
2026-01-13,14.8434681496,21000100,14.757,20991200,14.757,21000200
2026-01-14,14.7372615,21000100,14.604,20991200,14.604,21000200
2026-01-15,13.901147454425,21000100,13.818,20991200,13.818,21000200
2026-01-16,13.462334400625,21000100,13.575,20991200,13.575,21000200
2026-01-17,13.708283421979166,21000100,13.735,20991200,13.735,21000200
2026-01-18,12.894640094375,21000100,12.975,20991200,12.975,21000200
2026-01-19,12.640594649633334,21000100,12.728,20991200,12.728,21000200
2026-01-20,12.10572054705,21000100,12.087,20991200,12.087,21000200
2026-01-21,12.298651709066666,21000100,12.406,20991200,12.406,21000200
2026-01-22,12.02855033765,21000100,12.188,20991200,12.188,21000200
2026-01-23,12.104446656499999,21000100,12.12,20991200,12.12,21000200
2026-01-24,11.9278588112625,21000100,12.039,20991200,12.039,21000200
2026-01-25,11.44440586075,21000100,11.49,20991200,11.49,21000200
2026-01-26,11.655665401845832,21000100,11.713,20991200,11.713,21000200
2026-01-27,12.019161710933334,21000100,12.128,20991200,12.128,21000200
2026-01-28,12.04481963475,21000100,12.068,20991200,12.068,21000200
2026-01-29,10.851554970825001,21000100,11.034,20991200,11.034,21000200
2026-01-30,10.726132641,21000100,10.872,20991200,10.872,21000200
2026-01-31,10.013268268466668,21000100,10.114,20991200,10.114,21000200
2026-02-01,9.8154850098375,21000100,9.909,20991200,9.909,21000200
2026-02-02,10.031218502500002,21000100,10.14,20991200,10.14,21000200
2026-02-03,9.799064789591666,21000100,9.923,20991200,9.923,21000200
2026-02-04,9.6921195501,21000100,9.711,20991200,9.711,21000200
2026-02-05,8.300821823708333,21000100,8.305,20991200,8.305,21000200
2026-02-06,9.200304133766666,21000100,9.268,20991200,9.268,21000200
2026-02-07,9.1802275364625,21000100,9.219,20991200,9.219,21000200
2026-02-08,9.038191651883334,21000100,9.074,20991200,9.074,21000200
2026-02-09,9.0175385702,21000100,9.046,20991200,9.046,21000200
2026-02-10,8.698866022333334,21000100,8.744,20991200,8.744,21000200
2026-02-11,8.538851003337498,21000100,8.629,20991200,8.629,21000200
2026-02-12,8.840548937625,21000100,8.902,20991200,8.902,21000200
2026-02-13,9.136184083704165,21000100,9.139,20991200,9.139,21000200
2026-02-14,9.632943460583334,21000100,9.59,20991200,9.59,21000200
2026-02-15,9.298629246416667,21000100,9.278,20991200,9.278,21000200
2026-02-16,9.196024440625001,21000100,9.255,20991200,9.255,21000200
2026-02-17,9.164808510733332,21000100,9.136,20991200,9.136,21000200
2026-02-18,8.869950786383333,21000100,8.852,20991200,8.852,21000200
2026-02-19,8.757673390133334,21000100,8.896,20991200,8.896,21000200
2026-02-20,9.210469970812499,21000100,9.165,20991200,9.165,21000200
2026-02-21,9.19312875,21000100,9.11,20991200,9.11,21000200
2026-02-22,8.785305109500001,21000100,8.874,20991200,8.874,21000200
2026-02-23,8.2463634153875,21000100,8.359,20991200,8.359,21000200
2026-02-24,8.176222355258334,21000100,8.279,20991200,8.279,21000200
2026-02-25,9.527936831875001,21000100,9.515,20991200,9.515,21000200
2026-02-26,9.3039172092375,21000100,9.249,20991200,9.249,21000200
