DATETIME,CARRY,CARRY_CONTRACT,PRICE,PRICE_CONTRACT,FORWARD,FORWARD_CONTRACT
2020-01-02,199.26641130954164,21000100,195.73,20991200,195.73,21000200
2020-01-03,218.05147224941666,21000100,222.31,20991200,222.31,21000200
2020-01-04,214.5445048845,21000100,224.37,20991200,224.37,21000200
2020-01-05,223.904456083,21000100,222.68,20991200,222.68,21000200
2020-01-06,246.3274125,21000100,244.1,20991200,244.1,21000200
2020-01-07,244.53117,21000100,242.32,20991200,242.32,21000200
2020-01-08,239.7413325755,21000100,240.17,20991200,240.17,21000200
2020-01-09,255.7739860216667,21000100,238.03,20991200,238.03,21000200
2020-01-10,274.9275400065,21000100,271.71,20991200,271.71,21000200
2020-01-11,258.7218911665,21000100,260.84,20991200,260.84,21000200
2020-01-12,270.47696593675,21000100,270.77,20991200,270.77,21000200
2020-01-13,269.436375,21000100,267.0,20991200,267.0,21000200
2020-01-14,351.942435,21000100,348.76,20991200,348.76,21000200
2020-01-15,350.21864611458335,21000100,340.3,20991200,340.3,21000200
2020-01-16,346.99956279049997,21000100,326.77,20991200,326.77,21000200
2020-01-17,382.71881177250003,21000100,368.2,20991200,368.2,21000200
2020-01-18,353.06552788925,21000100,339.63,20991200,339.63,21000200
2020-01-19,365.9957623064167,21000100,339.62,20991200,339.62,21000200
2020-01-20,370.29268775649996,21000100,343.88,20991200,343.88,21000200
2020-01-21,367.2823682713334,21000100,343.48,20991200,343.48,21000200
2020-01-22,368.0895821213333,21000100,349.12,20991200,349.12,21000200
2020-01-23,331.794590226875,21000100,325.55,20991200,325.55,21000200
2020-01-24,326.37999967999997,21000100,319.2,20991200,319.2,21000200
2020-01-25,315.1807755422083,21000100,310.49,20991200,310.49,21000200
2020-01-26,351.0694696274583,21000100,347.89,20991200,347.89,21000200
2020-01-27,366.10045875000003,21000100,362.79,20991200,362.79,21000200
2020-01-28,382.27673250000004,21000100,378.82,20991200,378.82,21000200
2020-01-29,383.87115,21000100,380.4,20991200,380.4,21000200
2020-01-30,396.39439125,21000100,392.81,20991200,392.81,21000200
2020-01-31,386.27982525150003,21000100,375.22,20991200,375.22,21000200
2020-02-02,389.9651882163334,21000100,377.72,20991200,377.72,21000200
2020-02-03,392.41002394075,21000100,384.42,20991200,384.42,21000200
2020-02-04,388.7277407896667,21000100,381.04,20991200,381.04,21000200
2020-02-05,451.5160530545,21000100,445.34,20991200,445.34,21000200
2020-02-06,459.9269932719167,21000100,446.26,20991200,446.26,21000200
2020-02-07,468.8321114815,21000100,439.66,20991200,439.66,21000200
2020-02-08,475.93811864070835,21000100,444.89,20991200,444.89,21000200
2020-02-09,499.3370006083333,21000100,450.5,20991200,450.5,21000200
2020-02-10,510.19644335279173,21000100,452.63,20991200,452.63,21000200
2020-02-11,510.41193261499996,21000100,462.8,20991200,462.8,21000200
2020-02-12,559.2372922951378,21000100,474.07,20991200,474.07,21000200
2020-02-13,549.869201671125,21000100,477.33,20991200,477.33,21000200
2020-02-14,519.7362428270833,21000100,494.15,20991200,494.15,21000200
2020-02-15,478.201116625875,21000100,439.29,20991200,439.29,21000200
2020-02-16,426.30922634766665,21000100,412.12,20991200,412.12,21000200
2020-02-17,434.10510375237504,21000100,413.23,20991200,413.23,21000200
2020-02-18,438.23884634316664,21000100,420.83,20991200,420.83,21000200
2020-02-19,398.78129015725,21000100,378.61,20991200,378.61,21000200
2020-02-20,390.09018022708335,21000100,370.97,20991200,370.97,21000200
2020-02-21,383.61207692249997,21000100,378.45,20991200,378.45,21000200
2020-02-22,377.9626956255,21000100,373.41,20991200,373.41,21000200
2020-02-23,408.30894048849996,21000100,402.06,20991200,402.06,21000200
2020-02-24,385.0190767016667,21000100,378.53,20991200,378.53,21000200
2020-02-25,367.08530958299997,21000100,353.31,20991200,353.31,21000200
2020-02-26,333.1548181140833,21000100,316.94,20991200,316.94,21000200
2020-02-27,329.711822775,21000100,324.75,20991200,324.75,21000200
2020-02-28,318.04592625000004,21000100,315.17,20991200,315.17,21000200
2020-02-29,309.11517000000003,21000100,306.32,20991200,306.32,21000200
2020-03-02,345.184694048,21000100,339.54,20991200,339.54,21000200
2020-03-03,332.65805625,21000100,329.65,20991200,329.65,21000200
2020-03-04,325.21638681750005,21000100,319.74,20991200,319.74,21000200
2020-03-05,340.5424695372083,21000100,337.39,20991200,337.39,21000200
2020-03-06,353.92032000000006,21000100,350.72,20991200,350.72,21000200
2020-03-07,334.20860682433334,21000100,331.06,20991200,331.06,21000200
2020-03-08,285.26036676625,21000100,273.18,20991200,273.18,21000200
2020-03-09,275.811156138875,21000100,273.21,20991200,273.21,21000200
2020-03-10,274.51227374999996,21000100,272.03,20991200,272.03,21000200
2020-03-11,269.84002499999997,21000100,267.4,20991200,267.4,21000200
2020-03-12,142.04398608075002,21000100,142.74,20991200,142.74,21000200
2020-03-13,173.88857122424997,21000100,177.39,20991200,177.39,21000200
2020-03-14,169.350882762,21000100,167.38,20991200,167.38,21000200
2020-03-15,182.99037674908334,21000100,178.34,20991200,178.34,21000200
2020-03-16,172.214550995375,21000100,172.41,20991200,172.41,21000200
2020-03-17,184.12494750000002,21000100,182.46,20991200,182.46,21000200
2020-03-18,186.6275775,21000100,184.94,20991200,184.94,21000200
2020-03-19,223.00653375000002,21000100,220.99,20991200,220.99,21000200
2020-03-20,217.63881380437496,21000100,215.23,20991200,215.23,21000200
2020-03-21,222.10841250000001,21000100,220.1,20991200,220.1,21000200
2020-03-22,204.65055,21000100,202.8,20991200,202.8,21000200
2020-03-23,223.39000125,21000100,221.37,20991200,221.37,21000200
2020-03-24,229.4952075,21000100,227.42,20991200,227.42,21000200
2020-03-25,222.80470875,21000100,220.79,20991200,220.79,21000200
2020-03-26,230.03004375,21000100,227.95,20991200,227.95,21000200
2020-03-27,215.21608875,21000100,213.27,20991200,213.27,21000200
2020-03-28,215.79129,21000100,213.84,20991200,213.84,21000200
2020-03-29,207.3751875,21000100,205.5,20991200,205.5,21000200
2020-03-30,222.08823,21000100,220.08,20991200,220.08,21000200
2020-03-31,220.38280875,21000100,218.39,20991200,218.39,21000200
2020-04-02,234.13718250000002,21000100,232.02,20991200,232.02,21000200
2020-04-03,238.56133185400003,21000100,236.19,20991200,236.19,21000200
2020-04-04,240.40384875,21000100,238.23,20991200,238.23,21000200
2020-04-05,233.68159684900002,21000100,231.08,20991200,231.08,21000200
2020-04-06,260.60653125,21000100,258.25,20991200,258.25,21000200
2020-04-07,254.81415375,21000100,252.51,20991200,252.51,21000200
2020-04-08,269.91066375,21000100,267.47,20991200,267.47,21000200
2020-04-09,258.336,21000100,256.0,20991200,256.0,21000200
2020-04-10,234.722475,21000100,232.6,20991200,232.6,21000200
2020-04-11,234.84357,21000100,232.72,20991200,232.72,21000200
2020-04-12,232.8805401925,21000100,232.86,20991200,232.86,21000200
2020-04-13,219.33627494158333,21000100,223.13,20991200,223.13,21000200
2020-04-14,221.86651409641667,21000100,223.18,20991200,223.18,21000200
2020-04-15,217.0224225,21000100,215.06,20991200,215.06,21000200
2020-04-16,237.26547000000002,21000100,235.12,20991200,235.12,21000200
2020-04-17,234.22800375000003,21000100,232.11,20991200,232.11,21000200
2020-04-18,246.62780548675002,21000100,243.89,20991200,243.89,21000200
2020-04-19,233.89487567745832,21000100,231.29,20991200,231.29,21000200
2020-04-20,221.1396525,21000100,219.14,20991200,219.14,21000200
2020-04-21,221.49284625,21000100,219.49,20991200,219.49,21000200
2020-04-22,235.24722000000003,21000100,233.12,20991200,233.12,21000200
2020-04-23,239.77819125000002,21000100,237.61,20991200,237.61,21000200
2020-04-24,240.22220625000003,21000100,238.05,20991200,238.05,21000200
2020-04-25,241.74453620933338,21000100,238.24,20991200,238.24,21000200
2020-04-26,248.75940375,21000100,246.51,20991200,246.51,21000200
2020-04-27,245.2399104088333,21000100,242.98,20991200,242.98,21000200
2020-04-28,243.37067625,21000100,241.17,20991200,241.17,21000200
2020-04-29,261.15593076650003,21000100,258.06,20991200,258.06,21000200
2020-04-30,255.54481045799997,21000100,250.32,20991200,250.32,21000200
2020-05-02,269.44730003125,21000100,261.25,20991200,261.25,21000200
2020-05-03,259.7758139141667,21000100,251.69,20991200,251.69,21000200
2020-05-04,248.00256000000002,21000100,245.76,20991200,245.76,21000200
2020-05-05,249.29424,21000100,247.04,20991200,247.04,21000200
2020-05-06,243.69359625,21000100,241.49,20991200,241.49,21000200
2020-05-07,254.55178125,21000100,252.25,20991200,252.25,21000200
2020-05-08,270.95025190070834,21000100,260.63,20991200,260.63,21000200
2020-05-09,281.0511484050833,21000100,265.67,20991200,265.67,21000200
2020-05-10,237.15474419000003,21000100,232.8,20991200,232.8,21000200
2020-05-11,237.3260175,21000100,235.18,20991200,235.18,21000200
2020-05-12,235.33804125000003,21000100,233.21,20991200,233.21,21000200
2020-05-13,241.54416000000003,21000100,239.36,20991200,239.36,21000200
2020-05-14,244.7128125,21000100,242.5,20991200,242.5,21000200
2020-05-15,237.31592625,21000100,235.17,20991200,235.17,21000200
2020-05-16,238.5773325,21000100,236.42,20991200,236.42,21000200
2020-05-17,242.94684375,21000100,240.75,20991200,240.75,21000200
2020-05-18,250.8482925,21000100,248.58,20991200,248.58,21000200
2020-05-19,249.0722325,21000100,246.82,20991200,246.82,21000200
2020-05-20,241.99826625,21000100,239.81,20991200,239.81,21000200
2020-05-21,230.1814125,21000100,228.1,20991200,228.1,21000200
2020-05-22,236.79118125000002,21000100,234.65,20991200,234.65,21000200
2020-05-23,236.12515875000003,21000100,233.99,20991200,233.99,21000200
2020-05-24,224.94405375,21000100,222.91,20991200,222.91,21000200
2020-05-25,232.66386,21000100,230.56,20991200,230.56,21000200
2020-05-26,230.03004375,21000100,227.95,20991200,227.95,21000200
2020-05-27,234.93439125,21000100,232.81,20991200,232.81,21000200
2020-05-28,242.10927,21000100,239.92,20991200,239.92,21000200
2020-05-29,240.67631250000002,21000100,238.5,20991200,238.5,21000200
2020-05-30,254.86461000000003,21000100,252.56,20991200,252.56,21000200
2020-05-31,240.95886750000003,21000100,238.78,20991200,238.78,21000200
2020-06-02,259.026588652,21000100,251.04,20991200,251.04,21000200
2020-06-03,255.95776528591668,21000100,253.49,20991200,253.49,21000200
2020-06-04,261.1260298954583,21000100,256.37,20991200,256.37,21000200
2020-06-05,258.63873750000005,21000100,256.3,20991200,256.3,21000200
2020-06-06,255.64163625000003,21000100,253.33,20991200,253.33,21000200
2020-06-07,255.954465,21000100,253.64,20991200,253.64,21000200
2020-06-08,257.80116375,21000100,255.47,20991200,255.47,21000200
2020-06-09,256.64091655691664,21000100,254.14,20991200,254.14,21000200
2020-06-10,259.345125,21000100,257.0,20991200,257.0,21000200
2020-06-11,236.98291500000002,21000100,234.84,20991200,234.84,21000200
2020-06-12,243.18903375000002,21000100,240.99,20991200,240.99,21000200
2020-06-13,243.0174825,21000100,240.82,20991200,240.82,21000200
2020-06-14,239.62682250000003,21000100,237.46,20991200,237.46,21000200
2020-06-15,237.709485,21000100,235.56,20991200,235.56,21000200
2020-06-16,239.56627500000002,21000100,237.4,20991200,237.4,21000200
2020-06-17,242.56337625,21000100,240.37,20991200,240.37,21000200
2020-06-18,238.274595,21000100,236.12,20991200,236.12,21000200
2020-06-19,235.49950125,21000100,233.37,20991200,233.37,21000200
2020-06-20,234.81329625,21000100,232.69,20991200,232.69,21000200
2020-06-21,232.40148750000003,21000100,230.3,20991200,230.3,21000200
2020-06-22,243.20921625,21000100,241.01,20991200,241.01,21000200
2020-06-23,242.97711750000002,21000100,240.78,20991200,240.78,21000200
2020-06-24,234.9444825,21000100,232.82,20991200,232.82,21000200
2020-06-25,234.58119750000003,21000100,232.46,20991200,232.46,21000200
2020-06-26,232.8051375,21000100,230.7,20991200,230.7,21000200
2020-06-27,218.2737375,21000100,216.3,20991200,216.3,21000200
2020-06-28,224.67159,21000100,222.64,20991200,222.64,21000200
2020-06-29,227.34577125,21000100,225.29,20991200,225.29,21000200
2020-06-30,224.19730125,21000100,222.17,20991200,222.17,21000200
2020-07-02,221.69467125,21000100,219.69,20991200,219.69,21000200
2020-07-03,222.774435,21000100,220.76,20991200,220.76,21000200
2020-07-04,227.32558875,21000100,225.27,20991200,225.27,21000200
2020-07-05,224.32848750000002,21000100,222.3,20991200,222.3,21000200
2020-07-06,244.48071375000004,21000100,242.27,20991200,242.27,21000200
2020-07-07,240.02038125,21000100,237.85,20991200,237.85,21000200
2020-07-08,245.56047750000002,21000100,243.34,20991200,243.34,21000200
2020-07-09,240.3130275,21000100,238.14,20991200,238.14,21000200
2020-07-10,240.7166775,21000100,238.54,20991200,238.54,21000200
2020-07-11,238.8598875,21000100,236.7,20991200,236.7,21000200
2020-07-12,239.71764375000004,21000100,237.55,20991200,237.55,21000200
2020-07-13,234.47837252249997,21000100,232.2,20991200,232.2,21000200
2020-07-14,232.48221750000002,21000100,230.38,20991200,230.38,21000200
2020-07-15,231.59217331416667,21000100,227.65,20991200,227.65,21000200
2020-07-16,226.4274675,21000100,224.38,20991200,224.38,21000200
2020-07-17,224.83305000000001,21000100,222.8,20991200,222.8,21000200
2020-07-18,226.56874500000004,21000100,224.52,20991200,224.52,21000200
2020-07-19,230.37763499825,21000100,227.94,20991200,227.94,21000200
2020-07-20,224.82295875,21000100,222.79,20991200,222.79,21000200
2020-07-21,232.58313,21000100,230.48,20991200,230.48,21000200
2020-07-22,242.32118625,21000100,240.13,20991200,240.13,21000200
2020-07-23,246.94294674115315,21000100,238.6,20991200,238.6,21000200
2020-07-24,244.00011414155858,21000100,235.26,20991200,235.26,21000200
2020-07-25,256.61062689075004,21000100,251.46,20991200,251.46,21000200
2020-07-26,259.26372760196745,21000100,247.79,20991200,247.79,21000200
2020-07-27,282.6044024241295,21000100,269.09,20991200,269.09,21000200
2020-07-28,307.3378455872067,21000100,289.32,20991200,289.32,21000200
2020-07-29,308.03771857331,21000100,288.22,20991200,288.22,21000200
2020-07-30,314.08860765795293,21000100,291.75,20991200,291.75,21000200
2020-07-31,325.90992639170656,21000100,300.88,20991200,300.88,21000200
2020-08-02,306.97683404270833,21000100,284.45,20991200,284.45,21000200
2020-08-03,312.88976777175,21000100,297.13,20991200,297.13,21000200
2020-08-04,305.60339198783333,21000100,288.47,20991200,288.47,21000200
2020-08-05,312.96393126333334,21000100,293.9,20991200,293.9,21000200
2020-08-06,328.53686108691664,21000100,309.37,20991200,309.37,21000200
2020-08-07,321.63809413,21000100,302.6,20991200,302.6,21000200
2020-08-08,315.92785896,21000100,305.6,20991200,305.6,21000200
2020-08-09,310.91102258587495,21000100,300.33,20991200,300.33,21000200
2020-08-10,316.26189265208336,21000100,302.81,20991200,302.81,21000200
2020-08-11,295.7485699614167,21000100,281.98,20991200,281.98,21000200
2020-08-12,287.59730822462507,21000100,284.97,20991200,284.97,21000200
2020-08-13,305.44292401475,21000100,296.29,20991200,296.29,21000200
2020-08-14,319.51909653083334,21000100,293.8,20991200,293.8,21000200
2020-08-15,325.7507021801667,21000100,302.68,20991200,302.68,21000200
2020-08-16,336.92279406125,21000100,308.9,20991200,308.9,21000200
2020-08-17,347.6756784396667,21000100,318.31,20991200,318.31,21000200
2020-08-18,332.5228230139167,21000100,303.37,20991200,303.37,21000200
2020-08-19,302.08720577083335,21000100,293.0,20991200,293.0,21000200
2020-08-20,303.1303762695,21000100,294.93,20991200,294.93,21000200
2020-08-21,292.2364400041667,21000100,283.24,20991200,283.24,21000200
2020-08-22,294.075626409,21000100,286.74,20991200,286.74,21000200
2020-08-23,292.27167109399994,21000100,284.96,20991200,284.96,21000200
2020-08-24,301.65903927129165,21000100,291.01,20991200,291.01,21000200
2020-08-25,285.00168676625,21000100,275.78,20991200,275.78,21000200
2020-08-26,279.7163932,21000100,275.2,20991200,275.2,21000200
2020-08-27,269.60602642875,21000100,264.99,20991200,264.99,21000200
2020-08-28,273.4981977346667,21000100,268.88,20991200,268.88,21000200
2020-08-29,276.5303711525,21000100,268.36,20991200,268.36,21000200
2020-08-30,291.47590277333336,21000100,279.61,20991200,279.61,21000200
2020-08-31,287.55670574175,21000100,273.87,20991200,273.87,21000200
2020-09-02,274.3699634999999,21000100,264.15,20991200,264.15,21000200
2020-09-03,215.76248492425003,21000100,213.63,20991200,213.63,21000200
2020-09-04,231.977655,21000100,229.88,20991200,229.88,21000200
2020-09-05,227.76960375000002,21000100,225.71,20991200,225.71,21000200
2020-09-06,229.7777625,21000100,227.7,20991200,227.7,21000200
2020-09-07,230.87770875,21000100,228.79,20991200,228.79,21000200
2020-09-08,224.39912625000002,21000100,222.37,20991200,222.37,21000200
2020-09-09,226.05409125,21000100,224.01,20991200,224.01,21000200
2020-09-10,229.51539,21000100,227.44,20991200,227.44,21000200
2020-09-11,227.32558875,21000100,225.27,20991200,225.27,21000200
2020-09-12,232.42167,21000100,230.32,20991200,230.32,21000200
2020-09-13,224.1266625,21000100,222.1,20991200,222.1,21000200
2020-09-14,227.91088125000002,21000100,225.85,20991200,225.85,21000200
2020-09-15,237.44711250000003,21000100,235.3,20991200,235.3,21000200
2020-09-16,232.90605000000002,21000100,230.8,20991200,230.8,21000200
2020-09-17,235.03530375,21000100,232.91,20991200,232.91,21000200
2020-09-18,236.256345,21000100,234.12,20991200,234.12,21000200
2020-09-19,235.35822375,21000100,233.23,20991200,233.23,21000200
2020-09-20,228.25398375,21000100,226.19,20991200,226.19,21000200
2020-09-21,214.30787625000002,21000100,212.37,20991200,212.37,21000200
2020-09-22,222.08823,21000100,220.08,20991200,220.08,21000200
2020-09-23,209.8778175,21000100,207.98,20991200,207.98,21000200
2020-09-24,218.2333725,21000100,216.26,20991200,216.26,21000200
2020-09-25,218.44528875,21000100,216.47,20991200,216.47,21000200
2020-09-26,223.35972750000002,21000100,221.34,20991200,221.34,21000200
2020-09-27,231.64464375000003,21000100,229.55,20991200,229.55,21000200
2020-09-28,228.670367317125,21000100,225.87,20991200,225.87,21000200
2020-09-29,231.1905375,21000100,229.1,20991200,229.1,21000200
2020-09-30,230.1410475,21000100,228.06,20991200,228.06,21000200
2020-10-02,221.67448875,21000100,219.67,20991200,219.67,21000200
2020-10-03,220.40299125,21000100,218.41,20991200,218.41,21000200
2020-10-04,222.94598625,21000100,220.93,20991200,220.93,21000200
2020-10-05,223.6826475,21000100,221.66,20991200,221.66,21000200
2020-10-06,221.55339375000003,21000100,219.55,20991200,219.55,21000200
2020-10-07,225.034875,21000100,223.0,20991200,223.0,21000200
2020-10-08,236.1150675,21000100,233.98,20991200,233.98,21000200
2020-10-09,239.49563625000002,21000100,237.33,20991200,237.33,21000200
2020-10-10,239.57636625,21000100,237.41,20991200,237.41,21000200
2020-10-11,241.23133125,21000100,239.05,20991200,239.05,21000200
2020-10-12,241.83680625000002,21000100,239.65,20991200,239.65,21000200
2020-10-13,255.712275,21000100,253.4,20991200,253.4,21000200
2020-10-14,261.363375,21000100,259.0,20991200,259.0,21000200
2020-10-15,264.6531225,21000100,262.26,20991200,262.26,21000200
2020-10-16,252.76563000000002,21000100,250.48,20991200,250.48,21000200
2020-10-17,247.326726353875,21000100,244.83,20991200,244.83,21000200
2020-10-18,251.8507820975,21000100,249.4,20991200,249.4,21000200
2020-10-19,252.30143250000003,21000100,250.02,20991200,250.02,21000200
2020-10-20,243.97884680299998,21000100,240.92,20991200,240.92,21000200
2020-10-21,262.49520678525,21000100,258.66,20991200,258.66,21000200
2020-10-22,279.18771227958337,21000100,268.1,20991200,268.1,21000200
2020-10-23,277.101682235,21000100,270.64,20991200,270.64,21000200
2020-10-24,281.667020541875,21000100,276.05,20991200,276.05,21000200
2020-10-25,276.50958741333335,21000100,271.36,20991200,271.36,21000200
2020-10-26,264.1857411274167,21000100,259.54,20991200,259.54,21000200
2020-10-27,270.40167971116665,21000100,264.38,20991200,264.38,21000200
2020-10-28,273.07396483333326,21000100,268.34,20991200,268.34,21000200
2020-10-29,269.80975125000003,21000100,267.37,20991200,267.37,21000200
2020-10-30,264.34029375,21000100,261.95,20991200,261.95,21000200
2020-10-31,264.5320275,21000100,262.14,20991200,262.14,21000200
2020-11-02,261.162883454,21000100,257.29,20991200,257.29,21000200
2020-11-03,241.51769159479164,21000100,243.85,20991200,243.85,21000200
2020-11-04,239.37091531000002,21000100,240.78,20991200,240.78,21000200
2020-11-05,250.1747074666667,21000100,249.28,20991200,249.28,21000200
2020-11-06,260.8119526915,21000100,257.88,20991200,257.88,21000200
2020-11-07,261.4118468070833,21000100,253.7,20991200,253.7,21000200
2020-11-08,271.65869849583333,21000100,271.24,20991200,271.24,21000200
2020-11-09,269.73260845075,21000100,264.27,20991200,264.27,21000200
2020-11-10,259.59740625,21000100,257.25,20991200,257.25,21000200
2020-11-11,258.3082003695833,21000100,256.45,20991200,256.45,21000200
2020-11-12,249.3945542675,21000100,259.8,20991200,259.8,21000200
2020-11-13,234.15208987939016,21000100,257.71,20991200,257.71,21000200
2020-11-14,203.06661458736417,21000100,245.86,20991200,245.86,21000200
2020-11-15,185.3478612933916,21000100,240.98,20991200,240.98,21000200
2020-11-16,252.48576065779167,21000100,249.77,20991200,249.77,21000200
2020-11-17,258.205648607625,21000100,255.73,20991200,255.73,21000200
2020-11-18,252.68581297575,21000100,246.51,20991200,246.51,21000200
2020-11-19,249.23756483175003,21000100,246.18,20991200,246.18,21000200
2020-11-20,268.89149440425,21000100,260.43,20991200,260.43,21000200
2020-11-21,318.28126316333334,21000100,305.68,20991200,305.68,21000200
2020-11-22,297.80663424187503,21000100,289.41,20991200,289.41,21000200
2020-11-23,352.6914094727917,21000100,323.89,20991200,323.89,21000200
2020-11-24,381.3976548025,21000100,348.6,20991200,348.6,21000200
2020-11-25,331.66318492125,21000100,313.47,20991200,313.47,21000200
2020-11-26,280.1587477975,21000100,271.7,20991200,271.7,21000200
2020-11-27,272.191073385,21000100,265.65,20991200,265.65,21000200
2020-11-28,284.19361265625,21000100,276.1,20991200,276.1,21000200
2020-11-29,291.02213980283335,21000100,285.43,20991200,285.43,21000200
2020-11-30,331.12663987754166,21000100,317.87,20991200,317.87,21000200
2020-12-02,299.18290812083336,21000100,294.35,20991200,294.35,21000200
2020-12-03,300.76194977875,21000100,292.35,20991200,292.35,21000200
2020-12-04,284.02466522325,21000100,279.77,20991200,279.77,21000200
2020-12-05,293.499046507875,21000100,289.77,20991200,289.77,21000200
2020-12-06,290.9446497265,21000100,286.44,20991200,286.44,21000200
2020-12-07,288.38576576637496,21000100,284.19,20991200,284.19,21000200
2020-12-08,272.163588228,21000100,267.84,20991200,267.84,21000200
2020-12-09,271.293165,21000100,268.84,20991200,268.84,21000200
2020-12-10,268.386885,21000100,265.96,20991200,265.96,21000200
2020-12-11,261.85784625,21000100,259.49,20991200,259.49,21000200
2020-12-12,270.67996817399995,21000100,267.96,20991200,267.96,21000200
2020-12-13,278.63959500000004,21000100,276.12,20991200,276.12,21000200
2020-12-14,279.49735125000007,21000100,276.97,20991200,276.97,21000200
2020-12-15,292.2692386126667,21000100,289.13,20991200,289.13,21000200
2020-12-16,322.8356098055833,21000100,312.38,20991200,312.38,21000200
2020-12-17,337.05887787775,21000100,310.87,20991200,310.87,21000200
2020-12-18,328.4006798863333,21000100,313.64,20991200,313.64,21000200
2020-12-19,334.2895940718333,21000100,318.28,20991200,318.28,21000200
2020-12-20,364.70926917175,21000100,349.41,20991200,349.41,21000200
2020-12-21,327.63620108062497,21000100,313.65,20991200,313.65,21000200
2020-12-22,325.77582375,21000100,322.83,20991200,322.83,21000200
2020-12-23,277.72129125,21000100,275.21,20991200,275.21,21000200
2020-12-24,299.44775250000004,21000100,296.74,20991200,296.74,21000200
2020-12-25,322.28425125,21000100,319.37,20991200,319.37,21000200
2020-12-26,327.254794119,21000100,324.06,20991200,324.06,21000200
2020-12-27,350.73372896875003,21000100,338.42,20991200,338.42,21000200
2020-12-28,374.47387905,21000100,361.12,20991200,361.12,21000200
2020-12-29,363.16968923225,21000100,353.37,20991200,353.37,21000200
2020-12-30,368.92766115241665,21000100,359.26,20991200,359.26,21000200
2020-12-31,354.2968775344167,21000100,342.49,20991200,342.49,21000200
2021-01-02,366.73199685733334,21000100,354.88,20991200,354.88,21000200
2021-01-03,460.01669103366663,21000100,425.18,20991200,425.18,21000200
2021-01-04,451.85804145900005,21000100,405.66,20991200,405.66,21000200
2021-01-05,430.758835997,21000100,418.74,20991200,418.74,21000200
2021-01-06,509.56649404500007,21000100,454.23,20991200,454.23,21000200
2021-01-07,488.1871412930001,21000100,448.99,20991200,448.99,21000200
2021-01-08,461.526025711,21000100,437.33,20991200,437.33,21000200
2021-01-09,605.19679818525,21000100,576.54,20991200,576.54,21000200
2021-01-10,665.9512563200001,21000100,601.44,20991200,601.44,21000200
2021-01-11,497.851314825375,21000100,476.91,20991200,476.91,21000200
2021-01-12,458.5473869946667,21000100,452.27,20991200,452.27,21000200
2021-01-13,505.14663976250006,21000100,496.75,20991200,496.75,21000200
2021-01-14,544.2550682497499,21000100,527.67,20991200,527.67,21000200
2021-01-15,507.68225751250003,21000100,491.1,20991200,491.1,21000200
2021-01-16,509.6023525005,21000100,490.14,20991200,490.14,21000200
2021-01-17,500.31137399999994,21000100,480.0,20991200,480.0,21000200
2021-01-18,547.9435101336667,21000100,509.66,20991200,509.66,21000200
2021-01-19,573.17629973125,21000100,507.75,20991200,507.75,21000200
2021-01-20,513.4555773128334,21000100,497.48,20991200,497.48,21000200
2021-01-21,428.069359704,21000100,418.74,20991200,418.74,21000200
2021-01-22,444.33792,21000100,440.32,20991200,440.32,21000200
2021-01-23,437.04547992770836,21000100,431.89,20991200,431.89,21000200
2021-01-24,451.6007554265,21000100,439.98,20991200,439.98,21000200
2021-01-25,450.5263625901667,21000100,432.29,20991200,432.29,21000200
2021-01-26,435.781614114,21000100,428.12,20991200,428.12,21000200
2021-01-27,384.45792587925,21000100,377.43,20991200,377.43,21000200
2021-01-28,413.82379514666667,21000100,405.38,20991200,405.38,21000200
2021-01-29,437.11103122875,21000100,407.7,20991200,407.7,21000200
2021-01-30,433.92020370833336,21000100,417.8,20991200,417.8,21000200
2021-01-31,430.5486799947083,21000100,400.09,20991200,400.09,21000200
2021-02-02,465.57974706,21000100,431.04,20991200,431.04,21000200
2021-02-03,500.2085907606667,21000100,446.81,20991200,446.81,21000200
2021-02-04,449.29457538950004,21000100,421.32,20991200,421.32,21000200
2021-02-05,491.16565653749996,21000100,448.2,20991200,448.2,21000200
2021-02-06,507.841720663,21000100,459.12,20991200,459.12,21000200
2021-02-07,497.8888998626666,21000100,445.76,20991200,445.76,21000200
2021-02-08,544.399853625,21000100,485.0,20991200,485.0,21000200
2021-02-09,597.6662234925,21000100,516.06,20991200,516.06,21000200
2021-02-10,590.2636187802083,21000100,495.53,20991200,495.53,21000200
2021-02-11,578.3307291047499,21000100,530.78,20991200,530.78,21000200
2021-02-12,644.8268006410833,21000100,577.54,20991200,577.54,21000200
2021-02-13,772.3687101004166,21000100,668.9,20991200,668.9,21000200
2021-02-14,849.4310638304166,21000100,721.7,20991200,721.7,21000200
2021-02-15,760.0119703605,21000100,715.77,20991200,715.77,21000200
2021-02-16,766.1038223602501,21000100,705.87,20991200,705.87,21000200
2021-02-17,788.6065336373333,21000100,717.41,20991200,717.41,21000200
2021-02-18,840.1532847198754,21000100,704.9,20991200,704.9,21000200
2021-02-19,865.6120792618227,21000100,720.23,20991200,720.23,21000200
2021-02-20,817.3059813453334,21000100,679.36,20991200,679.36,21000200
2021-02-21,760.51596626875,21000100,707.65,20991200,707.65,21000200
2021-02-22,667.6795800733333,21000100,628.6,20991200,628.6,21000200
2021-02-23,518.582151729875,21000100,515.49,20991200,515.49,21000200
2021-02-24,530.8616868967499,21000100,526.66,20991200,526.66,21000200
2021-02-25,503.86620375,21000100,499.31,20991200,499.31,21000200
2021-02-26,489.11279625000003,21000100,484.69,20991200,484.69,21000200
2021-02-27,487.84129875,21000100,483.43,20991200,483.43,21000200
2021-02-28,464.75251875000004,21000100,460.55,20991200,460.55,21000200
2021-03-02,524.133092492625,21000100,517.47,20991200,517.47,21000200
2021-03-03,531.8394393266667,21000100,521.45,20991200,521.45,21000200
2021-03-04,515.3483168449583,21000100,506.03,20991200,506.03,21000200
2021-03-05,503.31780343,21000100,497.48,20991200,497.48,21000200
2021-03-06,506.3108126472917,21000100,500.93,20991200,500.93,21000200
2021-03-07,527.873091735,21000100,517.17,20991200,517.17,21000200
2021-03-08,543.6506202239999,21000100,529.92,20991200,529.92,21000200
2021-03-09,601.29226605,21000100,546.4,20991200,546.4,21000200
2021-03-10,591.7460339723334,21000100,547.37,20991200,547.37,21000200
2021-03-11,589.8367005748751,21000100,550.57,20991200,550.57,21000200
2021-03-12,565.1834542005,21000100,539.01,20991200,539.01,21000200
2021-03-13,631.8653840265,21000100,595.27,20991200,595.27,21000200
2021-03-14,611.2663708247084,21000100,552.59,20991200,552.59,21000200
2021-03-15,545.7203956703333,21000100,523.88,20991200,523.88,21000200
2021-03-16,539.9922450624999,21000100,528.9,20991200,528.9,21000200
2021-03-17,551.8528580065,21000100,542.17,20991200,542.17,21000200
2021-03-18,560.4530845169168,21000100,528.62,20991200,528.62,21000200
2021-03-19,551.5381214492501,21000100,533.13,20991200,533.13,21000200
2021-03-20,577.51417444,21000100,536.7,20991200,536.7,21000200
2021-03-21,544.6977172567501,21000100,524.22,20991200,524.22,21000200
2021-03-22,538.6874441520833,21000100,509.5,20991200,509.5,21000200
2021-03-23,522.04340857975,21000100,511.26,20991200,511.26,21000200
2021-03-24,484.9236285584167,21000100,474.43,20991200,474.43,21000200
2021-03-25,477.41703750000005,21000100,473.1,20991200,473.1,21000200
2021-03-26,516.7560665569167,21000100,505.82,20991200,505.82,21000200
2021-03-27,507.2934342515,21000100,501.02,20991200,501.02,21000200
2021-03-28,512.304540642,21000100,497.52,20991200,497.52,21000200
2021-03-29,539.77372428325,21000100,518.81,20991200,518.81,21000200
2021-03-30,560.487723459375,21000100,526.45,20991200,526.45,21000200
2021-03-31,570.173124425625,21000100,541.89,20991200,541.89,21000200
2021-04-02,634.673017693125,21000100,581.65,20991200,581.65,21000200
2021-04-03,596.9875424982082,21000100,531.17,20991200,531.17,21000200
2021-04-04,586.3887982003333,21000100,561.26,20991200,561.26,21000200
2021-04-05,699.036782742,21000100,648.47,20991200,648.47,21000200
2021-04-06,716.5753858647499,21000100,663.42,20991200,663.42,21000200
2021-04-07,627.4986173213332,21000100,616.28,20991200,616.28,21000200
2021-04-08,667.84630298625,21000100,643.95,20991200,643.95,21000200
2021-04-09,665.7926424317084,21000100,632.11,20991200,632.11,21000200
2021-04-10,745.591941906,21000100,674.43,20991200,674.43,21000200
2021-04-11,761.648168866,21000100,690.64,20991200,690.64,21000200
2021-04-12,736.5355800599999,21000100,671.4,20991200,671.4,21000200
2021-04-13,846.3289354896667,21000100,746.32,20991200,746.32,21000200
2021-04-14,932.3882495886667,21000100,815.56,20991200,815.56,21000200
2021-04-15,926.3738286519999,21000100,864.96,20991200,864.96,21000200
2021-04-16,1166.3942183150834,21000100,1104.74,20991200,1104.74,21000200
2021-04-17,1074.0531636766666,21000100,992.8,20991200,992.8,21000200
2021-04-18,1004.0059679822915,21000100,973.27,20991200,973.27,21000200
2021-04-19,901.1998121565,21000100,891.72,20991200,891.72,21000200
2021-04-20,949.6624387679167,21000100,940.63,20991200,940.63,21000200
2021-04-21,918.2633850000001,21000100,909.96,20991200,909.96,21000200
2021-04-22,864.1561951166251,21000100,853.83,20991200,853.83,21000200
2021-04-23,847.2310762500001,21000100,839.57,20991200,839.57,21000200
2021-04-24,778.4592075,21000100,771.42,20991200,771.42,21000200
2021-04-25,770.5211217446666,21000100,759.56,20991200,759.56,21000200
2021-04-26,856.95904125,21000100,849.21,20991200,849.21,21000200
2021-04-27,898.7065425000001,21000100,890.58,20991200,890.58,21000200
2021-04-28,922.7024447087499,21000100,911.1,20991200,911.1,21000200
2021-04-29,889.0593075,21000100,881.02,20991200,881.02,21000200
2021-04-30,1008.3517847434583,21000100,997.27,20991200,997.27,21000200
2021-05-02,1027.915308268625,21000100,973.77,20991200,973.77,21000200
2021-05-03,1092.1588309119584,21000100,1016.51,20991200,1016.51,21000200
2021-05-04,993.5023326900001,21000100,951.58,20991200,951.58,21000200
2021-05-05,1552.4381521687499,21000100,1455.3,20991200,1455.3,21000200
2021-05-06,1613.9776626685837,21000100,1509.43,20991200,1509.43,21000200
2021-05-07,1395.4285936885417,21000100,1340.81,20991200,1340.81,21000200
2021-05-08,1461.39732106625,21000100,1398.09,20991200,1398.09,21000200
2021-05-09,1496.547265642,21000100,1428.96,20991200,1428.96,21000200
2021-05-10,1397.1895618515,21000100,1321.02,20991200,1321.02,21000200
2021-05-11,1563.14471625,21000100,1549.01,20991200,1549.01,21000200
2021-05-12,1262.9704948840833,21000100,1237.06,20991200,1237.06,21000200
2021-05-13,1268.39948625,21000100,1256.93,20991200,1256.93,21000200
2021-05-14,1308.5122050000002,21000100,1296.68,20991200,1296.68,21000200
2021-05-15,1182.1092075000001,21000100,1171.42,20991200,1171.42,21000200
2021-05-16,1177.6387837500001,21000100,1166.99,20991200,1166.99,21000200
2021-05-17,1079.27937,21000100,1069.52,20991200,1069.52,21000200
2021-05-18,1099.1692237500001,21000100,1089.23,20991200,1089.23,21000200
2021-05-19,622.1753304057564,21000100,693.53,20991200,693.53,21000200
2021-05-20,812.2955256670832,21000100,817.3,20991200,817.3,21000200
2021-05-21,687.5542632102083,21000100,687.05,20991200,687.05,21000200
2021-05-22,633.718791979875,21000100,629.37,20991200,629.37,21000200
2021-05-23,556.4819812500001,21000100,551.45,20991200,551.45,21000200
2021-05-24,758.763854155,21000100,753.24,20991200,753.24,21000200
2021-05-25,709.2812138147083,21000100,717.97,20991200,717.97,21000200
2021-05-26,740.4036785882499,21000100,763.54,20991200,763.54,21000200
2021-05-27,752.359540394875,21000100,749.91,20991200,749.91,21000200
2021-05-28,692.83250558,21000100,688.55,20991200,688.55,21000200
2021-05-29,657.62658,21000100,651.68,20991200,651.68,21000200
2021-05-30,667.52609625,21000100,661.49,20991200,661.49,21000200
2021-05-31,708.5268450000001,21000100,702.12,20991200,702.12,21000200
2021-06-02,703.8243225000001,21000100,697.46,20991200,697.46,21000200
2021-06-03,725.26822875,21000100,718.71,20991200,718.71,21000200
2021-06-04,675.21174287875,21000100,670.11,20991200,670.11,21000200
2021-06-05,652.6322372687499,21000100,648.74,20991200,648.74,21000200
2021-06-06,660.3843731215,21000100,655.81,20991200,655.81,21000200
2021-06-07,601.7412375,21000100,596.3,20991200,596.3,21000200
2021-06-08,598.74100776875,21000100,595.1,20991200,595.1,21000200
2021-06-09,637.0052875809583,21000100,633.77,20991200,633.77,21000200
2021-06-10,605.8086006072501,21000100,601.33,20991200,601.33,21000200
2021-06-11,582.14403,21000100,576.88,20991200,576.88,21000200
2021-06-12,582.2403202779167,21000100,579.7,20991200,579.7,21000200
2021-06-13,614.380261334625,21000100,612.93,20991200,612.93,21000200
2021-06-14,646.0009608570001,21000100,641.07,20991200,641.07,21000200
2021-06-15,632.963565,21000100,627.24,20991200,627.24,21000200
2021-06-16,598.77441,21000100,593.36,20991200,593.36,21000200
2021-06-17,599.136590354,21000100,598.56,20991200,598.56,21000200
2021-06-18,566.99997268175,21000100,562.82,20991200,562.82,21000200
2021-06-19,550.6416163543751,21000100,551.85,20991200,551.85,21000200
2021-06-20,558.908460409125,21000100,555.91,20991200,555.91,21000200
2021-06-21,455.79321058599993,21000100,455.28,20991200,455.28,21000200
2021-06-22,447.47267354887504,21000100,443.69,20991200,443.69,21000200
2021-06-23,474.5682466455,21000100,472.71,20991200,472.71,21000200
2021-06-24,488.492678856,21000100,486.72,20991200,486.72,21000200
2021-06-25,451.9521968445,21000100,448.74,20991200,448.74,21000200
2021-06-26,459.556537086375,21000100,459.21,20991200,459.21,21000200
2021-06-27,474.88046558350004,21000100,477.48,20991200,477.48,21000200
2021-06-28,504.7407471535,21000100,501.67,20991200,501.67,21000200
2021-06-29,528.94296,21000100,524.16,20991200,524.16,21000200
2021-06-30,531.4657725,21000100,526.66,20991200,526.66,21000200
2021-07-02,499.9003425,21000100,495.38,20991200,495.38,21000200
2021-07-03,509.76958500000006,21000100,505.16,20991200,505.16,21000200
2021-07-04,531.6575062500001,21000100,526.85,20991200,526.85,21000200
2021-07-05,508.80082500000003,21000100,504.2,20991200,504.2,21000200
2021-07-06,515.79406125,21000100,511.13,20991200,511.13,21000200
2021-07-07,513.71526375,21000100,509.07,20991200,509.07,21000200
2021-07-08,494.47125,21000100,490.0,20991200,490.0,21000200
2021-07-09,508.00553557525,21000100,503.97,20991200,503.97,21000200
2021-07-10,501.2323875,21000100,496.7,20991200,496.7,21000200
2021-07-11,502.61488875000003,21000100,498.07,20991200,498.07,21000200
2021-07-12,483.67361250000005,21000100,479.3,20991200,479.3,21000200
2021-07-13,469.243125,21000100,465.0,20991200,465.0,21000200
2021-07-14,469.842778018125,21000100,467.05,20991200,467.05,21000200
2021-07-15,459.674004566625,21000100,455.67,20991200,455.67,21000200
2021-07-16,441.83529,21000100,437.84,20991200,437.84,21000200
2021-07-17,439.64559535216665,21000100,435.94,20991200,435.94,21000200
2021-07-18,441.74446875,21000100,437.75,20991200,437.75,21000200
2021-07-19,418.5648675,21000100,414.78,20991200,414.78,21000200
2021-07-20,399.90580991520835,21000100,398.23,20991200,398.23,21000200
2021-07-21,432.4064808901667,21000100,430.58,20991200,430.58,21000200
2021-07-22,445.996405463625,21000100,441.99,20991200,441.99,21000200
2021-07-23,458.75831625000006,21000100,454.61,20991200,454.61,21000200
2021-07-24,462.69390375,21000100,458.51,20991200,458.51,21000200
2021-07-25,458.8693200000001,21000100,454.72,20991200,454.72,21000200
2021-07-26,485.68177125000005,21000100,481.29,20991200,481.29,21000200
2021-07-27,506.51011125,21000100,501.93,20991200,501.93,21000200
2021-07-28,516.26835,21000100,511.6,20991200,511.6,21000200
2021-07-29,544.0596525,21000100,539.14,20991200,539.14,21000200
2021-07-30,557.723205,21000100,552.68,20991200,552.68,21000200
2021-07-31,550.6795125000001,21000100,545.7,20991200,545.7,21000200
2021-08-02,548.4190725000001,21000100,543.46,20991200,543.46,21000200
2021-08-03,543.4945425000001,21000100,538.58,20991200,538.58,21000200
2021-08-04,550.95197625,21000100,545.97,20991200,545.97,21000200
2021-08-05,553.7068875000001,21000100,548.7,20991200,548.7,21000200
2021-08-06,562.7991037500001,21000100,557.71,20991200,557.71,21000200
2021-08-07,589.0262625,21000100,583.7,20991200,583.7,21000200
2021-08-08,560.91204,21000100,555.84,20991200,555.84,21000200
2021-08-09,597.14971875,21000100,591.75,20991200,591.75,21000200
2021-08-10,597.7854675,21000100,592.38,20991200,592.38,21000200
2021-08-11,629.2939299657083,21000100,620.81,20991200,620.81,21000200
2021-08-12,616.9115903160001,21000100,606.33,20991200,606.33,21000200
2021-08-13,660.77505,21000100,654.8,20991200,654.8,21000200
2021-08-14,698.6475112500001,21000100,692.33,20991200,692.33,21000200
2021-08-15,713.755170249,21000100,703.74,20991200,703.74,21000200
2021-08-16,691.507825698,21000100,673.56,20991200,673.56,21000200
2021-08-17,650.803815353,21000100,639.92,20991200,639.92,21000200
2021-08-18,637.9789162500001,21000100,632.21,20991200,632.21,21000200
2021-08-19,666.2019138786666,21000100,659.99,20991200,659.99,21000200
2021-08-20,706.542696045,21000100,694.3,20991200,694.3,21000200
2021-08-21,695.6518082244443,21000100,676.26,20991200,676.26,21000200
2021-08-22,693.2914399438058,21000100,672.86,20991200,672.86,21000200
2021-08-23,701.1702210196729,21000100,678.77,20991200,678.77,21000200
2021-08-24,658.063169061625,21000100,636.73,20991200,636.73,21000200
2021-08-25,656.5266337500001,21000100,650.59,20991200,650.59,21000200
2021-08-26,612.2260462500001,21000100,606.69,20991200,606.69,21000200
2021-08-27,641.6622225000001,21000100,635.86,20991200,635.86,21000200
2021-08-28,652.79287125,21000100,646.89,20991200,646.89,21000200
2021-08-29,666.0244153230833,21000100,659.41,20991200,659.41,21000200
2021-08-30,638.3926575,21000100,632.62,20991200,632.62,21000200
2021-08-31,645.2752450095415,21000100,637.27,20991200,637.27,21000200
2021-09-02,688.9600677273841,21000100,665.05,20991200,665.05,21000200
2021-09-03,744.0149705585574,21000100,714.66,20991200,714.66,21000200
2021-09-04,745.0843669128125,21000100,709.59,20991200,709.59,21000200
2021-09-05,805.587570124621,21000100,765.27,20991200,765.27,21000200
2021-09-06,829.5139851361043,21000100,785.22,20991200,785.22,21000200
2021-09-07,703.5860057646668,21000100,673.52,20991200,673.52,21000200
2021-09-08,668.7572287500001,21000100,662.71,20991200,662.71,21000200
2021-09-09,667.74810375,21000100,661.71,20991200,661.71,21000200
2021-09-10,634.5176175,21000100,628.78,20991200,628.78,21000200
2021-09-11,642.19705875,21000100,636.39,20991200,636.39,21000200
2021-09-12,652.4396775,21000100,646.54,20991200,646.54,21000200
2021-09-13,619.79448375,21000100,614.19,20991200,614.19,21000200
2021-09-14,646.88949,21000100,641.04,20991200,641.04,21000200
2021-09-15,658.9283512500001,21000100,652.97,20991200,652.97,21000200
2021-09-16,645.3152550000001,21000100,639.48,20991200,639.48,21000200
2021-09-17,627.2922825,21000100,621.62,20991200,621.62,21000200
2021-09-18,636.58632375,21000100,630.83,20991200,630.83,21000200
2021-09-19,614.476395,21000100,608.92,20991200,608.92,21000200
2021-09-20,547.5310425,21000100,542.58,20991200,542.58,21000200
2021-09-21,509.5072125,21000100,504.9,20991200,504.9,21000200
2021-09-22,552.3344775,21000100,547.34,20991200,547.34,21000200
2021-09-23,557.3801025,21000100,552.34,20991200,552.34,21000200
2021-09-24,517.80222,21000100,513.12,20991200,513.12,21000200
2021-09-25,521.2130625,21000100,516.5,20991200,516.5,21000200
2021-09-26,507.57978375000005,21000100,502.99,20991200,502.99,21000200
2021-09-27,492.1502625,21000100,487.7,20991200,487.7,21000200
2021-09-28,478.03260375,21000100,473.71,20991200,473.71,21000200
2021-09-29,489.15316125000004,21000100,484.73,20991200,484.73,21000200
2021-09-30,506.85604767424996,21000100,502.49,20991200,502.49,21000200
2021-10-02,556.94617875,21000100,551.91,20991200,551.91,21000200
2021-10-03,576.36174375,21000100,571.15,20991200,571.15,21000200
2021-10-04,555.7251375000001,21000100,550.7,20991200,550.7,21000200
2021-10-05,600.2880975,21000100,594.86,20991200,594.86,21000200
2021-10-06,623.24569125,21000100,617.61,20991200,617.61,21000200
2021-10-07,622.4070735365,21000100,611.89,20991200,611.89,21000200
2021-10-08,606.7392748201667,21000100,596.98,20991200,596.98,21000200
2021-10-09,621.6013823079167,21000100,615.82,20991200,615.82,21000200
2021-10-10,597.7412250772501,21000100,584.82,20991200,584.82,21000200
2021-10-11,606.76668,21000100,601.28,20991200,601.28,21000200
2021-10-12,593.4865950000001,21000100,588.12,20991200,588.12,21000200
2021-10-13,599.0166,21000100,593.6,20991200,593.6,21000200
2021-10-14,605.0287888333334,21000100,599.5,20991200,599.5,21000200
2021-10-15,638.2581179245,21000100,626.17,20991200,626.17,21000200
2021-10-16,643.008588048,21000100,626.16,20991200,626.16,21000200
2021-10-17,625.08806769675,21000100,612.99,20991200,612.99,21000200
2021-10-18,617.37258375,21000100,611.79,20991200,611.79,21000200
2021-10-19,624.5273741071666,21000100,618.68,20991200,618.68,21000200
2021-10-20,654.5753876509167,21000100,645.23,20991200,645.23,21000200
2021-10-21,655.153150119,21000100,623.87,20991200,623.87,21000200
2021-10-22,637.7626423293333,21000100,624.32,20991200,624.32,21000200
2021-10-23,636.9028423064999,21000100,629.64,20991200,629.64,21000200
2021-10-24,631.4718924856667,21000100,617.56,20991200,617.56,21000200
2021-10-25,631.1322700591667,21000100,621.89,20991200,621.89,21000200
2021-10-26,635.3586190776667,21000100,611.92,20991200,611.92,21000200
2021-10-27,556.7806109947917,21000100,548.75,20991200,548.75,21000200
2021-10-28,584.1118237500001,21000100,578.83,20991200,578.83,21000200
2021-10-29,600.7724775,21000100,595.34,20991200,595.34,21000200
2021-10-30,596.0432489621666,21000100,585.56,20991200,585.56,21000200
2021-10-31,605.5513006443334,21000100,597.61,20991200,597.61,21000200
2021-11-02,613.2824357689167,21000100,599.27,20991200,599.27,21000200
2021-11-03,635.4555400504167,21000100,611.98,20991200,611.98,21000200
2021-11-04,618.9980950217499,21000100,596.06,20991200,596.06,21000200
2021-11-05,612.86153426625,21000100,598.23,20991200,598.23,21000200
2021-11-06,596.8717869585417,21000100,587.69,20991200,587.69,21000200
2021-11-07,609.662143029625,21000100,601.23,20991200,601.23,21000200
2021-11-08,665.937689951875,21000100,639.15,20991200,639.15,21000200
2021-11-09,738.185456858,21000100,718.32,20991200,718.32,21000200
2021-11-10,683.76247058625,21000100,663.3,20991200,663.3,21000200
2021-11-11,682.4712375,21000100,676.3,20991200,676.3,21000200
2021-11-12,678.5963513861667,21000100,668.54,20991200,668.54,21000200
2021-11-13,671.96624625,21000100,665.89,20991200,665.89,21000200
2021-11-14,685.8618975,21000100,679.66,20991200,679.66,21000200
2021-11-15,672.2891662500001,21000100,666.21,20991200,666.21,21000200
2021-11-16,605.639075272,21000100,598.29,20991200,598.29,21000200
2021-11-17,600.5302875000001,21000100,595.1,20991200,595.1,21000200
2021-11-18,559.52953875,21000100,554.47,20991200,554.47,21000200
2021-11-19,579.4496662500001,21000100,574.21,20991200,574.21,21000200
2021-11-20,590.0252962500001,21000100,584.69,20991200,584.69,21000200
2021-11-21,580.19641875,21000100,574.95,20991200,574.95,21000200
2021-11-22,562.04226,21000100,556.96,20991200,556.96,21000200
2021-11-23,576.49293,21000100,571.28,20991200,571.28,21000200
2021-11-24,624.6181012500001,21000100,618.97,20991200,618.97,21000200
2021-11-25,623.9300985085416,21000100,617.29,20991200,617.29,21000200
2021-11-26,564.4555662340833,21000100,557.14,20991200,557.14,21000200
2021-11-27,567.8649112500001,21000100,562.73,20991200,562.73,21000200
2021-11-28,574.23249,21000100,569.04,20991200,569.04,21000200
2021-11-29,580.1863275000001,21000100,574.94,20991200,574.94,21000200
2021-11-30,575.77645125,21000100,570.57,20991200,570.57,21000200
2021-12-02,566.89615125,21000100,561.77,20991200,561.77,21000200
2021-12-03,537.5205225,21000100,532.66,20991200,532.66,21000200
2021-12-04,477.17484750000006,21000100,472.86,20991200,472.86,21000200
2021-12-05,457.41618,21000100,453.28,20991200,453.28,21000200
2021-12-06,478.7289,21000100,474.4,20991200,474.4,21000200
2021-12-07,478.3454325,21000100,474.02,20991200,474.02,21000200
2021-12-08,484.662555,21000100,480.28,20991200,480.28,21000200
2021-12-09,452.76411375000004,21000100,448.67,20991200,448.67,21000200
2021-12-10,441.74446875,21000100,437.75,20991200,437.75,21000200
2021-12-11,463.4103825,21000100,459.22,20991200,459.22,21000200
2021-12-12,461.78569125,21000100,457.61,20991200,457.61,21000200
2021-12-13,425.59846875,21000100,421.75,20991200,421.75,21000200
2021-12-14,439.66787999466663,21000100,436.49,20991200,436.49,21000200
2021-12-15,451.71462375000004,21000100,447.63,20991200,447.63,21000200
2021-12-16,442.198575,21000100,438.2,20991200,438.2,21000200
2021-12-17,427.96850245558335,21000100,424.39,20991200,424.39,21000200
2021-12-18,439.44366375000004,21000100,435.47,20991200,435.47,21000200
2021-12-19,436.41628875000004,21000100,432.47,20991200,432.47,21000200
2021-12-20,433.96411500000005,21000100,430.04,20991200,430.04,21000200
2021-12-21,441.50227875,21000100,437.51,20991200,437.51,21000200
2021-12-22,442.07748,21000100,438.08,20991200,438.08,21000200
2021-12-23,459.72707625000004,21000100,455.57,20991200,455.57,21000200
2021-12-24,456.07404375,21000100,451.95,20991200,451.95,21000200
2021-12-25,459.25278750000007,21000100,455.1,20991200,455.1,21000200
2021-12-26,455.39793,21000100,451.28,20991200,451.28,21000200
2021-12-27,469.75777875,21000100,465.51,20991200,465.51,21000200
2021-12-28,442.6627725000001,21000100,438.66,20991200,438.66,21000200
2021-12-29,433.6613775,21000100,429.74,20991200,429.74,21000200
2021-12-30,435.11451750000003,21000100,431.18,20991200,431.18,21000200
2021-12-31,433.90356750000007,21000100,429.98,20991200,429.98,21000200
2022-01-01,448.76797875,21000100,444.71,20991200,444.71,21000200
2022-01-02,451.60362,21000100,447.52,20991200,447.52,21000200
2022-01-03,438.75745875000007,21000100,434.79,20991200,434.79,21000200
2022-01-04,430.69455000000005,21000100,426.8,20991200,426.8,21000200
2022-01-05,403.05461625000004,21000100,399.41,20991200,399.41,21000200
2022-01-06,403.27662375,21000100,399.63,20991200,399.63,21000200
2022-01-07,389.23969500000004,21000100,385.72,20991200,385.72,21000200
2022-01-08,376.26234750000003,21000100,372.86,20991200,372.86,21000200
2022-01-09,380.28875625000006,21000100,376.85,20991200,376.85,21000200
2022-01-10,366.6151125,21000100,363.3,20991200,363.3,21000200
2022-01-11,373.1138775,21000100,369.74,20991200,369.74,21000200
2022-01-12,387.2012625,21000100,383.7,20991200,383.7,21000200
2022-01-13,380.65204125,21000100,377.21,20991200,377.21,21000200
2022-01-14,388.82595375,21000100,385.31,20991200,385.31,21000200
2022-01-15,394.024941459,21000100,390.51,20991200,390.51,21000200
2022-01-16,391.325398129125,21000100,388.03,20991200,388.03,21000200
2022-01-17,383.8509675,21000100,380.38,20991200,380.38,21000200
2022-01-18,383.93724433799997,21000100,381.06,20991200,381.06,21000200
2022-01-19,371.50033912725,21000100,368.79,20991200,368.79,21000200
2022-01-20,359.730168643125,21000100,357.21,20991200,357.21,21000200
2022-01-21,316.23627500000003,21000100,314.8,20991200,314.8,21000200
2022-01-22,293.90471111562505,21000100,291.75,20991200,291.75,21000200
2022-01-23,305.14930875,21000100,302.39,20991200,302.39,21000200
2022-01-24,294.88650750000005,21000100,292.22,20991200,292.22,21000200
2022-01-25,294.1599375,21000100,291.5,20991200,291.5,21000200
2022-01-26,291.14892252425,21000100,289.02,20991200,289.02,21000200
2022-01-27,291.7895492716666,21000100,289.4,20991200,289.4,21000200
2022-01-28,298.437972594,21000100,296.36,20991200,296.36,21000200
2022-01-29,301.1595197379167,21000100,298.61,20991200,298.61,21000200
2022-01-30,292.35360375,21000100,289.71,20991200,289.71,21000200
2022-01-31,281.861806362,21000100,284.67,20991200,284.67,21000200
2022-02-01,286.52031119670835,21000100,287.69,20991200,287.69,21000200
2022-02-02,278.737367259,21000100,277.68,20991200,277.68,21000200
2022-02-03,278.98217600400005,21000100,280.98,20991200,280.98,21000200
2022-02-04,303.4251786399167,21000100,306.02,20991200,306.02,21000200
2022-02-05,321.488554240875,21000100,320.07,20991200,320.07,21000200
2022-02-06,326.0131029375,21000100,324.5,20991200,324.5,21000200
2022-02-07,343.66542019624995,21000100,343.03,20991200,343.03,21000200
2022-02-08,338.04810825,21000100,335.25,20991200,335.25,21000200
2022-02-09,348.659536357625,21000100,345.81,20991200,345.81,21000200
2022-02-10,343.65751875,21000100,340.55,20991200,340.55,21000200
2022-02-11,322.1435836451667,21000100,320.41,20991200,320.41,21000200
2022-02-12,330.9887887483333,21000100,330.1,20991200,330.1,21000200
2022-02-13,333.506855278625,21000100,333.51,20991200,333.51,21000200
2022-02-14,331.55439291975,21000100,330.33,20991200,330.33,21000200
2022-02-15,345.08975899625,21000100,343.11,20991200,343.11,21000200
2022-02-16,337.2697575,21000100,334.22,20991200,334.22,21000200
2022-02-17,315.7148475,21000100,312.86,20991200,312.86,21000200
2022-02-18,311.1195496968333,21000100,309.88,20991200,309.88,21000200
2022-02-19,312.68287043,21000100,311.65,20991200,311.65,21000200
2022-02-20,304.716390717375,21000100,302.51,20991200,302.51,21000200
2022-02-21,284.70646038666666,21000100,283.1,20991200,283.1,21000200
2022-02-22,291.60484878455094,21000100,293.02,20991200,293.02,21000200
2022-02-23,288.01570639883334,21000100,288.11,20991200,288.11,21000200
2022-02-24,299.41522169300003,21000100,300.44,20991200,300.44,21000200
2022-02-25,309.34392837,21000100,308.52,20991200,308.52,21000200
2022-02-26,317.97668657083335,21000100,315.25,20991200,315.25,21000200
2022-02-27,306.453042481,21000100,303.69,20991200,303.69,21000200
2022-02-28,341.87222997562503,21000100,338.85,20991200,338.85,21000200
2022-03-01,331.43701500000003,21000100,328.44,20991200,328.44,21000200
2022-03-02,322.63482948075,21000100,319.86,20991200,319.86,21000200
2022-03-03,317.71403262125,21000100,315.06,20991200,315.06,21000200
2022-03-04,288.3041959107131,21000100,290.25,20991200,290.25,21000200
2022-03-05,294.0847309025,21000100,293.96,20991200,293.96,21000200
2022-03-06,281.13581739949996,21000100,281.89,20991200,281.89,21000200
2022-03-07,272.13657737349996,21000100,273.64,20991200,273.64,21000200
2022-03-08,281.6911599585,21000100,284.19,20991200,284.19,21000200
2022-03-09,306.41683515,21000100,307.08,20991200,307.08,21000200
2022-03-10,289.55232396,21000100,289.32,20991200,289.32,21000200
2022-03-11,288.1772289925,21000100,287.4,20991200,287.4,21000200
2022-03-12,289.73303076125,21000100,290.66,20991200,290.66,21000200
2022-03-13,279.4363906395,21000100,279.48,20991200,279.48,21000200
2022-03-14,289.04804835075,21000100,289.26,20991200,289.26,21000200
2022-03-15,291.24623671575,21000100,289.14,20991200,289.14,21000200
2022-03-16,302.36412375000003,21000100,299.63,20991200,299.63,21000200
2022-03-17,298.83218625,21000100,296.13,20991200,296.13,21000200
2022-03-18,308.19686625,21000100,305.41,20991200,305.41,21000200
2022-03-19,330.68017125,21000100,327.69,20991200,327.69,21000200
2022-03-20,330.1228466865,21000100,327.24,20991200,327.24,21000200
2022-03-21,336.793133263,21000100,334.68,20991200,334.68,21000200
2022-03-22,377.41044340474997,21000100,375.13,20991200,375.13,21000200
2022-03-23,365.316923269125,21000100,363.69,20991200,363.69,21000200
2022-03-24,367.7084411085834,21000100,365.81,20991200,365.81,21000200
2022-03-25,367.5256619845,21000100,364.83,20991200,364.83,21000200
2022-03-26,363.9163725255833,21000100,361.63,20991200,361.63,21000200
2022-03-27,375.77431460062496,21000100,376.45,20991200,376.45,21000200
2022-03-28,371.4992775,21000100,368.14,20991200,368.14,21000200
2022-03-29,376.4238075,21000100,373.02,20991200,373.02,21000200
2022-03-30,383.67941625,21000100,380.21,20991200,380.21,21000200
2022-03-31,387.59482125,21000100,384.09,20991200,384.09,21000200
2022-04-01,380.48049000000003,21000100,377.04,20991200,377.04,21000200
2022-04-02,375.95961,21000100,372.56,20991200,372.56,21000200
2022-04-03,381.8730825,21000100,378.42,20991200,378.42,21000200
2022-04-04,379.42090875,21000100,375.99,20991200,375.99,21000200
2022-04-05,368.38108125,21000100,365.05,20991200,365.05,21000200
2022-04-06,333.8387325,21000100,330.82,20991200,330.82,21000200
2022-04-07,338.8439925,21000100,335.78,20991200,335.78,21000200
2022-04-08,325.85655375000005,21000100,322.91,20991200,322.91,21000200
2022-04-09,328.7123775,21000100,325.74,20991200,325.74,21000200
2022-04-10,322.56680625,21000100,319.65,20991200,319.65,21000200
2022-04-11,296.71105587825,21000100,294.78,20991200,294.78,21000200
2022-04-12,306.696590625,21000100,304.75,20991200,304.75,21000200
2022-04-13,342.7040058691666,21000100,340.9,20991200,340.9,21000200
2022-04-14,338.98811305475004,21000100,337.42,20991200,337.42,21000200
2022-04-15,343.333214287,21000100,340.62,20991200,340.62,21000200
2022-04-16,345.7060425,21000100,342.58,20991200,342.58,21000200
2022-04-17,330.84163125000003,21000100,327.85,20991200,327.85,21000200
2022-04-18,342.24335296733335,21000100,340.24,20991200,340.24,21000200
2022-04-19,343.38505499999997,21000100,340.28,20991200,340.28,21000200
2022-04-20,333.57636,21000100,330.56,20991200,330.56,21000200
2022-04-21,318.31839,21000100,315.44,20991200,315.44,21000200
2022-04-22,323.07854560337495,21000100,320.77,20991200,320.77,21000200
2022-04-23,315.28092375,21000100,312.43,20991200,312.43,21000200
2022-04-24,310.19493375,21000100,307.39,20991200,307.39,21000200
2022-04-25,317.16006322,21000100,314.44,20991200,314.44,21000200
2022-04-26,298.54963125000006,21000100,295.85,20991200,295.85,21000200
2022-04-27,306.981365904,21000100,307.08,20991200,307.08,21000200
2022-04-28,309.07480499999997,21000100,306.28,20991200,306.28,21000200
2022-04-29,297.226025505625,21000100,294.65,20991200,294.65,21000200
2022-04-30,278.5088644126667,21000100,277.36,20991200,277.36,21000200
2022-05-01,285.5586476749583,21000100,283.67,20991200,283.67,21000200
2022-05-02,285.97442691816667,21000100,284.86,20991200,284.86,21000200
2022-05-03,280.20143614970834,21000100,279.29,20991200,279.29,21000200
2022-05-04,301.18738340899995,21000100,299.64,20991200,299.64,21000200
2022-05-05,278.98793117825,21000100,276.99,20991200,276.99,21000200
2022-05-06,273.33324142020837,21000100,274.85,20991200,274.85,21000200
2022-05-07,269.83076461425,21000100,267.77,20991200,267.77,21000200
2022-05-08,261.9258904643333,21000100,261.62,20991200,261.62,21000200
2022-05-09,217.58920925125003,21000100,217.41,20991200,217.41,21000200
2022-05-10,232.69579765104166,21000100,231.49,20991200,231.49,21000200
2022-05-11,194.66830081754168,21000100,194.57,20991200,194.57,21000200
2022-05-12,192.01606883589602,21000100,194.2,20991200,194.2,21000200
2022-05-13,203.418497984,21000100,202.24,20991200,202.24,21000200
2022-05-14,210.5640225,21000100,208.66,20991200,208.66,21000200
2022-05-15,216.7175293465,21000100,214.76,20991200,214.76,21000200
2022-05-16,196.74792538958332,21000100,197.45,20991200,197.45,21000200
2022-05-17,205.975589187,21000100,206.74,20991200,206.74,21000200
2022-05-18,187.39967862091663,21000100,186.89,20991200,186.89,21000200
2022-05-19,195.897358435625,21000100,196.35,20991200,196.35,21000200
2022-05-20,190.4054565063333,21000100,189.88,20991200,189.88,21000200
2022-05-21,192.08734811783333,21000100,192.19,20991200,192.19,21000200
2022-05-22,198.90362556166667,21000100,197.89,20991200,197.89,21000200
2022-05-23,193.58155389466665,21000100,191.84,20991200,191.84,21000200
2022-05-24,194.781343190875,21000100,195.51,20991200,195.51,21000200
2022-05-25,191.11403304695833,21000100,190.09,20991200,190.09,21000200
2022-05-26,178.98728507025,21000100,179.22,20991200,179.22,21000200
2022-05-27,174.536106226,21000100,174.76,20991200,174.76,21000200
2022-05-28,179.56867313145835,21000100,178.55,20991200,178.55,21000200
2022-05-29,186.2380281306667,21000100,184.96,20991200,184.96,21000200
2022-05-30,198.49113379912498,21000100,196.81,20991200,196.81,21000200
2022-05-31,206.29542375000003,21000100,204.43,20991200,204.43,21000200
2022-06-01,187.53579000000002,21000100,185.84,20991200,185.84,21000200
2022-06-02,190.286602704,21000100,188.82,20991200,188.82,21000200
2022-06-03,184.44181513466665,21000100,182.92,20991200,182.92,21000200
2022-06-04,190.02701121250004,21000100,188.61,20991200,188.61,21000200
2022-06-05,180.698146771125,21000100,179.81,20991200,179.81,21000200
2022-06-06,186.81595928250002,21000100,185.4,20991200,185.4,21000200
2022-06-07,182.439257781,21000100,181.83,20991200,181.83,21000200
2022-06-08,176.64028698166666,21000100,176.56,20991200,176.56,21000200
2022-06-09,175.40389173999998,21000100,175.45,20991200,175.45,21000200
2022-06-10,165.83979514375,21000100,167.3,20991200,167.3,21000200
2022-06-11,154.87443688873432,21000100,156.61,20991200,156.61,21000200
2022-06-12,144.033768879714,21000100,145.87,20991200,145.87,21000200
2022-06-13,125.5095514575,21000100,126.84,20991200,126.84,21000200
2022-06-14,127.04883750000002,21000100,125.9,20991200,125.9,21000200
2022-06-15,129.03681375000002,21000100,127.87,20991200,127.87,21000200
2022-06-16,110.27718,21000100,109.28,20991200,109.28,21000200
2022-06-17,121.106912045625,21000100,121.33,20991200,121.33,21000200
2022-06-18,113.47015381696836,21000100,115.28,20991200,115.28,21000200
2022-06-19,121.71056625,21000100,120.61,20991200,120.61,21000200
2022-06-20,119.65195125,21000100,118.57,20991200,118.57,21000200
2022-06-21,118.86831772425,21000100,119.43,20991200,119.43,21000200
2022-06-22,112.219143147125,21000100,112.69,20991200,112.69,21000200
2022-06-23,115.95200072637499,21000100,116.21,20991200,116.21,21000200
2022-06-24,111.93923224000036,21000100,114.07,20991200,114.07,21000200
2022-06-25,112.97889666108942,21000100,115.38,20991200,115.38,21000200
2022-06-26,111.28565259075,21000100,112.74,20991200,112.74,21000200
2022-06-27,108.75380890053191,21000100,111.4,20991200,111.4,21000200
2022-06-28,99.94538403777666,21000100,103.09,20991200,103.09,21000200
2022-06-29,100.6323751819981,21000100,104.56,20991200,104.56,21000200
2022-06-30,98.80845371248684,21000100,103.14,20991200,103.14,21000200
2022-07-01,96.68027426605299,21000100,101.44,20991200,101.44,21000200
2022-07-02,102.761489734,21000100,106.52,20991200,106.52,21000200
2022-07-03,104.28433267999999,21000100,105.6,20991200,105.6,21000200
2022-07-04,107.17068401270832,21000100,108.11,20991200,108.11,21000200
2022-07-05,102.66185624483333,21000100,103.96,20991200,103.96,21000200
2022-07-06,104.711055876,21000100,105.84,20991200,105.84,21000200
2022-07-07,109.12694413675,21000100,111.39,20991200,111.39,21000200
2022-07-08,106.068118647125,21000100,108.39,20991200,108.39,21000200
2022-07-09,109.850725650625,21000100,111.27,20991200,111.27,21000200
2022-07-10,105.50081032912499,21000100,106.77,20991200,106.77,21000200
2022-07-11,95.062205154375,21000100,98.85,20991200,98.85,21000200
2022-07-12,95.15863697404166,21000100,97.13,20991200,97.13,21000200
2022-07-13,99.04401348416665,21000100,102.46,20991200,102.46,21000200
2022-07-14,102.05000509608334,21000100,102.97,20991200,102.97,21000200
2022-07-15,105.6227899475,21000100,106.05,20991200,106.05,21000200
2022-07-16,110.1798258,21000100,109.44,20991200,109.44,21000200
2022-07-17,110.71670380604166,21000100,110.11,20991200,110.11,21000200
2022-07-18,122.23301442016667,21000100,121.21,20991200,121.21,21000200
2022-07-19,129.40009874999998,21000100,128.23,20991200,128.23,21000200
2022-07-20,122.58082564816665,21000100,121.72,20991200,121.72,21000200
2022-07-21,124.13246625000001,21000100,123.01,20991200,123.01,21000200
2022-07-22,124.25356125,21000100,123.13,20991200,123.13,21000200
2022-07-23,122.971394008,21000100,122.24,20991200,122.24,21000200
2022-07-24,132.81512716650002,21000100,131.77,20991200,131.77,21000200
2022-07-25,118.25680194649999,21000100,117.88,20991200,117.88,21000200
2022-07-26,117.67663511999999,21000100,118.8,20991200,118.8,21000200
2022-07-27,126.15820499999998,21000100,127.32,20991200,127.32,21000200
2022-07-28,157.09048875,21000100,155.67,20991200,155.67,21000200
2022-07-29,147.47145864750001,21000100,151.65,20991200,151.65,21000200
2022-07-30,139.06919851175002,21000100,145.34,20991200,145.34,21000200
2022-07-31,134.82766289416668,21000100,139.1,20991200,139.1,21000200
2022-08-01,133.70418923766667,21000100,137.72,20991200,137.72,21000200
2022-08-02,131.20104839624997,21000100,133.7,20991200,133.7,21000200
2022-08-03,129.778364135875,21000100,133.63,20991200,133.63,21000200
2022-08-04,130.999240749375,21000100,134.15,20991200,134.15,21000200
2022-08-05,139.005953054,21000100,141.81,20991200,141.81,21000200
2022-08-06,140.23212604537503,21000100,141.21,20991200,141.21,21000200
2022-08-07,138.877658472,21000100,140.88,20991200,140.88,21000200
2022-08-08,142.145675786625,21000100,143.43,20991200,143.43,21000200
2022-08-09,132.63409392266666,21000100,134.57,20991200,134.57,21000200
2022-08-10,138.64437121600002,21000100,142.08,20991200,142.08,21000200
2022-08-11,142.18596909341667,21000100,142.81,20991200,142.81,21000200
2022-08-12,141.63572550975002,21000100,143.02,20991200,143.02,21000200
2022-08-13,143.54993684416667,21000100,144.17,20991200,144.17,21000200
2022-08-14,137.463994053,21000100,139.32,20991200,139.32,21000200
2022-08-15,131.256432243125,21000100,137.05,20991200,137.05,21000200
2022-08-16,133.47393379349998,21000100,136.26,20991200,136.26,21000200
2022-08-17,130.56212785,21000100,133.7,20991200,133.7,21000200
2022-08-18,124.95929094,21000100,128.97,20991200,128.97,21000200
2022-08-19,111.03812612624999,21000100,114.3,20991200,114.3,21000200
2022-08-20,111.15752389804167,21000100,114.47,20991200,114.47,21000200
2022-08-21,115.952632406875,21000100,119.55,20991200,119.55,21000200
2022-08-22,119.48530206308334,21000100,122.53,20991200,122.53,21000200
2022-08-23,130.914818747,21000100,133.34,20991200,133.34,21000200
2022-08-24,128.65614971716667,21000100,130.36,20991200,130.36,21000200
2022-08-25,129.51448961149998,21000100,130.44,20991200,130.44,21000200
2022-08-26,115.18653455716667,21000100,116.02,20991200,116.02,21000200
2022-08-27,114.55435692066666,21000100,115.12,20991200,115.12,21000200
2022-08-28,111.202471868125,21000100,112.53,20991200,112.53,21000200
2022-08-29,117.40246486500001,21000100,119.4,20991200,119.4,21000200
2022-08-30,113.91763842,21000100,114.57,20991200,114.57,21000200
2022-08-31,113.094294025,21000100,114.99,20991200,114.99,21000200
2022-09-01,114.39187645000001,21000100,116.54,20991200,116.54,21000200
2022-09-02,115.35259790916666,21000100,116.3,20991200,116.3,21000200
2022-09-03,117.70874687895832,21000100,117.71,20991200,117.71,21000200
2022-09-04,118.4266041705,21000100,118.34,20991200,118.34,21000200
2022-09-05,125.65369430716667,21000100,125.51,20991200,125.51,21000200
2022-09-06,112.00008559745832,21000100,112.07,20991200,112.07,21000200
2022-09-07,115.59921497775,21000100,118.67,20991200,118.67,21000200
2022-09-08,126.78374760925001,21000100,126.51,20991200,126.51,21000200
2022-09-09,132.96600887783333,21000100,132.68,20991200,132.68,21000200
2022-09-10,132.96939575016668,21000100,132.52,20991200,132.52,21000200
2022-09-11,130.11525062,21000100,130.12,20991200,130.12,21000200
2022-09-12,128.86549046658334,21000100,128.77,20991200,128.77,21000200
2022-09-13,116.64409904875001,21000100,117.39,20991200,117.39,21000200
2022-09-14,116.90193469375,21000100,119.85,20991200,119.85,21000200
2022-09-15,116.02690186266665,21000100,117.46,20991200,117.46,21000200
2022-09-16,118.38281052599999,21000100,119.52,20991200,119.52,21000200
2022-09-17,122.08934453462498,21000100,122.07,20991200,122.07,21000200
2022-09-18,111.4266337975,21000100,111.7,20991200,111.7,21000200
2022-09-19,109.13453827537501,21000100,111.91,20991200,111.91,21000200
2022-09-20,110.65957717500001,21000100,112.68,20991200,112.68,21000200
2022-09-21,107.27146548270834,21000100,108.71,20991200,108.71,21000200
2022-09-22,114.67973555399999,21000100,116.52,20991200,116.52,21000200
2022-09-23,119.57593996633332,21000100,120.07,20991200,120.07,21000200
2022-09-24,118.3299975,21000100,117.26,20991200,117.26,21000200
2022-09-25,113.30205188125001,21000100,113.39,20991200,113.39,21000200
2022-09-26,115.29934475166667,21000100,116.24,20991200,116.24,21000200
2022-09-27,114.41503375720833,21000100,114.19,20991200,114.19,21000200
2022-09-28,111.87050354133333,21000100,114.01,20991200,114.01,21000200
2022-09-29,116.43074844379167,21000100,116.89,20991200,116.89,21000200
2022-09-30,119.55943925266666,21000100,120.02,20991200,120.02,21000200
2022-10-01,116.41061522291666,21000100,117.1,20991200,117.1,21000200
2022-10-02,113.72273975370834,21000100,114.19,20991200,114.19,21000200
2022-10-03,115.95701766,21000100,116.16,20991200,116.16,21000200
2022-10-04,121.079779029,21000100,121.08,20991200,121.08,21000200
2022-10-05,122.435444803,21000100,122.01,20991200,122.01,21000200
2022-10-06,118.12360947291667,21000100,118.25,20991200,118.25,21000200
2022-10-07,115.54616015533334,21000100,116.68,20991200,116.68,21000200
2022-10-08,117.11987369725,21000100,116.94,20991200,116.94,21000200
2022-10-09,117.46744046583333,21000100,117.14,20991200,117.14,21000200
2022-10-10,111.64632056266666,21000100,111.52,20991200,111.52,21000200
2022-10-11,110.2278175495,21000100,111.09,20991200,111.09,21000200
2022-10-12,111.131158749,21000100,111.67,20991200,111.67,21000200
2022-10-13,106.86341958599999,21000100,108.64,20991200,108.64,21000200
2022-10-14,107.074020413,21000100,107.44,20991200,107.44,21000200
2022-10-15,107.347699403,21000100,107.88,20991200,107.88,21000200
2022-10-16,110.201652970125,21000100,110.21,20991200,110.21,21000200
2022-10-17,110.32609312483333,21000100,110.54,20991200,110.54,21000200
2022-10-18,108.08272655783334,21000100,108.62,20991200,108.62,21000200
2022-10-19,105.27047277175,21000100,105.82,20991200,105.82,21000200
2022-10-20,106.052656035,21000100,106.35,20991200,106.35,21000200
2022-10-21,106.48513797241667,21000100,106.97,20991200,106.97,21000200
2022-10-22,108.78263983708334,21000100,108.55,20991200,108.55,21000200
2022-10-23,110.77937591408333,21000100,110.74,20991200,110.74,21000200
2022-10-24,107.24245811066666,21000100,107.84,20991200,107.84,21000200
2022-10-25,112.18064856854167,21000100,112.61,20991200,112.61,21000200
2022-10-26,114.75573829999999,21000100,114.38,20991200,114.38,21000200
2022-10-27,112.53919492470833,21000100,112.27,20991200,112.27,21000200
2022-10-28,115.47493597691668,21000100,115.51,20991200,115.51,21000200
2022-10-29,119.24678969016668,21000100,118.42,20991200,118.42,21000200
2022-10-30,116.90105710499999,21000100,116.1,20991200,116.1,21000200
2022-10-31,115.39803147424999,21000100,114.99,20991200,114.99,21000200
2022-11-01,115.41570471525002,21000100,114.93,20991200,114.93,21000200
2022-11-02,113.41537613516668,21000100,113.56,20991200,113.56,21000200
2022-11-03,115.7036560065,21000100,115.56,20991200,115.56,21000200
2022-11-04,124.87539822333333,21000100,124.37,20991200,124.37,21000200
2022-11-05,124.80858,21000100,123.68,20991200,123.68,21000200
2022-11-06,117.44001414083334,21000100,116.54,20991200,116.54,21000200
2022-11-07,117.17157648804167,21000100,117.79,20991200,117.79,21000200
2022-11-08,103.963165388,21000100,103.08,20991200,103.08,21000200
2022-11-09,87.70004908633334,21000100,89.03,20991200,89.03,21000200
2022-11-10,100.81399825395833,21000100,102.59,20991200,102.59,21000200
2022-11-11,100.87183119933333,21000100,102.98,20991200,102.98,21000200
2022-11-12,100.26474785600001,21000100,102.62,20991200,102.62,21000200
2022-11-13,97.12955876516666,21000100,99.47,20991200,99.47,21000200
2022-11-14,99.31115638614156,21000100,103.7,20991200,103.7,21000200
2022-11-15,98.69106951261827,21000100,103.82,20991200,103.82,21000200
2022-11-16,101.04590289066665,21000100,104.32,20991200,104.32,21000200
2022-11-17,100.79217233845833,21000100,103.73,20991200,103.73,21000200
2022-11-18,102.8292534615,21000100,104.62,20991200,104.62,21000200
2022-11-19,103.4872948,21000100,104.7,20991200,104.7,21000200
2022-11-20,102.10491723250001,21000100,104.65,20991200,104.65,21000200
2022-11-21,98.74457093037499,21000100,103.19,20991200,103.19,21000200
2022-11-22,107.59321585395834,21000100,109.31,20991200,109.31,21000200
2022-11-23,114.33304885841666,21000100,114.82,20991200,114.82,21000200
2022-11-24,114.94292538666667,21000100,115.84,20991200,115.84,21000200
2022-11-25,112.433997735,21000100,113.84,20991200,113.84,21000200
2022-11-26,110.50081653333332,21000100,112.36,20991200,112.36,21000200
2022-11-27,110.64357547383334,21000100,111.08,20991200,111.08,21000200
2022-11-28,106.99242044366666,21000100,109.88,20991200,109.88,21000200
2022-11-29,109.39743182675,21000100,110.82,20991200,110.82,21000200
2022-11-30,111.042987472875,21000100,113.31,20991200,113.31,21000200
2022-12-01,108.80261476925,21000100,110.31,20991200,110.31,21000200
2022-12-02,108.40975274375,21000100,111.9,20991200,111.9,21000200
2022-12-03,108.43443089645832,21000100,109.55,20991200,109.55,21000200
2022-12-04,109.72314860075,21000100,110.94,20991200,110.94,21000200
2022-12-05,109.32004113333333,21000100,110.32,20991200,110.32,21000200
2022-12-06,109.27039490225,21000100,111.97,20991200,111.97,21000200
2022-12-07,108.75892325391666,21000100,109.03,20991200,109.03,21000200
2022-12-08,110.43536278279167,21000100,111.79,20991200,111.79,21000200
2022-12-09,109.377604392,21000100,109.76,20991200,109.76,21000200
2022-12-10,107.21419335,21000100,109.04,20991200,109.04,21000200
2022-12-11,103.64345806795833,21000100,106.09,20991200,106.09,21000200
2022-12-12,100.72922087966667,21000100,106.22,20991200,106.22,21000200
2022-12-13,104.74589710562499,21000100,110.17,20991200,110.17,21000200
2022-12-14,103.81395277125,21000100,108.93,20991200,108.93,21000200
2022-12-15,104.55057790666666,21000100,107.2,20991200,107.2,21000200
2022-12-16,96.42083655841667,21000100,99.98,20991200,99.98,21000200
2022-12-17,96.48644486107682,21000100,103.03,20991200,103.03,21000200
2022-12-18,96.647870912,21000100,101.84,20991200,101.84,21000200
2022-12-19,94.45391494566667,21000100,98.29,20991200,98.29,21000200
2022-12-20,98.15694062691666,21000100,101.54,20991200,101.54,21000200
2022-12-21,98.359382877,21000100,100.26,20991200,100.26,21000200
2022-12-22,99.77962081141666,21000100,101.38,20991200,101.38,21000200
2022-12-23,100.68551888429167,21000100,101.87,20991200,101.87,21000200
2022-12-24,101.13407306058335,21000100,101.62,20991200,101.62,21000200
2022-12-25,100.07460344583333,21000100,101.3,20991200,101.3,21000200
2022-12-26,103.48884040920834,21000100,103.39,20991200,103.39,21000200
2022-12-27,101.4211491755,21000100,101.64,20991200,101.64,21000200
2022-12-28,96.99936627970833,21000100,99.13,20991200,99.13,21000200
2022-12-29,96.644433217875,21000100,98.37,20991200,98.37,21000200
2022-12-30,95.75747446775,21000100,96.62,20991200,96.62,21000200
2022-12-31,94.393016902875,21000100,97.03,20991200,97.03,21000200
2023-01-01,94.5795920175,21000100,96.76,20991200,96.76,21000200
2023-01-02,95.96449946800001,21000100,99.23,20991200,99.23,21000200
2023-01-03,98.80632500925,21000100,99.62,20991200,99.62,21000200
2023-01-04,101.51172784633333,21000100,101.47,20991200,101.47,21000200
2023-01-05,101.14326214562502,21000100,101.15,20991200,101.15,21000200
2023-01-06,100.67181838333332,21000100,101.6,20991200,101.6,21000200
2023-01-07,100.99668014933333,21000100,101.44,20991200,101.44,21000200
2023-01-08,103.54773073374999,21000100,103.63,20991200,103.63,21000200
2023-01-09,107.21432657724999,21000100,106.71,20991200,106.71,21000200
2023-01-10,107.49485296762502,21000100,107.37,20991200,107.37,21000200
2023-01-11,109.607899439375,21000100,109.77,20991200,109.77,21000200
2023-01-12,119.87658446833333,21000100,119.6,20991200,119.6,21000200
2023-01-13,125.267370635,21000100,124.55,20991200,124.55,21000200
2023-01-14,126.9681075,21000100,125.82,20991200,125.82,21000200
2023-01-15,126.10026,21000100,124.96,20991200,124.96,21000200
2023-01-16,125.01624865920833,21000100,124.01,20991200,124.01,21000200
2023-01-17,123.75909,21000100,122.64,20991200,122.64,21000200
2023-01-18,118.56632081916668,21000100,118.54,20991200,118.54,21000200
2023-01-19,120.31519008883333,21000100,121.58,20991200,121.58,21000200
2023-01-20,128.07405049970833,21000100,127.99,20991200,127.99,21000200
2023-01-21,128.96010264525,21000100,127.86,20991200,127.86,21000200
2023-01-22,129.366656753625,21000100,128.49,20991200,128.49,21000200
2023-01-23,134.42554125,21000100,133.21,20991200,133.21,21000200
2023-01-24,129.2689125,21000100,128.1,20991200,128.1,21000200
2023-01-25,131.55733890308335,21000100,131.81,20991200,131.81,21000200
2023-01-26,134.437709204625,21000100,133.83,20991200,133.83,21000200
2023-01-27,136.08362190779164,21000100,135.23,20991200,135.23,21000200
2023-01-28,132.4158821375,21000100,132.6,20991200,132.6,21000200
2023-01-29,137.03732675416666,21000100,136.51,20991200,136.51,21000200
2023-01-30,130.1710140365,21000100,130.98,20991200,130.98,21000200
2023-01-31,132.91931318666667,21000100,133.15,20991200,133.15,21000200
2023-02-01,136.07884609041665,21000100,136.1,20991200,136.1,21000200
2023-02-02,137.45467329100003,21000100,136.61,20991200,136.61,21000200
2023-02-03,138.37984493875,21000100,137.82,20991200,137.82,21000200
2023-02-04,136.960426945125,21000100,137.97,20991200,137.97,21000200
2023-02-05,133.512242946375,21000100,134.37,20991200,134.37,21000200
2023-02-06,130.95330841458332,21000100,131.42,20991200,131.42,21000200
2023-02-07,135.22883399949998,21000100,135.89,20991200,135.89,21000200
2023-02-08,132.25260718658333,21000100,131.53,20991200,131.53,21000200
2023-02-09,125.33396212866667,21000100,126.56,20991200,126.56,21000200
2023-02-10,118.2795473635,21000100,124.12,20991200,124.12,21000200
2023-02-11,116.920316949625,21000100,124.59,20991200,124.59,21000200
2023-02-12,117.01369702875,21000100,122.7,20991200,122.7,21000200
2023-02-13,118.36622093333334,21000100,123.7,20991200,123.7,21000200
2023-02-14,125.03058832999999,21000100,126.6,20991200,126.6,21000200
2023-02-15,131.0332588866667,21000100,134.8,20991200,134.8,21000200
2023-02-16,128.87938714,21000100,127.84,20991200,127.84,21000200
2023-02-17,131.85745012125,21000100,133.35,20991200,133.35,21000200
2023-02-18,136.76235333333332,21000100,136.1,20991200,136.1,21000200
2023-02-19,137.19054375,21000100,135.95,20991200,135.95,21000200
2023-02-20,146.2317748285,21000100,144.91,20991200,144.91,21000200
2023-02-21,145.27223876025,21000100,145.26,20991200,145.26,21000200
2023-02-22,141.80030754220832,21000100,141.79,20991200,141.79,21000200
2023-02-23,137.9760450995,21000100,138.57,20991200,138.57,21000200
2023-02-24,128.85528743174999,21000100,132.66,20991200,132.66,21000200
2023-02-25,129.79755727,21000100,133.05,20991200,133.05,21000200
2023-02-26,133.22815122916666,21000100,136.19,20991200,136.19,21000200
2023-02-27,132.44985238725,21000100,135.06,20991200,135.06,21000200
2023-02-28,130.11565077675,21000100,131.94,20991200,131.94,21000200
2023-03-01,132.35020341375,21000100,134.1,20991200,134.1,21000200
2023-03-02,129.74991207841666,21000100,131.78,20991200,131.78,21000200
2023-03-03,122.72544178633333,21000100,126.26,20991200,126.26,21000200
2023-03-04,121.89584593233334,21000100,124.31,20991200,124.31,21000200
2023-03-05,121.85966642500001,21000100,123.9,20991200,123.9,21000200
2023-03-06,120.784259934,21000100,124.14,20991200,124.14,21000200
2023-03-07,119.526720567,21000100,122.16,20991200,122.16,21000200
2023-03-08,113.186764496375,21000100,116.53,20991200,116.53,21000200
2023-03-09,106.68120049,21000100,110.1,20991200,110.1,21000200
2023-03-10,108.58327800416667,21000100,111.5,20991200,111.5,21000200
2023-03-11,110.40845530600001,21000100,113.39,20991200,113.39,21000200
2023-03-12,114.87256380741667,21000100,120.22,20991200,120.22,21000200
2023-03-13,120.62270864583333,21000100,126.49,20991200,126.49,21000200
2023-03-14,128.46606983366667,21000100,130.94,20991200,130.94,21000200
2023-03-15,122.68286007454167,21000100,123.13,20991200,123.13,21000200
2023-03-16,123.06389314500001,21000100,125.64,20991200,125.64,21000200
2023-03-17,130.68102743004167,21000100,135.37,20991200,135.37,21000200
2023-03-18,128.642289843,21000100,130.92,20991200,130.92,21000200
2023-03-19,133.237259015625,21000100,135.75,20991200,135.75,21000200
2023-03-20,127.73810094866667,21000100,130.16,20991200,130.16,21000200
2023-03-21,129.18346865812498,21000100,133.85,20991200,133.85,21000200
2023-03-22,122.48874317637501,21000100,125.87,20991200,125.87,21000200
2023-03-23,125.77199736904167,21000100,128.53,20991200,128.53,21000200
2023-03-24,122.67368963887499,21000100,123.57,20991200,123.57,21000200
2023-03-25,121.167117073125,21000100,125.01,20991200,125.01,21000200
2023-03-26,122.00196977191666,21000100,124.63,20991200,124.63,21000200
2023-03-27,115.42671694933333,21000100,120.32,20991200,120.32,21000200
2023-03-28,119.9610657285,21000100,120.84,20991200,120.84,21000200
2023-03-29,121.16913943375,21000100,123.15,20991200,123.15,21000200
2023-03-30,119.48566627408334,21000100,121.01,20991200,121.01,21000200
2023-03-31,121.46731224045834,21000100,123.79,20991200,123.79,21000200
2023-04-01,125.5565031,21000100,126.0,20991200,126.0,21000200
2023-04-02,121.36773597495834,21000100,122.83,20991200,122.83,21000200
2023-04-03,125.811061118,21000100,127.73,20991200,127.73,21000200
2023-04-04,126.55189008958334,21000100,126.95,20991200,126.95,21000200
2023-04-05,127.371954629375,21000100,127.15,20991200,127.15,21000200
2023-04-06,124.708562475,21000100,126.0,20991200,126.0,21000200
2023-04-07,123.445404968625,21000100,124.47,20991200,124.47,21000200
2023-04-08,123.44862459125001,21000100,123.7,20991200,123.7,21000200
2023-04-09,124.827862523625,21000100,125.39,20991200,125.39,21000200
2023-04-10,128.356499815625,21000100,127.95,20991200,127.95,21000200
2023-04-11,129.5169619493333,21000100,129.04,20991200,129.04,21000200
2023-04-12,128.73690648508335,21000100,128.74,20991200,128.74,21000200
2023-04-13,131.68333515291667,21000100,131.02,20991200,131.02,21000200
2023-04-14,133.157392321625,21000100,132.09,20991200,132.09,21000200
2023-04-15,133.49832232154168,21000100,132.49,20991200,132.49,21000200
2023-04-16,135.51192429395834,21000100,134.29,20991200,134.29,21000200
2023-04-17,132.60706628325,21000100,131.51,20991200,131.51,21000200
2023-04-18,134.198407226375,21000100,133.53,20991200,133.53,21000200
2023-04-19,123.06141365662499,21000100,124.77,20991200,124.77,21000200
2023-04-20,121.75903118204167,21000100,123.07,20991200,123.07,21000200
2023-04-21,118.27212779558333,21000100,119.74,20991200,119.74,21000200
2023-04-22,118.35921474125,21000100,121.87,20991200,121.87,21000200
2023-04-23,117.97855513762501,21000100,119.73,20991200,119.73,21000200
2023-04-24,117.24696980533334,21000100,119.08,20991200,119.08,21000200
2023-04-25,119.03052519124999,21000100,120.13,20991200,120.13,21000200
2023-04-26,115.88162194208333,21000100,117.35,20991200,117.35,21000200
2023-04-27,115.84361046466667,21000100,116.96,20991200,116.96,21000200
2023-04-28,118.671079881,21000100,117.87,20991200,117.87,21000200
2023-04-29,120.27428645625001,21000100,119.75,20991200,119.75,21000200
2023-04-30,118.509223621,21000100,117.57,20991200,117.57,21000200
2023-05-01,116.98320704766667,21000100,116.93,20991200,116.93,21000200
2023-05-02,120.08945514191666,21000100,119.17,20991200,119.17,21000200
2023-05-03,119.99079940008333,21000100,120.01,20991200,120.01,21000200
2023-05-04,117.09439843612499,21000100,117.27,20991200,117.27,21000200
2023-05-05,119.7090902335,21000100,120.04,20991200,120.04,21000200
2023-05-06,116.64844568833334,21000100,116.84,20991200,116.84,21000200
2023-05-07,115.46414725270833,21000100,115.99,20991200,115.99,21000200
2023-05-08,109.61536991700001,21000100,111.12,20991200,111.12,21000200
2023-05-09,119.92784765370833,21000100,122.09,20991200,122.09,21000200
2023-05-10,115.964903385,21000100,115.65,20991200,115.65,21000200
2023-05-11,112.0848571615,21000100,113.24,20991200,113.24,21000200
2023-05-12,114.54679053125,21000100,114.73,20991200,114.73,21000200
2023-05-13,112.51575849150001,21000100,112.84,20991200,112.84,21000200
2023-05-14,114.894497293125,21000100,115.11,20991200,115.11,21000200
2023-05-15,115.6783528455,21000100,115.97,20991200,115.97,21000200
2023-05-16,115.62091958775,21000100,116.66,20991200,116.66,21000200
2023-05-17,118.72855083737501,21000100,117.87,20991200,117.87,21000200
2023-05-18,116.19915993712499,21000100,115.21,20991200,115.21,21000200
2023-05-19,115.79768797679166,21000100,115.49,20991200,115.49,21000200
2023-05-20,117.1939201225,21000100,116.52,20991200,116.52,21000200
2023-05-21,115.62133917429165,21000100,114.61,20991200,114.61,21000200
2023-05-22,114.72978542391668,21000100,114.62,20991200,114.62,21000200
2023-05-23,116.59299425674999,21000100,115.61,20991200,115.61,21000200
2023-05-24,111.545775138125,21000100,111.95,20991200,111.95,21000200
2023-05-25,109.93237263691665,21000100,111.82,20991200,111.82,21000200
2023-05-26,111.85504879733334,21000100,113.12,20991200,113.12,21000200
2023-05-27,113.22217972833333,21000100,113.65,20991200,113.65,21000200
2023-05-28,115.95318890000001,21000100,116.4,20991200,116.4,21000200
2023-05-29,115.89800625,21000100,114.85,20991200,114.85,21000200
2023-05-30,114.90906375000002,21000100,113.87,20991200,113.87,21000200
2023-05-31,114.23295,21000100,113.2,20991200,113.2,21000200
2023-06-01,113.89556236445833,21000100,113.27,20991200,113.27,21000200
2023-06-02,115.56170852333332,21000100,114.8,20991200,114.8,21000200
2023-06-03,115.95855375000001,21000100,114.91,20991200,114.91,21000200
2023-06-04,116.65485,21000100,115.6,20991200,115.6,21000200
2023-06-05,109.375866396,21000100,108.56,20991200,108.56,21000200
2023-06-06,113.30312270458334,21000100,114.7,20991200,114.7,21000200
2023-06-07,111.18768652862501,21000100,111.09,20991200,111.09,21000200
2023-06-08,112.169116929,21000100,111.71,20991200,111.71,21000200
2023-06-09,111.11071459583331,21000100,110.75,20991200,110.75,21000200
2023-06-10,100.98595395874999,21000100,103.38,20991200,103.38,21000200
2023-06-11,100.29922896829166,21000100,102.71,20991200,102.71,21000200
2023-06-12,101.80907324358333,21000100,102.71,20991200,102.71,21000200
2023-06-13,104.665285134,21000100,105.36,20991200,105.36,21000200
2023-06-14,101.59614112275,21000100,101.73,20991200,101.73,21000200
2023-06-15,103.61062696662499,21000100,104.77,20991200,104.77,21000200
2023-06-16,107.69834227083334,21000100,108.05,20991200,108.05,21000200
2023-06-17,106.82596194825,21000100,106.63,20991200,106.63,21000200
2023-06-18,107.20868203979167,21000100,106.91,20991200,106.91,21000200
2023-06-19,107.50833644416667,21000100,106.76,20991200,106.76,21000200
2023-06-20,109.803121899625,21000100,109.97,20991200,109.97,21000200
2023-06-21,133.49518515999998,21000100,135.6,20991200,135.6,21000200
2023-06-22,133.10850699808333,21000100,133.37,20991200,133.37,21000200
2023-06-23,181.760043391875,21000100,182.01,20991200,182.01,21000200
2023-06-24,206.3216681615,21000100,212.36,20991200,212.36,21000200
2023-06-25,191.07007345575,21000100,193.94,20991200,193.94,21000200
2023-06-26,220.49941508058336,21000100,223.58,20991200,223.58,21000200
2023-06-27,221.5095605318438,21000100,229.85,20991200,229.85,21000200
2023-06-28,214.6153172314063,21000100,224.82,20991200,224.82,21000200
2023-06-29,240.77659277997148,21000100,252.89,20991200,252.89,21000200
2023-06-30,285.8086833148309,21000100,303.99,20991200,303.99,21000200
2023-07-01,271.99924491814244,21000100,291.07,20991200,291.07,21000200
2023-07-02,291.3979532986667,21000100,298.91,20991200,298.91,21000200
2023-07-03,280.0072322391667,21000100,291.7,20991200,291.7,21000200
2023-07-04,262.94731443383336,21000100,272.36,20991200,272.36,21000200
2023-07-05,270.26560663425005,21000100,271.42,20991200,271.42,21000200
2023-07-06,256.33616095291666,21000100,274.57,20991200,274.57,21000200
2023-07-07,264.6177179945833,21000100,278.26,20991200,278.26,21000200
2023-07-08,257.0087969866667,21000100,271.6,20991200,271.6,21000200
2023-07-09,250.97033801749996,21000100,265.4,20991200,265.4,21000200
2023-07-10,265.06795845299996,21000100,274.58,20991200,274.58,21000200
2023-07-11,271.03205781183334,21000100,273.73,20991200,273.73,21000200
2023-07-12,279.6324689546667,21000100,282.04,20991200,282.04,21000200
2023-07-13,268.5620519875,21000100,273.8,20991200,273.8,21000200
2023-07-14,264.577216883,21000100,263.92,20991200,263.92,21000200
2023-07-15,247.588038783875,21000100,253.07,20991200,253.07,21000200
2023-07-16,241.60736388483332,21000100,249.64,20991200,249.64,21000200
2023-07-17,236.806192086,21000100,241.88,20991200,241.88,21000200
2023-07-18,245.05978101866665,21000100,243.52,20991200,243.52,21000200
2023-07-19,241.60379044570834,21000100,243.83,20991200,243.83,21000200
2023-07-20,242.610443629125,21000100,243.97,20991200,243.97,21000200
2023-07-21,245.8399564135,21000100,246.02,20991200,246.02,21000200
2023-07-22,240.52181109945835,21000100,239.23,20991200,239.23,21000200
2023-07-23,249.22820204770832,21000100,249.29,20991200,249.29,21000200
2023-07-24,236.96099411016667,21000100,238.28,20991200,238.28,21000200
2023-07-25,235.633236475,21000100,236.9,20991200,236.9,21000200
2023-07-26,240.56883650025,21000100,242.01,20991200,242.01,21000200
2023-07-27,242.87078368612498,21000100,245.07,20991200,245.07,21000200
2023-07-28,241.82639534141668,21000100,241.09,20991200,241.09,21000200
2023-07-29,243.643540983375,21000100,241.79,20991200,241.79,21000200
2023-07-30,254.1315002325,21000100,252.89,20991200,252.89,21000200
2023-07-31,245.242611075,21000100,247.8,20991200,247.8,21000200
2023-08-01,244.16760264391664,21000100,244.82,20991200,244.82,21000200
2023-08-02,228.94119666,21000100,228.96,20991200,228.96,21000200
2023-08-03,222.93746083466667,21000100,225.47,20991200,225.47,21000200
2023-08-04,220.83381869791668,21000100,227.5,20991200,227.5,21000200
2023-08-05,227.9348627,21000100,226.68,20991200,226.68,21000200
2023-08-06,224.487713559,21000100,222.96,20991200,222.96,21000200
2023-08-07,225.22437969808334,21000100,237.49,20991200,237.49,21000200
2023-08-08,224.20322175520832,21000100,238.25,20991200,238.25,21000200
2023-08-09,229.46973025025002,21000100,238.58,20991200,238.58,21000200
2023-08-10,230.655861744,21000100,231.84,20991200,231.84,21000200
2023-08-11,228.03421496766666,21000100,228.88,20991200,228.88,21000200
2023-08-12,227.11767192325001,21000100,228.49,20991200,228.49,21000200
2023-08-13,227.2909230585,21000100,228.29,20991200,228.29,21000200
2023-08-14,230.344968826875,21000100,229.95,20991200,229.95,21000200
2023-08-15,221.79345615900002,21000100,228.68,20991200,228.68,21000200
2023-08-16,206.59995368758334,21000100,208.06,20991200,208.06,21000200
2023-08-17,181.2926978925,21000100,183.71,20991200,183.71,21000200
2023-08-18,178.6987127085,21000100,187.24,20991200,187.24,21000200
2023-08-19,181.07975884266665,21000100,186.98,20991200,186.98,21000200
2023-08-20,184.56820403466665,21000100,188.72,20991200,188.72,21000200
2023-08-21,183.15700078745832,21000100,185.63,20991200,185.63,21000200
2023-08-22,181.14397161791666,21000100,184.85,20991200,184.85,21000200
2023-08-23,188.1081116933333,21000100,193.6,20991200,193.6,21000200
2023-08-24,189.85169719995835,21000100,193.91,20991200,193.91,21000200
2023-08-25,188.73067164720834,21000100,191.93,20991200,191.93,21000200
2023-08-26,187.19435181979165,21000100,189.95,20991200,189.95,21000200
2023-08-27,195.638811431875,21000100,197.61,20991200,197.61,21000200
2023-08-28,188.97352420762502,21000100,190.37,20991200,190.37,21000200
2023-08-29,216.092797134,21000100,224.88,20991200,224.88,21000200
2023-08-30,211.28994891266666,21000100,215.72,20991200,215.72,21000200
2023-08-31,202.89188340079167,21000100,207.41,20991200,207.41,21000200
2023-09-01,194.65625256775002,21000100,199.49,20991200,199.49,21000200
2023-09-02,191.43845932366668,21000100,194.93,20991200,194.93,21000200
2023-09-03,192.36870279000001,21000100,196.02,20991200,196.02,21000200
2023-09-04,190.65757114500002,21000100,193.68,20991200,193.68,21000200
2023-09-05,190.1888008605,21000100,191.88,20991200,191.88,21000200
2023-09-06,191.13395245049998,21000100,193.01,20991200,193.01,21000200
2023-09-07,192.47396916,21000100,193.6,20991200,193.6,21000200
2023-09-08,191.47515719175001,21000100,193.02,20991200,193.02,21000200
2023-09-09,191.3626977745,21000100,192.93,20991200,192.93,21000200
2023-09-10,187.26783196975,21000100,190.23,20991200,190.23,21000200
2023-09-11,182.66292378100002,21000100,184.08,20991200,184.08,21000200
2023-09-12,194.24967848695832,21000100,198.29,20991200,198.29,21000200
2023-09-13,195.657705069375,21000100,199.45,20991200,199.45,21000200
2023-09-14,202.02633953141665,21000100,207.71,20991200,207.71,21000200
2023-09-15,214.252701328125,21000100,216.95,20991200,216.95,21000200
2023-09-16,211.15507195983335,21000100,214.57,20991200,214.57,21000200
2023-09-17,208.788946513125,21000100,209.87,20991200,209.87,21000200
2023-09-18,214.01946383354166,21000100,217.03,20991200,217.03,21000200
2023-09-19,215.89512157762502,21000100,218.61,20991200,218.61,21000200
2023-09-20,212.9651281935,21000100,215.34,20991200,215.34,21000200
2023-09-21,205.86566038162502,21000100,208.41,20991200,208.41,21000200
2023-09-22,205.1907988008333,21000100,207.7,20991200,207.7,21000200
2023-09-23,207.31042472687503,21000100,208.05,20991200,208.05,21000200
2023-09-24,201.647443571625,21000100,204.63,20991200,204.63,21000200
2023-09-25,208.61162307375,21000100,210.34,20991200,210.34,21000200
2023-09-26,208.9978310945,21000100,214.59,20991200,214.59,21000200
2023-09-27,224.7970546671667,21000100,229.24,20991200,229.24,21000200
2023-09-28,236.06025643608334,21000100,238.54,20991200,238.54,21000200
2023-09-29,233.32314028500002,21000100,234.8,20991200,234.8,21000200
2023-09-30,232.16730751462498,21000100,233.73,20991200,233.73,21000200
2023-10-01,241.0000575582083,21000100,242.17,20991200,242.17,21000200
2023-10-02,240.16426652066667,21000100,246.16,20991200,246.16,21000200
2023-10-03,230.012793571875,21000100,230.25,20991200,230.25,21000200
2023-10-04,232.28765543833333,21000100,232.9,20991200,232.9,21000200
2023-10-05,228.08426657029167,21000100,230.83,20991200,230.83,21000200
2023-10-06,230.78712825899999,21000100,230.66,20991200,230.66,21000200
2023-10-07,230.31024502412498,21000100,230.09,20991200,230.09,21000200
2023-10-08,227.40661952783333,21000100,227.62,20991200,227.62,21000200
2023-10-09,218.32233511579167,21000100,218.29,20991200,218.29,21000200
2023-10-10,211.57681779933333,21000100,212.14,20991200,212.14,21000200
2023-10-11,213.47524565816667,21000100,213.94,20991200,213.94,21000200
2023-10-12,213.35154109308334,21000100,213.94,20991200,213.94,21000200
2023-10-13,215.955067976375,21000100,217.11,20991200,217.11,21000200
2023-10-14,210.80344754475,21000100,214.38,20991200,214.38,21000200
2023-10-15,213.78364216733334,21000100,215.02,20991200,215.02,21000200
2023-10-16,228.08564828775,21000100,230.67,20991200,230.67,21000200
2023-10-17,224.414267651125,21000100,226.23,20991200,226.23,21000200
2023-10-18,224.83382449833334,21000100,226.69,20991200,226.69,21000200
2023-10-19,225.3852923935,21000100,227.14,20991200,227.14,21000200
2023-10-20,237.8249715572917,21000100,240.25,20991200,240.25,21000200
2023-10-21,241.95676971375,21000100,243.81,20991200,243.81,21000200
2023-10-22,238.99564307774997,21000100,243.26,20991200,243.26,21000200
2023-10-23,260.47789646325,21000100,261.78,20991200,261.78,21000200
2023-10-24,252.99251882158333,21000100,251.69,20991200,251.69,21000200
2023-10-25,253.52698884625,21000100,254.03,20991200,254.03,21000200
2023-10-26,247.26835746666666,21000100,247.1,20991200,247.1,21000200
2023-10-27,240.81810712249998,21000100,239.15,20991200,239.15,21000200
2023-10-28,242.84229768,21000100,244.8,20991200,244.8,21000200
2023-10-29,244.70077374925,21000100,245.83,20991200,245.83,21000200
2023-10-30,246.00838594458335,21000100,245.78,20991200,245.78,21000200
2023-10-31,247.08425625,21000100,244.85,20991200,244.85,21000200
2023-11-01,247.56863625000003,21000100,245.33,20991200,245.33,21000200
2023-11-02,237.55811625,21000100,235.41,20991200,235.41,21000200
2023-11-03,239.35980760604167,21000100,237.35,20991200,237.35,21000200
2023-11-04,242.45136449683332,21000100,240.29,20991200,240.29,21000200
2023-11-05,239.75800875000002,21000100,237.59,20991200,237.59,21000200
2023-11-06,245.16691875,21000100,242.95,20991200,242.95,21000200
2023-11-07,246.13567875,21000100,243.91,20991200,243.91,21000200
2023-11-08,247.72000500000001,21000100,245.48,20991200,245.48,21000200
2023-11-09,242.21018250000003,21000100,240.02,20991200,240.02,21000200
2023-11-10,237.756986857,21000100,239.72,20991200,239.72,21000200
2023-11-11,238.73879250000002,21000100,236.58,20991200,236.58,21000200
2023-11-12,238.758975,21000100,236.6,20991200,236.6,21000200
2023-11-13,236.03433750000002,21000100,233.9,20991200,233.9,21000200
2023-11-14,234.076635,21000100,231.96,20991200,231.96,21000200
2023-11-15,239.9901075,21000100,237.82,20991200,237.82,21000200
2023-11-16,236.05452,21000100,233.92,20991200,233.92,21000200
2023-11-17,231.65473500000002,21000100,229.56,20991200,229.56,21000200
2023-11-18,228.38597576758335,21000100,227.26,20991200,227.26,21000200
2023-11-19,231.16880347224998,21000100,230.14,20991200,230.14,21000200
2023-11-20,228.15694950749997,21000100,226.2,20991200,226.2,21000200
2023-11-21,218.0719125,21000100,216.1,20991200,216.1,21000200
2023-11-22,220.4297093576667,21000100,223.58,20991200,223.58,21000200
2023-11-23,223.00438108933335,21000100,225.11,20991200,225.11,21000200
2023-11-24,227.85303727583334,21000100,226.28,20991200,226.28,21000200
2023-11-25,229.45396196849998,21000100,227.56,20991200,227.56,21000200
2023-11-26,228.85945875000002,21000100,226.79,20991200,226.79,21000200
2023-11-27,225.18624375000002,21000100,223.15,20991200,223.15,21000200
2023-11-28,225.39816000000002,21000100,223.36,20991200,223.36,21000200
2023-11-29,225.22660875,21000100,223.19,20991200,223.19,21000200
2023-11-30,223.39000125,21000100,221.37,20991200,221.37,21000200
2023-12-01,227.23476750000003,21000100,225.18,20991200,225.18,21000200
2023-12-02,230.38323750000004,21000100,228.3,20991200,228.3,21000200
2023-12-03,232.26021,21000100,230.16,20991200,230.16,21000200
2023-12-04,257.1366367335,21000100,252.44,20991200,252.44,21000200
2023-12-05,253.3912875,21000100,251.1,20991200,251.1,21000200
2023-12-06,246.84206625000002,21000100,244.61,20991200,244.61,21000200
2023-12-07,249.27405750000003,21000100,247.02,20991200,247.02,21000200
2023-12-08,256.49474963750004,21000100,253.77,20991200,253.77,21000200
2023-12-09,257.2444548905,21000100,252.84,20991200,252.84,21000200
2023-12-10,255.34761387895836,21000100,251.35,20991200,251.35,21000200
2023-12-11,233.74952164666664,21000100,230.45,20991200,230.45,21000200
2023-12-12,234.01608750000003,21000100,231.9,20991200,231.9,21000200
2023-12-13,237.36638250000001,21000100,235.22,20991200,235.22,21000200
2023-12-14,239.53600125000003,21000100,237.37,20991200,237.37,21000200
2023-12-15,229.2126525,21000100,227.14,20991200,227.14,21000200
2023-12-16,231.86665125000002,21000100,229.77,20991200,229.77,21000200
2023-12-17,228.01179375,21000100,225.95,20991200,225.95,21000200
2023-12-18,230.20159500000003,21000100,228.12,20991200,228.12,21000200
2023-12-19,227.22467625,21000100,225.17,20991200,225.17,21000200
2023-12-20,231.76573875,21000100,229.67,20991200,229.67,21000200
2023-12-21,235.37840625,21000100,233.25,20991200,233.25,21000200
2023-12-22,240.54512625,21000100,238.37,20991200,238.37,21000200
2023-12-23,234.87384375000002,21000100,232.75,20991200,232.75,21000200
2023-12-24,231.04926000000003,21000100,228.96,20991200,228.96,21000200
2023-12-25,237.15446625,21000100,235.01,20991200,235.01,21000200
2023-12-26,231.38227125,21000100,229.29,20991200,229.29,21000200
2023-12-27,268.044074415,21000100,264.42,20991200,264.42,21000200
2023-12-28,266.42815960900003,21000100,261.79,20991200,261.79,21000200
2023-12-29,260.743887866625,21000100,254.33,20991200,254.33,21000200
2023-12-30,275.63639518391665,21000100,270.83,20991200,270.83,21000200
2023-12-31,262.314197577,21000100,259.79,20991200,259.79,21000200
2024-01-01,270.600106146,21000100,268.08,20991200,268.08,21000200
2024-01-02,262.978683564125,21000100,257.19,20991200,257.19,21000200
2024-01-03,235.07157588625003,21000100,233.85,20991200,233.85,21000200
2024-01-04,236.322007085,21000100,239.35,20991200,239.35,21000200
2024-01-05,239.477120496,21000100,239.04,20991200,239.04,21000200
2024-01-06,233.44699302866667,21000100,235.97,20991200,235.97,21000200
2024-01-07,230.09873916429166,21000100,232.19,20991200,232.19,21000200
2024-01-08,251.21606734920834,21000100,253.87,20991200,253.87,21000200
2024-01-09,245.56879428812502,21000100,244.65,20991200,244.65,21000200
2024-01-10,256.2258003346667,21000100,254.56,20991200,254.56,21000200
2024-01-11,278.457202457,21000100,276.22,20991200,276.22,21000200
2024-01-12,261.3231206814583,21000100,259.15,20991200,259.15,21000200
2024-01-13,254.03759119904166,21000100,253.93,20991200,253.93,21000200
2024-01-14,245.71801127591667,21000100,245.63,20991200,245.63,21000200
2024-01-15,252.291218188625,21000100,250.03,20991200,250.03,21000200
2024-01-16,250.84792606470833,21000100,250.99,20991200,250.99,21000200
2024-01-17,245.25478167058336,21000100,244.18,20991200,244.18,21000200
2024-01-18,239.79837375,21000100,237.63,20991200,237.63,21000200
2024-01-19,238.77915750000003,21000100,236.62,20991200,236.62,21000200
2024-01-20,239.96447616375,21000100,238.95,20991200,238.95,21000200
2024-01-21,236.43735651024997,21000100,236.89,20991200,236.89,21000200
2024-01-22,236.12698644187498,21000100,235.45,20991200,235.45,21000200
2024-01-23,225.64731515016985,21000100,229.37,20991200,229.37,21000200
2024-01-24,231.92685297714527,21000100,236.12,20991200,236.12,21000200
2024-01-25,236.46302519583332,21000100,236.5,20991200,236.5,21000200
2024-01-26,243.41574169083333,21000100,241.7,20991200,241.7,21000200
2024-01-27,245.45896526683333,21000100,243.56,20991200,243.56,21000200
2024-01-28,238.65628210499997,21000100,236.7,20991200,236.7,21000200
2024-01-29,242.1609554336667,21000100,241.18,20991200,241.18,21000200
2024-01-30,238.031164978,21000100,237.32,20991200,237.32,21000200
2024-01-31,232.56804747750002,21000100,234.15,20991200,234.15,21000200
2024-02-01,235.31651414083333,21000100,236.57,20991200,236.57,21000200
2024-02-02,236.81648541833337,21000100,236.18,20991200,236.18,21000200
2024-02-03,239.11669746416663,21000100,240.7,20991200,240.7,21000200
2024-02-04,234.18203250866665,21000100,235.04,20991200,235.04,21000200
2024-02-05,234.174155371,21000100,235.56,20991200,235.56,21000200
2024-02-06,234.2536340505,21000100,235.08,20991200,235.08,21000200
2024-02-07,239.75898840979167,21000100,240.55,20991200,240.55,21000200
2024-02-08,246.53548730362502,21000100,244.47,20991200,244.47,21000200
2024-02-09,251.18144229916666,21000100,250.13,20991200,250.13,21000200
2024-02-10,249.81898500000003,21000100,247.56,20991200,247.56,21000200
2024-02-11,278.46282308775,21000100,277.62,20991200,277.62,21000200
2024-02-12,282.999015,21000100,280.44,20991200,280.44,21000200
2024-02-13,272.75724371125006,21000100,270.35,20991200,270.35,21000200
2024-02-14,283.0505437689167,21000100,280.66,20991200,280.66,21000200
2024-02-15,272.7447734907083,21000100,270.37,20991200,270.37,21000200
2024-02-16,276.91399125000004,21000100,274.41,20991200,274.41,21000200
2024-02-17,269.517105,21000100,267.08,20991200,267.08,21000200
2024-02-18,272.056454949375,21000100,270.51,20991200,270.51,21000200
2024-02-19,275.71313250000003,21000100,273.22,20991200,273.22,21000200
2024-02-20,267.7208625,21000100,265.3,20991200,265.3,21000200
2024-02-21,265.55124374999997,21000100,263.15,20991200,263.15,21000200
2024-02-22,262.80642375,21000100,260.43,20991200,260.43,21000200
2024-02-23,267.28693875,21000100,264.87,20991200,264.87,21000200
2024-02-24,272.5125331389583,21000100,267.95,20991200,267.95,21000200
2024-02-25,273.55228922437504,21000100,268.17,20991200,268.17,21000200
2024-02-26,283.8645898560414,21000100,274.98,20991200,274.98,21000200
2024-02-27,304.25706200871116,21000100,293.09,20991200,293.09,21000200
2024-02-28,306.23956982025,21000100,296.58,20991200,296.58,21000200
2024-02-29,310.4110655752967,21000100,298.0,20991200,298.0,21000200
2024-03-01,328.496668125,21000100,316.65,20991200,316.65,21000200
2024-03-02,527.5577291830773,21000100,502.0,20991200,502.0,21000200
2024-03-03,494.246135144375,21000100,470.87,20991200,470.87,21000200
2024-03-04,493.4525158330834,21000100,473.62,20991200,473.62,21000200
2024-03-05,419.82443559,21000100,400.89,20991200,400.89,21000200
2024-03-06,419.83636500000006,21000100,416.04,20991200,416.04,21000200
2024-03-07,436.1236425,21000100,432.18,20991200,432.18,21000200
2024-03-08,440.64452250000005,21000100,436.66,20991200,436.66,21000200
2024-03-09,432.2657630600833,21000100,431.86,20991200,431.86,21000200
2024-03-10,419.84215811499996,21000100,422.9,20991200,422.9,21000200
2024-03-11,446.84226089066664,21000100,448.58,20991200,448.58,21000200
2024-03-12,426.960304119125,21000100,434.19,20991200,434.19,21000200
2024-03-13,446.26534875000004,21000100,442.23,20991200,442.23,21000200
2024-03-14,445.83988506750006,21000100,440.6,20991200,440.6,21000200
2024-03-15,420.320745,21000100,416.52,20991200,416.52,21000200
2024-03-16,391.06907269795835,21000100,388.69,20991200,388.69,21000200
2024-03-17,406.29390750000005,21000100,402.62,20991200,402.62,21000200
2024-03-18,404.69949,21000100,401.04,20991200,401.04,21000200
2024-03-19,361.92268125,21000100,358.65,20991200,358.65,21000200
2024-03-20,413.42702620374996,21000100,409.89,20991200,409.89,21000200
2024-03-21,417.6571323515833,21000100,414.46,20991200,414.46,21000200
2024-03-22,430.60609415466666,21000100,431.36,20991200,431.36,21000200
2024-03-23,460.46373750000004,21000100,456.3,20991200,456.3,21000200
2024-03-24,493.82985429224993,21000100,485.46,20991200,485.46,21000200
2024-03-25,497.74628239699996,21000100,487.76,20991200,487.76,21000200
2024-03-26,494.94562919900005,21000100,479.72,20991200,479.72,21000200
2024-03-27,569.0809236757501,21000100,539.46,20991200,539.46,21000200
2024-03-28,599.6959336959168,21000100,568.22,20991200,568.22,21000200
2024-03-29,658.23468669,21000100,621.24,20991200,621.24,21000200
2024-03-30,629.3129155153333,21000100,598.16,20991200,598.16,21000200
2024-03-31,719.1140964571666,21000100,679.58,20991200,679.58,21000200
2024-04-01,689.60758809425,21000100,648.33,20991200,648.33,21000200
2024-04-02,652.2997331781249,21000100,639.75,20991200,639.75,21000200
2024-04-03,600.6602049033334,21000100,593.08,20991200,593.08,21000200
2024-04-04,676.6226330440418,21000100,666.07,20991200,666.07,21000200
2024-04-05,665.2205514597499,21000100,657.87,20991200,657.87,21000200
2024-04-06,701.1085511981249,21000100,694.35,20991200,694.35,21000200
2024-04-07,691.3919025,21000100,685.14,20991200,685.14,21000200
2024-04-08,687.8700562500001,21000100,681.65,20991200,681.65,21000200
2024-04-09,678.1521825,21000100,672.02,20991200,672.02,21000200
2024-04-10,600.63816309375,21000100,628.75,20991200,628.75,21000200
2024-04-11,600.643162938625,21000100,613.79,20991200,613.79,21000200
2024-04-12,533.2024899512917,21000100,532.69,20991200,532.69,21000200
2024-04-13,479.86059265666665,21000100,479.26,20991200,479.26,21000200
2024-04-14,512.6186296875,21000100,525.0,20991200,525.0,21000200
2024-04-15,487.80856394399996,21000100,507.52,20991200,507.52,21000200
2024-04-16,473.79358317145835,21000100,486.07,20991200,486.07,21000200
2024-04-17,449.5740083674583,21000100,463.33,20991200,463.33,21000200
2024-04-18,471.708124908125,21000100,482.55,20991200,482.55,21000200
2024-04-19,467.147881363125,21000100,476.29,20991200,476.29,21000200
2024-04-20,501.7934822408333,21000100,514.9,20991200,514.9,21000200
2024-04-21,489.588417773,21000100,501.69,20991200,501.69,21000200
2024-04-22,509.35446775950004,21000100,522.38,20991200,522.38,21000200
2024-04-23,494.4583661575,21000100,504.65,20991200,504.65,21000200
2024-04-24,467.4608853485,21000100,478.86,20991200,478.86,21000200
2024-04-25,471.12186371250004,21000100,477.75,20991200,477.75,21000200
2024-04-26,475.4351030633333,21000100,482.32,20991200,482.32,21000200
2024-04-27,471.13847583,21000100,476.68,20991200,476.68,21000200
2024-04-28,466.25216923925,21000100,470.31,20991200,470.31,21000200
2024-04-29,459.680361938875,21000100,464.73,20991200,464.73,21000200
2024-04-30,429.4148155365833,21000100,433.58,20991200,433.58,21000200
2024-05-01,418.31320811,21000100,424.24,20991200,424.24,21000200
2024-05-02,423.59871574799996,21000100,428.76,20991200,428.76,21000200
2024-05-03,445.07423246266666,21000100,452.18,20991200,452.18,21000200
2024-05-04,444.5849429829167,21000100,462.67,20991200,462.67,21000200
2024-05-05,458.0218682529583,21000100,468.59,20991200,468.59,21000200
2024-05-06,464.228244364625,21000100,472.81,20991200,472.81,21000200
2024-05-07,465.89889669854165,21000100,470.57,20991200,470.57,21000200
2024-05-08,443.02566326562504,21000100,447.81,20991200,447.81,21000200
2024-05-09,448.797044127125,21000100,454.39,20991200,454.39,21000200
2024-05-10,420.926826927125,21000100,426.21,20991200,426.21,21000200
2024-05-11,423.600311159375,21000100,429.31,20991200,429.31,21000200
2024-05-12,428.07123710400003,21000100,432.67,20991200,432.67,21000200
2024-05-13,433.27984455,21000100,437.28,20991200,437.28,21000200
2024-05-14,427.434321216375,21000100,428.67,20991200,428.67,21000200
2024-05-15,456.24449746958334,21000100,463.46,20991200,463.46,21000200
2024-05-16,439.975719998125,21000100,444.45,20991200,444.45,21000200
2024-05-17,461.24865669791666,21000100,466.25,20991200,466.25,21000200
2024-05-18,472.4412797295,21000100,474.93,20991200,474.93,21000200
2024-05-19,480.383523486875,21000100,484.53,20991200,484.53,21000200
2024-05-20,510.6693967231667,21000100,517.73,20991200,517.73,21000200
2024-05-21,505.775072669625,21000100,514.53,20991200,514.53,21000200
2024-05-22,494.33868091691664,21000100,498.37,20991200,498.37,21000200
2024-05-23,491.851712825,21000100,490.8,20991200,490.8,21000200
2024-05-24,492.78302670112504,21000100,494.49,20991200,494.49,21000200
2024-05-25,491.27668589250004,21000100,493.23,20991200,493.23,21000200
2024-05-26,481.04229968333334,21000100,483.8,20991200,483.8,21000200
2024-05-27,490.249211978,21000100,489.36,20991200,489.36,21000200
2024-05-28,464.4861763725,21000100,469.9,20991200,469.9,21000200
2024-05-29,459.88700827549997,21000100,465.53,20991200,465.53,21000200
2024-05-30,469.07157375,21000100,464.83,20991200,464.83,21000200
2024-05-31,455.75651934800004,21000100,454.56,20991200,454.56,21000200
2024-06-01,465.2430399059167,21000100,463.27,20991200,463.27,21000200
2024-06-02,461.8290054600001,21000100,457.92,20991200,457.92,21000200
2024-06-03,465.2161262943333,21000100,464.53,20991200,464.53,21000200
2024-06-04,476.3197046685,21000100,476.78,20991200,476.78,21000200
2024-06-05,499.1942164029166,21000100,495.01,20991200,495.01,21000200
2024-06-06,500.43517875000003,21000100,495.91,20991200,495.91,21000200
2024-06-07,481.6553625,21000100,477.3,20991200,477.3,21000200
2024-06-08,466.52668353958336,21000100,469.1,20991200,469.1,21000200
2024-06-09,470.1898313445833,21000100,474.34,20991200,474.34,21000200
2024-06-10,467.90465052549996,21000100,468.84,20991200,468.84,21000200
2024-06-11,443.7433927175,21000100,445.8,20991200,445.8,21000200
2024-06-12,446.451141997375,21000100,453.93,20991200,453.93,21000200
2024-06-13,431.18828055675,21000100,431.43,20991200,431.43,21000200
2024-06-14,420.382427092875,21000100,422.37,20991200,422.37,21000200
2024-06-15,423.62160915020837,21000100,429.79,20991200,429.79,21000200
2024-06-16,427.5460010103334,21000100,428.18,20991200,428.18,21000200
2024-06-17,418.80357771816665,21000100,419.32,20991200,419.32,21000200
2024-06-18,387.25725244583333,21000100,389.0,20991200,389.0,21000200
2024-06-19,389.90509537349993,21000100,388.71,20991200,388.71,21000200
2024-06-20,389.17077427950005,21000100,389.67,20991200,389.67,21000200
2024-06-21,383.09958725499996,21000100,382.8,20991200,382.8,21000200
2024-06-22,391.848187536125,21000100,391.87,20991200,391.87,21000200
2024-06-23,380.3545615881667,21000100,380.66,20991200,380.66,21000200
2024-06-24,357.91818082491665,21000100,363.59,20991200,363.59,21000200
2024-06-25,384.23435407875,21000100,388.35,20991200,388.35,21000200
2024-06-26,368.89239754575,21000100,373.58,20991200,373.58,21000200
2024-06-27,384.562219810875,21000100,388.89,20991200,388.89,21000200
2024-06-28,389.30024249999997,21000100,385.78,20991200,385.78,21000200
2024-06-29,378.57593103933334,21000100,380.62,20991200,380.62,21000200
2024-06-30,394.1666146233334,21000100,393.76,20991200,393.76,21000200
2024-07-01,384.1654236225,21000100,384.15,20991200,384.15,21000200
2024-07-02,382.473876565125,21000100,381.79,20991200,381.79,21000200
2024-07-03,374.919483666,21000100,372.96,20991200,372.96,21000200
2024-07-04,333.2022964083333,21000100,331.12,20991200,331.12,21000200
2024-07-05,317.3809972485833,21000100,325.09,20991200,325.09,21000200
2024-07-06,335.622056086,21000100,342.64,20991200,342.64,21000200
2024-07-07,307.9928917691667,21000100,312.44,20991200,312.44,21000200
2024-07-08,326.27521934291667,21000100,333.07,20991200,333.07,21000200
2024-07-09,326.8645263685,21000100,330.86,20991200,330.86,21000200
2024-07-10,339.3438218233333,21000100,340.15,20991200,340.15,21000200
2024-07-11,345.70273485075,21000100,346.86,20991200,346.86,21000200
2024-07-12,369.422671596,21000100,368.73,20991200,368.73,21000200
2024-07-13,375.34424083795835,21000100,375.43,20991200,375.43,21000200
2024-07-14,367.02660436458336,21000100,376.25,20991200,376.25,21000200
2024-07-15,388.67143570191666,21000100,399.86,20991200,399.86,21000200
2024-07-16,376.498558336,21000100,386.56,20991200,386.56,21000200
2024-07-17,363.7462515625,21000100,375.0,20991200,375.0,21000200
2024-07-18,376.1949206127917,21000100,382.49,20991200,382.49,21000200
2024-07-19,388.3336310026667,21000100,391.22,20991200,391.22,21000200
2024-07-20,392.36550960750003,21000100,395.1,20991200,395.1,21000200
2024-07-21,397.726468329,21000100,400.98,20991200,400.98,21000200
2024-07-22,382.42750916100005,21000100,385.48,20991200,385.48,21000200
2024-07-23,358.234841185125,21000100,366.11,20991200,366.11,21000200
2024-07-24,355.96662128620835,21000100,362.11,20991200,362.11,21000200
2024-07-25,358.40397503475,21000100,361.18,20991200,361.18,21000200
2024-07-26,375.6050293125,21000100,377.0,20991200,377.0,21000200
2024-07-27,391.68149840399997,21000100,392.28,20991200,392.28,21000200
2024-07-28,416.00168376125,21000100,416.53,20991200,416.53,21000200
2024-07-29,436.32316101412505,21000100,438.79,20991200,438.79,21000200
2024-07-30,433.59535515700003,21000100,432.24,20991200,432.24,21000200
2024-07-31,415.07429704124996,21000100,413.82,20991200,413.82,21000200
2024-08-01,414.6408951773333,21000100,412.96,20991200,412.96,21000200
2024-08-02,378.7108622916667,21000100,381.25,20991200,381.25,21000200
2024-08-03,362.21058330016666,21000100,364.01,20991200,364.01,21000200
2024-08-04,325.294308564,21000100,332.04,20991200,332.04,21000200
2024-08-05,301.1211389715,21000100,309.51,20991200,309.51,21000200
2024-08-06,302.4045865866941,21000100,314.62,20991200,314.62,21000200
2024-08-07,299.128682694078,21000100,312.17,20991200,312.17,21000200
2024-08-08,344.474380761875,21000100,352.95,20991200,352.95,21000200
2024-08-09,340.551983944375,21000100,347.45,20991200,347.45,21000200
2024-08-10,346.1064815,21000100,354.65,20991200,354.65,21000200
2024-08-11,321.758395325125,21000100,329.99,20991200,329.99,21000200
2024-08-12,353.16387288674997,21000100,354.57,20991200,354.57,21000200
2024-08-13,345.4664232579167,21000100,351.43,20991200,351.43,21000200
2024-08-14,334.067302232,21000100,337.53,20991200,337.53,21000200
2024-08-15,334.56451525875,21000100,333.9,20991200,333.9,21000200
2024-08-16,333.548685648,21000100,337.77,20991200,337.77,21000200
2024-08-17,337.60295635800003,21000100,340.92,20991200,340.92,21000200
2024-08-18,327.86343268875004,21000100,332.85,20991200,332.85,21000200
2024-08-19,330.4635847266667,21000100,337.6,20991200,337.6,21000200
2024-08-20,333.733131808,21000100,335.04,20991200,335.04,21000200
2024-08-21,345.2974849363333,21000100,349.24,20991200,349.24,21000200
2024-08-22,344.95699293887503,21000100,346.47,20991200,346.47,21000200
2024-08-23,361.2259832925,21000100,364.95,20991200,364.95,21000200
2024-08-24,353.9951554407917,21000100,363.37,20991200,363.37,21000200
2024-08-25,347.94262838799995,21000100,356.08,20991200,356.08,21000200
2024-08-26,337.20492130791666,21000100,342.02,20991200,342.02,21000200
2024-08-27,317.75083369425,21000100,323.73,20991200,323.73,21000200
2024-08-28,312.3312524483333,21000100,321.77,20991200,321.77,21000200
2024-08-29,314.412850838,21000100,322.26,20991200,322.26,21000200
2024-08-30,321.2788672932916,21000100,324.77,20991200,324.77,21000200
2024-08-31,319.04459784516666,21000100,322.06,20991200,322.06,21000200
2024-09-01,307.17204374662504,21000100,312.31,20991200,312.31,21000200
2024-09-02,320.0151315891667,21000100,323.48,20991200,323.48,21000200
2024-09-03,306.16352934475,21000100,308.63,20991200,308.63,21000200
2024-09-04,310.33656098587494,21000100,315.03,20991200,315.03,21000200
2024-09-05,305.77209587845834,21000100,307.27,20991200,307.27,21000200
2024-09-06,289.4212902676667,21000100,294.77,20991200,294.77,21000200
2024-09-07,293.03258450808335,21000100,299.14,20991200,299.14,21000200
2024-09-08,298.69225105500004,21000100,305.04,20991200,305.04,21000200
2024-09-09,315.982890058,21000100,322.08,20991200,322.08,21000200
2024-09-10,328.1173396025416,21000100,329.27,20991200,329.27,21000200
2024-09-11,336.10172103170834,21000100,337.33,20991200,337.33,21000200
2024-09-12,331.34747339508334,21000100,332.74,20991200,332.74,21000200
2024-09-13,332.73247517708336,21000100,335.3,20991200,335.3,21000200
2024-09-14,318.35134844062503,21000100,326.85,20991200,326.85,21000200
2024-09-15,308.0542197725,21000100,316.1,20991200,316.1,21000200
2024-09-16,308.5797471694583,21000100,311.57,20991200,311.57,21000200
2024-09-17,311.953731676375,21000100,313.99,20991200,313.99,21000200
2024-09-18,320.38978532,21000100,326.8,20991200,326.8,21000200
2024-09-19,339.99769427900003,21000100,339.86,20991200,339.86,21000200
2024-09-20,333.40752443758333,21000100,335.62,20991200,335.62,21000200
2024-09-21,344.6436383526667,21000100,345.23,20991200,345.23,21000200
2024-09-22,342.5953993971667,21000100,342.43,20991200,342.43,21000200
2024-09-23,338.0353805721667,21000100,341.69,20991200,341.69,21000200
2024-09-24,346.36823490970835,21000100,347.63,20991200,347.63,21000200
2024-09-25,342.254684107125,21000100,343.17,20991200,343.17,21000200
2024-09-26,348.25401338541667,21000100,351.65,20991200,351.65,21000200
2024-09-27,357.367605405375,21000100,358.53,20991200,358.53,21000200
2024-09-28,353.16832990554167,21000100,352.09,20991200,352.09,21000200
2024-09-29,353.63336003616666,21000100,352.36,20991200,352.36,21000200
2024-09-30,336.91756462054167,21000100,336.89,20991200,336.89,21000200
2024-10-01,314.8625245760834,21000100,317.42,20991200,317.42,21000200
2024-10-02,308.7043555916667,21000100,315.8,20991200,315.8,21000200
2024-10-03,311.991220401,21000100,320.18,20991200,320.18,21000200
2024-10-04,317.1274389850833,21000100,324.58,20991200,324.58,21000200
2024-10-05,315.42746175233333,21000100,321.64,20991200,321.64,21000200
2024-10-06,317.01296618020837,21000100,324.29,20991200,324.29,21000200
2024-10-07,317.51644047770833,21000100,323.45,20991200,323.45,21000200
2024-10-08,328.819273575875,21000100,328.89,20991200,328.89,21000200
2024-10-09,319.21453410770835,21000100,320.35,20991200,320.35,21000200
2024-10-10,323.87566863995835,21000100,322.73,20991200,322.73,21000200
2024-10-11,324.00976972537495,21000100,326.77,20991200,326.77,21000200
2024-10-12,325.8686595779167,21000100,329.06,20991200,329.06,21000200
2024-10-13,319.40875152,21000100,321.12,20991200,321.12,21000200
2024-10-14,367.16653190525,21000100,369.38,20991200,369.38,21000200
2024-10-15,357.347902194375,21000100,354.15,20991200,354.15,21000200
2024-10-16,362.6041572225,21000100,365.18,20991200,365.18,21000200
2024-10-17,370.2556379799167,21000100,369.41,20991200,369.41,21000200
2024-10-18,365.55902479354165,21000100,366.77,20991200,366.77,21000200
2024-10-19,355.564367349375,21000100,363.07,20991200,363.07,21000200
2024-10-20,371.05268933437503,21000100,369.75,20991200,369.75,21000200
2024-10-21,366.6554775,21000100,363.34,20991200,363.34,21000200
2024-10-22,360.26771625000003,21000100,357.01,20991200,357.01,21000200
2024-10-23,349.455179809125,21000100,347.73,20991200,347.73,21000200
2024-10-24,365.6128119099167,21000100,367.78,20991200,367.78,21000200
2024-10-25,351.202791545375,21000100,348.81,20991200,348.81,21000200
2024-10-26,344.665492497375,21000100,347.69,20991200,347.69,21000200
2024-10-27,345.95129296037504,21000100,351.87,20991200,351.87,21000200
2024-10-28,361.5065759008333,21000100,365.15,20991200,365.15,21000200
2024-10-29,389.62316250000003,21000100,386.1,20991200,386.1,21000200
2024-10-30,371.08784608058335,21000100,368.69,20991200,368.69,21000200
2024-10-31,360.19747967583334,21000100,358.58,20991200,358.58,21000200
2024-11-01,345.068027473,21000100,349.32,20991200,349.32,21000200
2024-11-02,351.81413418433334,21000100,353.48,20991200,353.48,21000200
2024-11-03,338.693864021875,21000100,339.65,20991200,339.65,21000200
2024-11-04,321.34997483625,21000100,328.95,20991200,328.95,21000200
2024-11-05,336.64149754166664,21000100,342.5,20991200,342.5,21000200
2024-11-06,378.22028377349994,21000100,378.28,20991200,378.28,21000200
2024-11-07,380.95477875,21000100,377.51,20991200,377.51,21000200
2024-11-08,379.0185323047917,21000100,376.79,20991200,376.79,21000200
2024-11-09,400.9342824843333,21000100,404.84,20991200,404.84,21000200
2024-11-10,445.2864975,21000100,441.26,20991200,441.26,21000200
2024-11-11,477.0133875,21000100,472.7,20991200,472.7,21000200
2024-11-12,435.1825654493333,21000100,432.32,20991200,432.32,21000200
2024-11-13,443.44989000000004,21000100,439.44,20991200,439.44,21000200
2024-11-14,418.59514125000004,21000100,414.81,20991200,414.81,21000200
2024-11-15,435.44752875,21000100,431.51,20991200,431.51,21000200
2024-11-16,466.3570275,21000100,462.14,20991200,462.14,21000200
2024-11-17,436.58784,21000100,432.64,20991200,432.64,21000200
2024-11-18,453.8590703195,21000100,452.77,20991200,452.77,21000200
2024-11-19,451.07887500000004,21000100,447.0,20991200,447.0,21000200
2024-11-20,444.19664250000005,21000100,440.18,20991200,440.18,21000200
2024-11-21,489.1430700000001,21000100,484.72,20991200,484.72,21000200
2024-11-22,495.10699875,21000100,490.63,20991200,490.63,21000200
2024-11-23,518.7685162175834,21000100,510.23,20991200,510.23,21000200
2024-11-24,519.860835,21000100,515.16,20991200,515.16,21000200
2024-11-25,496.49959125000004,21000100,492.01,20991200,492.01,21000200
2024-11-26,497.13534,21000100,492.64,20991200,492.64,21000200
2024-11-27,522.5249249999999,21000100,517.8,20991200,517.8,21000200
2024-11-28,515.7839700000001,21000100,511.12,20991200,511.12,21000200
2024-11-29,523.0496700000001,21000100,518.32,20991200,518.32,21000200
2024-11-30,531.243765,21000100,526.44,20991200,526.44,21000200
2024-12-01,537.51043125,21000100,532.65,20991200,532.65,21000200
2024-12-02,547.5162115297501,21000100,538.74,20991200,538.74,21000200
2024-12-03,606.0447662752377,21000100,586.23,20991200,586.23,21000200
2024-12-04,603.1339768597501,21000100,584.01,20991200,584.01,21000200
2024-12-05,611.141421381,21000100,589.04,20991200,589.04,21000200
2024-12-06,637.0796867624999,21000100,619.38,20991200,619.38,21000200
2024-12-07,624.3487917441666,21000100,608.17,20991200,608.17,21000200
2024-12-08,631.761895284,21000100,622.96,20991200,622.96,21000200
2024-12-09,558.2023483400001,21000100,551.2,20991200,551.2,21000200
2024-12-10,520.57731375,21000100,515.87,20991200,515.87,21000200
2024-12-11,551.3253525,21000100,546.34,20991200,546.34,21000200
2024-12-12,544.8132660819999,21000100,540.06,20991200,540.06,21000200
2024-12-13,547.2787612500001,21000100,542.33,20991200,542.33,21000200
2024-12-14,538.6608337499999,21000100,533.79,20991200,533.79,21000200
2024-12-15,550.6831130034999,21000100,546.18,20991200,546.18,21000200
2024-12-16,543.0711904485834,21000100,538.19,20991200,538.19,21000200
2024-12-17,534.62433375,21000100,529.79,20991200,529.79,21000200
2024-12-18,484.30936125000005,21000100,479.93,20991200,479.93,21000200
2024-12-19,439.57699223237495,21000100,438.33,20991200,438.33,21000200
2024-12-20,442.25543248954165,21000100,448.99,20991200,448.99,21000200
2024-12-21,459.8687358119167,21000100,455.77,20991200,455.77,21000200
2024-12-22,448.28420763175,21000100,445.66,20991200,445.66,21000200
2024-12-23,464.5819465077083,21000100,460.79,20991200,460.79,21000200
2024-12-24,474.3089325,21000100,470.02,20991200,470.02,21000200
2024-12-25,469.36422000000005,21000100,465.12,20991200,465.12,21000200
2024-12-26,441.068355,21000100,437.08,20991200,437.08,21000200
2024-12-27,444.60785242658335,21000100,440.98,20991200,440.98,21000200
2024-12-28,455.519025,21000100,451.4,20991200,451.4,21000200
2024-12-29,442.3314386316667,21000100,438.8,20991200,438.8,21000200
2024-12-30,447.38031261862506,21000100,443.89,20991200,443.89,21000200
2024-12-31,438.31138015933334,21000100,434.36,20991200,434.36,21000200
2025-01-01,454.4493525,21000100,450.34,20991200,450.34,21000200
2025-01-02,465.84237375000004,21000100,461.63,20991200,461.63,21000200
2025-01-03,478.0628775,21000100,473.74,20991200,473.74,21000200
2025-01-04,483.209415,21000100,478.84,20991200,478.84,21000200
2025-01-05,475.23732750000005,21000100,470.94,20991200,470.94,21000200
2025-01-06,487.20555,21000100,482.8,20991200,482.8,21000200
2025-01-07,440.6848875,21000100,436.7,20991200,436.7,21000200
2025-01-08,435.7604780693333,21000100,434.02,20991200,434.02,21000200
2025-01-09,424.6674608236667,21000100,421.72,20991200,421.72,21000200
2025-01-10,453.3907780966667,21000100,449.68,20991200,449.68,21000200
2025-01-11,444.8424825,21000100,440.82,20991200,440.82,21000200
2025-01-12,451.13324750625,21000100,447.75,20991200,447.75,21000200
2025-01-13,428.51710022466665,21000100,427.67,20991200,427.67,21000200
2025-01-14,438.94271355404163,21000100,437.71,20991200,437.71,21000200
2025-01-15,464.01533860895836,21000100,460.15,20991200,460.15,21000200
2025-01-16,465.76164375,21000100,461.55,20991200,461.55,21000200
2025-01-17,493.79513625,21000100,489.33,20991200,489.33,21000200
2025-01-18,469.4802999066666,21000100,466.15,20991200,466.15,21000200
2025-01-19,431.47157625,21000100,427.57,20991200,427.57,21000200
2025-01-20,434.58977250000004,21000100,430.66,20991200,430.66,21000200
2025-01-21,448.6530049401667,21000100,446.44,20991200,446.44,21000200
2025-01-22,439.24183875,21000100,435.27,20991200,435.27,21000200
2025-01-23,441.28027125000006,21000100,437.29,20991200,437.29,21000200
2025-01-24,435.69981,21000100,431.76,20991200,431.76,21000200
2025-01-25,448.6354971802916,21000100,445.33,20991200,445.33,21000200
2025-01-26,426.994174741125,21000100,424.87,20991200,424.87,21000200
2025-01-27,426.68395541,21000100,427.4,20991200,427.4,21000200
2025-01-28,413.49112225224997,21000100,410.34,20991200,410.34,21000200
2025-01-29,418.478459343125,21000100,414.73,20991200,414.73,21000200
2025-01-30,438.53264292933335,21000100,434.72,20991200,434.72,21000200
2025-01-31,427.98000375000004,21000100,424.11,20991200,424.11,21000200
2025-02-01,407.37367125000003,21000100,403.69,20991200,403.69,21000200
2025-02-02,359.1709218733333,21000100,360.4,20991200,360.4,21000200
2025-02-03,347.543693224739,21000100,352.87,20991200,352.87,21000200
2025-02-04,323.99440584664086,21000100,329.52,20991200,329.52,21000200
2025-02-05,328.1304850335417,21000100,327.79,20991200,327.79,21000200
2025-02-06,315.13600075562505,21000100,315.91,20991200,315.91,21000200
2025-02-07,315.955259061,21000100,318.37,20991200,318.37,21000200
2025-02-08,322.21673174783336,21000100,322.87,20991200,322.87,21000200
2025-02-09,322.62916810708333,21000100,324.26,20991200,324.26,21000200
2025-02-10,329.11692641804166,21000100,329.09,20991200,329.09,21000200
2025-02-11,332.98295428825,21000100,331.17,20991200,331.17,21000200
2025-02-12,344.30304860924997,21000100,342.99,20991200,342.99,21000200
2025-02-13,335.01713857674997,21000100,334.81,20991200,334.81,21000200
2025-02-14,342.350852871,21000100,341.36,20991200,341.36,21000200
2025-02-15,333.31152608475,21000100,332.73,20991200,332.73,21000200
2025-02-16,323.53296976,21000100,326.04,20991200,326.04,21000200
2025-02-17,320.342749958,21000100,323.68,20991200,323.68,21000200
2025-02-18,312.81622486783334,21000100,315.94,20991200,315.94,21000200
2025-02-19,321.8547834915,21000100,322.44,20991200,322.44,21000200
2025-02-20,326.830791637,21000100,325.68,20991200,325.68,21000200
2025-02-21,315.3298645965,21000100,313.56,20991200,313.56,21000200
2025-02-22,320.23425048666667,21000100,320.8,20991200,320.8,21000200
2025-02-23,330.29626212033327,21000100,327.64,20991200,327.64,21000200
2025-02-24,289.00355757974995,21000100,291.33,20991200,291.33,21000200
2025-02-25,288.7789134871667,21000100,291.67,20991200,291.67,21000200
2025-02-26,293.90295672266666,21000100,293.78,20991200,293.78,21000200
2025-02-27,298.5299209089167,21000100,296.66,20991200,296.66,21000200
2025-02-28,316.87047499566665,21000100,315.58,20991200,315.58,21000200
2025-03-01,313.8128058175,21000100,311.3,20991200,311.3,21000200
2025-03-02,336.004302192,21000100,334.08,20991200,334.08,21000200
2025-03-03,323.0540370855,21000100,321.16,20991200,321.16,21000200
2025-03-04,321.96657585599996,21000100,320.64,20991200,320.64,21000200
2025-03-05,385.25329062916666,21000100,392.15,20991200,392.15,21000200
2025-03-06,398.14064663437495,21000100,394.71,20991200,394.71,21000200
2025-03-07,392.41843875,21000100,388.87,20991200,388.87,21000200
2025-03-08,388.5378799712084,21000100,385.63,20991200,385.63,21000200
2025-03-09,359.83254091125,21000100,357.3,20991200,357.3,21000200
2025-03-10,333.1078612319167,21000100,331.58,20991200,331.58,21000200
2025-03-11,342.21902702233336,21000100,340.07,20991200,340.07,21000200
2025-03-12,354.53752082025,21000100,353.69,20991200,353.69,21000200
2025-03-13,325.930019650625,21000100,325.65,20991200,325.65,21000200
2025-03-14,330.21577287595835,21000100,331.19,20991200,331.19,21000200
2025-03-15,338.9730761785,21000100,342.12,20991200,342.12,21000200
2025-03-16,328.97785656233333,21000100,332.68,20991200,332.68,21000200
2025-03-17,336.8633401627083,21000100,337.19,20991200,337.19,21000200
2025-03-18,334.168189767375,21000100,335.03,20991200,335.03,21000200
2025-03-19,345.70207818649993,21000100,345.03,20991200,345.03,21000200
2025-03-20,333.72103124295836,21000100,333.41,20991200,333.41,21000200
2025-03-21,320.75466654275,21000100,322.89,20991200,322.89,21000200
2025-03-22,320.732379704,21000100,322.08,20991200,322.08,21000200
2025-03-23,326.94456385499996,21000100,325.2,20991200,325.2,21000200
2025-03-24,332.78931753533334,21000100,332.32,20991200,332.32,21000200
2025-03-25,336.47750897425,21000100,335.82,20991200,335.82,21000200
2025-03-26,334.021188625,21000100,335.0,20991200,335.0,21000200
2025-03-27,323.4100368315,21000100,324.44,20991200,324.44,21000200
2025-03-28,302.058899219,21000100,307.23,20991200,307.23,21000200
2025-03-29,300.047676915,21000100,303.1,20991200,303.1,21000200
2025-03-30,294.035915561625,21000100,298.89,20991200,298.89,21000200
2025-03-31,301.7035645687917,21000100,303.29,20991200,303.29,21000200
2025-04-01,307.53669643349997,21000100,308.01,20991200,308.01,21000200
2025-04-02,291.73635642,21000100,292.8,20991200,292.8,21000200
2025-04-03,301.45906558474996,21000100,301.03,20991200,301.03,21000200
2025-04-04,301.1839083395,21000100,301.16,20991200,301.16,21000200
2025-04-05,303.3825309,21000100,303.84,20991200,303.84,21000200
2025-04-06,270.25982969591666,21000100,272.09,20991200,272.09,21000200
2025-04-07,272.23777065937503,21000100,275.25,20991200,275.25,21000200
2025-04-08,265.33390699375,21000100,269.07,20991200,269.07,21000200
2025-04-09,301.18445258783333,21000100,301.33,20991200,301.33,21000200
2025-04-10,290.7578753665834,21000100,289.66,20991200,289.66,21000200
2025-04-11,311.2575184861667,21000100,312.67,20991200,312.67,21000200
2025-04-12,341.030299379625,21000100,344.43,20991200,344.43,21000200
2025-04-13,344.22840198958335,21000100,342.5,20991200,342.5,21000200
2025-04-14,315.39807447567154,21000100,323.36,20991200,323.36,21000200
2025-04-15,317.11042706854164,21000100,319.39,20991200,319.39,21000200
2025-04-16,322.29553653700003,21000100,321.36,20991200,321.36,21000200
2025-04-17,335.068891,21000100,333.75,20991200,333.75,21000200
2025-04-18,335.8090830318333,21000100,334.78,20991200,334.78,21000200
2025-04-19,335.2718331165,21000100,335.16,20991200,335.16,21000200
2025-04-20,337.4056223572917,21000100,335.95,20991200,335.95,21000200
2025-04-21,345.73725097199997,21000100,344.88,20991200,344.88,21000200
2025-04-22,364.78723075166664,21000100,362.05,20991200,362.05,21000200
2025-04-23,356.10162067050004,21000100,358.04,20991200,358.04,21000200
2025-04-24,359.30117545499996,21000100,356.55,20991200,356.55,21000200
2025-04-25,373.7997197538333,21000100,372.91,20991200,372.91,21000200
2025-04-26,350.6404026752083,21000100,354.95,20991200,354.95,21000200
2025-04-27,335.7334429275228,21000100,345.24,20991200,345.24,21000200
2025-04-28,353.51427680250004,21000100,363.99,20991200,363.99,21000200
2025-04-29,364.35334829425,21000100,363.58,20991200,363.58,21000200
2025-04-30,365.55935568787504,21000100,365.79,20991200,365.79,21000200
2025-05-01,355.51251896145834,21000100,360.35,20991200,360.35,21000200
2025-05-02,378.71599222112496,21000100,382.33,20991200,382.33,21000200
2025-05-03,353.132688635375,21000100,362.23,20991200,362.23,21000200
2025-05-04,343.97824964557134,21000100,355.64,20991200,355.64,21000200
2025-05-05,340.40320849040205,21000100,352.83,20991200,352.83,21000200
2025-05-06,360.99317299079166,21000100,374.39,20991200,374.39,21000200
2025-05-07,374.26412452437495,21000100,383.45,20991200,383.45,21000200
2025-05-08,420.08066213079167,21000100,421.49,20991200,421.49,21000200
2025-05-09,411.41692187199993,21000100,413.34,20991200,413.34,21000200
2025-05-10,429.36700124000004,21000100,430.8,20991200,430.8,21000200
2025-05-11,401.8477857962083,21000100,407.93,20991200,407.93,21000200
2025-05-12,402.7443961935833,21000100,410.38,20991200,410.38,21000200
2025-05-13,406.3416614957083,21000100,410.77,20991200,410.77,21000200
2025-05-14,397.1949443625,21000100,402.25,20991200,402.25,21000200
2025-05-15,384.55772301449997,21000100,395.64,20991200,395.64,21000200
2025-05-16,385.5661589354167,21000100,395.5,20991200,395.5,21000200
2025-05-17,382.74027133416666,21000100,391.79,20991200,391.79,21000200
2025-05-18,399.52087475400003,21000100,406.32,20991200,406.32,21000200
2025-05-19,384.070917919,21000100,392.34,20991200,392.34,21000200
2025-05-20,389.53030838241665,21000100,393.91,20991200,393.91,21000200
2025-05-21,404.4896540235833,21000100,406.78,20991200,406.78,21000200
2025-05-22,444.87534116750004,21000100,443.98,20991200,443.98,21000200
2025-05-23,428.11102833970835,21000100,426.19,20991200,426.19,21000200
2025-05-24,423.0965254317499,21000100,421.09,20991200,421.09,21000200
2025-05-25,422.8091591786667,21000100,422.32,20991200,422.32,21000200
2025-05-26,413.92464953875003,21000100,415.1,20991200,415.1,21000200
2025-05-27,417.8397872083333,21000100,414.28,20991200,414.28,21000200
2025-05-28,419.53295916024996,21000100,424.58,20991200,424.58,21000200
2025-05-29,406.8059833179167,21000100,409.3,20991200,409.3,21000200
2025-05-30,398.25102261787504,21000100,398.17,20991200,398.17,21000200
2025-05-31,415.4404295708334,21000100,414.7,20991200,414.7,21000200
2025-06-01,399.153650959,21000100,403.07,20991200,403.07,21000200
2025-06-02,402.63847964775005,21000100,403.42,20991200,403.42,21000200
2025-06-03,404.17474500000003,21000100,400.52,20991200,400.52,21000200
2025-06-04,401.6673536372916,21000100,399.95,20991200,399.95,21000200
2025-06-05,381.72678239833334,21000100,384.88,20991200,384.88,21000200
2025-06-06,389.56201599729167,21000100,395.47,20991200,395.47,21000200
2025-06-07,407.15907433875,21000100,409.05,20991200,409.05,21000200
2025-06-08,407.97156088208334,21000100,410.62,20991200,410.62,21000200
2025-06-09,425.97841578387494,21000100,424.77,20991200,424.77,21000200
2025-06-10,439.219948348,21000100,438.04,20991200,438.04,21000200
2025-06-11,428.5546791066667,21000100,428.44,20991200,428.44,21000200
2025-06-12,415.79487370916667,21000100,423.62,20991200,423.62,21000200
2025-06-13,442.9479024061667,21000100,448.58,20991200,448.58,21000200
2025-06-14,432.0117655425,21000100,430.65,20991200,430.65,21000200
2025-06-15,462.068950943625,21000100,460.17,20991200,460.17,21000200
2025-06-16,466.58977120149996,21000100,463.48,20991200,463.48,21000200
2025-06-17,466.71022125,21000100,462.49,20991200,462.49,21000200
2025-06-18,463.62229875,21000100,459.43,20991200,459.43,21000200
2025-06-19,499.3207050119167,21000100,496.99,20991200,496.99,21000200
2025-06-20,477.87114375000004,21000100,473.55,20991200,473.55,21000200
2025-06-21,463.36604144583333,21000100,467.0,20991200,467.0,21000200
2025-06-22,451.15481729733335,21000100,454.37,20991200,454.37,21000200
2025-06-23,452.97331151041664,21000100,462.02,20991200,462.02,21000200
2025-06-24,442.10204748508335,21000100,453.47,20991200,453.47,21000200
2025-06-25,474.70455780824994,21000100,482.58,20991200,482.58,21000200
2025-06-26,489.9200522510416,21000100,488.65,20991200,488.65,21000200
2025-06-27,499.31821413499995,21000100,504.4,20991200,504.4,21000200
2025-06-28,487.796697171875,21000100,490.75,20991200,490.75,21000200
2025-06-29,501.1556991852084,21000100,504.23,20991200,504.23,21000200
2025-06-30,509.35356891041664,21000100,505.46,20991200,505.46,21000200
2025-07-01,502.43072153925004,21000100,499.87,20991200,499.87,21000200
2025-07-02,504.71374370899997,21000100,510.44,20991200,510.44,21000200
2025-07-03,486.913046295625,21000100,496.05,20991200,496.05,21000200
2025-07-04,478.9755259593333,21000100,483.64,20991200,483.64,21000200
2025-07-05,478.6144489251667,21000100,488.93,20991200,488.93,21000200
2025-07-06,481.3874183533333,21000100,491.2,20991200,491.2,21000200
2025-07-07,495.66341047333333,21000100,496.24,20991200,496.24,21000200
2025-07-08,501.240527617,21000100,500.73,20991200,500.73,21000200
2025-07-09,509.84731076354166,21000100,514.25,20991200,514.25,21000200
2025-07-10,515.9088985845,21000100,518.22,20991200,518.22,21000200
2025-07-11,533.88054807725,21000100,531.38,20991200,531.38,21000200
2025-07-12,503.1920217135417,21000100,505.85,20991200,505.85,21000200
2025-07-13,494.8201294224583,21000100,507.61,20991200,507.61,21000200
2025-07-14,502.22112143400005,21000100,504.48,20991200,504.48,21000200
2025-07-15,488.267824622875,21000100,497.31,20991200,497.31,21000200
2025-07-16,490.8715925614583,21000100,498.55,20991200,498.55,21000200
2025-07-17,501.63323567175,21000100,499.59,20991200,499.59,21000200
2025-07-18,516.4169649263334,21000100,514.34,20991200,514.34,21000200
2025-07-19,517.2437518875,21000100,513.0,20991200,513.0,21000200
2025-07-20,553.16196,21000100,548.16,20991200,548.16,21000200
2025-07-21,527.2476300000001,21000100,522.48,20991200,522.48,21000200
2025-07-22,530.9410275,21000100,526.14,20991200,526.14,21000200
2025-07-23,516.42981,21000100,511.76,20991200,511.76,21000200
2025-07-24,513.7503645549999,21000100,513.05,20991200,513.05,21000200
2025-07-25,562.4358187500001,21000100,557.35,20991200,557.35,21000200
2025-07-26,564.41370375,21000100,559.31,20991200,559.31,21000200
2025-07-27,596.5432156265833,21000100,589.94,20991200,589.94,21000200
2025-07-28,577.6635150000001,21000100,572.44,20991200,572.44,21000200
2025-07-29,569.19695625,21000100,564.05,20991200,564.05,21000200
2025-07-30,594.90946125,21000100,589.53,20991200,589.53,21000200
2025-07-31,565.4041359569167,21000100,561.22,20991200,561.22,21000200
2025-08-01,538.450910685,21000100,535.8,20991200,535.8,21000200
2025-08-02,523.2549055253332,21000100,519.92,20991200,519.92,21000200
2025-08-03,547.1380572693749,21000100,544.05,20991200,544.05,21000200
2025-08-04,578.209068675875,21000100,574.27,20991200,574.27,21000200
2025-08-05,556.44161625,21000100,551.41,20991200,551.41,21000200
2025-08-06,576.05900625,21000100,570.85,20991200,570.85,21000200
2025-08-07,587.2098375,21000100,581.9,20991200,581.9,21000200
2025-08-08,589.753732164875,21000100,585.89,20991200,585.89,21000200
2025-08-09,570.707562942,21000100,565.92,20991200,565.92,21000200
2025-08-10,571.462288056,21000100,570.24,20991200,570.24,21000200
2025-08-11,583.76872125,21000100,578.49,20991200,578.49,21000200
2025-08-12,624.75937875,21000100,619.11,20991200,619.11,21000200
2025-08-13,621.8833725000001,21000100,616.26,20991200,616.26,21000200
2025-08-14,598.46158125,21000100,593.05,20991200,593.05,21000200
2025-08-15,597.6643725,21000100,592.26,20991200,592.26,21000200
2025-08-16,592.5582,21000100,587.2,20991200,587.2,21000200
2025-08-17,587.1694725000001,21000100,581.86,20991200,581.86,21000200
2025-08-18,572.512431292,21000100,568.64,20991200,568.64,21000200
2025-08-19,552.11648191875,21000100,548.15,20991200,548.15,21000200
2025-08-20,564.59710224,21000100,560.64,20991200,560.64,21000200
2025-08-21,558.8985789849584,21000100,554.39,20991200,554.39,21000200
2025-08-22,605.1218231130832,21000100,599.78,20991200,599.78,21000200
2025-08-23,596.64515625,21000100,591.25,20991200,591.25,21000200
2025-08-24,588.35014875,21000100,583.03,20991200,583.03,21000200
2025-08-25,547.9244765283335,21000100,543.34,20991200,543.34,21000200
2025-08-26,552.6455179900834,21000100,550.61,20991200,550.61,21000200
2025-08-27,553.029279132,21000100,550.08,20991200,550.08,21000200
2025-08-28,562.647735,21000100,557.56,20991200,557.56,21000200
2025-08-29,534.726385898125,21000100,530.57,20991200,530.57,21000200
2025-08-30,557.03673454,21000100,552.45,20991200,552.45,21000200
2025-08-31,548.1617472480834,21000100,543.94,20991200,543.94,21000200
2025-09-01,549.88230375,21000100,544.91,20991200,544.91,21000200
2025-09-02,589.68219375,21000100,584.35,20991200,584.35,21000200
2025-09-03,608.7878631474999,21000100,603.3,20991200,603.3,21000200
2025-09-04,589.2125424194584,21000100,586.33,20991200,586.33,21000200
2025-09-05,609.0696112272916,21000100,606.55,20991200,606.55,21000200
2025-09-06,594.6600180047083,21000100,594.89,20991200,594.89,21000200
2025-09-07,605.31472467875,21000100,602.95,20991200,602.95,21000200
2025-09-08,587.1874484483334,21000100,587.95,20991200,587.95,21000200
2025-09-09,580.4083331381249,21000100,580.05,20991200,580.05,21000200
2025-09-10,575.3835504762501,21000100,580.57,20991200,580.57,21000200
2025-09-11,597.0141793478334,21000100,596.33,20991200,596.33,21000200
2025-09-12,603.7695787499999,21000100,598.31,20991200,598.31,21000200
2025-09-13,603.981495,21000100,598.52,20991200,598.52,21000200
2025-09-14,606.61531125,21000100,601.13,20991200,601.13,21000200
2025-09-15,598.76431875,21000100,593.35,20991200,593.35,21000200
2025-09-16,603.97140375,21000100,598.51,20991200,598.51,21000200
2025-09-17,622.05492375,21000100,616.43,20991200,616.43,21000200
2025-09-18,629.78482125,21000100,624.09,20991200,624.09,21000200
2025-09-19,603.1254426798333,21000100,600.38,20991200,600.38,21000200
2025-09-20,595.87863166125,21000100,594.3,20991200,594.3,21000200
2025-09-21,594.79928532725,21000100,593.43,20991200,593.43,21000200
2025-09-22,567.9145353339167,21000100,566.78,20991200,566.78,21000200
2025-09-23,554.183890835,21000100,556.44,20991200,556.44,21000200
2025-09-24,555.9058996425,21000100,556.05,20991200,556.05,21000200
2025-09-25,535.2994520475834,21000100,536.17,20991200,536.17,21000200
2025-09-26,551.0810880044168,21000100,547.82,20991200,547.82,21000200
2025-09-27,545.9763236585,21000100,543.48,20991200,543.48,21000200
2025-09-28,559.12164610775,21000100,555.99,20991200,555.99,21000200
2025-09-29,563.5560377600417,21000100,560.63,20991200,560.63,21000200
2025-09-30,563.83643570625,21000100,560.25,20991200,560.25,21000200
2025-10-01,596.633511739375,21000100,592.57,20991200,592.57,21000200
2025-10-02,594.6912935249168,21000100,593.98,20991200,593.98,21000200
2025-10-03,610.1206305333333,21000100,608.0,20991200,608.0,21000200
2025-10-04,590.3440272074166,21000100,589.67,20991200,589.67,21000200
2025-10-05,594.7598432144583,21000100,593.99,20991200,593.99,21000200
2025-10-06,602.6721074537917,21000100,598.57,20991200,598.57,21000200
2025-10-07,581.3367300000001,21000100,576.08,20991200,576.08,21000200
2025-10-08,587.2068852525,21000100,583.02,20991200,583.02,21000200
2025-10-09,584.83839375,21000100,579.55,20991200,579.55,21000200
2025-10-10,517.314298045125,21000100,512.97,20991200,512.97,21000200
2025-10-11,502.7672683604167,21000100,499.58,20991200,499.58,21000200
2025-10-12,534.2052772820331,21000100,540.19,20991200,540.19,21000200
2025-10-13,545.51915578725,21000100,546.19,20991200,546.19,21000200
2025-10-14,540.25185462,21000100,537.72,20991200,537.72,21000200
2025-10-15,525.5984313025,21000100,521.9,20991200,521.9,21000200
2025-10-16,506.00805531925,21000100,504.46,20991200,504.46,21000200
2025-10-17,465.92134530970833,21000100,469.51,20991200,469.51,21000200
2025-10-18,463.3229026039102,21000100,468.02,20991200,468.02,21000200
2025-10-19,466.68909071160516,21000100,472.21,20991200,472.21,21000200
2025-10-20,471.7609781969393,21000100,478.47,20991200,478.47,21000200
2025-10-21,473.0991339646132,21000100,480.5,20991200,480.5,21000200
2025-10-22,466.58871403791665,21000100,472.9,20991200,472.9,21000200
2025-10-23,474.53868317375,21000100,479.9,20991200,479.9,21000200
2025-10-24,498.55385354275,21000100,502.98,20991200,502.98,21000200
2025-10-25,498.8835303838333,21000100,507.56,20991200,507.56,21000200
2025-10-26,547.2820908195429,21000100,558.8,20991200,558.8,21000200
2025-10-27,542.717706786247,21000100,555.27,20991200,555.27,21000200
2025-10-28,552.9234112665,21000100,557.14,20991200,557.14,21000200
2025-10-29,553.2167523595,21000100,555.22,20991200,555.22,21000200
2025-10-30,538.8746055333332,21000100,540.8,20991200,540.8,21000200
2025-10-31,532.5236861891667,21000100,534.53,20991200,534.53,21000200
2025-11-01,545.9116137675417,21000100,553.67,20991200,553.67,21000200
2025-11-02,529.577347365,21000100,536.4,20991200,536.4,21000200
2025-11-03,498.635094906,21000100,505.44,20991200,505.44,21000200
2025-11-04,477.40815477300004,21000100,479.73,20991200,479.73,21000200
2025-11-05,484.3338621365833,21000100,488.69,20991200,488.69,21000200
2025-11-06,465.56408481025,21000100,472.53,20991200,472.53,21000200
2025-11-07,506.20656426666665,21000100,512.0,20991200,512.0,21000200
2025-11-08,494.1136092691666,21000100,495.4,20991200,495.4,21000200
2025-11-09,496.13711087791665,21000100,503.21,20991200,503.21,21000200
2025-11-10,513.2574490218749,21000100,517.05,20991200,517.05,21000200
2025-11-11,498.129164864,21000100,505.29,20991200,505.29,21000200
2025-11-12,500.41459865479163,21000100,506.83,20991200,506.83,21000200
2025-11-13,504.82508173950004,21000100,508.98,20991200,508.98,21000200
2025-11-14,476.641947024,21000100,479.28,20991200,479.28,21000200
2025-11-15,503.4170752466667,21000100,502.1,20991200,502.1,21000200
2025-11-16,482.874724990875,21000100,483.07,20991200,483.07,21000200
2025-11-17,490.46810553058333,21000100,490.33,20991200,490.33,21000200
2025-11-18,522.49104864,21000100,522.72,20991200,522.72,21000200
2025-11-19,484.8696437766667,21000100,486.05,20991200,486.05,21000200
2025-11-20,480.2755134508333,21000100,480.2,20991200,480.2,21000200
2025-11-21,526.9379977280418,21000100,533.33,20991200,533.33,21000200
2025-11-22,561.194595,21000100,556.12,20991200,556.12,21000200
2025-11-23,543.98901375,21000100,539.07,20991200,539.07,21000200
2025-11-24,550.094937477625,21000100,549.03,20991200,549.03,21000200
2025-11-25,526.6761285239584,21000100,526.85,20991200,526.85,21000200
2025-11-26,534.6618384403333,21000100,543.28,20991200,543.28,21000200
2025-11-27,527.47207887525,21000100,532.53,20991200,532.53,21000200
2025-11-28,544.9184785483333,21000100,548.3,20991200,548.3,21000200
2025-11-29,515.3646949399583,21000100,521.11,20991200,521.11,21000200
2025-11-30,523.4082138486575,21000100,540.47,20991200,540.47,21000200
2025-12-01,519.5764216570833,21000100,522.65,20991200,522.65,21000200
2025-12-02,542.19018205125,21000100,545.13,20991200,545.13,21000200
2025-12-03,589.3209842819999,21000100,590.16,20991200,590.16,21000200
2025-12-04,572.1170194812499,21000100,574.5,20991200,574.5,21000200
2025-12-05,555.24336642,21000100,559.2,20991200,559.2,21000200
2025-12-06,569.6645623065,21000100,583.16,20991200,583.16,21000200
2025-12-07,580.6182743208749,21000100,598.03,20991200,598.03,21000200
2025-12-08,577.692091517375,21000100,578.77,20991200,578.77,21000200
2025-12-09,572.6971693533334,21000100,584.27,20991200,584.27,21000200
2025-12-10,551.2457281347786,21000100,572.35,20991200,572.35,21000200
2025-12-11,570.017354185125,21000100,573.93,20991200,573.93,21000200
2025-12-12,575.9673663936667,21000100,581.33,20991200,581.33,21000200
2025-12-13,574.3148883185416,21000100,579.61,20991200,579.61,21000200
2025-12-14,553.7258579456667,21000100,557.84,20991200,557.84,21000200
2025-12-15,529.990115431,21000100,535.44,20991200,535.44,21000200
2025-12-16,537.040391615,21000100,545.72,20991200,545.72,21000200
2025-12-17,532.5563637214999,21000100,546.18,20991200,546.18,21000200
2025-12-18,564.9943652575,21000100,565.34,20991200,565.34,21000200
2025-12-19,622.5473959121249,21000100,624.29,20991200,624.29,21000200
2025-12-20,590.8706673015,21000100,591.72,20991200,591.72,21000200
2025-12-21,585.1801019565,21000100,590.76,20991200,590.76,21000200
2025-12-22,573.5269509977917,21000100,589.99,20991200,589.99,21000200
2025-12-23,564.1222723986666,21000100,572.02,20991200,572.02,21000200
2025-12-24,563.2678187063749,21000100,568.31,20991200,568.31,21000200
2025-12-25,589.1309069741667,21000100,589.4,20991200,589.4,21000200
2025-12-26,594.871474241125,21000100,594.57,20991200,594.57,21000200
2025-12-27,624.4121234904167,21000100,622.9,20991200,622.9,21000200
2025-12-28,622.0150767016668,21000100,621.95,20991200,621.95,21000200
2025-12-29,591.8070471822916,21000100,598.75,20991200,598.75,21000200
2025-12-30,596.0237871168752,21000100,595.57,20991200,595.57,21000200
2025-12-31,597.2838474666667,21000100,599.15,20991200,599.15,21000200
2026-01-01,590.8495682081667,21000100,592.87,20991200,592.87,21000200
2026-01-02,597.318121144875,21000100,609.61,20991200,609.61,21000200
2026-01-03,660.15948375,21000100,654.19,20991200,654.19,21000200
2026-01-04,639.78772472875,21000100,638.7,20991200,638.7,21000200
2026-01-05,644.8026746089583,21000100,644.95,20991200,644.95,21000200
2026-01-06,637.7865259344583,21000100,637.81,20991200,637.81,21000200
2026-01-07,631.1986349355,21000100,628.91,20991200,628.91,21000200
2026-01-08,634.7853165791666,21000100,631.75,20991200,631.75,21000200
2026-01-09,637.2259152375417,21000100,634.37,20991200,634.37,21000200
2026-01-10,645.71963010475,21000100,643.47,20991200,643.47,21000200
2026-01-11,634.7780356195,21000100,648.49,20991200,648.49,21000200
2026-01-12,613.7664367076667,21000100,621.14,20991200,621.14,21000200
2026-01-13,611.8894285981249,21000100,616.65,20991200,616.65,21000200
2026-01-14,585.6843533753333,21000100,596.96,20991200,596.96,21000200
2026-01-15,589.124675981875,21000100,590.37,20991200,590.37,21000200
2026-01-16,592.1685196872083,21000100,598.99,20991200,598.99,21000200
2026-01-17,585.8561815599166,21000100,593.78,20991200,593.78,21000200
2026-01-18,587.9994085559999,21000100,591.12,20991200,591.12,21000200
2026-01-19,579.468072218875,21000100,583.59,20991200,583.59,21000200
2026-01-20,568.3412900009583,21000100,572.63,20991200,572.63,21000200
2026-01-21,575.6541279319167,21000100,584.38,20991200,584.38,21000200
2026-01-22,599.9754211686667,21000100,598.64,20991200,598.64,21000200
2026-01-23,593.2417094474167,21000100,595.22,20991200,595.22,21000200
2026-01-24,591.49839635675,21000100,593.21,20991200,593.21,21000200
2026-01-25,569.62678977725,21000100,571.79,20991200,571.79,21000200
2026-01-26,576.43426138875,21000100,578.17,20991200,578.17,21000200
2026-01-27,600.0816743769166,21000100,599.74,20991200,599.74,21000200
2026-01-28,590.8124886533334,21000100,590.87,20991200,590.87,21000200
2026-01-29,553.9938189311667,21000100,553.69,20991200,553.69,21000200
2026-01-30,554.29234744,21000100,552.92,20991200,552.92,21000200
2026-01-31,509.464522875625,21000100,507.09,20991200,507.09,21000200
2026-02-01,505.32086390933335,21000100,515.84,20991200,515.84,21000200
2026-02-02,539.3026306212083,21000100,539.29,20991200,539.29,21000200
2026-02-03,528.9514235387501,21000100,526.62,20991200,526.62,21000200
2026-02-04,534.71808077125,21000100,532.13,20991200,532.13,21000200
2026-02-05,456.07274774875,21000100,453.47,20991200,453.47,21000200
2026-02-06,522.2007196431249,21000100,522.93,20991200,522.93,21000200
2026-02-07,528.6727230693333,21000100,524.92,20991200,524.92,21000200
2026-02-08,528.474774262,21000100,526.64,20991200,526.64,21000200
2026-02-09,533.3960451239167,21000100,532.66,20991200,532.66,21000200
2026-02-10,525.9227669028334,21000100,524.06,20991200,524.06,21000200
2026-02-11,516.2120849821667,21000100,515.72,20991200,515.72,21000200
2026-02-12,501.3929963154167,21000100,502.85,20991200,502.85,21000200
2026-02-13,565.2935265049999,21000100,563.74,20991200,563.74,21000200
2026-02-14,565.8208940155416,21000100,562.51,20991200,562.51,21000200
2026-02-15,555.3032648760001,21000100,553.32,20991200,553.32,21000200
2026-02-16,569.44928704925,21000100,568.73,20991200,568.73,21000200
2026-02-17,562.0469729470833,21000100,563.06,20991200,563.06,21000200
2026-02-18,557.9217048080001,21000100,557.44,20991200,557.44,21000200
2026-02-19,559.3116562519999,21000100,559.92,20991200,559.92,21000200
2026-02-20,563.3417501475,21000100,562.05,20991200,562.05,21000200
2026-02-21,564.129018504,21000100,563.76,20991200,563.76,21000200
2026-02-22,570.9027802404582,21000100,570.37,20991200,570.37,21000200
2026-02-23,492.996923253375,21000100,495.27,20991200,495.27,21000200
2026-02-24,475.2300638625,21000100,484.2,20991200,484.2,21000200
2026-02-25,488.18054078625005,21000100,492.42,20991200,492.42,21000200
2026-02-26,496.9768622086667,21000100,500.56,20991200,500.56,21000200
