DATETIME,CARRY,CARRY_CONTRACT,PRICE,PRICE_CONTRACT,FORWARD,FORWARD_CONTRACT
2020-02-11,30.227562119749997,21000100,25.705,20991200,25.705,21000200
2020-02-12,31.859032592250003,21000100,26.451,20991200,26.451,21000200
2020-02-13,28.99816792833333,21000100,25.456,20991200,25.456,21000200
2020-02-14,27.417765575466667,21000100,26.384,20991200,26.384,21000200
2020-02-15,28.356731722570835,21000100,24.239,20991200,24.239,21000200
2020-02-16,23.389,21000100,23.389,20991200,23.389,21000200
2020-02-17,24.45705578506667,21000100,23.452,20991200,23.452,21000200
2020-02-18,24.27667247588333,21000100,24.094,20991200,24.094,21000200
2020-02-19,23.320189369320833,21000100,22.367,20991200,22.367,21000200
2020-02-20,23.133854074337503,21000100,22.191,20991200,22.191,21000200
2020-02-21,22.659074453675,21000100,22.209,20991200,22.209,21000200
2020-02-22,23.1265037808,21000100,22.008,20991200,22.008,21000200
2020-02-23,24.10139568003333,21000100,22.868,20991200,22.868,21000200
2020-02-24,22.80022647925,21000100,22.11,20991200,22.11,21000200
2020-02-25,20.80228014675,21000100,20.34,20991200,20.34,21000200
2020-02-26,18.9217320231,21000100,18.729,20991200,18.729,21000200
2020-02-27,19.154,21000100,19.154,20991200,19.154,21000200
2020-02-28,19.001,21000100,19.001,20991200,19.001,21000200
2020-02-29,19.426698782050003,21000100,19.257,20991200,19.257,21000200
2020-03-02,19.9,21000100,19.9,20991200,19.9,21000200
2020-03-03,19.55177766145833,21000100,19.685,20991200,19.685,21000200
2020-03-04,19.58233526075,21000100,19.969,20991200,19.969,21000200
2020-03-05,20.881686477225003,21000100,20.754,20991200,20.754,21000200
2020-03-06,22.017501383595835,21000100,21.379,20991200,21.379,21000200
2020-03-07,21.350442022683332,21000100,20.269,20991200,20.269,21000200
2020-03-08,17.92796911732083,21000100,16.897,20991200,16.897,21000200
2020-03-09,16.973547051529167,21000100,16.589,20991200,16.589,21000200
2020-03-10,16.85,21000100,16.85,20991200,16.85,21000200
2020-03-11,16.591,21000100,16.591,20991200,16.591,21000200
2020-03-12,9.158091279416665,21000100,9.277,20991200,9.277,21000200
2020-03-13,8.886018522999018,21000100,10.958,20991200,10.958,21000200
2020-03-14,10.7410799678125,21000100,10.135,20991200,10.135,21000200
2020-03-15,10.649778292050001,21000100,10.393,20991200,10.393,21000200
2020-03-16,9.34979756515,21000100,9.422,20991200,9.422,21000200
2020-03-17,10.260141495770833,21000100,10.241,20991200,10.241,21000200
2020-03-18,10.392,21000100,10.392,20991200,10.392,21000200
2020-03-19,12.267,21000100,12.267,20991200,12.267,21000200
2020-03-20,11.922578881616667,21000100,11.911,20991200,11.911,21000200
2020-03-21,12.101,21000100,12.101,20991200,12.101,21000200
2020-03-22,11.16,21000100,11.16,20991200,11.16,21000200
2020-03-23,12.172,21000100,12.172,20991200,12.172,21000200
2020-03-24,12.404,21000100,12.404,20991200,12.404,21000200
2020-03-25,11.521667283066668,21000100,12.304,20991200,12.304,21000200
2020-03-26,12.246718902366666,21000100,13.202,20991200,13.202,21000200
2020-03-27,11.985640316554168,21000100,12.317,20991200,12.317,21000200
2020-03-28,11.560163971145835,21000100,12.175,20991200,12.175,21000200
2020-03-29,10.586464092508333,21000100,11.267,20991200,11.267,21000200
2020-03-30,11.580353001674998,21000100,12.123,20991200,12.123,21000200
2020-03-31,12.233809482266667,21000100,12.536,20991200,12.536,21000200
2020-04-02,12.6438028832,21000100,13.008,20991200,13.008,21000200
2020-04-03,12.95365521045,21000100,13.359,20991200,13.359,21000200
2020-04-04,13.781,21000100,13.781,20991200,13.781,21000200
2020-04-05,13.72155060885,21000100,13.699,20991200,13.699,21000200
2020-04-06,15.339029474075,21000100,15.189,20991200,15.189,21000200
2020-04-07,14.791909602395833,21000100,14.725,20991200,14.725,21000200
2020-04-08,15.098,21000100,15.098,20991200,15.098,21000200
2020-04-09,15.013,21000100,15.013,20991200,15.013,21000200
2020-04-10,13.708,21000100,13.708,20991200,13.708,21000200
2020-04-11,13.75103318925,21000100,13.804,20991200,13.804,21000200
2020-04-12,14.287,21000100,14.287,20991200,14.287,21000200
2020-04-13,14.51434925,21000100,15.0,20991200,15.0,21000200
2020-04-14,14.0879400555875,21000100,15.593,20991200,15.593,21000200
2020-04-15,13.587499235400001,21000100,14.544,20991200,14.544,21000200
2020-04-16,14.113715466975002,21000100,15.737,20991200,15.737,21000200
2020-04-17,13.022089385666668,21000100,15.61,20991200,15.61,21000200
2020-04-18,15.917530487166664,21000100,16.58,20991200,16.58,21000200
2020-04-19,14.7248221750625,21000100,16.035,20991200,16.035,21000200
2020-04-20,13.822159573000002,21000100,14.928,20991200,14.928,21000200
2020-04-21,13.468258003316667,21000100,15.113,20991200,15.113,21000200
2020-04-22,14.991953744212498,21000100,15.697,20991200,15.697,21000200
2020-04-23,15.789153984541665,21000100,16.049,20991200,16.049,21000200
2020-04-24,15.93,21000100,15.93,20991200,15.93,21000200
2020-04-25,16.233,21000100,16.233,20991200,16.233,21000200
2020-04-26,16.2982971785625,21000100,16.347,20991200,16.347,21000200
2020-04-27,16.414,21000100,16.414,20991200,16.414,21000200
2020-04-28,16.0150643235,21000100,16.335,20991200,16.335,21000200
2020-04-29,17.333,21000100,17.333,20991200,17.333,21000200
2020-04-30,15.525245198400002,21000100,16.928,20991200,16.928,21000200
2020-05-02,16.688121784,21000100,17.52,20991200,17.52,21000200
2020-05-03,16.452341479383332,21000100,17.083,20991200,17.083,21000200
2020-05-04,16.384722957370833,21000100,17.003,20991200,17.003,21000200
2020-05-05,16.85,21000100,16.85,20991200,16.85,21000200
2020-05-06,15.708078068345833,21000100,16.391,20991200,16.391,21000200
2020-05-07,16.886436073058334,21000100,16.997,20991200,16.997,21000200
2020-05-08,17.145,21000100,17.145,20991200,17.145,21000200
2020-05-09,16.766,21000100,16.766,20991200,16.766,21000200
2020-05-10,14.659038161775,21000100,15.309,20991200,15.309,21000200
2020-05-11,14.956878612866667,21000100,15.073,20991200,15.073,21000200
2020-05-12,15.6153032529,21000100,15.756,20991200,15.756,21000200
2020-05-13,15.5638658168,21000100,16.177,20991200,16.177,21000200
2020-05-14,15.838122209541666,21000100,16.361,20991200,16.361,21000200
2020-05-15,15.71,21000100,15.71,20991200,15.71,21000200
2020-05-16,16.059,21000100,16.059,20991200,16.059,21000200
2020-05-17,16.293,21000100,16.293,20991200,16.293,21000200
2020-05-18,16.638,21000100,16.638,20991200,16.638,21000200
2020-05-19,17.215,21000100,17.215,20991200,17.215,21000200
2020-05-20,16.887,21000100,16.887,20991200,16.887,21000200
2020-05-21,16.097,21000100,16.097,20991200,16.097,21000200
2020-05-22,16.619859921133337,21000100,16.606,20991200,16.606,21000200
2020-05-23,16.566303970874998,21000100,16.49,20991200,16.49,21000200
2020-05-24,16.095994782466665,21000100,15.952,20991200,15.952,21000200
2020-05-25,16.385,21000100,16.385,20991200,16.385,21000200
2020-05-26,16.219,21000100,16.219,20991200,16.219,21000200
2020-05-27,16.481,21000100,16.481,20991200,16.481,21000200
2020-05-28,17.092,21000100,17.092,20991200,17.092,21000200
2020-05-29,17.016,21000100,17.016,20991200,17.016,21000200
2020-05-30,17.74183392373333,21000100,17.737,20991200,17.737,21000200
2020-05-31,17.293615497520832,21000100,17.089,20991200,17.089,21000200
2020-06-02,18.189608298025004,21000100,17.274,20991200,17.274,21000200
2020-06-03,17.573,21000100,17.573,20991200,17.573,21000200
2020-06-04,17.526,21000100,17.526,20991200,17.526,21000200
2020-06-05,17.686,21000100,17.686,20991200,17.686,21000200
2020-06-06,17.567,21000100,17.567,20991200,17.567,21000200
2020-06-07,17.434397842875,21000100,17.415,20991200,17.415,21000200
2020-06-08,17.453,21000100,17.453,20991200,17.453,21000200
2020-06-09,17.53115625057917,21000100,17.383,20991200,17.383,21000200
2020-06-10,17.419,21000100,17.419,20991200,17.419,21000200
2020-06-11,16.389588975620835,21000100,16.231,20991200,16.231,21000200
2020-06-12,16.643,21000100,16.643,20991200,16.643,21000200
2020-06-13,16.807,21000100,16.807,20991200,16.807,21000200
2020-06-14,16.566,21000100,16.566,20991200,16.566,21000200
2020-06-15,16.378,21000100,16.378,20991200,16.378,21000200
2020-06-16,16.429,21000100,16.429,20991200,16.429,21000200
2020-06-17,16.39,21000100,16.39,20991200,16.39,21000200
2020-06-18,16.169,21000100,16.169,20991200,16.169,21000200
2020-06-19,15.966,21000100,15.966,20991200,15.966,21000200
2020-06-20,16.071,21000100,16.071,20991200,16.071,21000200
2020-06-21,16.265383168208334,21000100,15.982,20991200,15.982,21000200
2020-06-22,17.124642100074997,21000100,16.514,20991200,16.514,21000200
2020-06-23,16.877221848516665,21000100,16.396,20991200,16.396,21000200
2020-06-24,16.45895478584583,21000100,16.037,20991200,16.037,21000200
2020-06-25,16.240606162083335,21000100,15.925,20991200,15.925,21000200
2020-06-26,15.778,21000100,15.778,20991200,15.778,21000200
2020-06-27,15.139,21000100,15.139,20991200,15.139,21000200
2020-06-28,15.386,21000100,15.386,20991200,15.386,21000200
2020-06-29,15.48,21000100,15.48,20991200,15.48,21000200
2020-06-30,15.44596884325,21000100,15.411,20991200,15.411,21000200
2020-07-02,15.375,21000100,15.375,20991200,15.375,21000200
2020-07-03,15.358797772500001,21000100,15.288,20991200,15.288,21000200
2020-07-04,15.794165809391666,21000100,15.574,20991200,15.574,21000200
2020-07-05,15.502,21000100,15.502,20991200,15.502,21000200
2020-07-06,16.851157053500003,21000100,16.324,20991200,16.324,21000200
2020-07-07,18.032756514120834,21000100,16.837,20991200,16.837,21000200
2020-07-08,17.77525177458333,21000100,17.29,20991200,17.29,21000200
2020-07-09,17.245493934916666,21000100,16.844,20991200,16.844,21000200
2020-07-10,17.437834548749997,21000100,17.325,20991200,17.325,21000200
2020-07-11,17.858568826687502,21000100,17.631,20991200,17.631,21000200
2020-07-12,18.746752974600003,21000100,18.312,20991200,18.312,21000200
2020-07-13,19.5138131574125,21000100,18.419,20991200,18.419,21000200
2020-07-14,18.98168187825,21000100,18.09,20991200,18.09,21000200
2020-07-15,18.174191665,21000100,17.648,20991200,17.648,21000200
2020-07-16,17.64301991503333,21000100,17.171,20991200,17.171,21000200
2020-07-17,17.073,21000100,17.073,20991200,17.073,21000200
2020-07-18,17.156,21000100,17.156,20991200,17.156,21000200
2020-07-19,18.039,21000100,18.039,20991200,18.039,21000200
2020-07-20,18.025515054575,21000100,17.493,20991200,17.493,21000200
2020-07-21,18.258481102749997,21000100,17.737,20991200,17.737,21000200
2020-07-22,18.20925563392917,21000100,18.103,20991200,18.103,21000200
2020-07-23,19.0445360012,21000100,18.768,20991200,18.768,21000200
2020-07-24,19.327641033183333,21000100,19.204,20991200,19.204,21000200
2020-07-25,19.890739477333334,21000100,19.84,20991200,19.84,21000200
2020-07-26,20.051938590995835,21000100,19.577,20991200,19.577,21000200
2020-07-27,20.413951147533332,21000100,19.792,20991200,19.792,21000200
2020-07-28,20.902832219100002,21000100,20.184,20991200,20.184,21000200
2020-07-29,20.80109577825417,21000100,19.901,20991200,19.901,21000200
2020-07-30,20.841004649500004,21000100,19.978,20991200,19.978,21000200
2020-07-31,21.550834254583332,21000100,20.686,20991200,20.686,21000200
2020-08-02,21.785133654679168,21000100,20.959,20991200,20.959,21000200
2020-08-03,22.397576882333333,21000100,22.064,20991200,22.064,21000200
2020-08-04,23.5051033965125,21000100,22.323,20991200,22.323,21000200
2020-08-05,23.73429524546667,21000100,23.236,20991200,23.236,21000200
2020-08-06,22.5251290335,21000100,22.76,20991200,22.76,21000200
2020-08-07,22.334,21000100,22.334,20991200,22.334,21000200
2020-08-08,21.43179481695723,21000100,22.909,20991200,22.909,21000200
2020-08-09,21.563493181200002,21000100,22.416,20991200,22.416,21000200
2020-08-10,22.903518121599998,21000100,22.656,20991200,22.656,21000200
2020-08-11,21.70908438940833,21000100,21.278,20991200,21.278,21000200
2020-08-12,21.6309124770125,21000100,21.503,20991200,21.503,21000200
2020-08-13,22.7005114933125,21000100,21.789,20991200,21.789,21000200
2020-08-14,24.761785130129166,21000100,23.141,20991200,23.141,21000200
2020-08-15,23.8586218964625,21000100,23.107,20991200,23.107,21000200
2020-08-16,24.0706051355,21000100,23.54,20991200,23.54,21000200
2020-08-17,24.734643181808334,21000100,23.503,20991200,23.503,21000200
2020-08-18,25.010653445399996,21000100,23.016,20991200,23.016,21000200
2020-08-19,22.834454405333332,21000100,22.376,20991200,22.376,21000200
2020-08-20,24.664148283958333,21000100,23.122,20991200,23.122,21000200
2020-08-21,22.882053588158335,21000100,22.123,20991200,22.123,21000200
2020-08-22,22.375108955533335,21000100,22.216,20991200,22.216,21000200
2020-08-23,22.234083176283338,21000100,21.853,20991200,21.853,21000200
2020-08-24,22.908622586666667,21000100,22.6,20991200,22.6,21000200
2020-08-25,21.938184409166666,21000100,21.4,20991200,21.4,21000200
2020-08-26,22.61174112705,21000100,22.212,20991200,22.212,21000200
2020-08-27,23.495710102258332,21000100,23.129,20991200,23.129,21000200
2020-08-28,24.111878719979163,21000100,23.095,20991200,23.095,21000200
2020-08-29,23.51036602323334,21000100,22.952,20991200,22.952,21000200
2020-08-30,24.686961525241664,21000100,23.642,20991200,23.642,21000200
2020-08-31,24.14001350475,21000100,23.166,20991200,23.166,21000200
2020-09-02,27.0840798212,21000100,24.756,20991200,24.756,21000200
2020-09-03,21.0212318851,21000100,20.424,20991200,20.424,21000200
2020-09-04,20.88117997625,21000100,20.94,20991200,20.94,21000200
2020-09-05,18.639253484958335,21000100,19.43,20991200,19.43,21000200
2020-09-06,21.452162652219855,21000100,23.137,20991200,23.137,21000200
2020-09-07,21.407777233975,21000100,22.398,20991200,22.398,21000200
2020-09-08,21.21534240817689,21000100,23.18,20991200,23.18,21000200
2020-09-09,22.4005467772125,21000100,24.417,20991200,24.417,21000200
2020-09-10,24.363906822120832,21000100,24.509,20991200,24.509,21000200
2020-09-11,24.386814522437497,21000100,25.365,20991200,25.365,21000200
2020-09-12,25.7373923360625,21000100,28.395,20991200,28.395,21000200
2020-09-13,27.78400016930646,21000100,31.142,20991200,31.142,21000200
2020-09-14,27.01206897678595,21000100,30.856,20991200,30.856,21000200
2020-09-15,23.54662294805,21000100,27.086,20991200,27.086,21000200
2020-09-16,25.535359090100002,21000100,27.816,20991200,27.816,21000200
2020-09-17,26.388130960770834,21000100,26.989,20991200,26.989,21000200
2020-09-18,26.56499628684583,21000100,27.653,20991200,27.653,21000200
2020-09-19,27.532720628849997,21000100,27.226,20991200,27.226,21000200
2020-09-20,27.033449897750003,21000100,26.324,20991200,26.324,21000200
2020-09-21,23.16255968133333,21000100,23.12,20991200,23.12,21000200
2020-09-22,24.051,21000100,24.051,20991200,24.051,21000200
2020-09-23,22.839,21000100,22.839,20991200,22.839,21000200
2020-09-24,24.56,21000100,24.56,20991200,24.56,21000200
2020-09-25,24.570145711016664,21000100,24.677,20991200,24.677,21000200
2020-09-26,26.162,21000100,26.162,20991200,26.162,21000200
2020-09-27,24.072296105637502,21000100,26.219,20991200,26.219,21000200
2020-09-28,25.670315026462497,21000100,26.973,20991200,26.973,21000200
2020-09-29,24.88400210333333,21000100,28.822,20991200,28.822,21000200
2020-09-30,24.421718102619682,21000100,29.2,20991200,29.2,21000200
2020-10-02,25.30650689675,21000100,27.285,20991200,27.285,21000200
2020-10-03,24.63440403305,21000100,28.133,20991200,28.133,21000200
2020-10-04,23.567675520990555,21000100,28.961,20991200,28.961,21000200
2020-10-05,24.2801641313,21000100,28.616,20991200,28.616,21000200
2020-10-06,25.3252766350375,21000100,27.687,20991200,27.687,21000200
2020-10-07,26.292650766775,21000100,27.667,20991200,27.667,21000200
2020-10-08,27.220655097912502,21000100,27.669,20991200,27.669,21000200
2020-10-09,28.027329140141667,21000100,28.373,20991200,28.373,21000200
2020-10-10,27.6028137639375,21000100,28.359,20991200,28.359,21000200
2020-10-11,28.501,21000100,28.501,20991200,28.501,21000200
2020-10-12,30.254651216400003,21000100,30.638,20991200,30.638,21000200
2020-10-13,27.000083428499998,21000100,30.622,20991200,30.622,21000200
2020-10-14,28.420583858333334,21000100,30.8,20991200,30.8,21000200
2020-10-15,28.461992352916667,21000100,31.3,20991200,31.3,21000200
2020-10-16,29.963229521025,21000100,30.026,20991200,30.026,21000200
2020-10-17,30.081153688333334,21000100,30.2,20991200,30.2,21000200
2020-10-18,30.456581289358333,21000100,30.599,20991200,30.599,21000200
2020-10-19,29.491030636583336,21000100,29.899,20991200,29.899,21000200
2020-10-20,28.831,21000100,28.831,20991200,28.831,21000200
2020-10-21,29.734,21000100,29.734,20991200,29.734,21000200
2020-10-22,31.290106133175,21000100,30.663,20991200,30.663,21000200
2020-10-23,30.775031901374998,21000100,30.63,20991200,30.63,21000200
2020-10-24,30.629,21000100,30.629,20991200,30.629,21000200
2020-10-25,30.107,21000100,30.107,20991200,30.107,21000200
2020-10-26,30.74267028575833,21000100,31.022,20991200,31.022,21000200
2020-10-27,31.106291772733332,21000100,31.423,20991200,31.423,21000200
2020-10-28,30.322,21000100,30.322,20991200,30.322,21000200
2020-10-29,29.845,21000100,29.845,20991200,29.845,21000200
2020-10-30,28.026570464425,21000100,28.509,20991200,28.509,21000200
2020-10-31,28.5461100281,21000100,28.504,20991200,28.504,21000200
2020-11-02,27.959420942212496,21000100,27.807,20991200,27.807,21000200
2020-11-03,26.878,21000100,26.878,20991200,26.878,21000200
2020-11-04,27.030818078666666,21000100,26.96,20991200,26.96,21000200
2020-11-05,27.940876157254163,21000100,27.721,20991200,27.721,21000200
2020-11-06,30.39159195675,21000100,29.052,20991200,29.052,21000200
2020-11-07,29.474430331766666,21000100,27.788,20991200,27.788,21000200
2020-11-08,28.691186561391667,21000100,28.427,20991200,28.427,21000200
2020-11-09,28.748578324583335,21000100,28.1,20991200,28.1,21000200
2020-11-10,29.340680676679167,21000100,28.237,20991200,28.237,21000200
2020-11-11,29.198524871625,21000100,28.01,20991200,28.01,21000200
2020-11-12,28.473338588533334,21000100,27.712,20991200,27.712,21000200
2020-11-13,28.9223826125125,21000100,28.227,20991200,28.227,21000200
2020-11-14,28.63609621385,21000100,27.964,20991200,27.964,21000200
2020-11-15,27.681,21000100,27.681,20991200,27.681,21000200
2020-11-16,28.405109002683332,21000100,27.997,20991200,27.997,21000200
2020-11-17,29.723502239625,21000100,28.554,20991200,28.554,21000200
2020-11-18,29.624065805166666,21000100,28.12,20991200,28.12,21000200
2020-11-19,28.849301199804167,21000100,28.123,20991200,28.123,21000200
2020-11-20,29.630306484425,21000100,28.986,20991200,28.986,21000200
2020-11-21,33.33316525500417,21000100,30.581,20991200,30.581,21000200
2020-11-22,32.0037405853125,21000100,30.045,20991200,30.045,21000200
2020-11-23,35.513711040591666,21000100,31.063,20991200,31.063,21000200
2020-11-24,37.86701755120833,21000100,33.919,20991200,33.919,21000200
2020-11-25,34.03828869702083,21000100,31.285,20991200,31.285,21000200
2020-11-26,28.456178181408333,21000100,28.258,20991200,28.258,21000200
2020-11-27,28.6518591625,21000100,28.5,20991200,28.5,21000200
2020-11-28,29.425765151066667,21000100,29.168,20991200,29.168,21000200
2020-11-29,30.3725645563,21000100,30.138,20991200,30.138,21000200
2020-11-30,32.234479411749994,21000100,31.535,20991200,31.535,21000200
2020-12-02,31.471623226908335,21000100,30.278,20991200,30.278,21000200
2020-12-03,32.55038114822917,21000100,30.721,20991200,30.721,21000200
2020-12-04,29.980680200879167,21000100,29.039,20991200,29.039,21000200
2020-12-05,30.493235389,21000100,29.74,20991200,29.74,21000200
2020-12-06,29.499,21000100,29.499,20991200,29.499,21000200
2020-12-07,29.451187495166668,21000100,29.38,20991200,29.38,21000200
2020-12-08,27.700449075612504,21000100,27.687,20991200,27.687,21000200
2020-12-09,28.152,21000100,28.152,20991200,28.152,21000200
2020-12-10,27.7,21000100,27.7,20991200,27.7,21000200
2020-12-11,27.356,21000100,27.356,20991200,27.356,21000200
2020-12-12,28.346227707425,21000100,28.162,20991200,28.162,21000200
2020-12-13,29.848735137041665,21000100,29.182,20991200,29.182,21000200
2020-12-14,30.80527075388333,21000100,30.031,20991200,30.031,21000200
2020-12-15,29.47,21000100,29.47,20991200,29.47,21000200
2020-12-16,30.856621924645836,21000100,30.563,20991200,30.563,21000200
2020-12-17,33.014428454124996,21000100,30.237,20991200,30.237,21000200
2020-12-18,32.629067695833335,21000100,31.0,20991200,31.0,21000200
2020-12-19,36.422410607837506,21000100,33.337,20991200,33.337,21000200
2020-12-20,38.65404743775,21000100,34.29,20991200,34.29,21000200
2020-12-21,33.81333862725,21000100,32.13,20991200,32.13,21000200
2020-12-22,33.76500635695417,21000100,33.527,20991200,33.527,21000200
2020-12-23,31.483576941370835,21000100,31.159,20991200,31.159,21000200
2020-12-24,32.504,21000100,32.504,20991200,32.504,21000200
2020-12-25,33.3404872834,21000100,33.231,20991200,33.231,21000200
2020-12-26,33.754169113316664,21000100,33.638,20991200,33.638,21000200
2020-12-27,34.81793337535,21000100,33.676,20991200,33.676,21000200
2020-12-28,38.03429969188334,21000100,36.026,20991200,36.026,21000200
2020-12-29,42.08023073205833,21000100,39.122,20991200,39.122,21000200
2020-12-30,40.416123784133326,21000100,38.224,20991200,38.224,21000200
2020-12-31,39.364756394175,21000100,37.386,20991200,37.386,21000200
2021-01-02,39.5801667138,21000100,38.271,20991200,38.271,21000200
2021-01-03,46.19180087083333,21000100,41.3,20991200,41.3,21000200
2021-01-04,48.78460868243292,21000100,41.142,20991200,41.142,21000200
2021-01-05,44.5642142383,21000100,41.799,20991200,41.799,21000200
2021-01-06,49.84251737265726,21000100,42.288,20991200,42.288,21000200
2021-01-07,49.925017810499995,21000100,43.57,20991200,43.57,21000200
2021-01-08,45.265977820525,21000100,42.394,20991200,42.394,21000200
2021-01-09,44.776894265399996,21000100,43.907,20991200,43.907,21000200
2021-01-10,45.411822414525,21000100,42.399,20991200,42.399,21000200
2021-01-11,38.104,21000100,38.104,20991200,38.104,21000200
2021-01-12,38.275,21000100,38.275,20991200,38.275,21000200
2021-01-13,40.91788778346666,21000100,40.192,20991200,40.192,21000200
2021-01-14,44.51944302229584,21000100,41.911,20991200,41.911,21000200
2021-01-15,43.40980241966667,21000100,40.88,20991200,40.88,21000200
2021-01-16,45.94752217889583,21000100,43.171,20991200,43.171,21000200
2021-01-17,49.685591567529166,21000100,45.857,20991200,45.857,21000200
2021-01-18,50.104057992516665,21000100,45.442,20991200,45.442,21000200
2021-01-19,48.597023050749996,21000100,42.492,20991200,42.492,21000200
2021-01-20,42.607,21000100,42.607,20991200,42.607,21000200
2021-01-21,39.1733359084375,21000100,38.647,20991200,38.647,21000200
2021-01-22,41.236446616475,21000100,40.863,20991200,40.863,21000200
2021-01-23,40.73270297416666,21000100,40.925,20991200,40.925,21000200
2021-01-24,43.27108196625001,21000100,41.85,20991200,41.85,21000200
2021-01-25,44.057439232925006,21000100,41.826,20991200,41.826,21000200
2021-01-26,43.170377678566666,21000100,41.873,20991200,41.873,21000200
2021-01-27,41.520157209175,21000100,40.902,20991200,40.902,21000200
2021-01-28,42.859324286749995,21000100,42.452,20991200,42.452,21000200
2021-01-29,43.89980685614583,21000100,42.863,20991200,42.863,21000200
2021-01-30,44.21802850056667,21000100,44.744,20991200,44.744,21000200
2021-01-31,43.92736828354167,21000100,44.353,20991200,44.353,21000200
2021-02-02,49.18838792076667,21000100,50.914,20991200,50.914,21000200
2021-02-03,49.90676675306666,21000100,52.096,20991200,52.096,21000200
2021-02-04,55.1561274924,21000100,55.968,20991200,55.968,21000200
2021-02-05,68.536427845,21000100,67.736,20991200,67.736,21000200
2021-02-06,72.8659274993125,21000100,72.555,20991200,72.555,21000200
2021-02-07,66.0512192395375,21000100,68.269,20991200,68.269,21000200
2021-02-08,82.78554873444166,21000100,80.146,20991200,80.146,21000200
2021-02-09,125.12294584785832,21000100,107.249,20991200,107.249,21000200
2021-02-10,155.63396021435352,21000100,128.901,20991200,128.901,21000200
2021-02-11,145.79948531925,21000100,124.11,20991200,124.11,21000200
2021-02-12,167.14726856945833,21000100,136.745,20991200,136.745,21000200
2021-02-13,152.4290907125,21000100,133.5,20991200,133.5,21000200
2021-02-14,164.66977303846664,21000100,135.844,20991200,135.844,21000200
2021-02-15,138.34576342069585,21000100,130.037,20991200,130.037,21000200
2021-02-16,137.26253154543335,21000100,130.334,20991200,130.334,21000200
2021-02-17,179.21719617888334,21000100,165.556,20991200,165.556,21000200
2021-02-18,225.4297696148625,21000100,195.549,20991200,195.549,21000200
2021-02-19,404.2011048823583,21000100,334.094,20991200,334.094,21000200
2021-02-20,320.55122158071345,21000100,252.807,20991200,252.807,21000200
2021-02-21,323.009825396,21000100,294.864,20991200,294.864,21000200
2021-02-22,283.5389159475583,21000100,267.467,20991200,267.467,21000200
2021-02-23,229.926809741525,21000100,230.982,20991200,230.982,21000200
2021-02-24,246.14211249134584,21000100,254.183,20991200,254.183,21000200
2021-02-25,237.38348451156665,21000100,234.376,20991200,234.376,21000200
2021-02-26,217.5924674133333,21000100,221.6,20991200,221.6,21000200
2021-02-27,226.01770846500003,21000100,225.36,20991200,225.36,21000200
2021-02-28,210.78167789708334,21000100,210.11,20991200,210.11,21000200
2021-03-02,242.24489365218747,21000100,239.713,20991200,239.713,21000200
2021-03-03,243.9217717472083,21000100,240.499,20991200,240.499,21000200
2021-03-04,233.34126932745,21000100,229.743,20991200,229.743,21000200
2021-03-05,225.407,21000100,225.407,20991200,225.407,21000200
2021-03-06,226.349,21000100,226.349,20991200,226.349,21000200
2021-03-07,247.38380758540833,21000100,240.269,20991200,240.269,21000200
2021-03-08,253.0344531535625,21000100,240.555,20991200,240.555,21000200
2021-03-09,322.43914847573336,21000100,293.464,20991200,293.464,21000200
2021-03-10,296.51171975617495,21000100,278.397,20991200,278.397,21000200
2021-03-11,314.35171716950003,21000100,290.04,20991200,290.04,21000200
2021-03-12,290.7399524121,21000100,263.372,20991200,263.372,21000200
2021-03-13,297.3323149793334,21000100,276.98,20991200,276.98,21000200
2021-03-14,290.13295934541674,21000100,263.278,20991200,263.278,21000200
2021-03-15,273.8712371494125,21000100,254.523,20991200,254.523,21000200
2021-03-16,267.4578299934375,21000100,258.957,20991200,258.957,21000200
2021-03-17,289.05943112562085,21000100,270.149,20991200,270.149,21000200
2021-03-18,277.8947572897,21000100,261.699,20991200,261.699,21000200
2021-03-19,276.8201392207166,21000100,262.924,20991200,262.924,21000200
2021-03-20,289.87209596468335,21000100,264.332,20991200,264.332,21000200
2021-03-21,279.19531498005,21000100,264.852,20991200,264.852,21000200
2021-03-22,272.14673170285,21000100,254.967,20991200,254.967,21000200
2021-03-23,257.610866260125,21000100,255.654,20991200,255.654,21000200
2021-03-24,251.57869512599999,21000100,248.468,20991200,248.468,21000200
2021-03-25,230.84633142426668,21000100,233.852,20991200,233.852,21000200
2021-03-26,250.8532706656,21000100,255.072,20991200,255.072,21000200
2021-03-27,266.95632813535,21000100,269.619,20991200,269.619,21000200
2021-03-28,272.4195646105875,21000100,268.799,20991200,268.799,21000200
2021-03-29,282.65648794243333,21000100,275.426,20991200,275.426,21000200
2021-03-30,330.987658125775,21000100,312.347,20991200,312.347,21000200
2021-03-31,318.5489608325,21000100,302.7,20991200,302.7,21000200
2021-04-02,371.24223937640005,21000100,338.821,20991200,338.821,21000200
2021-04-03,353.0020125691042,21000100,322.235,20991200,322.235,21000200
2021-04-04,357.1595573287666,21000100,349.304,20991200,349.304,21000200
2021-04-05,389.24575030745,21000100,368.763,20991200,368.763,21000200
2021-04-06,440.38279168661666,21000100,403.484,20991200,403.484,21000200
2021-04-07,389.87192336830833,21000100,375.947,20991200,375.947,21000200
2021-04-08,430.71147247568746,21000100,418.755,20991200,418.755,21000200
2021-04-09,472.08511267216664,21000100,454.84,20991200,454.84,21000200
2021-04-10,510.9000642606333,21000100,472.789,20991200,472.789,21000200
2021-04-11,595.2809896713375,21000100,526.179,20991200,526.179,21000200
2021-04-12,675.1813523870209,21000100,598.229,20991200,598.229,21000200
2021-04-13,659.0833583622875,21000100,553.269,20991200,553.269,21000200
2021-04-14,666.36625018125,21000100,549.788,20991200,549.788,21000200
2021-04-15,620.96414570815,21000100,542.723,20991200,542.723,21000200
2021-04-16,617.3331753177333,21000100,508.924,20991200,508.924,21000200
2021-04-17,575.0114983221749,21000100,515.342,20991200,515.342,21000200
2021-04-18,487.58519994424995,21000100,482.127,20991200,482.127,21000200
2021-04-19,518.8562992355,21000100,504.668,20991200,504.668,21000200
2021-04-20,587.206,21000100,587.206,20991200,587.206,21000200
2021-04-21,566.4976518472876,21000100,544.359,20991200,544.359,21000200
2021-04-22,529.9217814975,21000100,505.65,20991200,505.65,21000200
2021-04-23,537.8251592884624,21000100,526.227,20991200,526.227,21000200
2021-04-24,501.0245744185,21000100,497.13,20991200,497.13,21000200
2021-04-25,505.538,21000100,505.538,20991200,505.538,21000200
2021-04-26,547.4780366817499,21000100,535.358,20991200,535.358,21000200
2021-04-27,577.1814615738833,21000100,569.126,20991200,569.126,21000200
2021-04-28,582.6593120882458,21000100,563.063,20991200,563.063,21000200
2021-04-29,614.8352179463542,21000100,600.325,20991200,600.325,21000200
2021-04-30,645.0917295272501,21000100,623.585,20991200,623.585,21000200
2021-05-02,646.45150729965,21000100,622.071,20991200,622.071,21000200
2021-05-03,710.9334271482791,21000100,676.967,20991200,676.967,21000200
2021-05-04,639.7541694684334,21000100,610.058,20991200,610.058,21000200
2021-05-05,669.8711858653124,21000100,651.969,20991200,651.969,21000200
2021-05-06,703.8221905538,21000100,634.224,20991200,634.224,21000200
2021-05-07,664.5382729250667,21000100,624.628,20991200,624.628,21000200
2021-05-08,688.0092994797499,21000100,646.27,20991200,646.27,21000200
2021-05-09,689.8435227328333,21000100,662.398,20991200,662.398,21000200
2021-05-10,665.9369133543041,21000100,631.543,20991200,631.543,21000200
2021-05-11,671.2,21000100,671.2,20991200,671.2,21000200
2021-05-12,593.6422731795834,21000100,594.1,20991200,594.1,21000200
2021-05-13,580.1977275454168,21000100,571.21,20991200,571.21,21000200
2021-05-14,608.0590700137917,21000100,603.47,20991200,603.47,21000200
2021-05-15,588.475455684375,21000100,563.85,20991200,563.85,21000200
2021-05-16,584.088556792125,21000100,564.41,20991200,564.41,21000200
2021-05-17,526.6231328308335,21000100,512.44,20991200,512.44,21000200
2021-05-18,526.7725583674584,21000100,508.31,20991200,508.31,21000200
2021-05-19,307.602292476,21000100,334.47,20991200,334.47,21000200
2021-05-20,380.917395012,21000100,391.38,20991200,391.38,21000200
2021-05-21,321.72924060416665,21000100,325.75,20991200,325.75,21000200
2021-05-22,295.67721294866664,21000100,299.68,20991200,299.68,21000200
2021-05-23,259.10317795512503,21000100,260.61,20991200,260.61,21000200
2021-05-24,318.5961802065,21000100,345.33,20991200,345.33,21000200
2021-05-25,341.13710391458335,21000100,343.43,20991200,343.43,21000200
2021-05-26,384.316049977,21000100,379.18,20991200,379.18,21000200
2021-05-27,369.52242763149997,21000100,369.71,20991200,369.71,21000200
2021-05-28,319.7181152515417,21000100,329.11,20991200,329.11,21000200
2021-05-29,304.17,21000100,304.17,20991200,304.17,21000200
2021-05-30,305.757237279,21000100,325.52,20991200,325.52,21000200
2021-05-31,345.95335309066667,21000100,353.12,20991200,353.12,21000200
2021-06-02,401.23855629825,21000100,401.34,20991200,401.34,21000200
2021-06-03,426.65441513191666,21000100,428.42,20991200,428.42,21000200
2021-06-04,390.83,21000100,390.83,20991200,390.83,21000200
2021-06-05,389.7,21000100,389.7,20991200,389.7,21000200
2021-06-06,393.52,21000100,393.52,20991200,393.52,21000200
2021-06-07,358.0,21000100,358.0,20991200,358.0,21000200
2021-06-08,352.34,21000100,352.34,20991200,352.34,21000200
2021-06-09,374.70411398212497,21000100,375.39,20991200,375.39,21000200
2021-06-10,351.88,21000100,351.88,20991200,351.88,21000200
2021-06-11,345.49,21000100,345.49,20991200,345.49,21000200
2021-06-12,343.4396791033334,21000100,343.6,20991200,343.6,21000200
2021-06-13,365.83,21000100,365.83,20991200,365.83,21000200
2021-06-14,369.9,21000100,369.9,20991200,369.9,21000200
2021-06-15,366.3,21000100,366.3,20991200,366.3,21000200
2021-06-16,347.24,21000100,347.24,20991200,347.24,21000200
2021-06-17,351.55892416166665,21000100,352.45,20991200,352.45,21000200
2021-06-18,336.7157307885417,21000100,336.79,20991200,336.79,21000200
2021-06-19,330.192882606875,21000100,333.77,20991200,333.77,21000200
2021-06-20,332.81640151808335,21000100,338.98,20991200,338.98,21000200
2021-06-21,267.845560294375,21000100,270.33,20991200,270.33,21000200
2021-06-22,247.60409886933334,21000100,261.92,20991200,261.92,21000200
2021-06-23,287.9808750435417,21000100,295.69,20991200,295.69,21000200
2021-06-24,302.59029742429163,21000100,308.53,20991200,308.53,21000200
2021-06-25,280.2382290135417,21000100,280.75,20991200,280.75,21000200
2021-06-26,278.4203425049167,21000100,279.38,20991200,279.38,21000200
2021-06-27,284.0279093175,21000100,290.7,20991200,290.7,21000200
2021-06-28,286.45491326341664,21000100,289.82,20991200,289.82,21000200
2021-06-29,300.76,21000100,300.76,20991200,300.76,21000200
2021-06-30,302.12348510133336,21000100,303.44,20991200,303.44,21000200
2021-07-02,272.14070667375,21000100,286.83,20991200,286.83,21000200
2021-07-03,291.54861340708334,21000100,298.07,20991200,298.07,21000200
2021-07-04,307.5565175485833,21000100,307.58,20991200,307.58,21000200
2021-07-05,299.66201661900004,21000100,301.98,20991200,301.98,21000200
2021-07-06,317.23130371875,21000100,319.5,20991200,319.5,21000200
2021-07-07,320.8385388837084,21000100,327.41,20991200,327.41,21000200
2021-07-08,308.651187495,21000100,309.78,20991200,309.78,21000200
2021-07-09,311.21907740575,21000100,316.86,20991200,316.86,21000200
2021-07-10,302.32322587650003,21000100,316.11,20991200,316.11,21000200
2021-07-11,312.6802469966667,21000100,321.8,20991200,321.8,21000200
2021-07-12,309.73374603383337,21000100,315.56,20991200,315.56,21000200
2021-07-13,296.85137079325,21000100,308.82,20991200,308.82,21000200
2021-07-14,305.73651788258337,21000100,309.23,20991200,309.23,21000200
2021-07-15,307.461323252,21000100,315.78,20991200,315.78,21000200
2021-07-16,278.81681338679164,21000100,302.71,20991200,302.71,21000200
2021-07-17,280.80222187966666,21000100,300.08,20991200,300.08,21000200
2021-07-18,280.386521218125,21000100,301.77,20991200,301.77,21000200
2021-07-19,266.8979597879583,21000100,280.27,20991200,280.27,21000200
2021-07-20,249.7593477725,21000100,264.19,20991200,264.19,21000200
2021-07-21,279.9001424525,21000100,293.07,20991200,293.07,21000200
2021-07-22,293.0,21000100,293.0,20991200,293.0,21000200
2021-07-23,290.2632386627083,21000100,299.27,20991200,299.27,21000200
2021-07-24,301.47,21000100,301.47,20991200,301.47,21000200
2021-07-25,300.96809238512503,21000100,302.17,20991200,302.17,21000200
2021-07-26,301.5325456616667,21000100,303.8,20991200,303.8,21000200
2021-07-27,309.7274166965,21000100,313.24,20991200,313.24,21000200
2021-07-28,313.67,21000100,313.67,20991200,313.67,21000200
2021-07-29,317.15,21000100,317.15,20991200,317.15,21000200
2021-07-30,321.19097423375,21000100,322.78,20991200,322.78,21000200
2021-07-31,332.5,21000100,332.5,20991200,332.5,21000200
2021-08-02,330.53,21000100,330.53,20991200,330.53,21000200
2021-08-03,323.46,21000100,323.46,20991200,323.46,21000200
2021-08-04,334.88,21000100,334.88,20991200,334.88,21000200
2021-08-05,338.11,21000100,338.11,20991200,338.11,21000200
2021-08-06,342.28,21000100,342.28,20991200,342.28,21000200
2021-08-07,358.97783890625004,21000100,356.25,20991200,356.25,21000200
2021-08-08,342.54932606995834,21000100,341.99,20991200,341.99,21000200
2021-08-09,354.46,21000100,354.46,20991200,354.46,21000200
2021-08-10,373.83239854299995,21000100,372.03,20991200,372.03,21000200
2021-08-11,393.81818194083337,21000100,391.24,20991200,391.24,21000200
2021-08-12,401.853138,21000100,385.8,20991200,385.8,21000200
2021-08-13,417.300343927875,21000100,411.21,20991200,411.21,21000200
2021-08-14,420.98564603499995,21000100,408.9,20991200,408.9,21000200
2021-08-15,415.9044930133333,21000100,414.4,20991200,414.4,21000200
2021-08-16,430.89181134987496,21000100,415.83,20991200,415.83,21000200
2021-08-17,412.06490902904164,21000100,402.07,20991200,402.07,21000200
2021-08-18,397.61639692125,21000100,396.21,20991200,396.21,21000200
2021-08-19,431.51,21000100,431.51,20991200,431.51,21000200
2021-08-20,460.30256837216666,21000100,455.29,20991200,455.29,21000200
2021-08-21,468.4051589375,21000100,449.25,20991200,449.25,21000200
2021-08-22,466.24984597125,21000100,449.22,20991200,449.22,21000200
2021-08-23,523.1249678279167,21000100,499.18,20991200,499.18,21000200
2021-08-24,495.306085626,21000100,472.23,20991200,472.23,21000200
2021-08-25,514.357313474875,21000100,503.49,20991200,503.49,21000200
2021-08-26,488.1924153599999,21000100,478.14,20991200,478.14,21000200
2021-08-27,494.95,21000100,494.95,20991200,494.95,21000200
2021-08-28,497.4041127826667,21000100,486.61,20991200,486.61,21000200
2021-08-29,496.64154043350004,21000100,480.06,20991200,480.06,21000200
2021-08-30,480.38041955275,21000100,460.29,20991200,460.29,21000200
2021-08-31,478.92426386549994,21000100,464.44,20991200,464.44,21000200
2021-09-02,497.39515087099994,21000100,484.08,20991200,484.08,21000200
2021-09-03,505.47734188475,21000100,488.78,20991200,488.78,21000200
2021-09-04,527.10884960175,21000100,498.42,20991200,498.42,21000200
2021-09-05,534.868142895,21000100,505.71,20991200,505.71,21000200
2021-09-06,528.968862294875,21000100,496.29,20991200,496.29,21000200
2021-09-07,414.6882032704167,21000100,418.7,20991200,418.7,21000200
2021-09-08,409.6263479205,21000100,414.84,20991200,414.84,21000200
2021-09-09,421.41,21000100,421.41,20991200,421.41,21000200
2021-09-10,401.38,21000100,401.38,20991200,401.38,21000200
2021-09-11,404.81,21000100,404.81,20991200,404.81,21000200
2021-09-12,416.43,21000100,416.43,20991200,416.43,21000200
2021-09-13,399.1,21000100,399.1,20991200,399.1,21000200
2021-09-14,414.28,21000100,414.28,20991200,414.28,21000200
2021-09-15,431.28,21000100,431.28,20991200,431.28,21000200
2021-09-16,424.49,21000100,424.49,20991200,424.49,21000200
2021-09-17,409.99744762616666,21000100,407.14,20991200,407.14,21000200
2021-09-18,411.09519943437505,21000100,410.75,20991200,410.75,21000200
2021-09-19,410.07574869533335,21000100,408.74,20991200,408.74,21000200
2021-09-20,364.15,21000100,364.15,20991200,364.15,21000200
2021-09-21,344.26,21000100,344.26,20991200,344.26,21000200
2021-09-22,376.70943435991666,21000100,378.82,20991200,378.82,21000200
2021-09-23,377.43283430133334,21000100,383.36,20991200,383.36,21000200
2021-09-24,352.19634593858336,21000100,354.98,20991200,354.98,21000200
2021-09-25,347.97944123620834,21000100,349.39,20991200,349.39,21000200
2021-09-26,336.332341249875,21000100,343.93,20991200,343.93,21000200
2021-09-27,335.03,21000100,335.03,20991200,335.03,21000200
2021-09-28,332.09352940754167,21000100,332.87,20991200,332.87,21000200
2021-09-29,362.11533665716667,21000100,366.68,20991200,366.68,21000200
2021-09-30,361.729054779125,21000100,386.87,20991200,386.87,21000200
2021-10-02,410.61238640975,21000100,426.63,20991200,426.63,21000200
2021-10-03,409.54104796,21000100,430.1,20991200,430.1,21000200
2021-10-04,412.98524565325005,21000100,426.22,20991200,426.22,21000200
2021-10-05,437.9448203034167,21000100,441.86,20991200,441.86,21000200
2021-10-06,417.36090760975,21000100,434.59,20991200,434.59,21000200
2021-10-07,438.24053760383333,21000100,438.26,20991200,438.26,21000200
2021-10-08,423.74591704683337,21000100,419.38,20991200,419.38,21000200
2021-10-09,423.5827086085,21000100,422.31,20991200,422.31,21000200
2021-10-10,413.58095210625,21000100,404.1,20991200,404.1,21000200
2021-10-11,418.839453657,21000100,413.36,20991200,413.36,21000200
2021-10-12,444.72,21000100,444.72,20991200,444.72,21000200
2021-10-13,475.29114458525,21000100,470.18,20991200,470.18,21000200
2021-10-14,462.593841294375,21000100,472.05,20991200,472.05,21000200
2021-10-15,468.99329251625,21000100,474.19,20991200,474.19,21000200
2021-10-16,450.87839260100003,21000100,465.01,20991200,465.01,21000200
2021-10-17,444.83223281525,21000100,470.82,20991200,470.82,21000200
2021-10-18,458.26192119066667,21000100,484.64,20991200,484.64,21000200
2021-10-19,462.962809828,21000100,487.01,20991200,487.01,21000200
2021-10-20,481.26618103199996,21000100,500.76,20991200,500.76,21000200
2021-10-21,469.0948062854167,21000100,471.35,20991200,471.35,21000200
2021-10-22,494.13172674825,21000100,479.79,20991200,479.79,21000200
2021-10-23,500.88328884904166,21000100,486.17,20991200,486.17,21000200
2021-10-24,493.89522435795834,21000100,476.29,20991200,476.29,21000200
2021-10-25,502.0459536624999,21000100,485.4,20991200,485.4,21000200
2021-10-26,498.93109845766674,21000100,478.48,20991200,478.48,21000200
2021-10-27,457.79775291375,21000100,448.65,20991200,448.65,21000200
2021-10-28,492.08,21000100,492.08,20991200,492.08,21000200
2021-10-29,530.72,21000100,530.72,20991200,530.72,21000200
2021-10-30,540.3821258233334,21000100,528.95,20991200,528.95,21000200
2021-10-31,524.42,21000100,524.42,20991200,524.42,21000200
2021-11-02,554.2937842378334,21000100,554.59,20991200,554.59,21000200
2021-11-03,568.48,21000100,568.48,20991200,568.48,21000200
2021-11-04,558.86,21000100,558.86,20991200,558.86,21000200
2021-11-05,610.71638368675,21000100,606.43,20991200,606.43,21000200
2021-11-06,625.868679744,21000100,637.56,20991200,637.56,21000200
2021-11-07,637.2453105283751,21000100,649.57,20991200,649.57,21000200
2021-11-08,653.7989469823333,21000100,653.56,20991200,653.56,21000200
2021-11-09,635.8959304133334,21000100,635.2,20991200,635.2,21000200
2021-11-10,623.2292239277917,21000100,613.61,20991200,613.61,21000200
2021-11-11,619.1042478674167,21000100,628.21,20991200,628.21,21000200
2021-11-12,604.58951897525,21000100,626.27,20991200,626.27,21000200
2021-11-13,623.9230263585,21000100,648.49,20991200,648.49,21000200
2021-11-14,628.1044376233334,21000100,650.2,20991200,650.2,21000200
2021-11-15,631.9535406633333,21000100,633.44,20991200,633.44,21000200
2021-11-16,582.0190267243333,21000100,588.76,20991200,588.76,21000200
2021-11-17,580.6489238882499,21000100,578.41,20991200,578.41,21000200
2021-11-18,532.716566899,21000100,532.13,20991200,532.13,21000200
2021-11-19,580.98,21000100,580.98,20991200,580.98,21000200
2021-11-20,604.6684602011666,21000100,604.66,20991200,604.66,21000200
2021-11-21,586.0764504,21000100,584.2,20991200,584.2,21000200
2021-11-22,562.4278144484999,21000100,559.79,20991200,559.79,21000200
2021-11-23,594.31608983,21000100,591.6,20991200,591.6,21000200
2021-11-24,597.726644914,21000100,590.56,20991200,590.56,21000200
2021-11-25,659.3011238175,21000100,639.3,20991200,639.3,21000200
2021-11-26,597.8027119957084,21000100,587.71,20991200,587.71,21000200
2021-11-27,600.19,21000100,600.19,20991200,600.19,21000200
2021-11-28,616.1661939159999,21000100,611.52,20991200,611.52,21000200
2021-11-29,625.6676145270834,21000100,624.25,20991200,624.25,21000200
2021-11-30,623.9760072638751,21000100,622.59,20991200,622.59,21000200
2021-12-02,624.45677526075,21000100,620.37,20991200,620.37,21000200
2021-12-03,595.889959789875,21000100,595.17,20991200,595.17,21000200
2021-12-04,563.6118978870418,21000100,568.07,20991200,568.07,21000200
2021-12-05,553.233642030625,21000100,557.65,20991200,557.65,21000200
2021-12-06,585.120991605,21000100,586.8,20991200,586.8,21000200
2021-12-07,541.13202619875,21000100,578.34,20991200,578.34,21000200
2021-12-08,584.63860434,21000100,607.05,20991200,607.05,21000200
2021-12-09,550.8186681254166,21000100,569.26,20991200,569.26,21000200
2021-12-10,521.07980883325,21000100,551.94,20991200,551.94,21000200
2021-12-11,544.9536163635,21000100,564.12,20991200,564.12,21000200
2021-12-12,546.64154435825,21000100,569.58,20991200,569.58,21000200
2021-12-13,504.0513874833333,21000100,520.75,20991200,520.75,21000200
2021-12-14,519.4790634074167,21000100,527.86,20991200,527.86,21000200
2021-12-15,541.18,21000100,541.18,20991200,541.18,21000200
2021-12-16,526.0,21000100,526.0,20991200,526.0,21000200
2021-12-17,525.5,21000100,525.5,20991200,525.5,21000200
2021-12-18,533.68,21000100,533.68,20991200,533.68,21000200
2021-12-19,529.71,21000100,529.71,20991200,529.71,21000200
2021-12-20,523.96,21000100,523.96,20991200,523.96,21000200
2021-12-21,528.46,21000100,528.46,20991200,528.46,21000200
2021-12-22,533.74,21000100,533.74,20991200,533.74,21000200
2021-12-23,548.92,21000100,548.92,20991200,548.92,21000200
2021-12-24,542.2,21000100,542.2,20991200,542.2,21000200
2021-12-25,547.5,21000100,547.5,20991200,547.5,21000200
2021-12-26,546.43,21000100,546.43,20991200,546.43,21000200
2021-12-27,563.79,21000100,563.79,20991200,563.79,21000200
2021-12-28,534.13,21000100,534.13,20991200,534.13,21000200
2021-12-29,514.49,21000100,514.49,20991200,514.49,21000200
2021-12-30,518.41,21000100,518.41,20991200,518.41,21000200
2021-12-31,511.56,21000100,511.56,20991200,511.56,21000200
2022-01-01,527.34,21000100,527.34,20991200,527.34,21000200
2022-01-02,530.91,21000100,530.91,20991200,530.91,21000200
2022-01-03,512.24,21000100,512.24,20991200,512.24,21000200
2022-01-04,508.014118656,21000100,506.88,20991200,506.88,21000200
2022-01-05,473.95,21000100,473.95,20991200,473.95,21000200
2022-01-06,472.46,21000100,472.46,20991200,472.46,21000200
2022-01-07,448.1,21000100,448.1,20991200,448.1,21000200
2022-01-08,429.59,21000100,429.59,20991200,429.59,21000200
2022-01-09,434.58462356549995,21000100,438.33,20991200,438.33,21000200
2022-01-10,418.65266324733335,21000100,424.54,20991200,424.54,21000200
2022-01-11,459.01095637875005,21000100,462.87,20991200,462.87,21000200
2022-01-12,452.0130581409916,21000100,487.5,20991200,487.5,21000200
2022-01-13,436.84553896527643,21000100,474.36,20991200,474.36,21000200
2022-01-14,449.82475530299996,21000100,489.51,20991200,489.51,21000200
2022-01-15,457.5524633333333,21000100,493.75,20991200,493.75,21000200
2022-01-16,455.7199808875,21000100,497.95,20991200,497.95,21000200
2022-01-17,437.59391599062496,21000100,474.69,20991200,474.69,21000200
2022-01-18,449.328700456125,21000100,470.53,20991200,470.53,21000200
2022-01-19,435.18761408208337,21000100,461.54,20991200,461.54,21000200
2022-01-20,428.004835886875,21000100,440.05,20991200,440.05,21000200
2022-01-21,383.57,21000100,383.57,20991200,383.57,21000200
2022-01-22,354.71100870041664,21000100,358.34,20991200,358.34,21000200
2022-01-23,382.35806882504164,21000100,383.87,20991200,383.87,21000200
2022-01-24,370.04940445229164,21000100,370.93,20991200,370.93,21000200
2022-01-25,383.37523150333334,21000100,384.8,20991200,384.8,21000200
2022-01-26,371.362892390625,21000100,374.75,20991200,374.75,21000200
2022-01-27,381.975987147,21000100,389.36,20991200,389.36,21000200
2022-01-28,380.5227855823333,21000100,385.84,20991200,385.84,21000200
2022-01-29,388.788187376,21000100,389.04,20991200,389.04,21000200
2022-01-30,375.04134896066665,21000100,376.84,20991200,376.84,21000200
2022-01-31,371.02333855841664,21000100,374.38,20991200,374.38,21000200
2022-02-01,383.33209301333335,21000100,383.93,20991200,383.93,21000200
2022-02-02,366.5257002773333,21000100,366.94,20991200,366.94,21000200
2022-02-03,369.67187653533335,21000100,372.08,20991200,372.08,21000200
2022-02-04,398.04079304475,21000100,399.33,20991200,399.33,21000200
2022-02-05,408.9969932175,21000100,413.37,20991200,413.37,21000200
2022-02-06,416.972824112,21000100,419.64,20991200,419.64,21000200
2022-02-07,429.3877529491666,21000100,433.15,20991200,433.15,21000200
2022-02-08,406.9907746125,21000100,407.94,20991200,407.94,21000200
2022-02-09,422.57,21000100,422.57,20991200,422.57,21000200
2022-02-10,412.81985841000005,21000100,414.36,20991200,414.36,21000200
2022-02-11,397.03135881512503,21000100,399.81,20991200,399.81,21000200
2022-02-12,403.46,21000100,403.46,20991200,403.46,21000200
2022-02-13,397.82,21000100,397.82,20991200,397.82,21000200
2022-02-14,403.29,21000100,403.29,20991200,403.29,21000200
2022-02-15,432.08,21000100,432.08,20991200,432.08,21000200
2022-02-16,426.80973638775,21000100,426.98,20991200,426.98,21000200
2022-02-17,399.0530044039167,21000100,401.98,20991200,401.98,21000200
2022-02-18,394.29441988879165,21000100,398.89,20991200,398.89,21000200
2022-02-19,395.334339644625,21000100,399.43,20991200,399.43,21000200
2022-02-20,371.72926513275,21000100,380.31,20991200,380.31,21000200
2022-02-21,351.77356621625,21000100,356.35,20991200,356.35,21000200
2022-02-22,370.6708825248333,21000100,373.94,20991200,373.94,21000200
2022-02-23,364.77902675995836,21000100,365.41,20991200,365.41,21000200
2022-02-24,358.16451385,21000100,360.8,20991200,360.8,21000200
2022-02-25,370.391064092625,21000100,374.67,20991200,374.67,21000200
2022-02-26,373.15432618,21000100,373.44,20991200,373.44,21000200
2022-02-27,359.90006944083336,21000100,359.98,20991200,359.98,21000200
2022-02-28,395.39798736666665,21000100,395.5,20991200,395.5,21000200
2022-03-01,408.56,21000100,408.56,20991200,408.56,21000200
2022-03-02,405.5498278239583,21000100,408.95,20991200,408.95,21000200
2022-03-03,399.29375413124995,21000100,402.25,20991200,402.25,21000200
2022-03-04,366.8926202672917,21000100,374.05,20991200,374.05,21000200
2022-03-05,371.41359414600004,21000100,384.38,20991200,384.38,21000200
2022-03-06,361.564918827,21000100,374.64,20991200,374.64,21000200
2022-03-07,367.51334750287504,21000100,380.13,20991200,380.13,21000200
2022-03-08,370.8627413017917,21000100,380.99,20991200,380.99,21000200
2022-03-09,388.3672390666666,21000100,392.96,20991200,392.96,21000200
2022-03-10,371.4715817700416,21000100,371.77,20991200,371.77,21000200
2022-03-11,368.7922805233334,21000100,371.8,20991200,371.8,21000200
2022-03-12,372.13,21000100,372.13,20991200,372.13,21000200
2022-03-13,359.8877555245,21000100,361.06,20991200,361.06,21000200
2022-03-14,369.9045572424167,21000100,373.27,20991200,373.27,21000200
2022-03-15,369.014599837125,21000100,371.51,20991200,371.51,21000200
2022-03-16,385.25,21000100,385.25,20991200,385.25,21000200
2022-03-17,391.74,21000100,391.74,20991200,391.74,21000200
2022-03-18,396.28213584749994,21000100,396.9,20991200,396.9,21000200
2022-03-19,399.71,21000100,399.71,20991200,399.71,21000200
2022-03-20,390.74,21000100,390.74,20991200,390.74,21000200
2022-03-21,395.81,21000100,395.81,20991200,395.81,21000200
2022-03-22,404.05,21000100,404.05,20991200,404.05,21000200
2022-03-23,408.36,21000100,408.36,20991200,408.36,21000200
2022-03-24,414.08,21000100,414.08,20991200,414.08,21000200
2022-03-25,410.15,21000100,410.15,20991200,410.15,21000200
2022-03-26,415.64,21000100,415.64,20991200,415.64,21000200
2022-03-27,430.49,21000100,430.49,20991200,430.49,21000200
2022-03-28,430.43,21000100,430.43,20991200,430.43,21000200
2022-03-29,434.28,21000100,434.28,20991200,434.28,21000200
2022-03-30,443.343992670375,21000100,442.17,20991200,442.17,21000200
2022-03-31,428.75,21000100,428.75,20991200,428.75,21000200
2022-04-01,447.66,21000100,447.66,20991200,447.66,21000200
2022-04-02,437.3,21000100,437.3,20991200,437.3,21000200
2022-04-03,450.52,21000100,450.52,20991200,450.52,21000200
2022-04-04,447.51,21000100,447.51,20991200,447.51,21000200
2022-04-05,444.58,21000100,444.58,20991200,444.58,21000200
2022-04-06,419.93,21000100,419.93,20991200,419.93,21000200
2022-04-07,435.41323484175,21000100,435.78,20991200,435.78,21000200
2022-04-08,421.27,21000100,421.27,20991200,421.27,21000200
2022-04-09,426.48,21000100,426.48,20991200,426.48,21000200
2022-04-10,417.75,21000100,417.75,20991200,417.75,21000200
2022-04-11,393.95200449479165,21000100,394.25,20991200,394.25,21000200
2022-04-12,412.8317487572917,21000100,413.47,20991200,413.47,21000200
2022-04-13,421.42257953791665,21000100,423.02,20991200,423.02,21000200
2022-04-14,410.5653091975833,21000100,414.58,20991200,414.58,21000200
2022-04-15,416.94,21000100,416.94,20991200,416.94,21000200
2022-04-16,415.91091263275,21000100,417.14,20991200,417.14,21000200
2022-04-17,406.37,21000100,406.37,20991200,406.37,21000200
2022-04-18,414.4642670765,21000100,416.67,20991200,416.67,21000200
2022-04-19,422.16,21000100,422.16,20991200,422.16,21000200
2022-04-20,418.03,21000100,418.03,20991200,418.03,21000200
2022-04-21,404.67,21000100,404.67,20991200,404.67,21000200
2022-04-22,406.11385399520833,21000100,406.45,20991200,406.45,21000200
2022-04-23,399.7942735765,21000100,400.84,20991200,400.84,21000200
2022-04-24,397.25732922170835,21000100,398.63,20991200,398.63,21000200
2022-04-25,401.06780940625003,21000100,404.11,20991200,404.11,21000200
2022-04-26,385.67,21000100,385.67,20991200,385.67,21000200
2022-04-27,389.855978178875,21000100,391.21,20991200,391.21,21000200
2022-04-28,405.76013106,21000100,406.8,20991200,406.8,21000200
2022-04-29,390.19017309279167,21000100,392.69,20991200,392.69,21000200
2022-04-30,374.71966962,21000100,376.52,20991200,376.52,21000200
2022-05-01,381.6353909666667,21000100,389.6,20991200,389.6,21000200
2022-05-02,383.17788653133334,21000100,389.32,20991200,389.32,21000200
2022-05-03,378.804961974,21000100,383.52,20991200,383.52,21000200
2022-05-04,397.68424883833336,21000100,402.29,20991200,402.29,21000200
2022-05-05,378.06,21000100,378.06,20991200,378.06,21000200
2022-05-06,370.8264882793333,21000100,378.89,20991200,378.89,21000200
2022-05-07,365.3,21000100,365.3,20991200,365.3,21000200
2022-05-08,354.75467430808334,21000100,355.73,20991200,355.73,21000200
2022-05-09,294.66832879375,21000100,295.5,20991200,295.5,21000200
2022-05-10,309.3174934875,21000100,318.9,20991200,318.9,21000200
2022-05-11,262.305579214174,21000100,271.26,20991200,271.26,21000200
2022-05-12,255.65872296905698,21000100,268.54,20991200,268.54,21000200
2022-05-13,279.729574004375,21000100,290.45,20991200,290.45,21000200
2022-05-14,283.46958169833334,21000100,296.66,20991200,296.66,21000200
2022-05-15,302.27392337208335,21000100,312.05,20991200,312.05,21000200
2022-05-16,285.532738425,21000100,297.0,20991200,297.0,21000200
2022-05-17,295.82084602125,21000100,305.91,20991200,305.91,21000200
2022-05-18,273.518141792,21000100,287.36,20991200,287.36,21000200
2022-05-19,295.2375271033333,21000100,306.7,20991200,306.7,21000200
2022-05-20,294.48205182,21000100,301.95,20991200,301.95,21000200
2022-05-21,304.32464052141665,21000100,312.13,20991200,312.13,21000200
2022-05-22,315.92770457833336,21000100,319.1,20991200,319.1,21000200
2022-05-23,314.04034735550005,21000100,316.92,20991200,316.92,21000200
2022-05-24,318.45550847249996,21000100,328.14,20991200,328.14,21000200
2022-05-25,322.93363757425,21000100,325.37,20991200,325.37,21000200
2022-05-26,291.72423663874997,21000100,302.65,20991200,302.65,21000200
2022-05-27,293.9232350596667,21000100,301.36,20991200,301.36,21000200
2022-05-28,301.43502765224997,21000100,307.26,20991200,307.26,21000200
2022-05-29,301.79240028975,21000100,305.67,20991200,305.67,21000200
2022-05-30,321.410274841125,21000100,321.57,20991200,321.57,21000200
2022-05-31,320.27550404408333,21000100,320.86,20991200,320.86,21000200
2022-06-01,300.25,21000100,300.25,20991200,300.25,21000200
2022-06-02,305.593953757,21000100,308.18,20991200,308.18,21000200
2022-06-03,296.112275104,21000100,298.36,20991200,298.36,21000200
2022-06-04,298.64561101375,21000100,301.21,20991200,301.21,21000200
2022-06-05,295.288860245625,21000100,298.95,20991200,298.95,21000200
2022-06-06,294.77,21000100,294.77,20991200,294.77,21000200
2022-06-07,282.678155125625,21000100,290.15,20991200,290.15,21000200
2022-06-08,285.27742062225,21000100,288.26,20991200,288.26,21000200
2022-06-09,288.08197213249997,21000100,289.64,20991200,289.64,21000200
2022-06-10,280.766995254375,21000100,286.07,20991200,286.07,21000200
2022-06-11,264.420834123125,21000100,269.67,20991200,269.67,21000200
2022-06-12,247.27276550625,21000100,254.55,20991200,254.55,21000200
2022-06-13,219.093636204,21000100,222.84,20991200,222.84,21000200
2022-06-14,222.731767515,21000100,222.98,20991200,222.98,21000200
2022-06-15,230.28812047808333,21000100,233.51,20991200,233.51,21000200
2022-06-16,209.831455175875,21000100,210.13,20991200,210.13,21000200
2022-06-17,214.3704958725,21000100,215.64,20991200,215.64,21000200
2022-06-18,192.55736264,21000100,196.8,20991200,196.8,21000200
2022-06-19,209.72865886975,21000100,214.86,20991200,214.86,21000200
2022-06-20,213.216328815875,21000100,216.37,20991200,216.37,21000200
2022-06-21,218.16369983625,21000100,219.9,20991200,219.9,21000200
2022-06-22,209.1245190045,21000100,214.02,20991200,214.02,21000200
2022-06-23,225.547685374375,21000100,228.65,20991200,228.65,21000200
2022-06-24,238.7079507645,21000100,240.03,20991200,240.03,21000200
2022-06-25,236.77951504612503,21000100,239.49,20991200,239.49,21000200
2022-06-26,232.14517334166666,21000100,233.8,20991200,233.8,21000200
2022-06-27,229.66795948266667,21000100,233.62,20991200,233.62,21000200
2022-06-28,224.62324731,21000100,226.8,20991200,226.8,21000200
2022-06-29,215.45793470604167,21000100,219.55,20991200,219.55,21000200
2022-06-30,216.51993591674997,21000100,219.42,20991200,219.42,21000200
2022-07-01,215.35247412291668,21000100,216.65,20991200,216.65,21000200
2022-07-02,215.91770874808333,21000100,218.14,20991200,218.14,21000200
2022-07-03,217.09951081650001,21000100,218.97,20991200,218.97,21000200
2022-07-04,229.73689252583333,21000100,231.4,20991200,231.4,21000200
2022-07-05,228.78956285629167,21000100,230.53,20991200,230.53,21000200
2022-07-06,236.98922044183334,21000100,238.36,20991200,238.36,21000200
2022-07-07,239.788012626,21000100,241.24,20991200,241.24,21000200
2022-07-08,239.155257901875,21000100,240.45,20991200,240.45,21000200
2022-07-09,242.218470693375,21000100,243.09,20991200,243.09,21000200
2022-07-10,233.39603383775,21000100,234.57,20991200,234.57,21000200
2022-07-11,224.46318708750002,21000100,225.43,20991200,225.43,21000200
2022-07-12,216.45326519070835,21000100,220.33,20991200,220.33,21000200
2022-07-13,227.65799162099998,21000100,230.28,20991200,230.28,21000200
2022-07-14,236.61704499908333,21000100,238.46,20991200,238.46,21000200
2022-07-15,238.39892840683333,21000100,238.46,20991200,238.46,21000200
2022-07-16,249.55195761562499,21000100,249.75,20991200,249.75,21000200
2022-07-17,247.63,21000100,247.63,20991200,247.63,21000200
2022-07-18,263.96,21000100,263.96,20991200,263.96,21000200
2022-07-19,268.54,21000100,268.54,20991200,268.54,21000200
2022-07-20,258.05206075775004,21000100,258.11,20991200,258.11,21000200
2022-07-21,265.49,21000100,265.49,20991200,265.49,21000200
2022-07-22,262.28,21000100,262.28,20991200,262.28,21000200
2022-07-23,258.9,21000100,258.9,20991200,258.9,21000200
2022-07-24,259.74314234816666,21000100,261.19,20991200,261.19,21000200
2022-07-25,242.79926105625,21000100,244.5,20991200,244.5,21000200
2022-07-26,246.825750505,21000100,249.31,20991200,249.31,21000200
2022-07-27,270.7474335736667,21000100,271.54,20991200,271.54,21000200
2022-07-28,277.1,21000100,277.1,20991200,277.1,21000200
2022-07-29,293.9,21000100,293.9,20991200,293.9,21000200
2022-07-30,288.116497471,21000100,287.76,20991200,287.76,21000200
2022-07-31,283.31,21000100,283.31,20991200,283.31,21000200
2022-08-01,283.12,21000100,283.12,20991200,283.12,21000200
2022-08-02,283.66,21000100,283.66,20991200,283.66,21000200
2022-08-03,297.53,21000100,297.53,20991200,297.53,21000200
2022-08-04,311.71,21000100,311.71,20991200,311.71,21000200
2022-08-05,315.7,21000100,315.7,20991200,315.7,21000200
2022-08-06,315.14,21000100,315.14,20991200,315.14,21000200
2022-08-07,322.77,21000100,322.77,20991200,322.77,21000200
2022-08-08,324.55,21000100,324.55,20991200,324.55,21000200
2022-08-09,323.30697853625,21000100,324.3,20991200,324.3,21000200
2022-08-10,328.66,21000100,328.66,20991200,328.66,21000200
2022-08-11,322.25808256675003,21000100,323.29,20991200,323.29,21000200
2022-08-12,326.59358058016664,21000100,327.88,20991200,327.88,21000200
2022-08-13,324.0,21000100,324.0,20991200,324.0,21000200
2022-08-14,315.93281967333337,21000100,317.6,20991200,317.6,21000200
2022-08-15,318.09770499308337,21000100,319.31,20991200,319.31,21000200
2022-08-16,315.94,21000100,315.94,20991200,315.94,21000200
2022-08-17,306.05302565625,21000100,306.75,20991200,306.75,21000200
2022-08-18,297.371995804,21000100,297.96,20991200,297.96,21000200
2022-08-19,276.9323278543333,21000100,278.99,20991200,278.99,21000200
2022-08-20,279.8539177485,21000100,283.41,20991200,283.41,21000200
2022-08-21,297.77381235633334,21000100,301.61,20991200,301.61,21000200
2022-08-22,298.54536399075,21000100,299.82,20991200,299.82,21000200
2022-08-23,296.94818003091666,21000100,299.14,20991200,299.14,21000200
2022-08-24,293.8323939830833,21000100,296.06,20991200,296.06,21000200
2022-08-25,301.0,21000100,301.0,20991200,301.0,21000200
2022-08-26,275.61156303625,21000100,279.3,20991200,279.3,21000200
2022-08-27,273.01894896441667,21000100,277.66,20991200,277.66,21000200
2022-08-28,274.3064470739167,21000100,276.23,20991200,276.23,21000200
2022-08-29,282.41706822658335,21000100,285.61,20991200,285.61,21000200
2022-08-30,280.1509154035,21000100,281.42,20991200,281.42,21000200
2022-08-31,277.3384652219167,21000100,278.99,20991200,278.99,21000200
2022-09-01,274.860797967,21000100,278.18,20991200,278.18,21000200
2022-09-02,275.24815146625,21000100,277.22,20991200,277.22,21000200
2022-09-03,275.1599911115,21000100,277.64,20991200,277.64,21000200
2022-09-04,278.0761094496667,21000100,278.98,20991200,278.98,21000200
2022-09-05,274.92323666625,21000100,276.7,20991200,276.7,21000200
2022-09-06,262.13654522733333,21000100,262.24,20991200,262.24,21000200
2022-09-07,271.1201137099336,21000100,278.95,20991200,278.95,21000200
2022-09-08,280.41,21000100,280.41,20991200,280.41,21000200
2022-09-09,293.14,21000100,293.14,20991200,293.14,21000200
2022-09-10,296.47,21000100,296.47,20991200,296.47,21000200
2022-09-11,295.07,21000100,295.07,20991200,295.07,21000200
2022-09-12,293.80374429541666,21000100,293.81,20991200,293.81,21000200
2022-09-13,276.438449438625,21000100,277.23,20991200,277.23,21000200
2022-09-14,276.02092685866666,21000100,279.14,20991200,279.14,21000200
2022-09-15,267.328401015,21000100,270.95,20991200,270.95,21000200
2022-09-16,272.46458855966665,21000100,274.76,20991200,274.76,21000200
2022-09-17,277.041486414,21000100,278.76,20991200,278.76,21000200
2022-09-18,262.991757096375,21000100,266.19,20991200,266.19,21000200
2022-09-19,266.62990986750003,21000100,271.8,20991200,271.8,21000200
2022-09-20,264.905339599125,21000100,266.13,20991200,266.13,21000200
2022-09-21,263.43130068749997,21000100,263.7,20991200,263.7,21000200
2022-09-22,271.4417237696667,21000100,275.21,20991200,275.21,21000200
2022-09-23,275.3121364075,21000100,276.45,20991200,276.45,21000200
2022-09-24,274.239481365,21000100,274.32,20991200,274.32,21000200
2022-09-25,273.48402993166667,21000100,274.04,20991200,274.04,21000200
2022-09-26,274.9924051819583,21000100,276.01,20991200,276.01,21000200
2022-09-27,272.03,21000100,272.03,20991200,272.03,21000200
2022-09-28,277.7670322828334,21000100,281.47,20991200,281.47,21000200
2022-09-29,284.04,21000100,284.04,20991200,284.04,21000200
2022-09-30,284.65,21000100,284.65,20991200,284.65,21000200
2022-10-01,282.8,21000100,282.8,20991200,282.8,21000200
2022-10-02,283.418383458125,21000100,284.63,20991200,284.63,21000200
2022-10-03,286.83,21000100,286.83,20991200,286.83,21000200
2022-10-04,295.8239848333333,21000100,296.0,20991200,296.0,21000200
2022-10-05,293.77013380258336,21000100,293.98,20991200,293.98,21000200
2022-10-06,286.76,21000100,286.76,20991200,286.76,21000200
2022-10-07,280.93220662466666,21000100,282.16,20991200,282.16,21000200
2022-10-08,276.23,21000100,276.23,20991200,276.23,21000200
2022-10-09,278.2,21000100,278.2,20991200,278.2,21000200
2022-10-10,271.47,21000100,271.47,20991200,271.47,21000200
2022-10-11,271.4,21000100,271.4,20991200,271.4,21000200
2022-10-12,270.8,21000100,270.8,20991200,270.8,21000200
2022-10-13,269.96955915999996,21000100,271.4,20991200,271.4,21000200
2022-10-14,268.99168291833337,21000100,269.3,20991200,269.3,21000200
2022-10-15,267.321982774,21000100,267.96,20991200,267.96,21000200
2022-10-16,271.537798052125,21000100,272.31,20991200,272.31,21000200
2022-10-17,274.7370994016667,21000100,275.54,20991200,275.54,21000200
2022-10-18,272.23762477304166,21000100,272.99,20991200,272.99,21000200
2022-10-19,271.78,21000100,271.78,20991200,271.78,21000200
2022-10-20,268.8,21000100,268.8,20991200,268.8,21000200
2022-10-21,268.058292008,21000100,269.88,20991200,269.88,21000200
2022-10-22,267.45835191074997,21000100,270.27,20991200,270.27,21000200
2022-10-23,274.31615536325,21000100,275.73,20991200,275.73,21000200
2022-10-24,273.56700497875,21000100,274.02,20991200,274.02,21000200
2022-10-25,283.973129883,21000100,284.04,20991200,284.04,21000200
2022-10-26,289.37421476775,21000100,290.06,20991200,290.06,21000200
2022-10-27,286.34092434025,21000100,286.67,20991200,286.67,21000200
2022-10-28,297.64688367458336,21000100,297.85,20991200,297.85,21000200
2022-10-29,304.42,21000100,304.42,20991200,304.42,21000200
2022-10-30,313.42,21000100,313.42,20991200,313.42,21000200
2022-10-31,325.59,21000100,325.59,20991200,325.59,21000200
2022-11-01,320.65094379975,21000100,323.67,20991200,323.67,21000200
2022-11-02,315.71482792325,21000100,319.98,20991200,319.98,21000200
2022-11-03,326.9492604586667,21000100,329.36,20991200,329.36,21000200
2022-11-04,349.81063182400004,21000100,354.36,20991200,354.36,21000200
2022-11-05,344.19708205641666,21000100,348.97,20991200,348.97,21000200
2022-11-06,336.22088106204166,21000100,337.69,20991200,337.69,21000200
2022-11-07,336.81,21000100,336.81,20991200,336.81,21000200
2022-11-08,319.3764396649437,21000100,326.95,20991200,326.95,21000200
2022-11-09,260.3844819475,21000100,266.52,20991200,266.52,21000200
2022-11-10,292.2354565064813,21000100,303.84,20991200,303.84,21000200
2022-11-11,288.42440224266664,21000100,290.08,20991200,290.08,21000200
2022-11-12,278.40313050595836,21000100,282.67,20991200,282.67,21000200
2022-11-13,272.5977164253334,21000100,276.41,20991200,276.41,21000200
2022-11-14,278.38367682125005,21000100,278.85,20991200,278.85,21000200
2022-11-15,276.71312698783333,21000100,276.83,20991200,276.83,21000200
2022-11-16,271.7,21000100,271.7,20991200,271.7,21000200
2022-11-17,267.82,21000100,267.82,20991200,267.82,21000200
2022-11-18,272.8401499585833,21000100,273.89,20991200,273.89,21000200
2022-11-19,272.33,21000100,272.33,20991200,272.33,21000200
2022-11-20,263.83678590820836,21000100,264.11,20991200,264.11,21000200
2022-11-21,253.92,21000100,253.92,20991200,253.92,21000200
2022-11-22,265.9361907986667,21000100,266.62,20991200,266.62,21000200
2022-11-23,290.34770769525,21000100,298.49,20991200,298.49,21000200
2022-11-24,284.8170887403884,21000100,299.86,20991200,299.86,21000200
2022-11-25,282.22933708418134,21000100,300.43,20991200,300.43,21000200
2022-11-26,294.14548203375,21000100,310.95,20991200,310.95,21000200
2022-11-27,290.2477409646667,21000100,307.36,20991200,307.36,21000200
2022-11-28,272.51550181356373,21000100,293.16,20991200,293.16,21000200
2022-11-29,288.4844225220833,21000100,295.13,20991200,295.13,21000200
2022-11-30,284.81290061941667,21000100,300.11,20991200,300.11,21000200
2022-12-01,269.73562984935654,21000100,292.3,20991200,292.3,21000200
2022-12-02,293.49,21000100,293.49,20991200,293.49,21000200
2022-12-03,290.35,21000100,290.35,20991200,290.35,21000200
2022-12-04,291.95,21000100,291.95,20991200,291.95,21000200
2022-12-05,288.39,21000100,288.39,20991200,288.39,21000200
2022-12-06,290.21,21000100,290.21,20991200,290.21,21000200
2022-12-07,284.02,21000100,284.02,20991200,284.02,21000200
2022-12-08,290.34,21000100,290.34,20991200,290.34,21000200
2022-12-09,285.91,21000100,285.91,20991200,285.91,21000200
2022-12-10,288.03,21000100,288.03,20991200,288.03,21000200
2022-12-11,284.38,21000100,284.38,20991200,284.38,21000200
2022-12-12,276.14,21000100,276.14,20991200,276.14,21000200
2022-12-13,272.34,21000100,272.34,20991200,272.34,21000200
2022-12-14,268.2243796833333,21000100,267.7,20991200,267.7,21000200
2022-12-15,258.85,21000100,258.85,20991200,258.85,21000200
2022-12-16,230.59956298325002,21000100,230.74,20991200,230.74,21000200
2022-12-17,222.13596209071437,21000100,241.75,20991200,241.75,21000200
2022-12-18,237.6900802265,21000100,250.78,20991200,250.78,21000200
2022-12-19,226.74910417720832,21000100,240.23,20991200,240.23,21000200
2022-12-20,248.46329624579167,21000100,251.09,20991200,251.09,21000200
2022-12-21,242.70423711004167,21000100,246.07,20991200,246.07,21000200
2022-12-22,240.00164794308333,21000100,245.69,20991200,245.69,21000200
2022-12-23,244.25151849,21000100,245.95,20991200,245.95,21000200
2022-12-24,240.92662206708334,21000100,244.31,20991200,244.31,21000200
2022-12-25,237.82456473620834,21000100,243.11,20991200,243.11,21000200
2022-12-26,243.86987301674998,21000100,244.26,20991200,244.26,21000200
2022-12-27,246.52,21000100,246.52,20991200,246.52,21000200
2022-12-28,243.35561098658332,21000100,244.42,20991200,244.42,21000200
2022-12-29,245.5545710905,21000100,246.12,20991200,246.12,21000200
2022-12-30,244.48150300108335,21000100,245.74,20991200,245.74,21000200
2022-12-31,246.11,21000100,246.11,20991200,246.11,21000200
2023-01-01,244.28195752500002,21000100,244.36,20991200,244.36,21000200
2023-01-02,244.50899596725,21000100,245.07,20991200,245.07,21000200
2023-01-03,244.8115509915,21000100,245.97,20991200,245.97,21000200
2023-01-04,258.54,21000100,258.54,20991200,258.54,21000200
2023-01-05,247.172292592,21000100,256.44,20991200,256.44,21000200
2023-01-06,254.04157261945832,21000100,259.69,20991200,259.69,21000200
2023-01-07,255.83366863312503,21000100,261.11,20991200,261.11,21000200
2023-01-08,270.24846246375,21000100,274.7,20991200,274.7,21000200
2023-01-09,271.98340191166665,21000100,272.44,20991200,272.44,21000200
2023-01-10,276.856198074,21000100,277.02,20991200,277.02,21000200
2023-01-11,280.1692408104167,21000100,284.74,20991200,284.74,21000200
2023-01-12,287.45239805799997,21000100,287.52,20991200,287.52,21000200
2023-01-13,288.878001842625,21000100,293.67,20991200,293.67,21000200
2023-01-14,309.62995848124996,21000100,305.25,20991200,305.25,21000200
2023-01-15,303.0501603725,21000100,302.2,20991200,302.2,21000200
2023-01-16,299.02,21000100,299.02,20991200,299.02,21000200
2023-01-17,299.28,21000100,299.28,20991200,299.28,21000200
2023-01-18,286.44,21000100,286.44,20991200,286.44,21000200
2023-01-19,291.639724,21000100,294.4,20991200,294.4,21000200
2023-01-20,305.1661891525,21000100,305.24,20991200,305.24,21000200
2023-01-21,301.78177914400004,21000100,299.12,20991200,299.12,21000200
2023-01-22,305.6043272358333,21000100,303.19,20991200,303.19,21000200
2023-01-23,307.28977468566666,21000100,305.36,20991200,305.36,21000200
2023-01-24,305.34355524933335,21000100,300.32,20991200,300.32,21000200
2023-01-25,306.84,21000100,306.84,20991200,306.84,21000200
2023-01-26,304.68,21000100,304.68,20991200,304.68,21000200
2023-01-27,308.07,21000100,308.07,20991200,308.07,21000200
2023-01-28,306.08,21000100,306.08,20991200,306.08,21000200
2023-01-29,317.12,21000100,317.12,20991200,317.12,21000200
2023-01-30,307.3876101628333,21000100,307.18,20991200,307.18,21000200
2023-01-31,312.15,21000100,312.15,20991200,312.15,21000200
2023-02-01,317.2,21000100,317.2,20991200,317.2,21000200
2023-02-02,331.0826094476667,21000100,323.72,20991200,323.72,21000200
2023-02-03,335.08378942733333,21000100,332.38,20991200,332.38,21000200
2023-02-04,331.5810226015,21000100,330.41,20991200,330.41,21000200
2023-02-05,327.94,21000100,327.94,20991200,327.94,21000200
2023-02-06,324.57,21000100,324.57,20991200,324.57,21000200
2023-02-07,333.15,21000100,333.15,20991200,333.15,21000200
2023-02-08,328.28,21000100,328.28,20991200,328.28,21000200
2023-02-09,305.91,21000100,305.91,20991200,305.91,21000200
2023-02-10,304.856301082,21000100,305.52,20991200,305.52,21000200
2023-02-11,303.9285470976667,21000100,310.22,20991200,310.22,21000200
2023-02-12,305.87265664583333,21000100,312.26,20991200,312.26,21000200
2023-02-13,289.4897947086667,21000100,294.04,20991200,294.04,21000200
2023-02-14,293.4666945031667,21000100,296.06,20991200,296.06,21000200
2023-02-15,313.581037177,21000100,317.26,20991200,317.26,21000200
2023-02-16,304.55870637183335,21000100,304.07,20991200,304.07,21000200
2023-02-17,312.85461823275,21000100,312.94,20991200,312.94,21000200
2023-02-18,316.21,21000100,316.21,20991200,316.21,21000200
2023-02-19,311.25,21000100,311.25,20991200,311.25,21000200
2023-02-20,315.28,21000100,315.28,20991200,315.28,21000200
2023-02-21,310.5855242175,21000100,311.4,20991200,311.4,21000200
2023-02-22,311.19827640525,21000100,312.39,20991200,312.39,21000200
2023-02-23,308.2,21000100,308.2,20991200,308.2,21000200
2023-02-24,301.37798998758336,21000100,302.11,20991200,302.11,21000200
2023-02-25,300.27427413016665,21000100,302.18,20991200,302.18,21000200
2023-02-26,304.55723483266667,21000100,308.42,20991200,308.42,21000200
2023-02-27,304.24094535625,21000100,304.5,20991200,304.5,21000200
2023-02-28,299.22066849033337,21000100,301.18,20991200,301.18,21000200
2023-03-01,300.15054228433337,21000100,302.48,20991200,302.48,21000200
2023-03-02,295.0851606945,21000100,299.79,20991200,299.79,21000200
2023-03-03,289.13957838224997,21000100,290.34,20991200,290.34,21000200
2023-03-04,286.65786640458333,21000100,289.45,20991200,289.45,21000200
2023-03-05,287.77201808458335,21000100,288.58,20991200,288.58,21000200
2023-03-06,286.21742749775,21000100,287.63,20991200,287.63,21000200
2023-03-07,285.248180419,21000100,289.14,20991200,289.14,21000200
2023-03-08,286.9,21000100,286.9,20991200,286.9,21000200
2023-03-09,276.89,21000100,276.89,20991200,276.89,21000200
2023-03-10,271.095178716,21000100,277.04,20991200,277.04,21000200
2023-03-11,266.3574547525,21000100,275.82,20991200,275.82,21000200
2023-03-12,287.30537198250005,21000100,288.04,20991200,288.04,21000200
2023-03-13,307.93,21000100,307.93,20991200,307.93,21000200
2023-03-14,309.34936723650003,21000100,308.67,20991200,308.67,21000200
2023-03-15,308.533002277375,21000100,306.43,20991200,306.43,21000200
2023-03-16,329.9837026827083,21000100,329.05,20991200,329.05,21000200
2023-03-17,321.6626631157781,21000100,338.63,20991200,338.63,21000200
2023-03-18,312.25921691159294,21000100,330.82,20991200,330.82,21000200
2023-03-19,312.17280194064205,21000100,335.81,20991200,335.81,21000200
2023-03-20,303.67883941373174,21000100,332.08,20991200,332.08,21000200
2023-03-21,303.6878704601947,21000100,334.52,20991200,334.52,21000200
2023-03-22,289.26053923911036,21000100,321.06,20991200,321.06,21000200
2023-03-23,327.01964108933333,21000100,329.08,20991200,329.08,21000200
2023-03-24,314.9113427116667,21000100,321.8,20991200,321.8,21000200
2023-03-25,319.665324681,21000100,322.11,20991200,322.11,21000200
2023-03-26,327.27948462999996,21000100,328.28,20991200,328.28,21000200
2023-03-27,302.4211081375,21000100,310.2,20991200,310.2,21000200
2023-03-28,305.48913777525,21000100,313.17,20991200,313.17,21000200
2023-03-29,312.74133737975,21000100,313.62,20991200,313.62,21000200
2023-03-30,314.39191741999997,21000100,316.05,20991200,316.05,21000200
2023-03-31,308.20845632875,21000100,316.74,20991200,316.74,21000200
2023-04-01,304.877985678,21000100,314.72,20991200,314.72,21000200
2023-04-02,307.337745294875,21000100,313.57,20991200,313.57,21000200
2023-04-03,302.28628442141667,21000100,308.47,20991200,308.47,21000200
2023-04-04,303.6048005561667,21000100,310.73,20991200,310.73,21000200
2023-04-05,313.85,21000100,313.85,20991200,313.85,21000200
2023-04-06,312.04,21000100,312.04,20991200,312.04,21000200
2023-04-07,305.4551435229583,21000100,310.27,20991200,310.27,21000200
2023-04-08,309.84869996158335,21000100,310.37,20991200,310.37,21000200
2023-04-09,312.6,21000100,312.6,20991200,312.6,21000200
2023-04-10,318.5,21000100,318.5,20991200,318.5,21000200
2023-04-11,322.3877022525833,21000100,322.57,20991200,322.57,21000200
2023-04-12,320.02,21000100,320.02,20991200,320.02,21000200
2023-04-13,324.940188777,21000100,324.84,20991200,324.84,21000200
2023-04-14,331.94970327966666,21000100,328.82,20991200,328.82,21000200
2023-04-15,336.4701852645,21000100,333.33,20991200,333.33,21000200
2023-04-16,354.36458697750004,21000100,347.85,20991200,347.85,21000200
2023-04-17,348.17774844375,21000100,340.25,20991200,340.25,21000200
2023-04-18,346.49495156570833,21000100,343.27,20991200,343.27,21000200
2023-04-19,322.37,21000100,322.37,20991200,322.37,21000200
2023-04-20,317.99,21000100,317.99,20991200,317.99,21000200
2023-04-21,320.0841422855,21000100,321.08,20991200,321.08,21000200
2023-04-22,325.17203607299996,21000100,331.82,20991200,331.82,21000200
2023-04-23,313.1100903106667,21000100,330.38,20991200,330.38,21000200
2023-04-24,310.455230990625,21000100,330.75,20991200,330.75,21000200
2023-04-25,310.70424469050005,21000100,338.04,20991200,338.04,21000200
2023-04-26,313.1233165433333,21000100,330.4,20991200,330.4,21000200
2023-04-27,305.10408452999997,21000100,330.4,20991200,330.4,21000200
2023-04-28,294.59100599920833,21000100,323.81,20991200,323.81,21000200
2023-04-29,318.74990662883334,21000100,321.74,20991200,321.74,21000200
2023-04-30,335.5727279205,21000100,336.84,20991200,336.84,21000200
2023-05-01,296.18777602520834,21000100,328.19,20991200,328.19,21000200
2023-05-02,282.94868223087497,21000100,321.59,20991200,321.59,21000200
2023-05-03,311.22261105225004,21000100,325.74,20991200,325.74,21000200
2023-05-04,323.45026035020834,21000100,323.69,20991200,323.69,21000200
2023-05-05,325.87321142425,21000100,326.33,20991200,326.33,21000200
2023-05-06,317.4928453125,21000100,321.75,20991200,321.75,21000200
2023-05-07,318.68354345750004,21000100,320.97,20991200,320.97,21000200
2023-05-08,306.7099590083333,21000100,313.55,20991200,313.55,21000200
2023-05-09,303.22336758237503,21000100,311.91,20991200,311.91,21000200
2023-05-10,307.36532395800003,21000100,314.16,20991200,314.16,21000200
2023-05-11,304.341390425625,21000100,307.27,20991200,307.27,21000200
2023-05-12,304.09274266933335,21000100,308.32,20991200,308.32,21000200
2023-05-13,309.660458581,21000100,310.62,20991200,310.62,21000200
2023-05-14,311.92,21000100,311.92,20991200,311.92,21000200
2023-05-15,311.478073965625,21000100,313.25,20991200,313.25,21000200
2023-05-16,310.03190974066666,21000100,311.23,20991200,311.23,21000200
2023-05-17,313.66900486533336,21000100,314.29,20991200,314.29,21000200
2023-05-18,309.14,21000100,309.14,20991200,309.14,21000200
2023-05-19,308.74,21000100,308.74,20991200,308.74,21000200
2023-05-20,310.64405328666663,21000100,310.7,20991200,310.7,21000200
2023-05-21,306.36,21000100,306.36,20991200,306.36,21000200
2023-05-22,309.17,21000100,309.17,20991200,309.17,21000200
2023-05-23,313.54128925624997,21000100,313.5,20991200,313.5,21000200
2023-05-24,305.9,21000100,305.9,20991200,305.9,21000200
2023-05-25,304.71,21000100,304.71,20991200,304.71,21000200
2023-05-26,306.81,21000100,306.81,20991200,306.81,21000200
2023-05-27,307.55,21000100,307.55,20991200,307.55,21000200
2023-05-28,314.36,21000100,314.36,20991200,314.36,21000200
2023-05-29,314.25195015283333,21000100,311.98,20991200,311.98,21000200
2023-05-30,315.7472529399167,21000100,311.54,20991200,311.54,21000200
2023-05-31,306.9,21000100,306.9,20991200,306.9,21000200
2023-06-01,305.879813638,21000100,305.12,20991200,305.12,21000200
2023-06-02,307.7693205407917,21000100,307.39,20991200,307.39,21000200
2023-06-03,307.97700825891667,21000100,306.73,20991200,306.73,21000200
2023-06-04,307.007251274875,21000100,305.23,20991200,305.23,21000200
2023-06-05,277.85307343750003,21000100,277.0,20991200,277.0,21000200
2023-06-06,281.18,21000100,281.18,20991200,281.18,21000200
2023-06-07,259.22,21000100,259.22,20991200,259.22,21000200
2023-06-08,261.96,21000100,261.96,20991200,261.96,21000200
2023-06-09,260.78,21000100,260.78,20991200,260.78,21000200
2023-06-10,236.13117063950003,21000100,238.74,20991200,238.74,21000200
2023-06-11,231.84035346299999,21000100,235.19,20991200,235.19,21000200
2023-06-12,225.833531137,21000100,231.23,20991200,231.23,21000200
2023-06-13,240.90979445966664,21000100,243.92,20991200,243.92,21000200
2023-06-14,231.2443016415,21000100,237.78,20991200,237.78,21000200
2023-06-15,233.52991390929168,21000100,236.33,20991200,236.33,21000200
2023-06-16,237.08192731154168,21000100,239.17,20991200,239.17,21000200
2023-06-17,244.44,21000100,244.44,20991200,244.44,21000200
2023-06-18,244.01,21000100,244.01,20991200,244.01,21000200
2023-06-19,243.02,21000100,243.02,20991200,243.02,21000200
2023-06-20,247.93,21000100,247.93,20991200,247.93,21000200
2023-06-21,248.94,21000100,248.94,20991200,248.94,21000200
2023-06-22,240.91,21000100,240.91,20991200,240.91,21000200
2023-06-23,244.53,21000100,244.53,20991200,244.53,21000200
2023-06-24,236.42071723991668,21000100,236.33,20991200,236.33,21000200
2023-06-25,238.97,21000100,238.97,20991200,238.97,21000200
2023-06-26,236.15,21000100,236.15,20991200,236.15,21000200
2023-06-27,238.27061334874998,21000100,237.45,20991200,237.45,21000200
2023-06-28,230.52,21000100,230.52,20991200,230.52,21000200
2023-06-29,233.12,21000100,233.12,20991200,233.12,21000200
2023-06-30,240.45,21000100,240.45,20991200,240.45,21000200
2023-07-01,249.89438857370834,21000100,247.99,20991200,247.99,21000200
2023-07-02,249.86243938333334,21000100,246.77,20991200,246.77,21000200
2023-07-03,249.45573849074998,21000100,246.62,20991200,246.62,21000200
2023-07-04,242.53,21000100,242.53,20991200,242.53,21000200
2023-07-05,238.85,21000100,238.85,20991200,238.85,21000200
2023-07-06,231.92,21000100,231.92,20991200,231.92,21000200
2023-07-07,230.28031306637502,21000100,235.43,20991200,235.43,21000200
2023-07-08,234.91066305112497,21000100,236.13,20991200,236.13,21000200
2023-07-09,233.28959271,21000100,233.91,20991200,233.91,21000200
2023-07-10,244.06234481925,21000100,245.97,20991200,245.97,21000200
2023-07-11,235.14486282625,21000100,248.34,20991200,248.34,21000200
2023-07-12,231.783301515,21000100,243.7,20991200,243.7,21000200
2023-07-13,235.33145660587502,21000100,255.99,20991200,255.99,21000200
2023-07-14,240.956001295375,21000100,247.89,20991200,247.89,21000200
2023-07-15,232.63542789037498,21000100,250.79,20991200,250.79,21000200
2023-07-16,224.501996134625,21000100,241.91,20991200,241.91,21000200
2023-07-17,226.21083687195832,21000100,244.03,20991200,244.03,21000200
2023-07-18,236.795050812,21000100,240.48,20991200,240.48,21000200
2023-07-19,242.837233085,21000100,241.05,20991200,241.05,21000200
2023-07-20,244.22989413700003,21000100,242.93,20991200,242.93,21000200
2023-07-21,246.496186118,21000100,243.88,20991200,243.88,21000200
2023-07-22,242.7359305415,21000100,241.23,20991200,241.23,21000200
2023-07-23,243.67115502024998,21000100,242.54,20991200,242.54,21000200
2023-07-24,239.10666068466668,21000100,239.02,20991200,239.02,21000200
2023-07-25,238.50065113291666,21000100,237.86,20991200,237.86,21000200
2023-07-26,239.063742386875,21000100,239.05,20991200,239.05,21000200
2023-07-27,241.42489163699997,21000100,240.88,20991200,240.88,21000200
2023-07-28,242.46806844866666,21000100,241.93,20991200,241.93,21000200
2023-07-29,243.37433984999996,21000100,242.64,20991200,242.64,21000200
2023-07-30,244.509796042,21000100,242.72,20991200,242.72,21000200
2023-07-31,242.55772141633332,21000100,241.04,20991200,241.04,21000200
2023-08-01,248.9312430115,21000100,247.87,20991200,247.87,21000200
2023-08-02,240.64,21000100,240.64,20991200,240.64,21000200
2023-08-03,241.01,21000100,241.01,20991200,241.01,21000200
2023-08-04,241.73,21000100,241.73,20991200,241.73,21000200
2023-08-05,243.34,21000100,243.34,20991200,243.34,21000200
2023-08-06,243.34131675008334,21000100,243.26,20991200,243.26,21000200
2023-08-07,241.96,21000100,241.96,20991200,241.96,21000200
2023-08-08,245.24,21000100,245.24,20991200,245.24,21000200
2023-08-09,245.04061359375,21000100,243.9,20991200,243.9,21000200
2023-08-10,241.33,21000100,241.33,20991200,241.33,21000200
2023-08-11,234.968258538,21000100,239.76,20991200,239.76,21000200
2023-08-12,235.8512138435,21000100,240.18,20991200,240.18,21000200
2023-08-13,236.289752486,21000100,239.92,20991200,239.92,21000200
2023-08-14,239.66477316604164,21000100,240.35,20991200,240.35,21000200
2023-08-15,234.585895948625,21000100,236.73,20991200,236.73,21000200
2023-08-16,224.56490063700002,21000100,231.96,20991200,231.96,21000200
2023-08-17,214.8840367695,21000100,217.89,20991200,217.89,21000200
2023-08-18,209.94496432675,21000100,215.97,20991200,215.97,21000200
2023-08-19,211.72190173,21000100,216.8,20991200,216.8,21000200
2023-08-20,213.74692977495832,21000100,216.41,20991200,216.41,21000200
2023-08-21,203.30909370475,21000100,210.22,20991200,210.22,21000200
2023-08-22,204.15324102600002,21000100,210.84,20991200,210.84,21000200
2023-08-23,212.71545053575,21000100,216.53,20991200,216.53,21000200
2023-08-24,217.47358847325,21000100,219.06,20991200,219.06,21000200
2023-08-25,218.36,21000100,218.36,20991200,218.36,21000200
2023-08-26,216.34,21000100,216.34,20991200,216.34,21000200
2023-08-27,218.35,21000100,218.35,20991200,218.35,21000200
2023-08-28,218.75,21000100,218.75,20991200,218.75,21000200
2023-08-29,226.87,21000100,226.87,20991200,226.87,21000200
2023-08-30,223.83,21000100,223.83,20991200,223.83,21000200
2023-08-31,216.58,21000100,216.58,20991200,216.58,21000200
2023-09-01,213.65,21000100,213.65,20991200,213.65,21000200
2023-09-02,214.33,21000100,214.33,20991200,214.33,21000200
2023-09-03,214.35,21000100,214.35,20991200,214.35,21000200
2023-09-04,215.19,21000100,215.19,20991200,215.19,21000200
2023-09-05,214.51,21000100,214.51,20991200,214.51,21000200
2023-09-06,215.22,21000100,215.22,20991200,215.22,21000200
2023-09-07,217.11,21000100,217.11,20991200,217.11,21000200
2023-09-08,214.62,21000100,214.62,20991200,214.62,21000200
2023-09-09,214.2,21000100,214.2,20991200,214.2,21000200
2023-09-10,212.28,21000100,212.28,20991200,212.28,21000200
2023-09-11,206.08,21000100,206.08,20991200,206.08,21000200
2023-09-12,210.73,21000100,210.73,20991200,210.73,21000200
2023-09-13,212.63,21000100,212.63,20991200,212.63,21000200
2023-09-14,212.04,21000100,212.04,20991200,212.04,21000200
2023-09-15,213.66464773333334,21000100,214.0,20991200,214.0,21000200
2023-09-16,214.74,21000100,214.74,20991200,214.74,21000200
2023-09-17,216.31,21000100,216.31,20991200,216.31,21000200
2023-09-18,215.99,21000100,215.99,20991200,215.99,21000200
2023-09-19,217.3884812625,21000100,217.22,20991200,217.22,21000200
2023-09-20,214.39,21000100,214.39,20991200,214.39,21000200
2023-09-21,210.91,21000100,210.91,20991200,210.91,21000200
2023-09-22,211.15,21000100,211.15,20991200,211.15,21000200
2023-09-23,210.52,21000100,210.52,20991200,210.52,21000200
2023-09-24,208.34,21000100,208.34,20991200,208.34,21000200
2023-09-25,210.06,21000100,210.06,20991200,210.06,21000200
2023-09-26,213.3164218596667,21000100,212.68,20991200,212.68,21000200
2023-09-27,212.6153828475,21000100,212.15,20991200,212.15,21000200
2023-09-28,215.72944772883332,21000100,215.06,20991200,215.06,21000200
2023-09-29,215.2456755410417,21000100,215.21,20991200,215.21,21000200
2023-09-30,214.69,21000100,214.69,20991200,214.69,21000200
2023-10-01,219.45366578924998,21000100,218.29,20991200,218.29,21000200
2023-10-02,215.49149154999998,21000100,214.7,20991200,214.7,21000200
2023-10-03,213.46,21000100,213.46,20991200,213.46,21000200
2023-10-04,213.45,21000100,213.45,20991200,213.45,21000200
2023-10-05,211.1279011566667,21000100,210.8,20991200,210.8,21000200
2023-10-06,213.76450523175,21000100,213.42,20991200,213.42,21000200
2023-10-07,212.65401646470835,21000100,212.33,20991200,212.33,21000200
2023-10-08,212.42891121558333,21000100,211.42,20991200,211.42,21000200
2023-10-09,205.83,21000100,205.83,20991200,205.83,21000200
2023-10-10,208.59,21000100,208.59,20991200,208.59,21000200
2023-10-11,206.61,21000100,206.61,20991200,206.61,21000200
2023-10-12,205.29,21000100,205.29,20991200,205.29,21000200
2023-10-13,206.05,21000100,206.05,20991200,206.05,21000200
2023-10-14,206.6,21000100,206.6,20991200,206.6,21000200
2023-10-15,209.87,21000100,209.87,20991200,209.87,21000200
2023-10-16,214.87031905625,21000100,214.75,20991200,214.75,21000200
2023-10-17,212.69620346229166,21000100,211.55,20991200,211.55,21000200
2023-10-18,210.37,21000100,210.37,20991200,210.37,21000200
2023-10-19,211.32,21000100,211.32,20991200,211.32,21000200
2023-10-20,213.6548867737083,21000100,212.17,20991200,212.17,21000200
2023-10-21,215.50200694799997,21000100,214.32,20991200,214.32,21000200
2023-10-22,219.97227177812496,21000100,217.95,20991200,217.95,21000200
2023-10-23,231.08349645333337,21000100,228.8,20991200,228.8,21000200
2023-10-24,228.06763000316667,21000100,225.32,20991200,225.32,21000200
2023-10-25,225.37796283779167,21000100,222.29,20991200,222.29,21000200
2023-10-26,227.541088563,21000100,223.32,20991200,223.32,21000200
2023-10-27,227.29646816066665,21000100,224.18,20991200,224.18,21000200
2023-10-28,226.54978865750002,21000100,225.8,20991200,225.8,21000200
2023-10-29,228.24116103999998,21000100,227.2,20991200,227.2,21000200
2023-10-30,230.36152406166664,21000100,228.1,20991200,228.1,21000200
2023-10-31,228.763057933125,21000100,226.35,20991200,226.35,21000200
2023-11-01,229.07074115249998,21000100,228.15,20991200,228.15,21000200
2023-11-02,238.18752609554164,21000100,232.03,20991200,232.03,21000200
2023-11-03,233.69032607999998,21000100,230.4,20991200,230.4,21000200
2023-11-04,240.662074189,21000100,237.36,20991200,237.36,21000200
2023-11-05,245.16304938333334,21000100,244.0,20991200,244.0,21000200
2023-11-06,259.384621612625,21000100,255.27,20991200,255.27,21000200
2023-11-07,251.41519488712498,21000100,246.39,20991200,246.39,21000200
2023-11-08,252.19971963675002,21000100,246.78,20991200,246.78,21000200
2023-11-09,255.86677889066664,21000100,251.84,20991200,251.84,21000200
2023-11-10,253.9481909735,21000100,251.14,20991200,251.14,21000200
2023-11-11,257.78602306416667,21000100,251.66,20991200,251.66,21000200
2023-11-12,249.041622864,21000100,247.68,20991200,247.68,21000200
2023-11-13,245.37932832616667,21000100,241.16,20991200,241.16,21000200
2023-11-14,246.15411041,21000100,242.4,20991200,242.4,21000200
2023-11-15,257.40526315183337,21000100,254.02,20991200,254.02,21000200
2023-11-16,247.263577671,21000100,242.82,20991200,242.82,21000200
2023-11-17,245.80535076212502,21000100,244.97,20991200,244.97,21000200
2023-11-18,246.4001671405,21000100,244.91,20991200,244.91,21000200
2023-11-19,247.47682973270835,21000100,246.55,20991200,246.55,21000200
2023-11-20,256.5995085258333,21000100,253.27,20991200,253.27,21000200
2023-11-21,230.86209296750002,21000100,225.66,20991200,225.66,21000200
2023-11-22,238.11017553066668,21000100,236.38,20991200,236.38,21000200
2023-11-23,235.31510736266668,21000100,233.89,20991200,233.89,21000200
2023-11-24,234.4265792335,21000100,232.86,20991200,232.86,21000200
2023-11-25,237.323939874375,21000100,234.45,20991200,234.45,21000200
2023-11-26,233.48977854366663,21000100,231.92,20991200,231.92,21000200
2023-11-27,229.91398437349997,21000100,227.42,20991200,227.42,21000200
2023-11-28,232.0423222829167,21000100,229.69,20991200,229.69,21000200
2023-11-29,230.62478407237504,21000100,227.43,20991200,227.43,21000200
2023-11-30,231.96264575450002,21000100,227.67,20991200,227.67,21000200
2023-12-01,231.70093895866663,21000100,228.64,20991200,228.64,21000200
2023-12-02,232.58272037000003,21000100,229.24,20991200,229.24,21000200
2023-12-03,232.19853075804167,21000100,228.23,20991200,228.23,21000200
2023-12-04,238.88958924483336,21000100,233.66,20991200,233.66,21000200
2023-12-05,233.34652775891666,21000100,231.43,20991200,231.43,21000200
2023-12-06,234.0431484066667,21000100,229.6,20991200,229.6,21000200
2023-12-07,238.35147457562502,21000100,232.81,20991200,232.81,21000200
2023-12-08,246.84672026993513,21000100,239.1,20991200,239.1,21000200
2023-12-09,246.19294300542595,21000100,237.87,20991200,237.87,21000200
2023-12-10,246.04893700800002,21000100,239.96,20991200,239.96,21000200
2023-12-11,250.54811832375,21000100,246.63,20991200,246.63,21000200
2023-12-12,253.64,21000100,253.64,20991200,253.64,21000200
2023-12-13,246.1609752676475,21000100,251.86,20991200,251.86,21000200
2023-12-14,246.31408336347144,21000100,253.07,20991200,253.07,21000200
2023-12-15,240.82619027791668,21000100,244.55,20991200,244.55,21000200
2023-12-16,236.8032054155031,21000100,244.16,20991200,244.16,21000200
2023-12-17,236.13689016929166,21000100,238.97,20991200,238.97,21000200
2023-12-18,243.879526969,21000100,241.86,20991200,241.86,21000200
2023-12-19,253.98560337062503,21000100,252.35,20991200,252.35,21000200
2023-12-20,250.83776592491722,21000100,259.97,20991200,259.97,21000200
2023-12-21,261.16364040712,21000100,271.91,20991200,271.91,21000200
2023-12-22,262.37452731279166,21000100,271.07,20991200,271.07,21000200
2023-12-23,259.266597896875,21000100,270.75,20991200,270.75,21000200
2023-12-24,257.6412878008333,21000100,264.02,20991200,264.02,21000200
2023-12-25,260.49888319466663,21000100,266.56,20991200,266.56,21000200
2023-12-26,297.51,21000100,297.51,20991200,297.51,21000200
2023-12-27,315.612505405,21000100,323.76,20991200,323.76,21000200
2023-12-28,304.5060632219726,21000100,322.21,20991200,322.21,21000200
2023-12-29,296.94326011537504,21000100,313.29,20991200,313.29,21000200
2023-12-30,299.405288908125,21000100,316.71,20991200,316.71,21000200
2023-12-31,289.83304983819136,21000100,311.33,20991200,311.33,21000200
2024-01-01,296.27983414312496,21000100,313.53,20991200,313.53,21000200
2024-01-02,311.277047594,21000100,311.88,20991200,311.88,21000200
2024-01-03,308.05719287500006,21000100,315.6,20991200,315.6,21000200
2024-01-04,316.3265881770833,21000100,323.02,20991200,323.02,21000200
2024-01-05,295.07023136425,21000100,317.14,20991200,317.14,21000200
2024-01-06,281.7025306000852,21000100,307.2,20991200,307.2,21000200
2024-01-07,277.05780913066667,21000100,302.06,20991200,302.06,21000200
2024-01-08,287.2371063,21000100,303.84,20991200,303.84,21000200
2024-01-09,300.58203297516667,21000100,301.37,20991200,301.37,21000200
2024-01-10,305.99,21000100,305.99,20991200,305.99,21000200
2024-01-11,308.51,21000100,308.51,20991200,308.51,21000200
2024-01-12,297.57250241658335,21000100,296.81,20991200,296.81,21000200
2024-01-13,303.12103281333333,21000100,302.35,20991200,302.35,21000200
2024-01-14,300.768899879,21000100,299.67,20991200,299.67,21000200
2024-01-15,319.3198802898333,21000100,317.14,20991200,317.14,21000200
2024-01-16,303.5356300497917,21000100,315.05,20991200,315.05,21000200
2024-01-17,299.1283866625,21000100,309.25,20991200,309.25,21000200
2024-01-18,303.2313982852917,21000100,312.73,20991200,312.73,21000200
2024-01-19,300.696315193625,21000100,314.39,20991200,314.39,21000200
2024-01-20,305.992723399125,21000100,317.03,20991200,317.03,21000200
2024-01-21,310.2745276502917,21000100,318.41,20991200,318.41,21000200
2024-01-22,293.2478312225,21000100,305.8,20991200,305.8,21000200
2024-01-23,290.2658411508333,21000100,298.52,20991200,298.52,21000200
2024-01-24,288.790407580125,21000100,292.91,20991200,292.91,21000200
2024-01-25,292.08,21000100,292.08,20991200,292.08,21000200
2024-01-26,302.07,21000100,302.07,20991200,302.07,21000200
2024-01-27,305.68,21000100,305.68,20991200,305.68,21000200
2024-01-28,305.24,21000100,305.24,20991200,305.24,21000200
2024-01-29,310.67,21000100,310.67,20991200,310.67,21000200
2024-01-30,307.59,21000100,307.59,20991200,307.59,21000200
2024-01-31,300.53,21000100,300.53,20991200,300.53,21000200
2024-02-01,300.14,21000100,300.14,20991200,300.14,21000200
2024-02-02,301.27,21000100,301.27,20991200,301.27,21000200
2024-02-03,299.66,21000100,299.66,20991200,299.66,21000200
2024-02-04,304.72,21000100,304.72,20991200,304.72,21000200
2024-02-05,300.63795859883334,21000100,301.13,20991200,301.13,21000200
2024-02-06,302.77,21000100,302.77,20991200,302.77,21000200
2024-02-07,307.41,21000100,307.41,20991200,307.41,21000200
2024-02-08,307.78694036725005,21000100,318.54,20991200,318.54,21000200
2024-02-09,299.84358811274996,21000100,323.78,20991200,323.78,21000200
2024-02-10,304.28903649175,21000100,322.59,20991200,322.59,21000200
2024-02-11,303.44190554837496,21000100,320.43,20991200,320.43,21000200
2024-02-12,311.84394054125,21000100,327.66,20991200,327.66,21000200
2024-02-13,305.74183250749996,21000100,324.3,20991200,324.3,21000200
2024-02-14,323.28638198333334,21000100,333.47,20991200,333.47,21000200
2024-02-15,349.6708821328333,21000100,353.89,20991200,353.89,21000200
2024-02-16,358.97793173229167,21000100,360.25,20991200,360.25,21000200
2024-02-17,351.25972935487505,21000100,352.41,20991200,352.41,21000200
2024-02-18,344.8457560078333,21000100,349.87,20991200,349.87,21000200
2024-02-19,357.72556106954164,21000100,351.83,20991200,351.83,21000200
2024-02-20,363.26523761733336,21000100,354.86,20991200,354.86,21000200
2024-02-21,374.73063510675,21000100,378.69,20991200,378.69,21000200
2024-02-22,353.39200464370833,21000100,382.33,20991200,382.33,21000200
2024-02-23,356.53024429108336,21000100,375.29,20991200,375.29,21000200
2024-02-24,357.08685409875,21000100,381.27,20991200,381.27,21000200
2024-02-25,364.44988447733334,21000100,388.28,20991200,388.28,21000200
2024-02-26,395.331505679,21000100,401.46,20991200,401.46,21000200
2024-02-27,386.4620017721666,21000100,394.27,20991200,394.27,21000200
2024-02-28,398.6084989706667,21000100,414.58,20991200,414.58,21000200
2024-02-29,414.45555282299995,21000100,399.62,20991200,399.62,21000200
2024-03-01,421.08693212333327,21000100,407.65,20991200,407.65,21000200
2024-03-02,431.8503673615833,21000100,411.17,20991200,411.17,21000200
2024-03-03,437.2369028800834,21000100,414.73,20991200,414.73,21000200
2024-03-04,440.136275986125,21000100,418.87,20991200,418.87,21000200
2024-03-05,419.88649221162495,21000100,394.19,20991200,394.19,21000200
2024-03-06,432.87882681866665,21000100,429.64,20991200,429.64,21000200
2024-03-07,477.348652693125,21000100,474.55,20991200,474.55,21000200
2024-03-08,485.125711136625,21000100,485.29,20991200,485.29,21000200
2024-03-09,479.7774081185417,21000100,488.05,20991200,488.05,21000200
2024-03-10,533.9267974847917,21000100,529.09,20991200,529.09,21000200
2024-03-11,524.6059495977499,21000100,523.06,20991200,523.06,21000200
2024-03-12,551.133594225,21000100,537.69,20991200,537.69,21000200
2024-03-13,663.0681964335,21000100,631.02,20991200,631.02,21000200
2024-03-14,629.4494036250001,21000100,603.75,20991200,603.75,21000200
2024-03-15,637.7553541899166,21000100,633.01,20991200,633.01,21000200
2024-03-16,586.513563537,21000100,576.84,20991200,576.84,21000200
2024-03-17,573.1613052562501,21000100,571.5,20991200,571.5,21000200
2024-03-18,558.3148601309999,21000100,555.66,20991200,555.66,21000200
2024-03-19,516.1927722825001,21000100,507.96,20991200,507.96,21000200
2024-03-20,566.024711994,21000100,556.99,20991200,556.99,21000200
2024-03-21,556.7708081055,21000100,554.13,20991200,554.13,21000200
2024-03-22,560.781643158,21000100,554.31,20991200,554.31,21000200
2024-03-23,557.405186551875,21000100,552.15,20991200,552.15,21000200
2024-03-24,575.5986708506667,21000100,568.36,20991200,568.36,21000200
2024-03-25,600.476614422,21000100,587.48,20991200,587.48,21000200
2024-03-26,599.315481857,21000100,580.56,20991200,580.56,21000200
2024-03-27,592.4719721299999,21000100,574.8,20991200,574.8,21000200
2024-03-28,607.649911269375,21000100,583.83,20991200,583.83,21000200
2024-03-29,631.5869395295833,21000100,612.35,20991200,612.35,21000200
2024-03-30,592.0134470322917,21000100,600.25,20991200,600.25,21000200
2024-03-31,597.734780040875,21000100,606.03,20991200,606.03,21000200
2024-04-01,574.02765285125,21000100,576.42,20991200,576.42,21000200
2024-04-02,561.2969793465834,21000100,551.83,20991200,551.83,21000200
2024-04-03,572.086748704875,21000100,562.13,20991200,562.13,21000200
2024-04-04,587.94396807975,21000100,584.34,20991200,584.34,21000200
2024-04-05,559.77130672925,21000100,577.66,20991200,577.66,21000200
2024-04-06,564.38206476675,21000100,585.01,20991200,585.01,21000200
2024-04-07,558.0526573110417,21000100,583.45,20991200,583.45,21000200
2024-04-08,576.4606531946666,21000100,586.72,20991200,586.72,21000200
2024-04-09,586.3874549501668,21000100,580.82,20991200,580.82,21000200
2024-04-10,621.443600297,21000100,610.03,20991200,610.03,21000200
2024-04-11,617.2607835789582,21000100,604.85,20991200,604.85,21000200
2024-04-12,594.95215624,21000100,595.2,20991200,595.2,21000200
2024-04-13,522.0884694531251,21000100,553.33,20991200,553.33,21000200
2024-04-14,535.6517568416667,21000100,566.0,20991200,566.0,21000200
2024-04-15,530.0759792167499,21000100,552.18,20991200,552.18,21000200
2024-04-16,500.0206338933333,21000100,537.52,20991200,537.52,21000200
2024-04-17,530.1973364462501,21000100,533.94,20991200,533.94,21000200
2024-04-18,546.1492446783334,21000100,551.95,20991200,551.95,21000200
2024-04-19,550.775839446,21000100,553.77,20991200,553.77,21000200
2024-04-20,570.37,21000100,570.37,20991200,570.37,21000200
2024-04-21,576.4875196110833,21000100,579.31,20991200,579.31,21000200
2024-04-22,604.37,21000100,604.37,20991200,604.37,21000200
2024-04-23,600.7988930068333,21000100,605.74,20991200,605.74,21000200
2024-04-24,586.9567318566667,21000100,608.47,20991200,608.47,21000200
2024-04-25,600.6547588308333,21000100,612.55,20991200,612.55,21000200
2024-04-26,566.5649182558334,21000100,597.47,20991200,597.47,21000200
2024-04-27,572.0678391885,21000100,595.74,20991200,595.74,21000200
2024-04-28,559.5157315145,21000100,599.64,20991200,599.64,21000200
2024-04-29,549.76305252575,21000100,592.62,20991200,592.62,21000200
2024-04-30,555.1416817613334,21000100,577.72,20991200,577.72,21000200
2024-05-01,551.614762195,21000100,561.45,20991200,561.45,21000200
2024-05-02,551.3299198849166,21000100,560.21,20991200,560.21,21000200
2024-05-03,578.3547103349999,21000100,586.65,20991200,586.65,21000200
2024-05-04,575.2000682522499,21000100,584.78,20991200,584.78,21000200
2024-05-05,565.6951950068333,21000100,591.56,20991200,591.56,21000200
2024-05-06,579.9590553398749,21000100,587.81,20991200,587.81,21000200
2024-05-07,574.35242011475,21000100,575.86,20991200,575.86,21000200
2024-05-08,588.22,21000100,588.22,20991200,588.22,21000200
2024-05-09,596.42,21000100,596.42,20991200,596.42,21000200
2024-05-10,578.268220673,21000100,585.26,20991200,585.26,21000200
2024-05-11,590.62648927975,21000100,592.03,20991200,592.03,21000200
2024-05-12,593.779866540625,21000100,594.25,20991200,594.25,21000200
2024-05-13,580.4599298962917,21000100,591.29,20991200,591.29,21000200
2024-05-14,537.788735918875,21000100,566.59,20991200,566.59,21000200
2024-05-15,530.4332970274583,21000100,580.81,20991200,580.81,21000200
2024-05-16,554.1740705233334,21000100,568.48,20991200,568.48,21000200
2024-05-17,567.9690608466667,21000100,580.52,20991200,580.52,21000200
2024-05-18,580.27,21000100,580.27,20991200,580.27,21000200
2024-05-19,574.31,21000100,574.31,20991200,574.31,21000200
2024-05-20,596.9851326560834,21000100,599.71,20991200,599.71,21000200
2024-05-21,624.43338922275,21000100,619.02,20991200,619.02,21000200
2024-05-22,624.26741652,21000100,615.24,20991200,615.24,21000200
2024-05-23,604.1611828834999,21000100,599.66,20991200,599.66,21000200
2024-05-24,600.6320176139583,21000100,600.55,20991200,600.55,21000200
2024-05-25,602.48,21000100,602.48,20991200,602.48,21000200
2024-05-26,602.2491530410416,21000100,600.65,20991200,600.65,21000200
2024-05-27,611.1794394202917,21000100,604.13,20991200,604.13,21000200
2024-05-28,605.1697564631249,21000100,601.91,20991200,601.91,21000200
2024-05-29,599.7840574696249,21000100,595.77,20991200,595.77,21000200
2024-05-30,595.34,21000100,595.34,20991200,595.34,21000200
2024-05-31,595.855632399,21000100,594.03,20991200,594.03,21000200
2024-06-01,612.6915692783749,21000100,602.39,20991200,602.39,21000200
2024-06-02,616.3791691983333,21000100,603.4,20991200,603.4,21000200
2024-06-03,638.7425492066666,21000100,626.86,20991200,626.86,21000200
2024-06-04,695.509030065,21000100,686.16,20991200,686.16,21000200
2024-06-05,710.3719775203334,21000100,699.32,20991200,699.32,21000200
2024-06-06,721.0787877985416,21000100,711.29,20991200,711.29,21000200
2024-06-07,684.8875413,21000100,684.0,20991200,684.0,21000200
2024-06-08,682.61,21000100,682.61,20991200,682.61,21000200
2024-06-09,673.16,21000100,673.16,20991200,673.16,21000200
2024-06-10,625.0,21000100,625.0,20991200,625.0,21000200
2024-06-11,602.18,21000100,602.18,20991200,602.18,21000200
2024-06-12,619.1106604643334,21000100,619.28,20991200,619.28,21000200
2024-06-13,599.7,21000100,599.7,20991200,599.7,21000200
2024-06-14,603.11,21000100,603.11,20991200,603.11,21000200
2024-06-15,607.99,21000100,607.99,20991200,607.99,21000200
2024-06-16,610.65,21000100,610.65,20991200,610.65,21000200
2024-06-17,603.96,21000100,603.96,20991200,603.96,21000200
2024-06-18,588.5,21000100,588.5,20991200,588.5,21000200
2024-06-19,598.92,21000100,598.92,20991200,598.92,21000200
2024-06-20,587.32,21000100,587.32,20991200,587.32,21000200
2024-06-21,586.11,21000100,586.11,20991200,586.11,21000200
2024-06-22,590.98,21000100,590.98,20991200,590.98,21000200
2024-06-23,577.4,21000100,577.4,20991200,577.4,21000200
2024-06-24,567.95,21000100,567.95,20991200,567.95,21000200
2024-06-25,577.94,21000100,577.94,20991200,577.94,21000200
2024-06-26,573.09,21000100,573.09,20991200,573.09,21000200
2024-06-27,581.75,21000100,581.75,20991200,581.75,21000200
2024-06-28,567.7,21000100,567.7,20991200,567.7,21000200
2024-06-29,570.4,21000100,570.4,20991200,570.4,21000200
2024-06-30,582.63,21000100,582.63,20991200,582.63,21000200
2024-07-01,577.4422871621249,21000100,577.17,20991200,577.17,21000200
2024-07-02,580.9236024695833,21000100,580.3,20991200,580.3,21000200
2024-07-03,559.2749020717916,21000100,556.91,20991200,556.91,21000200
2024-07-04,513.22,21000100,513.22,20991200,513.22,21000200
2024-07-05,497.54,21000100,497.54,20991200,497.54,21000200
2024-07-06,526.15,21000100,526.15,20991200,526.15,21000200
2024-07-07,490.64,21000100,490.64,20991200,490.64,21000200
2024-07-08,510.28,21000100,510.28,20991200,510.28,21000200
2024-07-09,516.67,21000100,516.67,20991200,516.67,21000200
2024-07-10,524.68,21000100,524.68,20991200,524.68,21000200
2024-07-11,524.87,21000100,524.87,20991200,524.87,21000200
2024-07-12,534.09,21000100,534.09,20991200,534.09,21000200
2024-07-13,532.46,21000100,532.46,20991200,532.46,21000200
2024-07-14,544.76,21000100,544.76,20991200,544.76,21000200
2024-07-15,585.1,21000100,585.1,20991200,585.1,21000200
2024-07-16,576.05,21000100,576.05,20991200,576.05,21000200
2024-07-17,568.79,21000100,568.79,20991200,568.79,21000200
2024-07-18,571.96,21000100,571.96,20991200,571.96,21000200
2024-07-19,593.59,21000100,593.59,20991200,593.59,21000200
2024-07-20,593.2,21000100,593.2,20991200,593.2,21000200
2024-07-21,602.47,21000100,602.47,20991200,602.47,21000200
2024-07-22,587.31,21000100,587.31,20991200,587.31,21000200
2024-07-23,582.19,21000100,582.19,20991200,582.19,21000200
2024-07-24,574.78,21000100,574.78,20991200,574.78,21000200
2024-07-25,570.94,21000100,570.94,20991200,570.94,21000200
2024-07-26,581.04,21000100,581.04,20991200,581.04,21000200
2024-07-27,581.91,21000100,581.91,20991200,581.91,21000200
2024-07-28,584.21,21000100,584.21,20991200,584.21,21000200
2024-07-29,575.569196091,21000100,574.46,20991200,574.46,21000200
2024-07-30,588.34,21000100,588.34,20991200,588.34,21000200
2024-07-31,577.4268482587499,21000100,576.79,20991200,576.79,21000200
2024-08-01,575.688690250875,21000100,575.37,20991200,575.37,21000200
2024-08-02,543.380795750625,21000100,543.15,20991200,543.15,21000200
2024-08-03,529.64,21000100,529.64,20991200,529.64,21000200
2024-08-04,496.92,21000100,496.92,20991200,496.92,21000200
2024-08-05,464.2,21000100,464.2,20991200,464.2,21000200
2024-08-06,483.2660906375833,21000100,484.78,20991200,484.78,21000200
2024-08-07,474.99,21000100,474.99,20991200,474.99,21000200
2024-08-08,517.05,21000100,517.05,20991200,517.05,21000200
2024-08-09,508.87,21000100,508.87,20991200,508.87,21000200
2024-08-10,523.29,21000100,523.29,20991200,523.29,21000200
2024-08-11,503.68,21000100,503.68,20991200,503.68,21000200
2024-08-12,518.48,21000100,518.48,20991200,518.48,21000200
2024-08-13,524.24,21000100,524.24,20991200,524.24,21000200
2024-08-14,523.18,21000100,523.18,20991200,523.18,21000200
2024-08-15,518.87,21000100,518.87,20991200,518.87,21000200
2024-08-16,518.4489687282501,21000100,519.47,20991200,519.47,21000200
2024-08-17,541.6247641911666,21000100,541.81,20991200,541.81,21000200
2024-08-18,531.28,21000100,531.28,20991200,531.28,21000200
2024-08-19,558.77,21000100,558.77,20991200,558.77,21000200
2024-08-20,569.37,21000100,569.37,20991200,569.37,21000200
2024-08-21,569.79,21000100,569.79,20991200,569.79,21000200
2024-08-22,581.372103575,21000100,582.8,20991200,582.8,21000200
2024-08-23,583.1782960000619,21000100,591.29,20991200,591.29,21000200
2024-08-24,571.6559146632261,21000100,580.43,20991200,580.43,21000200
2024-08-25,567.1532969550001,21000100,573.48,20991200,573.48,21000200
2024-08-26,548.0189982977499,21000100,548.03,20991200,548.03,21000200
2024-08-27,533.17,21000100,533.17,20991200,533.17,21000200
2024-08-28,537.05,21000100,537.05,20991200,537.05,21000200
2024-08-29,536.31,21000100,536.31,20991200,536.31,21000200
2024-08-30,535.01,21000100,535.01,20991200,535.01,21000200
2024-08-31,532.83,21000100,532.83,20991200,532.83,21000200
2024-09-01,511.2144090739583,21000100,512.05,20991200,512.05,21000200
2024-09-02,526.41,21000100,526.41,20991200,526.41,21000200
2024-09-03,518.85,21000100,518.85,20991200,518.85,21000200
2024-09-04,507.71,21000100,507.71,20991200,507.71,21000200
2024-09-05,502.48,21000100,502.48,20991200,502.48,21000200
2024-09-06,487.04,21000100,487.04,20991200,487.04,21000200
2024-09-07,493.37,21000100,493.37,20991200,493.37,21000200
2024-09-08,503.03,21000100,503.03,20991200,503.03,21000200
2024-09-09,518.91,21000100,518.91,20991200,518.91,21000200
2024-09-10,517.2819845068333,21000100,517.22,20991200,517.22,21000200
2024-09-11,530.37,21000100,530.37,20991200,530.37,21000200
2024-09-12,544.58,21000100,544.58,20991200,544.58,21000200
2024-09-13,556.02,21000100,556.02,20991200,556.02,21000200
2024-09-14,553.21,21000100,553.21,20991200,553.21,21000200
2024-09-15,553.12,21000100,553.12,20991200,553.12,21000200
2024-09-16,530.443309915,21000100,533.37,20991200,533.37,21000200
2024-09-17,541.2122847996667,21000100,546.02,20991200,546.02,21000200
2024-09-18,554.6741855380001,21000100,559.32,20991200,559.32,21000200
2024-09-19,560.4168629375874,21000100,566.85,20991200,566.85,21000200
2024-09-20,567.5513886662501,21000100,568.83,20991200,568.83,21000200
2024-09-21,588.98,21000100,588.98,20991200,588.98,21000200
2024-09-22,588.65,21000100,588.65,20991200,588.65,21000200
2024-09-23,604.97,21000100,604.97,20991200,604.97,21000200
2024-09-24,607.3073323096667,21000100,606.07,20991200,606.07,21000200
2024-09-25,587.49,21000100,587.49,20991200,587.49,21000200
2024-09-26,596.47,21000100,596.47,20991200,596.47,21000200
2024-09-27,607.33,21000100,607.33,20991200,607.33,21000200
2024-09-28,602.0749768019999,21000100,601.12,20991200,601.12,21000200
2024-09-29,595.76,21000100,595.76,20991200,595.76,21000200
2024-09-30,567.65,21000100,567.65,20991200,567.65,21000200
2024-10-01,546.98,21000100,546.98,20991200,546.98,21000200
2024-10-02,541.9462835730833,21000100,542.38,20991200,542.38,21000200
2024-10-03,542.3217353013333,21000100,544.64,20991200,544.64,21000200
2024-10-04,555.27,21000100,555.27,20991200,555.27,21000200
2024-10-05,563.13,21000100,563.13,20991200,563.13,21000200
2024-10-06,570.26,21000100,570.26,20991200,570.26,21000200
2024-10-07,564.33,21000100,564.33,20991200,564.33,21000200
2024-10-08,579.92,21000100,579.92,20991200,579.92,21000200
2024-10-09,560.634544972537,21000100,570.35,20991200,570.35,21000200
2024-10-10,558.4604748814166,21000100,563.63,20991200,563.63,21000200
2024-10-11,571.1272177707083,21000100,573.77,20991200,573.77,21000200
2024-10-12,576.51,21000100,576.51,20991200,576.51,21000200
2024-10-13,572.21,21000100,572.21,20991200,572.21,21000200
2024-10-14,589.31,21000100,589.31,20991200,589.31,21000200
2024-10-15,596.4052393615832,21000100,594.89,20991200,594.89,21000200
2024-10-16,602.9222340290834,21000100,601.13,20991200,601.13,21000200
2024-10-17,592.83,21000100,592.83,20991200,592.83,21000200
2024-10-18,599.03,21000100,599.03,20991200,599.03,21000200
2024-10-19,597.94,21000100,597.94,20991200,597.94,21000200
2024-10-20,606.28,21000100,606.28,20991200,606.28,21000200
2024-10-21,601.676450477,21000100,598.74,20991200,598.74,21000200
2024-10-22,593.81,21000100,593.81,20991200,593.81,21000200
2024-10-23,584.95,21000100,584.95,20991200,584.95,21000200
2024-10-24,594.65,21000100,594.65,20991200,594.65,21000200
2024-10-25,574.64,21000100,574.64,20991200,574.64,21000200
2024-10-26,583.4,21000100,583.4,20991200,583.4,21000200
2024-10-27,589.34,21000100,589.34,20991200,589.34,21000200
2024-10-28,601.37,21000100,601.37,20991200,601.37,21000200
2024-10-29,607.548738655625,21000100,606.71,20991200,606.71,21000200
2024-10-30,602.5498070066667,21000100,595.9,20991200,595.9,21000200
2024-10-31,578.6704487503334,21000100,576.71,20991200,576.71,21000200
2024-11-01,572.93,21000100,572.93,20991200,572.93,21000200
2024-11-02,568.58,21000100,568.58,20991200,568.58,21000200
2024-11-03,557.78,21000100,557.78,20991200,557.78,21000200
2024-11-04,552.51,21000100,552.51,20991200,552.51,21000200
2024-11-05,563.3,21000100,563.3,20991200,563.3,21000200
2024-11-06,594.509678023625,21000100,592.61,20991200,592.61,21000200
2024-11-07,606.1880287247501,21000100,598.74,20991200,598.74,21000200
2024-11-08,605.2788915479999,21000100,598.17,20991200,598.17,21000200
2024-11-09,634.429993183,21000100,625.06,20991200,625.06,21000200
2024-11-10,640.0075504139992,21000100,627.84,20991200,627.84,21000200
2024-11-11,674.020986728375,21000100,660.53,20991200,660.53,21000200
2024-11-12,640.6597330172355,21000100,625.78,20991200,625.78,21000200
2024-11-13,629.0034546462917,21000100,621.19,20991200,621.19,21000200
2024-11-14,627.625027066,21000100,622.64,20991200,622.64,21000200
2024-11-15,620.1558242296251,21000100,619.73,20991200,619.73,21000200
2024-11-16,628.054135571125,21000100,623.19,20991200,623.19,21000200
2024-11-17,621.1506568105,21000100,618.99,20991200,618.99,21000200
2024-11-18,619.5994301216666,21000100,619.46,20991200,619.46,21000200
2024-11-19,625.5932744424999,21000100,615.93,20991200,615.93,21000200
2024-11-20,614.3177825493333,21000100,605.78,20991200,605.78,21000200
2024-11-21,629.4286408545416,21000100,622.33,20991200,622.33,21000200
2024-11-22,647.73264265125,21000100,633.51,20991200,633.51,21000200
2024-11-23,667.7828098194584,21000100,651.13,20991200,651.13,21000200
2024-11-24,675.8760884571667,21000100,660.22,20991200,660.22,21000200
2024-11-25,647.6390777808749,21000100,636.59,20991200,636.59,21000200
2024-11-26,624.0146274958333,21000100,613.94,20991200,613.94,21000200
2024-11-27,654.314842944625,21000100,644.69,20991200,644.69,21000200
2024-11-28,668.461000650375,21000100,654.33,20991200,654.33,21000200
2024-11-29,668.5254403802917,21000100,655.13,20991200,655.13,21000200
2024-11-30,668.011823479,21000100,653.88,20991200,653.88,21000200
2024-12-01,670.468542913,21000100,656.63,20991200,656.63,21000200
2024-12-02,666.2413996464999,21000100,648.28,20991200,648.28,21000200
2024-12-03,759.5434018916249,21000100,735.67,20991200,735.67,21000200
2024-12-04,759.3481226380001,21000100,740.46,20991200,740.46,21000200
2024-12-05,743.2301472466667,21000100,717.76,20991200,717.76,21000200
2024-12-06,746.5238203052083,21000100,730.75,20991200,730.75,21000200
2024-12-07,770.3154678633749,21000100,750.33,20991200,750.33,21000200
2024-12-08,755.4302432576667,21000100,742.51,20991200,742.51,21000200
2024-12-09,703.1696343904166,21000100,689.54,20991200,689.54,21000200
2024-12-10,680.2591432635,21000100,677.22,20991200,677.22,21000200
2024-12-11,716.135476693,21000100,711.69,20991200,711.69,21000200
2024-12-12,708.9014705991667,21000100,706.18,20991200,706.18,21000200
2024-12-13,729.81153575875,21000100,725.73,20991200,725.73,21000200
2024-12-14,715.57,21000100,715.57,20991200,715.57,21000200
2024-12-15,719.53,21000100,719.53,20991200,719.53,21000200
2024-12-16,726.7899881048334,21000100,721.09,20991200,721.09,21000200
2024-12-17,724.0337782460417,21000100,717.85,20991200,717.85,21000200
2024-12-18,687.2356963689584,21000100,686.45,20991200,686.45,21000200
2024-12-19,665.48,21000100,665.48,20991200,665.48,21000200
2024-12-20,678.0930454333334,21000100,678.32,20991200,678.32,21000200
2024-12-21,663.73,21000100,663.73,20991200,663.73,21000200
2024-12-22,649.77,21000100,649.77,20991200,649.77,21000200
2024-12-23,691.40272329,21000100,693.9,20991200,693.9,21000200
2024-12-24,688.821581727125,21000100,696.63,20991200,696.63,21000200
2024-12-25,700.2730563102083,21000100,702.13,20991200,702.13,21000200
2024-12-26,681.9525224947917,21000100,688.75,20991200,688.75,21000200
2024-12-27,685.486181293125,21000100,691.49,20991200,691.49,21000200
2024-12-28,722.14,21000100,722.14,20991200,722.14,21000200
2024-12-29,694.48,21000100,694.48,20991200,694.48,21000200
2024-12-30,703.0963171154999,21000100,704.76,20991200,704.76,21000200
2024-12-31,701.033826211,21000100,702.12,20991200,702.12,21000200
2025-01-01,707.43,21000100,707.43,20991200,707.43,21000200
2025-01-02,702.43949311375,21000100,706.11,20991200,706.11,21000200
2025-01-03,715.22,21000100,715.22,20991200,715.22,21000200
2025-01-04,713.38,21000100,713.38,20991200,713.38,21000200
2025-01-05,709.28,21000100,709.28,20991200,709.28,21000200
2025-01-06,729.81,21000100,729.81,20991200,729.81,21000200
2025-01-07,697.5137041259999,21000100,697.16,20991200,697.16,21000200
2025-01-08,675.3143147006909,21000100,695.49,20991200,695.49,21000200
2025-01-09,678.87161473625,21000100,684.89,20991200,684.89,21000200
2025-01-10,677.365990785,21000100,693.04,20991200,693.04,21000200
2025-01-11,696.42,21000100,696.42,20991200,696.42,21000200
2025-01-12,691.77122712,21000100,692.96,20991200,692.96,21000200
2025-01-13,668.481175884375,21000100,688.41,20991200,688.41,21000200
2025-01-14,698.84,21000100,698.84,20991200,698.84,21000200
2025-01-15,714.38,21000100,714.38,20991200,714.38,21000200
2025-01-16,708.05,21000100,708.05,20991200,708.05,21000200
2025-01-17,722.8780529215001,21000100,722.09,20991200,722.09,21000200
2025-01-18,709.91,21000100,709.91,20991200,709.91,21000200
2025-01-19,687.9201980049166,21000100,683.39,20991200,683.39,21000200
2025-01-20,688.2345185098334,21000100,682.84,20991200,682.84,21000200
2025-01-21,695.8690744069999,21000100,692.54,20991200,692.54,21000200
2025-01-22,698.3661702120833,21000100,695.95,20991200,695.95,21000200
2025-01-23,691.694756073,21000100,690.12,20991200,690.12,21000200
2025-01-24,682.1915382095,21000100,680.46,20991200,680.46,21000200
2025-01-25,688.5556146576666,21000100,686.74,20991200,686.74,21000200
2025-01-26,668.1390761456665,21000100,666.64,20991200,666.64,21000200
2025-01-27,677.717551108,21000100,680.16,20991200,680.16,21000200
2025-01-28,661.08,21000100,661.08,20991200,661.08,21000200
2025-01-29,667.94,21000100,667.94,20991200,667.94,21000200
2025-01-30,677.87,21000100,677.87,20991200,677.87,21000200
2025-01-31,677.79,21000100,677.79,20991200,677.79,21000200
2025-02-01,654.034321743125,21000100,652.83,20991200,652.83,21000200
2025-02-02,617.69,21000100,617.69,20991200,617.69,21000200
2025-02-03,616.76,21000100,616.76,20991200,616.76,21000200
2025-02-04,572.81,21000100,572.81,20991200,572.81,21000200
2025-02-05,569.42,21000100,569.42,20991200,569.42,21000200
2025-02-06,571.28540090325,21000100,571.47,20991200,571.47,21000200
2025-02-07,574.4003604567499,21000100,577.42,20991200,577.42,21000200
2025-02-08,612.27,21000100,612.27,20991200,612.27,21000200
2025-02-09,607.1135760239999,21000100,615.36,20991200,615.36,21000200
2025-02-10,618.38,21000100,618.38,20991200,618.38,21000200
2025-02-11,641.58,21000100,641.58,20991200,641.58,21000200
2025-02-12,693.6153653490001,21000100,696.76,20991200,696.76,21000200
2025-02-13,653.22264129875,21000100,664.35,20991200,664.35,21000200
2025-02-14,658.36157320075,21000100,659.42,20991200,659.42,21000200
2025-02-15,657.9565123413333,21000100,661.76,20991200,661.76,21000200
2025-02-16,664.5704364979167,21000100,672.65,20991200,672.65,21000200
2025-02-17,660.5370099419999,21000100,667.12,20991200,667.12,21000200
2025-02-18,644.1799524401666,21000100,648.04,20991200,648.04,21000200
2025-02-19,649.450191984625,21000100,653.11,20991200,653.11,21000200
2025-02-20,653.3490971278334,21000100,655.94,20991200,655.94,21000200
2025-02-21,636.8339363406667,21000100,647.11,20991200,647.11,21000200
2025-02-22,657.146006829125,21000100,668.13,20991200,668.13,21000200
2025-02-23,650.3067075020833,21000100,657.65,20991200,657.65,21000200
2025-02-24,602.2850438569166,21000100,614.06,20991200,614.06,21000200
2025-02-25,622.0358239477916,21000100,622.87,20991200,622.87,21000200
2025-02-26,601.2042713208333,21000100,611.5,20991200,611.5,21000200
2025-02-27,605.19,21000100,605.19,20991200,605.19,21000200
2025-02-28,585.00880228425,21000100,587.82,20991200,587.82,21000200
2025-03-01,597.2513047003333,21000100,607.28,20991200,607.28,21000200
2025-03-02,618.3544489899583,21000100,623.53,20991200,623.53,21000200
2025-03-03,570.8968121455,21000100,575.72,20991200,575.72,21000200
2025-03-04,579.47575448,21000100,583.8,20991200,583.8,21000200
2025-03-05,596.11966228725,21000100,597.93,20991200,597.93,21000200
2025-03-06,596.27,21000100,596.27,20991200,596.27,21000200
2025-03-07,594.53,21000100,594.53,20991200,594.53,21000200
2025-03-08,592.8,21000100,592.8,20991200,592.8,21000200
2025-03-09,552.19634316,21000100,554.4,20991200,554.4,21000200
2025-03-10,529.5071059895834,21000100,531.25,20991200,531.25,21000200
2025-03-11,549.388193856625,21000100,551.47,20991200,551.47,21000200
2025-03-12,569.5033955822917,21000100,569.75,20991200,569.75,21000200
2025-03-13,579.45,21000100,579.45,20991200,579.45,21000200
2025-03-14,586.4526746313333,21000100,587.56,20991200,587.56,21000200
2025-03-15,618.9439661807501,21000100,619.62,20991200,619.62,21000200
2025-03-16,602.14,21000100,602.14,20991200,602.14,21000200
2025-03-17,631.39,21000100,631.39,20991200,631.39,21000200
2025-03-18,626.69347116825,21000100,627.42,20991200,627.42,21000200
2025-03-19,611.2175285374167,21000100,618.02,20991200,618.02,21000200
2025-03-20,618.3356320926666,21000100,629.92,20991200,629.92,21000200
2025-03-21,615.5298483140028,21000100,634.64,20991200,634.64,21000200
2025-03-22,606.6567532520834,21000100,626.5,20991200,626.5,21000200
2025-03-23,602.2790091411164,21000100,623.25,20991200,623.25,21000200
2025-03-24,623.9402611464167,21000100,636.58,20991200,636.58,21000200
2025-03-25,620.594490525625,21000100,629.53,20991200,629.53,21000200
2025-03-26,617.72,21000100,617.72,20991200,617.72,21000200
2025-03-27,636.21073026,21000100,636.66,20991200,636.66,21000200
2025-03-28,610.5701497683333,21000100,619.24,20991200,619.24,21000200
2025-03-29,588.8184884853333,21000100,602.59,20991200,602.59,21000200
2025-03-30,582.868949978125,21000100,601.95,20991200,601.95,21000200
2025-03-31,598.7133024405,21000100,604.63,20991200,604.63,21000200
2025-04-01,596.1166250119583,21000100,610.93,20991200,610.93,21000200
2025-04-02,588.5748583573334,21000100,590.08,20991200,590.08,21000200
2025-04-03,579.8552807651249,21000100,592.43,20991200,592.43,21000200
2025-04-04,597.84,21000100,597.84,20991200,597.84,21000200
2025-04-05,593.11,21000100,593.11,20991200,593.11,21000200
2025-04-06,555.35,21000100,555.35,20991200,555.35,21000200
2025-04-07,554.63,21000100,554.63,20991200,554.63,21000200
2025-04-08,553.72,21000100,553.72,20991200,553.72,21000200
2025-04-09,582.12,21000100,582.12,20991200,582.12,21000200
2025-04-10,577.79,21000100,577.79,20991200,577.79,21000200
2025-04-11,585.84,21000100,585.84,20991200,585.84,21000200
2025-04-12,591.01734333175,21000100,597.11,20991200,597.11,21000200
2025-04-13,583.0427670338333,21000100,584.06,20991200,584.06,21000200
2025-04-14,580.7965257889167,21000100,584.09,20991200,584.09,21000200
2025-04-15,577.5238056452083,21000100,579.11,20991200,579.11,21000200
2025-04-16,578.6424816048333,21000100,582.68,20991200,582.68,21000200
2025-04-17,590.36,21000100,590.36,20991200,590.36,21000200
2025-04-18,586.4698256268333,21000100,591.53,20991200,591.53,21000200
2025-04-19,577.9056170096666,21000100,591.56,20991200,591.56,21000200
2025-04-20,592.42,21000100,592.42,20991200,592.42,21000200
2025-04-21,592.929813342,21000100,596.88,20991200,596.88,21000200
2025-04-22,611.913105003625,21000100,618.27,20991200,618.27,21000200
2025-04-23,605.45,21000100,605.45,20991200,605.45,21000200
2025-04-24,601.26,21000100,601.26,20991200,601.26,21000200
2025-04-25,599.57,21000100,599.57,20991200,599.57,21000200
2025-04-26,606.2248147829999,21000100,607.18,20991200,607.18,21000200
2025-04-27,600.717120556875,21000100,603.63,20991200,603.63,21000200
2025-04-28,605.99,21000100,605.99,20991200,605.99,21000200
2025-04-29,599.8454577882083,21000100,600.67,20991200,600.67,21000200
2025-04-30,594.8541752305417,21000100,599.21,20991200,599.21,21000200
2025-05-01,590.0772835391666,21000100,599.14,20991200,599.14,21000200
2025-05-02,596.9216878625,21000100,600.6,20991200,600.6,21000200
2025-05-03,598.3156211025,21000100,599.07,20991200,599.07,21000200
2025-05-04,575.9642543172916,21000100,585.65,20991200,585.65,21000200
2025-05-05,591.6988628329168,21000100,597.19,20991200,597.19,21000200
2025-05-06,593.7534600666667,21000100,602.56,20991200,602.56,21000200
2025-05-07,602.51,21000100,602.51,20991200,602.51,21000200
2025-05-08,628.0942677167083,21000100,629.29,20991200,629.29,21000200
2025-05-09,666.72,21000100,666.72,20991200,666.72,21000200
2025-05-10,664.1,21000100,664.1,20991200,664.1,21000200
2025-05-11,652.063729344,21000100,651.36,20991200,651.36,21000200
2025-05-12,661.7140512895833,21000100,660.5,20991200,660.5,21000200
2025-05-13,664.62,21000100,664.62,20991200,664.62,21000200
2025-05-14,653.7951827200001,21000100,652.8,20991200,652.8,21000200
2025-05-15,652.17,21000100,652.17,20991200,652.17,21000200
2025-05-16,646.39,21000100,646.39,20991200,646.39,21000200
2025-05-17,639.42,21000100,639.42,20991200,639.42,21000200
2025-05-18,651.32,21000100,651.32,20991200,651.32,21000200
2025-05-19,649.96,21000100,649.96,20991200,649.96,21000200
2025-05-20,650.37,21000100,650.37,20991200,650.37,21000200
2025-05-21,673.58,21000100,673.58,20991200,673.58,21000200
2025-05-22,686.49,21000100,686.49,20991200,686.49,21000200
2025-05-23,656.85,21000100,656.85,20991200,656.85,21000200
2025-05-24,667.89,21000100,667.89,20991200,667.89,21000200
2025-05-25,669.13,21000100,669.13,20991200,669.13,21000200
2025-05-26,673.91,21000100,673.91,20991200,673.91,21000200
2025-05-27,687.14,21000100,687.14,20991200,687.14,21000200
2025-05-28,686.8,21000100,686.8,20991200,686.8,21000200
2025-05-29,674.7,21000100,674.7,20991200,674.7,21000200
2025-05-30,655.0,21000100,655.0,20991200,655.0,21000200
2025-05-31,657.2157871039999,21000100,657.92,20991200,657.92,21000200
2025-06-01,659.81701160375,21000100,660.66,20991200,660.66,21000200
2025-06-02,665.93,21000100,665.93,20991200,665.93,21000200
2025-06-03,661.33,21000100,661.33,20991200,661.33,21000200
2025-06-04,662.93,21000100,662.93,20991200,662.93,21000200
2025-06-05,632.9,21000100,632.9,20991200,632.9,21000200
2025-06-06,635.5289474114584,21000100,642.25,20991200,642.25,21000200
2025-06-07,649.170180327875,21000100,650.41,20991200,650.41,21000200
2025-06-08,650.6216115776666,21000100,651.64,20991200,651.64,21000200
2025-06-09,662.21723606775,21000100,665.61,20991200,665.61,21000200
2025-06-10,673.0780700366666,21000100,673.66,20991200,673.66,21000200
2025-06-11,667.58,21000100,667.58,20991200,667.58,21000200
2025-06-12,654.41,21000100,654.41,20991200,654.41,21000200
2025-06-13,653.3127768813332,21000100,655.04,20991200,655.04,21000200
2025-06-14,640.3893097902084,21000100,645.23,20991200,645.23,21000200
2025-06-15,644.8992241813332,21000100,647.92,20991200,647.92,21000200
2025-06-16,650.74,21000100,650.74,20991200,650.74,21000200
2025-06-17,648.04,21000100,648.04,20991200,648.04,21000200
2025-06-18,640.8877421468334,21000100,644.33,20991200,644.33,21000200
2025-06-19,643.1663524065833,21000100,644.51,20991200,644.51,21000200
2025-06-20,641.68,21000100,641.68,20991200,641.68,21000200
2025-06-21,625.8675585,21000100,628.75,20991200,628.75,21000200
2025-06-22,613.3724263975,21000100,615.72,20991200,615.72,21000200
2025-06-23,640.02,21000100,640.02,20991200,640.02,21000200
2025-06-24,637.5668567916666,21000100,643.3,20991200,643.3,21000200
2025-06-25,646.1,21000100,646.1,20991200,646.1,21000200
2025-06-26,642.05,21000100,642.05,20991200,642.05,21000200
2025-06-27,645.56,21000100,645.56,20991200,645.56,21000200
2025-06-28,648.38,21000100,648.38,20991200,648.38,21000200
2025-06-29,654.96,21000100,654.96,20991200,654.96,21000200
2025-06-30,656.99,21000100,656.99,20991200,656.99,21000200
2025-07-01,646.11,21000100,646.11,20991200,646.11,21000200
2025-07-02,659.97,21000100,659.97,20991200,659.97,21000200
2025-07-03,663.9,21000100,663.9,20991200,663.9,21000200
2025-07-04,653.39,21000100,653.39,20991200,653.39,21000200
2025-07-05,655.99,21000100,655.99,20991200,655.99,21000200
2025-07-06,663.12,21000100,663.12,20991200,663.12,21000200
2025-07-07,661.04,21000100,661.04,20991200,661.04,21000200
2025-07-08,660.52,21000100,660.52,20991200,660.52,21000200
2025-07-09,668.88,21000100,668.88,20991200,668.88,21000200
2025-07-10,686.3,21000100,686.3,20991200,686.3,21000200
2025-07-11,690.4,21000100,690.4,20991200,690.4,21000200
2025-07-12,686.5476373687501,21000100,686.1,20991200,686.1,21000200
2025-07-13,692.33,21000100,692.33,20991200,692.33,21000200
2025-07-14,691.0886645133332,21000100,689.11,20991200,689.11,21000200
2025-07-15,690.37,21000100,690.37,20991200,690.37,21000200
2025-07-16,709.13,21000100,709.13,20991200,709.13,21000200
2025-07-17,722.13693876025,21000100,721.11,20991200,721.11,21000200
2025-07-18,735.4961321436667,21000100,730.39,20991200,730.39,21000200
2025-07-19,733.43,21000100,733.43,20991200,733.43,21000200
2025-07-20,757.5889519830415,21000100,757.31,20991200,757.31,21000200
2025-07-21,770.3186859886667,21000100,766.51,20991200,766.51,21000200
2025-07-22,790.1518108733334,21000100,787.6,20991200,787.6,21000200
2025-07-23,785.7360140091342,21000100,776.92,20991200,776.92,21000200
2025-07-24,772.0666531525001,21000100,771.15,20991200,771.15,21000200
2025-07-25,786.4124756702499,21000100,785.98,20991200,785.98,21000200
2025-07-26,797.0980812854167,21000100,793.61,20991200,793.61,21000200
2025-07-27,850.5654115199999,21000100,844.8,20991200,844.8,21000200
2025-07-28,833.2730757646667,21000100,824.48,20991200,824.48,21000200
2025-07-29,809.1889487529166,21000100,805.82,20991200,805.82,21000200
2025-07-30,798.1404987701251,21000100,794.07,20991200,794.07,21000200
2025-07-31,785.581472172,21000100,783.68,20991200,783.68,21000200
2025-08-01,758.9431881524999,21000100,757.64,20991200,757.64,21000200
2025-08-02,737.1894543124585,21000100,736.97,20991200,736.97,21000200
2025-08-03,752.2503925983749,21000100,751.41,20991200,751.41,21000200
2025-08-04,768.89,21000100,768.89,20991200,768.89,21000200
2025-08-05,755.57,21000100,755.57,20991200,755.57,21000200
2025-08-06,770.7055673824168,21000100,769.94,20991200,769.94,21000200
2025-08-07,789.99073519125,21000100,788.99,20991200,788.99,21000200
2025-08-08,793.71,21000100,793.71,20991200,793.71,21000200
2025-08-09,800.4971711611668,21000100,799.16,20991200,799.16,21000200
2025-08-10,808.4552741629167,21000100,807.65,20991200,807.65,21000200
2025-08-11,808.7627904082501,21000100,805.26,20991200,805.26,21000200
2025-08-12,833.05,21000100,833.05,20991200,833.05,21000200
2025-08-13,857.7918862738799,21000100,848.3,20991200,848.3,21000200
2025-08-14,848.55746253,21000100,840.8,20991200,840.8,21000200
2025-08-15,828.0,21000100,828.0,20991200,828.0,21000200
2025-08-16,838.97,21000100,838.97,20991200,838.97,21000200
2025-08-17,856.0495619480001,21000100,855.96,20991200,855.96,21000200
2025-08-18,848.4017153675,21000100,847.56,20991200,847.56,21000200
2025-08-19,824.44,21000100,824.44,20991200,824.44,21000200
2025-08-20,869.71,21000100,869.71,20991200,869.71,21000200
2025-08-21,843.0515869313332,21000100,839.78,20991200,839.78,21000200
2025-08-22,902.3242297333334,21000100,901.0,20991200,901.0,21000200
2025-08-23,892.6890445155775,21000100,880.86,20991200,880.86,21000200
2025-08-24,882.97063255,21000100,876.9,20991200,876.9,21000200
2025-08-25,841.328581985375,21000100,839.63,20991200,839.63,21000200
2025-08-26,864.2335976266666,21000100,864.16,20991200,864.16,21000200
2025-08-27,857.0250397989166,21000100,855.74,20991200,855.74,21000200
2025-08-28,878.946339956,21000100,873.92,20991200,873.92,21000200
2025-08-29,864.6348761728334,21000100,862.84,20991200,862.84,21000200
2025-08-30,864.0643102241667,21000100,862.6,20991200,862.6,21000200
2025-08-31,859.1062493786667,21000100,858.08,20991200,858.08,21000200
2025-09-01,846.19,21000100,846.19,20991200,846.19,21000200
2025-09-02,852.7819822753335,21000100,852.22,20991200,852.22,21000200
2025-09-03,855.21,21000100,855.21,20991200,855.21,21000200
2025-09-04,844.5011837366666,21000100,843.8,20991200,843.8,21000200
2025-09-05,850.28,21000100,850.28,20991200,850.28,21000200
2025-09-06,861.8326501543332,21000100,861.47,20991200,861.47,21000200
2025-09-07,882.0688195334167,21000100,880.67,20991200,880.67,21000200
2025-09-08,880.5322796862499,21000100,878.55,20991200,878.55,21000200
2025-09-09,886.2332476754166,21000100,880.3,20991200,880.3,21000200
2025-09-10,898.5396195955833,21000100,894.14,20991200,894.14,21000200
2025-09-11,903.7640123121666,21000100,903.13,20991200,903.13,21000200
2025-09-12,929.4346128562499,21000100,925.5,20991200,925.5,21000200
2025-09-13,945.6387358858334,21000100,934.21,20991200,934.21,21000200
2025-09-14,929.7667817107501,21000100,926.82,20991200,926.82,21000200
2025-09-15,920.12,21000100,920.12,20991200,920.12,21000200
2025-09-16,956.3167181712499,21000100,956.26,20991200,956.26,21000200
2025-09-17,999.0820415009999,21000100,990.81,20991200,990.81,21000200
2025-09-18,991.90069140225,21000100,981.78,20991200,981.78,21000200
2025-09-19,988.015558922,21000100,984.48,20991200,984.48,21000200
2025-09-20,1044.27,21000100,1044.27,20991200,1044.27,21000200
2025-09-21,1048.25,21000100,1048.25,20991200,1048.25,21000200
2025-09-22,997.0459559051249,21000100,993.51,20991200,993.51,21000200
2025-09-23,1018.197816135125,21000100,1016.87,20991200,1016.87,21000200
2025-09-24,1021.0390246837084,21000100,1018.81,20991200,1018.81,21000200
2025-09-25,949.8442146427916,21000100,946.49,20991200,946.49,21000200
2025-09-26,963.0469087413333,21000100,961.28,20991200,961.28,21000200
2025-09-27,968.71,21000100,968.71,20991200,968.71,21000200
2025-09-28,993.09,21000100,993.09,20991200,993.09,21000200
2025-09-29,1035.4701465524583,21000100,1030.43,20991200,1030.43,21000200
2025-09-30,1012.1862920755833,21000100,1008.77,20991200,1008.77,21000200
2025-10-01,1026.85,21000100,1026.85,20991200,1026.85,21000200
2025-10-02,1090.91,21000100,1090.91,20991200,1090.91,21000200
2025-10-03,1202.695547505917,21000100,1190.39,20991200,1190.39,21000200
2025-10-04,1157.3961457267499,21000100,1151.46,20991200,1151.46,21000200
2025-10-05,1169.6166855074168,21000100,1167.98,20991200,1167.98,21000200
2025-10-06,1227.9628196343751,21000100,1223.97,20991200,1223.97,21000200
2025-10-07,1307.8118837566249,21000100,1305.33,20991200,1305.33,21000200
2025-10-08,1306.84,21000100,1306.84,20991200,1306.84,21000200
2025-10-09,1256.16,21000100,1256.16,20991200,1256.16,21000200
2025-10-10,1102.85,21000100,1102.85,20991200,1102.85,21000200
2025-10-11,1135.0252773735,21000100,1134.93,20991200,1134.93,21000200
2025-10-12,1300.8072989335,21000100,1302.92,20991200,1302.92,21000200
2025-10-13,1281.6809927822082,21000100,1293.71,20991200,1293.71,21000200
2025-10-14,1195.2503508378484,21000100,1208.03,20991200,1208.03,21000200
2025-10-15,1155.8606444877082,21000100,1163.09,20991200,1163.09,21000200
2025-10-16,1144.65,21000100,1144.65,20991200,1144.65,21000200
2025-10-17,1064.83760354125,21000100,1070.3,20991200,1070.3,21000200
2025-10-18,1084.7558085,21000100,1092.0,20991200,1092.0,21000200
2025-10-19,1105.9130035753333,21000100,1109.08,20991200,1109.08,21000200
2025-10-20,1084.9776223758834,21000100,1099.72,20991200,1099.72,21000200
2025-10-21,1055.632525218,21000100,1056.56,20991200,1056.56,21000200
2025-10-22,1063.985997430875,21000100,1071.37,20991200,1071.37,21000200
2025-10-23,1123.2339310908333,21000100,1125.61,20991200,1125.61,21000200
2025-10-24,1092.9236357373334,21000100,1108.16,20991200,1108.16,21000200
2025-10-25,1107.1548111083332,21000100,1116.35,20991200,1116.35,21000200
2025-10-26,1137.87,21000100,1137.87,20991200,1137.87,21000200
2025-10-27,1138.38,21000100,1138.38,20991200,1138.38,21000200
2025-10-28,1098.5289425674998,21000100,1102.35,20991200,1102.35,21000200
2025-10-29,1090.2414542519928,21000100,1107.7,20991200,1107.7,21000200
2025-10-30,1075.0444338479167,21000100,1078.15,20991200,1078.15,21000200
2025-10-31,1074.6412004793751,21000100,1088.13,20991200,1088.13,21000200
2025-11-01,1085.97924681,21000100,1094.22,20991200,1094.22,21000200
2025-11-02,1082.98,21000100,1082.98,20991200,1082.98,21000200
2025-11-03,993.15,21000100,993.15,20991200,993.15,21000200
2025-11-04,937.16,21000100,937.16,20991200,937.16,21000200
2025-11-05,958.81,21000100,958.81,20991200,958.81,21000200
2025-11-06,950.75,21000100,950.75,20991200,950.75,21000200
2025-11-07,991.21,21000100,991.21,20991200,991.21,21000200
2025-11-08,990.5,21000100,990.5,20991200,990.5,21000200
2025-11-09,996.12,21000100,996.12,20991200,996.12,21000200
2025-11-10,984.9543870527083,21000100,991.55,20991200,991.55,21000200
2025-11-11,953.4170687856667,21000100,957.89,20991200,957.89,21000200
2025-11-12,952.51,21000100,952.51,20991200,952.51,21000200
2025-11-13,925.867256668,21000100,926.67,20991200,926.67,21000200
2025-11-14,915.69,21000100,915.69,20991200,915.69,21000200
2025-11-15,932.79,21000100,932.79,20991200,932.79,21000200
2025-11-16,928.5586305843749,21000100,927.15,20991200,927.15,21000200
2025-11-17,909.1886368815001,21000100,907.32,20991200,907.32,21000200
2025-11-18,936.6528223112499,21000100,933.35,20991200,933.35,21000200
2025-11-19,902.91352896825,21000100,897.66,20991200,897.66,21000200
2025-11-20,870.7890718738751,21000100,866.91,20991200,866.91,21000200
2025-11-21,832.1318061246666,21000100,831.16,20991200,831.16,21000200
2025-11-22,837.6770873511667,21000100,834.28,20991200,834.28,21000200
2025-11-23,846.0532788206249,21000100,844.05,20991200,844.05,21000200
2025-11-24,868.2771327779999,21000100,865.26,20991200,865.26,21000200
2025-11-25,866.8859588020417,21000100,863.11,20991200,863.11,21000200
2025-11-26,892.31606667,21000100,892.08,20991200,892.08,21000200
2025-11-27,897.6592018488334,21000100,896.12,20991200,896.12,21000200
2025-11-28,887.54,21000100,887.54,20991200,887.54,21000200
2025-11-29,873.26,21000100,873.26,20991200,873.26,21000200
2025-11-30,875.21,21000100,875.21,20991200,875.21,21000200
2025-12-01,826.47,21000100,826.47,20991200,826.47,21000200
2025-12-02,877.18,21000100,877.18,20991200,877.18,21000200
2025-12-03,921.19,21000100,921.19,20991200,921.19,21000200
2025-12-04,904.535578072,21000100,900.48,20991200,900.48,21000200
2025-12-05,885.600184325125,21000100,883.97,20991200,883.97,21000200
2025-12-06,890.62,21000100,890.62,20991200,890.62,21000200
2025-12-07,894.8,21000100,894.8,20991200,894.8,21000200
2025-12-08,898.9950332368751,21000100,897.35,20991200,897.35,21000200
2025-12-09,897.62,21000100,897.62,20991200,897.62,21000200
2025-12-10,894.1807086809999,21000100,893.88,20991200,893.88,21000200
2025-12-11,887.341631092375,21000100,886.29,20991200,886.29,21000200
2025-12-12,881.86,21000100,881.86,20991200,881.86,21000200
2025-12-13,899.1781487736666,21000100,897.49,20991200,897.49,21000200
2025-12-14,878.9975526039167,21000100,877.61,20991200,877.61,21000200
2025-12-15,858.51,21000100,858.51,20991200,858.51,21000200
2025-12-16,876.09,21000100,876.09,20991200,876.09,21000200
2025-12-17,843.0,21000100,843.0,20991200,843.0,21000200
2025-12-18,830.25,21000100,830.25,20991200,830.25,21000200
2025-12-19,856.54,21000100,856.54,20991200,856.54,21000200
2025-12-20,859.0520872173333,21000100,854.56,20991200,854.56,21000200
2025-12-21,859.5577787255417,21000100,859.13,20991200,859.13,21000200
2025-12-22,861.6471838123334,21000100,859.12,20991200,859.12,21000200
2025-12-23,844.7748476039999,21000100,844.29,20991200,844.29,21000200
2025-12-24,846.9,21000100,846.9,20991200,846.9,21000200
2025-12-25,829.46,21000100,829.46,20991200,829.46,21000200
2025-12-26,834.85,21000100,834.85,20991200,834.85,21000200
2025-12-27,846.9707175159583,21000100,845.71,20991200,845.71,21000200
2025-12-28,864.466941656,21000100,859.92,20991200,859.92,21000200
2025-12-29,855.8586202662501,21000100,852.85,20991200,852.85,21000200
2025-12-30,862.6775802125,21000100,862.14,20991200,862.14,21000200
2025-12-31,868.493484560625,21000100,864.71,20991200,864.71,21000200
2026-01-01,868.1950668018334,21000100,864.62,20991200,864.62,21000200
2026-01-02,883.2462107866667,21000100,881.8,20991200,881.8,21000200
2026-01-03,882.8275444242917,21000100,879.07,20991200,879.07,21000200
2026-01-04,900.5704166120418,21000100,895.99,20991200,895.99,21000200
2026-01-05,915.7029289979167,21000100,910.9,20991200,910.9,21000200
2026-01-06,922.69244088,21000100,918.4,20991200,918.4,21000200
2026-01-07,903.8837178220833,21000100,900.86,20991200,900.86,21000200
2026-01-08,893.8166509945835,21000100,892.58,20991200,892.58,21000200
2026-01-09,897.36,21000100,897.36,20991200,897.36,21000200
2026-01-10,912.3877433601666,21000100,908.44,20991200,908.44,21000200
2026-01-11,911.95735159375,21000100,904.75,20991200,904.75,21000200
2026-01-12,906.3409510973333,21000100,906.32,20991200,906.32,21000200
2026-01-13,952.1292707703333,21000100,944.24,20991200,944.24,21000200
2026-01-14,958.0221238478333,21000100,949.06,20991200,949.06,21000200
2026-01-15,936.0892299741249,21000100,931.53,20991200,931.53,21000200
2026-01-16,938.52,21000100,938.52,20991200,938.52,21000200
2026-01-17,947.57,21000100,947.57,20991200,947.57,21000200
2026-01-18,934.072409023,21000100,932.72,20991200,932.72,21000200
2026-01-19,924.13,21000100,924.13,20991200,924.13,21000200
2026-01-20,885.0695166536667,21000100,884.71,20991200,884.71,21000200
2026-01-21,883.68,21000100,883.68,20991200,883.68,21000200
2026-01-22,888.45,21000100,888.45,20991200,888.45,21000200
2026-01-23,892.5034931129167,21000100,892.1,20991200,892.1,21000200
2026-01-24,888.9092498783332,21000100,887.65,20991200,887.65,21000200
2026-01-25,867.6016294464166,21000100,866.63,20991200,866.63,21000200
2026-01-26,881.7244119939166,21000100,879.94,20991200,879.94,21000200
2026-01-27,901.915554722,21000100,898.86,20991200,898.86,21000200
2026-01-28,906.1338275141666,21000100,903.46,20991200,903.46,21000200
2026-01-29,871.3436291925,21000100,868.9,20991200,868.9,21000200
2026-01-30,859.11,21000100,859.11,20991200,859.11,21000200
2026-01-31,781.33,21000100,781.33,20991200,781.33,21000200
2026-02-01,758.69,21000100,758.69,20991200,758.69,21000200
2026-02-02,774.22,21000100,774.22,20991200,774.22,21000200
2026-02-03,755.16,21000100,755.16,20991200,755.16,21000200
2026-02-04,697.49,21000100,697.49,20991200,697.49,21000200
2026-02-05,608.55,21000100,608.55,20991200,608.55,21000200
2026-02-06,657.345718875,21000100,657.0,20991200,657.0,21000200
2026-02-07,647.07,21000100,647.07,20991200,647.07,21000200
2026-02-08,639.86,21000100,639.86,20991200,639.86,21000200
2026-02-09,636.42,21000100,636.42,20991200,636.42,21000200
2026-02-10,619.48,21000100,619.48,20991200,619.48,21000200
2026-02-11,608.19,21000100,608.19,20991200,608.19,21000200
2026-02-12,614.36,21000100,614.36,20991200,614.36,21000200
2026-02-13,618.99,21000100,618.99,20991200,618.99,21000200
2026-02-14,632.88,21000100,632.88,20991200,632.88,21000200
2026-02-15,615.16,21000100,615.16,20991200,615.16,21000200
2026-02-16,627.15,21000100,627.15,20991200,627.15,21000200
2026-02-17,617.73,21000100,617.73,20991200,617.73,21000200
2026-02-18,604.43,21000100,604.43,20991200,604.43,21000200
2026-02-19,606.2407163695,21000100,607.56,20991200,607.56,21000200
2026-02-20,626.09,21000100,626.09,20991200,626.09,21000200
2026-02-21,625.82,21000100,625.82,20991200,625.82,21000200
2026-02-22,614.97,21000100,614.97,20991200,614.97,21000200
2026-02-23,596.22,21000100,596.22,20991200,596.22,21000200
2026-02-24,583.4,21000100,583.4,20991200,583.4,21000200
2026-02-25,629.81,21000100,629.81,20991200,629.81,21000200
2026-02-26,624.13,21000100,624.13,20991200,624.13,21000200
