DATETIME,CARRY,CARRY_CONTRACT,PRICE,PRICE_CONTRACT,FORWARD,FORWARD_CONTRACT
2020-01-02,6991.191163803,21000100,6962.04,20991200,6962.04,21000200
2020-01-03,7356.8671613895,21000100,7341.72,20991200,7341.72,21000200
2020-01-04,7389.772377383041,21000100,7350.71,20991200,7350.71,21000200
2020-01-05,7421.468535,21000100,7354.36,20991200,7354.36,21000200
2020-01-06,7828.176183750001,21000100,7757.39,20991200,7757.39,21000200
2020-01-07,8226.88147125,21000100,8152.49,20991200,8152.49,21000200
2020-01-08,8139.549198152,21000100,8059.84,20991200,8059.84,21000200
2020-01-09,7889.93463375,21000100,7818.59,20991200,7818.59,21000200
2020-01-10,8281.97969625,21000100,8207.09,20991200,8207.09,21000200
2020-01-11,8112.888609602001,21000100,8020.56,20991200,8020.56,21000200
2020-01-12,8261.4036375,21000100,8186.7,20991200,8186.7,21000200
2020-01-13,8187.031125,21000100,8113.0,20991200,8113.0,21000200
2020-01-14,8948.20803125,21000100,8825.0,20991200,8825.0,21000200
2020-01-15,9037.066640392082,21000100,8825.3,20991200,8825.3,21000200
2020-01-16,8944.4416351745,21000100,8725.08,20991200,8725.08,21000200
2020-01-17,9140.560079210667,21000100,8918.72,20991200,8918.72,21000200
2020-01-18,9118.456775312501,21000100,8925.0,20991200,8925.0,21000200
2020-01-19,9107.918836211877,21000100,8705.85,20991200,8705.85,21000200
2020-01-20,8782.8255075,21000100,8650.0,20991200,8650.0,21000200
2020-01-21,8857.364031627418,21000100,8742.43,20991200,8742.43,21000200
2020-01-22,8793.909315271334,21000100,8684.57,20991200,8684.57,21000200
2020-01-23,8594.54784768,21000100,8409.6,20991200,8409.6,21000200
2020-01-24,8736.716063401165,21000100,8441.96,20991200,8441.96,21000200
2020-01-25,8420.78484,21000100,8344.64,20991200,8344.64,21000200
2020-01-26,8689.787291249999,21000100,8611.21,20991200,8611.21,21000200
2020-01-27,8994.946691250001,21000100,8913.61,20991200,8913.61,21000200
2020-01-28,9779.44518849925,21000100,9398.98,20991200,9398.98,21000200
2020-01-29,9945.9870388875,21000100,9311.0,20991200,9311.0,21000200
2020-01-30,9767.10671894329,21000100,9525.67,20991200,9525.67,21000200
2020-01-31,9850.336837902041,21000100,9364.51,20991200,9364.51,21000200
2020-02-02,9703.7640328575,21000100,9338.2,20991200,9338.2,21000200
2020-02-03,9602.032935842,21000100,9300.64,20991200,9300.64,21000200
2020-02-04,9735.321004809168,21000100,9198.35,20991200,9198.35,21000200
2020-02-05,9842.745277875,21000100,9630.0,20991200,9630.0,21000200
2020-02-06,10593.063649157328,21000100,9778.12,20991200,9778.12,21000200
2020-02-07,10090.26461484,21000100,9821.52,20991200,9821.52,21000200
2020-02-08,10515.362732026333,21000100,9906.43,20991200,9906.43,21000200
2020-02-09,10904.251672493916,21000100,10167.38,20991200,10167.38,21000200
2020-02-10,10854.834331738499,21000100,9865.56,20991200,9865.56,21000200
2020-02-11,10723.470448376167,21000100,10229.06,20991200,10229.06,21000200
2020-02-12,11632.719823397043,21000100,10339.99,20991200,10339.99,21000200
2020-02-13,11013.19180802625,21000100,10239.63,20991200,10239.63,21000200
2020-02-14,10967.09238199375,21000100,10356.82,20991200,10356.82,21000200
2020-02-15,10648.86310520975,21000100,9914.99,20991200,9914.99,21000200
2020-02-16,10371.593357196502,21000100,9921.86,20991200,9921.86,21000200
2020-02-17,10292.915635916666,21000100,9716.0,20991200,9716.0,21000200
2020-02-18,10392.746244308999,21000100,10174.32,20991200,10174.32,21000200
2020-02-19,9960.276131575,21000100,9593.65,20991200,9593.65,21000200
2020-02-20,9689.608158750001,21000100,9601.99,20991200,9601.99,21000200
2020-02-21,9769.73268375,21000100,9681.39,20991200,9681.39,21000200
2020-02-22,9753.930148953334,21000100,9659.2,20991200,9659.2,21000200
2020-02-23,10348.327536385668,21000100,9943.12,20991200,9943.12,21000200
2020-02-24,9878.56878446396,21000100,9662.95,20991200,9662.95,21000200
2020-02-25,9628.674280825,21000100,9326.0,20991200,9326.0,21000200
2020-02-26,9127.737709365,21000100,8792.22,20991200,8792.22,21000200
2020-02-27,8928.326504883333,21000100,8828.0,20991200,8828.0,21000200
2020-02-28,8819.341293726791,21000100,8699.57,20991200,8699.57,21000200
2020-02-29,9009.60845243075,21000100,8531.98,20991200,8531.98,21000200
2020-03-02,9024.750280133334,21000100,8919.7,20991200,8919.7,21000200
2020-03-03,8844.980625,21000100,8765.0,20991200,8765.0,21000200
2020-03-04,8875.000562883,21000100,8756.93,20991200,8756.93,21000200
2020-03-05,9208.915562751083,21000100,9062.81,20991200,9062.81,21000200
2020-03-06,9355.863815122999,21000100,9139.48,20991200,9139.48,21000200
2020-03-07,9179.374378927667,21000100,8897.18,20991200,8897.18,21000200
2020-03-08,8398.742738898916,21000100,8038.46,20991200,8038.46,21000200
2020-03-09,8004.53086875,21000100,7932.15,20991200,7932.15,21000200
2020-03-10,7969.7261475000005,21000100,7897.66,20991200,7897.66,21000200
2020-03-11,8041.97123732525,21000100,7938.39,20991200,7938.39,21000200
2020-03-12,4772.509270322291,21000100,4764.65,20991200,4764.65,21000200
2020-03-13,5183.486664912573,21000100,5570.26,20991200,5570.26,21000200
2020-03-14,4960.038611220167,21000100,5167.01,20991200,5167.01,21000200
2020-03-15,5111.4403743135,21000100,5357.32,20991200,5357.32,21000200
2020-03-16,4788.50849870525,21000100,5026.26,20991200,5026.26,21000200
2020-03-17,5245.899929274333,21000100,5307.38,20991200,5307.38,21000200
2020-03-18,5252.577322742667,21000100,5389.64,20991200,5389.64,21000200
2020-03-19,6039.440191425,21000100,6159.6,20991200,6159.6,21000200
2020-03-20,6191.240452523334,21000100,6203.77,20991200,6203.77,21000200
2020-03-21,6175.893784005625,21000100,6183.69,20991200,6183.69,21000200
2020-03-22,5823.215913627583,21000100,5810.17,20991200,5810.17,21000200
2020-03-23,6418.441138962,21000100,6463.84,20991200,6463.84,21000200
2020-03-24,6802.84463625,21000100,6741.33,20991200,6741.33,21000200
2020-03-25,6733.8400354376245,21000100,6673.41,20991200,6673.41,21000200
2020-03-26,6754.198841441333,21000100,6733.76,20991200,6733.76,21000200
2020-03-27,6379.1672576895,21000100,6353.64,20991200,6353.64,21000200
2020-03-28,6088.586604439166,21000100,6230.95,20991200,6230.95,21000200
2020-03-29,5736.828683768125,21000100,5876.27,20991200,5876.27,21000200
2020-03-30,6186.7529915685,21000100,6391.08,20991200,6391.08,21000200
2020-03-31,6335.274059730001,21000100,6407.1,20991200,6407.1,21000200
2020-04-02,6777.927631788875,21000100,6791.63,20991200,6791.63,21000200
2020-04-03,6768.950555418333,21000100,6729.8,20991200,6729.8,21000200
2020-04-04,6859.5792924612515,21000100,6851.1,20991200,6851.1,21000200
2020-04-05,6776.2337082975,21000100,6768.9,20991200,6768.9,21000200
2020-04-06,7313.579391602624,21000100,7325.73,20991200,7325.73,21000200
2020-04-07,7160.81094460875,21000100,7192.9,20991200,7192.9,21000200
2020-04-08,7388.7989047105,21000100,7357.66,20991200,7357.66,21000200
2020-04-09,7259.036858726874,21000100,7278.65,20991200,7278.65,21000200
2020-04-10,6889.10254598925,21000100,6857.82,20991200,6857.82,21000200
2020-04-11,6936.906892500001,21000100,6874.18,20991200,6874.18,21000200
2020-04-12,6960.240234066167,21000100,6900.52,20991200,6900.52,21000200
2020-04-13,6802.406218675,21000100,6834.0,20991200,6834.0,21000200
2020-04-14,6831.084650356083,21000100,6864.11,20991200,6864.11,21000200
2020-04-15,6587.6906569635,21000100,6616.89,20991200,6616.89,21000200
2020-04-16,6997.42305176125,21000100,7098.15,20991200,7098.15,21000200
2020-04-17,7027.779980416666,21000100,7022.44,20991200,7022.44,21000200
2020-04-18,7154.482325122751,21000100,7242.42,20991200,7242.42,21000200
2020-04-19,7082.102870596416,21000100,7118.03,20991200,7118.03,21000200
2020-04-20,6806.71787401325,21000100,6825.29,20991200,6825.29,21000200
2020-04-21,6824.0252078916665,21000100,6838.0,20991200,6838.0,21000200
2020-04-22,7021.934982110751,21000100,7120.06,20991200,7120.06,21000200
2020-04-23,7420.001477870625,21000100,7483.35,20991200,7483.35,21000200
2020-04-24,7572.58500375,21000100,7504.11,20991200,7504.11,21000200
2020-04-25,7602.757841250001,21000100,7534.01,20991200,7534.01,21000200
2020-04-26,7758.512143975542,21000100,7694.17,20991200,7694.17,21000200
2020-04-27,7844.93775,21000100,7774.0,20991200,7774.0,21000200
2020-04-28,7806.33871875,21000100,7735.75,20991200,7735.75,21000200
2020-04-29,8864.355825,21000100,8784.2,20991200,8784.2,21000200
2020-04-30,8941.465679262501,21000100,8624.76,20991200,8624.76,21000200
2020-05-02,9057.471630384001,21000100,8975.18,20991200,8975.18,21000200
2020-05-03,9021.742951666667,21000100,8900.0,20991200,8900.0,21000200
2020-05-04,8960.150967664582,21000100,8873.98,20991200,8873.98,21000200
2020-05-05,9105.112867500002,21000100,9022.78,20991200,9022.78,21000200
2020-05-06,9304.042662956292,21000100,9148.27,20991200,9148.27,21000200
2020-05-07,10086.204375000001,21000100,9995.0,20991200,9995.0,21000200
2020-05-08,10115.645422254167,21000100,9807.49,20991200,9807.49,21000200
2020-05-09,10061.574456252543,21000100,9550.67,20991200,9550.67,21000200
2020-05-10,8884.83041731225,21000100,8719.53,20991200,8719.53,21000200
2020-05-11,8639.209946250001,21000100,8561.09,20991200,8561.09,21000200
2020-05-12,8889.08947875,21000100,8808.71,20991200,8808.71,21000200
2020-05-13,9390.82642875,21000100,9305.91,20991200,9305.91,21000200
2020-05-14,9876.10455,21000100,9786.8,20991200,9786.8,21000200
2020-05-15,9379.831134483333,21000100,9310.73,20991200,9310.73,21000200
2020-05-16,9460.53678375,21000100,9374.99,20991200,9374.99,21000200
2020-05-17,9716.88189345225,21000100,9678.57,20991200,9678.57,21000200
2020-05-18,9770.6439467,21000100,9731.1,20991200,9731.1,21000200
2020-05-19,9856.557769926001,21000100,9773.64,20991200,9773.64,21000200
2020-05-20,9594.87150375,21000100,9508.11,20991200,9508.11,21000200
2020-05-21,9081.445246500001,21000100,9060.0,20991200,9060.0,21000200
2020-05-22,9164.506871046666,21000100,9166.4,20991200,9166.4,21000200
2020-05-23,9187.155958460417,21000100,9176.41,20991200,9176.41,21000200
2020-05-24,8776.661464068377,21000100,8711.37,20991200,8711.37,21000200
2020-05-25,8890.97444636,21000100,8895.65,20991200,8895.65,21000200
2020-05-26,8876.197100510833,21000100,8837.05,20991200,8837.05,21000200
2020-05-27,9191.945967601832,21000100,9197.32,20991200,9197.32,21000200
2020-05-28,9513.077783087292,21000100,9569.59,20991200,9569.59,21000200
2020-05-29,9433.41136248825,21000100,9422.26,20991200,9422.26,21000200
2020-05-30,9783.466875,21000100,9695.0,20991200,9695.0,21000200
2020-05-31,9532.628673750001,21000100,9446.43,20991200,9446.43,21000200
2020-06-02,9870.268432012499,21000100,9514.9,20991200,9514.9,21000200
2020-06-03,9747.790389738417,21000100,9663.59,20991200,9663.59,21000200
2020-06-04,9877.648511250001,21000100,9788.33,20991200,9788.33,21000200
2020-06-05,9705.047771250001,21000100,9617.29,20991200,9617.29,21000200
2020-06-06,9752.184000000001,21000100,9664.0,20991200,9664.0,21000200
2020-06-07,9832.833270000001,21000100,9743.92,20991200,9743.92,21000200
2020-06-08,9868.102188750001,21000100,9778.87,20991200,9778.87,21000200
2020-06-09,9860.8263975,21000100,9771.66,20991200,9771.66,21000200
2020-06-10,9975.190533750001,21000100,9884.99,20991200,9884.99,21000200
2020-06-11,9362.692023750002,21000100,9278.03,20991200,9278.03,21000200
2020-06-12,9504.64989931725,21000100,9458.91,20991200,9458.91,21000200
2020-06-13,9512.532217668751,21000100,9468.54,20991200,9468.54,21000200
2020-06-14,9416.60130852525,21000100,9339.61,20991200,9339.61,21000200
2020-06-15,9386.58222168225,21000100,9422.01,20991200,9422.01,21000200
2020-06-16,9532.974484215001,21000100,9519.12,20991200,9519.12,21000200
2020-06-17,9478.45627697875,21000100,9458.45,20991200,9458.45,21000200
2020-06-18,9341.725669592084,21000100,9381.59,20991200,9381.59,21000200
2020-06-19,9340.356249220833,21000100,9307.0,20991200,9307.0,21000200
2020-06-20,9414.318135313002,21000100,9354.04,20991200,9354.04,21000200
2020-06-21,9309.489764492459,21000100,9293.51,20991200,9293.51,21000200
2020-06-22,9765.907970132,21000100,9686.99,20991200,9686.99,21000200
2020-06-23,9726.038027765415,21000100,9631.66,20991200,9631.66,21000200
2020-06-24,9386.885046646667,21000100,9298.4,20991200,9298.4,21000200
2020-06-25,9331.126593750001,21000100,9246.75,20991200,9246.75,21000200
2020-06-26,9241.905996738624,21000100,9159.99,20991200,9159.99,21000200
2020-06-27,9090.198,21000100,9008.0,20991200,9008.0,21000200
2020-06-28,9182.935675725,21000100,9114.0,20991200,9114.0,21000200
2020-06-29,9273.334005,21000100,9189.48,20991200,9189.48,21000200
2020-06-30,9222.26218875,21000100,9138.87,20991200,9138.87,21000200
2020-07-02,9170.645445,21000100,9087.72,20991200,9087.72,21000200
2020-07-03,9140.169870000002,21000100,9057.52,20991200,9057.52,21000200
2020-07-04,9220.5567675,21000100,9137.18,20991200,9137.18,21000200
2020-07-05,9154.6407225,21000100,9071.86,20991200,9071.86,21000200
2020-07-06,9424.82385,21000100,9339.6,20991200,9339.6,21000200
2020-07-07,9342.99390375,21000100,9258.51,20991200,9258.51,21000200
2020-07-08,9522.18423,21000100,9436.08,20991200,9436.08,21000200
2020-07-09,9320.561055000002,21000100,9236.28,20991200,9236.28,21000200
2020-07-10,9373.14655875,21000100,9288.39,20991200,9288.39,21000200
2020-07-11,9317.755687500001,21000100,9233.5,20991200,9233.5,21000200
2020-07-12,9385.558796250001,21000100,9300.69,20991200,9300.69,21000200
2020-07-13,9325.525950000001,21000100,9241.2,20991200,9241.2,21000200
2020-07-14,9338.61430125,21000100,9254.17,20991200,9254.17,21000200
2020-07-15,9281.2253625,21000100,9197.3,20991200,9197.3,21000200
2020-07-16,9215.3295,21000100,9132.0,20991200,9132.0,21000200
2020-07-17,9235.19917125,21000100,9151.69,20991200,9151.69,21000200
2020-07-18,9255.492675,21000100,9171.8,20991200,9171.8,21000200
2020-07-19,9294.55590375,21000100,9210.51,20991200,9210.51,21000200
2020-07-20,9244.72531125,21000100,9161.13,20991200,9161.13,21000200
2020-07-21,9473.675591250001,21000100,9388.01,20991200,9388.01,21000200
2020-07-22,9605.10403125,21000100,9518.25,20991200,9518.25,21000200
2020-07-23,9692.05024125,21000100,9604.41,20991200,9604.41,21000200
2020-07-24,9626.749762500001,21000100,9539.7,20991200,9539.7,21000200
2020-07-25,9790.01609625,21000100,9701.49,20991200,9701.49,21000200
2020-07-26,10197.993593752875,21000100,9939.69,20991200,9939.69,21000200
2020-07-27,11470.366079889845,21000100,11047.58,20991200,11047.58,21000200
2020-07-28,11502.252185134052,21000100,10919.94,20991200,10919.94,21000200
2020-07-29,11749.378323674035,21000100,11113.03,20991200,11113.03,21000200
2020-07-30,11784.539754719843,21000100,11111.96,20991200,11111.96,21000200
2020-07-31,11894.766089181332,21000100,11343.68,20991200,11343.68,21000200
2020-08-02,11628.197394043498,21000100,11079.72,20991200,11079.72,21000200
2020-08-03,11621.525151942082,21000100,11227.07,20991200,11227.07,21000200
2020-08-04,11542.002506566874,21000100,11200.05,20991200,11200.05,21000200
2020-08-05,11940.36934390625,21000100,11752.5,20991200,11752.5,21000200
2020-08-06,12177.494056343998,21000100,11770.56,20991200,11770.56,21000200
2020-08-07,11867.092101266499,21000100,11596.06,20991200,11596.06,21000200
2020-08-08,11873.082194999999,21000100,11765.72,20991200,11765.72,21000200
2020-08-09,11848.216860845,21000100,11685.99,20991200,11685.99,21000200
2020-08-10,12519.7153904355,21000100,11896.89,20991200,11896.89,21000200
2020-08-11,11725.041728138665,21000100,11392.64,20991200,11392.64,21000200
2020-08-12,11673.921285,21000100,11568.36,20991200,11568.36,21000200
2020-08-13,11897.58375,21000100,11790.0,20991200,11790.0,21000200
2020-08-14,12086.703567466373,21000100,11767.89,20991200,11767.89,21000200
2020-08-15,12106.322824398669,21000100,11859.04,20991200,11859.04,21000200
2020-08-16,12269.115979593293,21000100,11921.23,20991200,11921.23,21000200
2020-08-17,12866.296166620998,21000100,12298.06,20991200,12298.06,21000200
2020-08-18,12840.41479812859,21000100,11960.79,20991200,11960.79,21000200
2020-08-19,12323.024582969501,21000100,11763.87,20991200,11763.87,21000200
2020-08-20,12052.90274304,21000100,11857.92,20991200,11857.92,21000200
2020-08-21,11643.819086250001,21000100,11538.53,20991200,11538.53,21000200
2020-08-22,11776.96303875,21000100,11670.47,20991200,11670.47,21000200
2020-08-23,11760.34275,21000100,11654.0,20991200,11654.0,21000200
2020-08-24,11860.5488625,21000100,11753.3,20991200,11753.3,21000200
2020-08-25,11542.779849157501,21000100,11327.17,20991200,11327.17,21000200
2020-08-26,11627.886153405165,21000100,11466.22,20991200,11466.22,21000200
2020-08-27,11438.966711250001,21000100,11335.53,20991200,11335.53,21000200
2020-08-28,11632.032506250001,21000100,11526.85,20991200,11526.85,21000200
2020-08-29,11571.293272500001,21000100,11466.66,20991200,11466.66,21000200
2020-08-30,11821.0315275,21000100,11714.14,20991200,11714.14,21000200
2020-08-31,11783.855005940959,21000100,11658.11,20991200,11658.11,21000200
2020-09-02,11788.707278693999,21000100,11396.96,20991200,11396.96,21000200
2020-09-03,10335.195609583501,21000100,10141.08,20991200,10141.08,21000200
2020-09-04,10543.338,21000100,10448.0,20991200,10448.0,21000200
2020-09-05,10261.49947875,21000100,10168.71,20991200,10168.71,21000200
2020-09-06,10351.73543625,21000100,10258.13,20991200,10258.13,21000200
2020-09-07,10473.466185000001,21000100,10378.76,20991200,10378.76,21000200
2020-09-08,10221.4473075,21000100,10129.02,20991200,10129.02,21000200
2020-09-09,10312.541021250001,21000100,10219.29,20991200,10219.29,21000200
2020-09-10,10430.22517875,21000100,10335.91,20991200,10335.91,21000200
2020-09-11,10482.59876625,21000100,10387.81,20991200,10387.81,21000200
2020-09-12,10533.529305000002,21000100,10438.28,20991200,10438.28,21000200
2020-09-13,10421.960445,21000100,10327.72,20991200,10327.72,21000200
2020-09-14,10731.788775135,21000100,10664.1,20991200,10664.1,21000200
2020-09-15,10677.714180430501,21000100,10776.78,20991200,10776.78,21000200
2020-09-16,10895.331805093874,21000100,10948.17,20991200,10948.17,21000200
2020-09-17,10943.6187978845,21000100,10935.33,20991200,10935.33,21000200
2020-09-18,10992.661885183625,21000100,10926.29,20991200,10926.29,21000200
2020-09-19,10978.488902405916,21000100,11073.74,20991200,11073.74,21000200
2020-09-20,10833.613147710168,21000100,10914.28,20991200,10914.28,21000200
2020-09-21,10384.391848115292,21000100,10414.73,20991200,10414.73,21000200
2020-09-22,10619.345295000001,21000100,10523.32,20991200,10523.32,21000200
2020-09-23,10226.110936698875,21000100,10237.91,20991200,10237.91,21000200
2020-09-24,10764.033336368335,21000100,10724.92,20991200,10724.92,21000200
2020-09-25,10648.814366467876,21000100,10683.51,20991200,10683.51,21000200
2020-09-26,10824.379312500001,21000100,10726.5,20991200,10726.5,21000200
2020-09-27,10866.258,21000100,10768.0,20991200,10768.0,21000200
2020-09-28,10789.009481250001,21000100,10691.45,20991200,10691.45,21000200
2020-09-29,10935.8674425,21000100,10836.98,20991200,10836.98,21000200
2020-09-30,10871.303625,21000100,10773.0,20991200,10773.0,21000200
2020-10-02,10591.131684815624,21000100,10565.15,20991200,10565.15,21000200
2020-10-03,10633.314355662165,21000100,10537.96,20991200,10537.96,21000200
2020-10-04,10667.095633348,21000100,10660.16,20991200,10660.16,21000200
2020-10-05,10721.241416750001,21000100,10785.0,20991200,10785.0,21000200
2020-10-06,10588.810202717083,21000100,10593.65,20991200,10593.65,21000200
2020-10-07,10662.659895968749,21000100,10658.75,20991200,10658.75,21000200
2020-10-08,10968.595760085209,21000100,10919.45,20991200,10919.45,21000200
2020-10-09,11138.291031882,21000100,11050.47,20991200,11050.47,21000200
2020-10-10,11397.854958750002,21000100,11294.79,20991200,11294.79,21000200
2020-10-11,11473.33750875,21000100,11369.59,20991200,11369.59,21000200
2020-10-12,11635.574535000002,21000100,11530.36,20991200,11530.36,21000200
2020-10-13,11523.561660000001,21000100,11419.36,20991200,11419.36,21000200
2020-10-14,11521.31131125,21000100,11417.13,20991200,11417.13,21000200
2020-10-15,11606.955750000001,21000100,11502.0,20991200,11502.0,21000200
2020-10-16,11422.205145,21000100,11318.92,20991200,11318.92,21000200
2020-10-17,11459.87578125,21000100,11356.25,20991200,11356.25,21000200
2020-10-18,11606.0475375,21000100,11501.1,20991200,11501.1,21000200
2020-10-19,11852.173125000001,21000100,11745.0,20991200,11745.0,21000200
2020-10-20,11985.966364145752,21000100,11900.03,20991200,11900.03,21000200
2020-10-21,12873.048704539915,21000100,12796.07,20991200,12796.07,21000200
2020-10-22,13087.210938750002,21000100,12968.87,20991200,12968.87,21000200
2020-10-23,13043.7681075,21000100,12925.82,20991200,12925.82,21000200
2020-10-24,13230.51678,21000100,13110.88,20991200,13110.88,21000200
2020-10-25,13142.65226625,21000100,13023.81,20991200,13023.81,21000200
2020-10-26,13166.296065,21000100,13047.24,20991200,13047.24,21000200
2020-10-27,13734.68246391975,21000100,13629.38,20991200,13629.38,21000200
2020-10-28,13351.831217613542,21000100,13256.17,20991200,13256.17,21000200
2020-10-29,13294.308924182707,21000100,13446.65,20991200,13446.65,21000200
2020-10-30,13426.926696733333,21000100,13549.12,20991200,13549.12,21000200
2020-10-31,13648.080005654376,21000100,13783.73,20991200,13783.73,21000200
2020-11-02,13595.411853552752,21000100,13540.54,20991200,13540.54,21000200
2020-11-03,13905.22495328,21000100,14016.55,20991200,14016.55,21000200
2020-11-04,13987.04138499729,21000100,14134.31,20991200,14134.31,21000200
2020-11-05,15741.08859375,21000100,15598.75,20991200,15598.75,21000200
2020-11-06,15911.559833785,21000100,15590.96,20991200,15590.96,21000200
2020-11-07,15269.619688869334,21000100,14824.34,20991200,14824.34,21000200
2020-11-08,15614.392950000001,21000100,15473.2,20991200,15473.2,21000200
2020-11-09,15468.59457,21000100,15328.72,20991200,15328.72,21000200
2020-11-10,15434.243955000002,21000100,15294.68,20991200,15294.68,21000200
2020-11-11,15833.41344,21000100,15690.24,20991200,15690.24,21000200
2020-11-12,16437.6573075,21000100,16289.02,20991200,16289.02,21000200
2020-11-13,16469.4649275,21000100,16320.54,20991200,16320.54,21000200
2020-11-14,16183.134424902959,21000100,16064.51,20991200,16064.51,21000200
2020-11-15,16097.834463750001,21000100,15952.27,20991200,15952.27,21000200
2020-11-16,16859.52201375,21000100,16707.07,20991200,16707.07,21000200
2020-11-17,17831.24884125,21000100,17670.01,20991200,17670.01,21000200
2020-11-18,18330.441880344002,21000100,17788.32,20991200,17788.32,21000200
2020-11-19,18284.224315692,21000100,17811.68,20991200,17811.68,21000200
2020-11-20,19294.778494896113,21000100,18664.31,20991200,18664.31,21000200
2020-11-21,19174.358055159417,21000100,18721.99,20991200,18721.99,21000200
2020-11-22,19203.17393590354,21000100,18435.2,20991200,18435.2,21000200
2020-11-23,19315.321124463928,21000100,18382.07,20991200,18382.07,21000200
2020-11-24,20218.011665550468,21000100,19179.64,20991200,19179.64,21000200
2020-11-25,19818.7055417839,21000100,18741.67,20991200,18741.67,21000200
2020-11-26,17558.906506994997,21000100,17155.34,20991200,17155.34,21000200
2020-11-27,17304.57084757875,21000100,17144.1,20991200,17144.1,21000200
2020-11-28,17879.4143775,21000100,17717.74,20991200,17717.74,21000200
2020-11-29,18346.992446250002,21000100,18181.09,20991200,18181.09,21000200
2020-11-30,20016.795284833337,21000100,19720.0,20991200,19720.0,21000200
2020-12-02,19382.27396625,21000100,19207.01,20991200,19207.01,21000200
2020-12-03,19702.996607393747,21000100,19434.3,20991200,19434.3,21000200
2020-12-04,18849.8558303325,21000100,18664.2,20991200,18664.2,21000200
2020-12-05,19322.3420325,21000100,19147.62,20991200,19147.62,21000200
2020-12-06,19551.8170575,21000100,19375.02,20991200,19375.02,21000200
2020-12-07,19347.832530000003,21000100,19172.88,20991200,19172.88,21000200
2020-12-08,18486.483795,21000100,18319.32,20991200,18319.32,21000200
2020-12-09,18707.1390675,21000100,18537.98,20991200,18537.98,21000200
2020-12-10,18420.07327875,21000100,18253.51,20991200,18253.51,21000200
2020-12-11,18196.00716375,21000100,18031.47,20991200,18031.47,21000200
2020-12-12,18869.643581666667,21000100,18800.0,20991200,18800.0,21000200
2020-12-13,19350.042513750002,21000100,19175.07,20991200,19175.07,21000200
2020-12-14,19446.5451375,21000100,19270.7,20991200,19270.7,21000200
2020-12-15,19602.16230375,21000100,19424.91,20991200,19424.91,21000200
2020-12-16,21775.687631189998,21000100,21346.8,20991200,21346.8,21000200
2020-12-17,23413.657045552958,21000100,22816.99,20991200,22816.99,21000200
2020-12-18,24018.412139731667,21000100,23124.35,20991200,23124.35,21000200
2020-12-19,24707.376668122663,21000100,23847.28,20991200,23847.28,21000200
2020-12-20,24576.827780120002,21000100,23472.96,20991200,23472.96,21000200
2020-12-21,23392.332466168747,21000100,22730.1,20991200,22730.1,21000200
2020-12-22,24116.5661604505,21000100,23826.99,20991200,23826.99,21000200
2020-12-23,23461.091313808498,21000100,23238.27,20991200,23238.27,21000200
2020-12-24,24078.346035807997,21000100,23737.44,20991200,23737.44,21000200
2020-12-25,25207.145669041663,21000100,24730.0,20991200,24730.0,21000200
2020-12-26,26806.88258237229,21000100,26508.83,20991200,26508.83,21000200
2020-12-27,27238.367407599333,21000100,26305.64,20991200,26305.64,21000200
2020-12-28,28346.423878805497,21000100,27102.66,20991200,27102.66,21000200
2020-12-29,28457.519369495127,21000100,27402.83,20991200,27402.83,21000200
2020-12-30,30566.098862073548,21000100,28906.99,20991200,28906.99,21000200
2020-12-31,30275.955537816,21000100,28951.68,20991200,28951.68,21000200
2021-01-02,33626.152151931085,21000100,32199.91,20991200,32199.91,21000200
2021-01-03,35672.17757598813,21000100,33054.53,20991200,33054.53,21000200
2021-01-04,34963.83874400145,21000100,32031.07,20991200,32031.07,21000200
2021-01-05,36051.360432432,21000100,33999.52,20991200,33999.52,21000200
2021-01-06,40688.28818227956,21000100,36823.68,20991200,36823.68,21000200
2021-01-07,43618.61999660483,21000100,39498.92,20991200,39498.92,21000200
2021-01-08,45425.71265430429,21000100,40637.23,20991200,40637.23,21000200
2021-01-09,43515.397907037,21000100,40136.04,20991200,40136.04,21000200
2021-01-10,41932.89095849099,21000100,38221.67,20991200,38221.67,21000200
2021-01-11,37793.84813362975,21000100,35408.46,20991200,35408.46,21000200
2021-01-12,35500.17437669251,21000100,34056.9,20991200,34056.9,21000200
2021-01-13,38649.077338382,21000100,37421.07,20991200,37421.07,21000200
2021-01-14,41777.56749933929,21000100,39163.31,20991200,39163.31,21000200
2021-01-15,39419.322279108,21000100,36755.24,20991200,36755.24,21000200
2021-01-16,37242.73243428925,21000100,36025.66,20991200,36025.66,21000200
2021-01-17,36670.490190175624,21000100,35869.83,20991200,35869.83,21000200
2021-01-18,39010.660436966165,21000100,36686.86,20991200,36686.86,21000200
2021-01-19,39823.57591107554,21000100,35891.03,20991200,35891.03,21000200
2021-01-20,36824.11612708333,21000100,35500.0,20991200,35500.0,21000200
2021-01-21,31979.136356156,21000100,30879.97,20991200,30879.97,21000200
2021-01-22,33287.340352499996,21000100,32986.34,20991200,32986.34,21000200
2021-01-23,32400.564659388667,21000100,32086.48,20991200,32086.48,21000200
2021-01-24,32921.16788257683,21000100,32275.63,20991200,32275.63,21000200
2021-01-25,33280.515010387004,21000100,32253.68,20991200,32253.68,21000200
2021-01-26,32805.097221013835,21000100,32474.14,20991200,32474.14,21000200
2021-01-27,30658.266990000004,21000100,30381.04,20991200,30381.04,21000200
2021-01-28,33829.093487993756,21000100,33399.75,20991200,33399.75,21000200
2021-01-29,36787.60691158167,21000100,34269.35,20991200,34269.35,21000200
2021-01-30,35591.8681798575,21000100,34289.85,20991200,34289.85,21000200
2021-01-31,34590.18627409312,21000100,33126.21,20991200,33126.21,21000200
2021-02-02,37698.94436270616,21000100,35504.06,20991200,35504.06,21000200
2021-02-03,40325.42983715196,21000100,37652.51,20991200,37652.51,21000200
2021-02-04,38835.91511199437,21000100,36976.93,20991200,36976.93,21000200
2021-02-05,41053.75329313813,21000100,38362.65,20991200,38362.65,21000200
2021-02-06,41720.550394215,21000100,39249.54,20991200,39249.54,21000200
2021-02-07,42711.79281397187,21000100,38849.25,20991200,38849.25,21000200
2021-02-08,51624.5901536455,21000100,46451.32,20991200,46451.32,21000200
2021-02-09,53264.28712731225,21000100,46492.54,20991200,46492.54,21000200
2021-02-10,50471.2710125,21000100,44850.0,20991200,44850.0,21000200
2021-02-11,52941.58660576775,21000100,48060.21,20991200,48060.21,21000200
2021-02-12,52546.12641796937,21000100,47361.03,20991200,47361.03,21000200
2021-02-13,52357.25489823351,21000100,47221.62,20991200,47221.62,21000200
2021-02-14,54289.62644540941,21000100,48655.21,20991200,48655.21,21000200
2021-02-15,51288.81636082251,21000100,47981.58,20991200,47981.58,21000200
2021-02-16,54659.39757964033,21000100,49197.94,20991200,49197.94,21000200
2021-02-17,57665.66485290683,21000100,52194.62,20991200,52194.62,21000200
2021-02-18,58094.694929214165,21000100,51619.7,20991200,51619.7,21000200
2021-02-19,61192.356226665004,21000100,56004.1,20991200,56004.1,21000200
2021-02-20,62641.06243377392,21000100,55917.41,20991200,55917.41,21000200
2021-02-21,63173.78165269004,21000100,57487.43,20991200,57487.43,21000200
2021-02-22,58840.62566586875,21000100,54121.1,20991200,54121.1,21000200
2021-02-23,49939.773303,21000100,48930.0,20991200,48930.0,21000200
2021-02-24,51199.891794438336,21000100,49702.03,20991200,49702.03,21000200
2021-02-25,48092.067107683586,21000100,47089.37,20991200,47089.37,21000200
2021-02-26,46735.73731125,21000100,46313.13,20991200,46313.13,21000200
2021-02-27,47291.37786240117,21000100,46102.63,20991200,46102.63,21000200
2021-02-28,45956.07820919867,21000100,45163.36,20991200,45163.36,21000200
2021-03-02,48892.68145125,21000100,48450.57,20991200,48450.57,21000200
2021-03-03,51370.876132843754,21000100,50373.75,20991200,50373.75,21000200
2021-03-04,48827.290151249996,21000100,48385.77,20991200,48385.77,21000200
2021-03-05,49215.601451250004,21000100,48770.57,20991200,48770.57,21000200
2021-03-06,49354.49741625,21000100,48908.21,20991200,48908.21,21000200
2021-03-07,51578.57897093442,21000100,50995.27,20991200,50995.27,21000200
2021-03-08,53143.18263288013,21000100,52429.43,20991200,52429.43,21000200
2021-03-09,57781.42393270008,21000100,54917.78,20991200,54917.78,21000200
2021-03-10,58157.61866169292,21000100,55947.98,20991200,55947.98,21000200
2021-03-11,62782.82115634583,21000100,57844.52,20991200,57844.52,21000200
2021-03-12,61130.8190130255,21000100,57291.03,20991200,57291.03,21000200
2021-03-13,64351.86542387063,21000100,61267.41,20991200,61267.41,21000200
2021-03-14,64091.87083476,21000100,59037.12,20991200,59037.12,21000200
2021-03-15,59082.4886032495,21000100,55646.61,20991200,55646.61,21000200
2021-03-16,58671.0939915165,21000100,56954.19,20991200,56954.19,21000200
2021-03-17,60378.89190929999,21000100,58959.0,20991200,58959.0,21000200
2021-03-18,59315.89469296596,21000100,57700.01,20991200,57700.01,21000200
2021-03-19,59469.97745670663,21000100,58089.11,20991200,58089.11,21000200
2021-03-20,60668.83002410851,21000100,58145.61,20991200,58145.61,21000200
2021-03-21,58877.614728965586,21000100,57415.18,20991200,57415.18,21000200
2021-03-22,56540.90424245433,21000100,54129.56,20991200,54129.56,21000200
2021-03-23,55940.06445333334,21000100,54400.0,20991200,54400.0,21000200
2021-03-24,53846.08573005025,21000100,52311.54,20991200,52311.54,21000200
2021-03-25,51822.09021343017,21000100,51325.21,20991200,51325.21,21000200
2021-03-26,55632.5785,21000100,55030.0,20991200,55030.0,21000200
2021-03-27,56337.4305,21000100,55828.0,20991200,55828.0,21000200
2021-03-28,56314.301355,21000100,55805.08,20991200,55805.08,21000200
2021-03-29,58347.297347250504,21000100,57677.64,20991200,57677.64,21000200
2021-03-30,61347.61609124501,21000100,58794.16,20991200,58794.16,21000200
2021-03-31,62564.5720255235,21000100,58807.24,20991200,58807.24,21000200
2021-04-02,64045.379675628006,21000100,59031.36,20991200,59031.36,21000200
2021-04-03,61868.94113023896,21000100,57134.65,20991200,57134.65,21000200
2021-04-04,60486.04203634242,21000100,58234.61,20991200,58234.61,21000200
2021-04-05,61407.39552280124,21000100,59243.39,20991200,59243.39,21000200
2021-04-06,62275.429042201125,21000100,58059.99,20991200,58059.99,21000200
2021-04-07,58829.89910828551,21000100,56018.18,20991200,56018.18,21000200
2021-04-08,59747.865990670674,21000100,58122.26,20991200,58122.26,21000200
2021-04-09,59373.94257213512,21000100,58176.03,20991200,58176.03,21000200
2021-04-10,64950.63442469437,21000100,59832.43,20991200,59832.43,21000200
2021-04-11,65430.13565306667,21000100,60090.2,20991200,60090.2,21000200
2021-04-12,65277.739425554835,21000100,59911.18,20991200,59911.18,21000200
2021-04-13,69393.27683748375,21000100,63649.71,20991200,63649.71,21000200
2021-04-14,68843.60171830124,21000100,63019.1,20991200,63019.1,21000200
2021-04-15,68401.30852719647,21000100,63232.55,20991200,63232.55,21000200
2021-04-16,67873.9337755045,21000100,61424.67,20991200,61424.67,21000200
2021-04-17,63681.37839386125,21000100,60090.14,20991200,60090.14,21000200
2021-04-18,58702.669248345,21000100,56140.05,20991200,56140.05,21000200
2021-04-19,56142.05380875,21000100,55634.39,20991200,55634.39,21000200
2021-04-20,56925.30636,21000100,56410.56,20991200,56410.56,21000200
2021-04-21,54290.925,21000100,53800.0,20991200,53800.0,21000200
2021-04-22,52186.505816250006,21000100,51714.61,20991200,51714.61,21000200
2021-04-23,52174.066167911165,21000100,51122.62,20991200,51122.62,21000200
2021-04-24,50921.74981136,21000100,50092.4,20991200,50092.4,21000200
2021-04-25,50112.44334852484,21000100,49063.94,20991200,49063.94,21000200
2021-04-26,54476.937011250004,21000100,53984.33,20991200,53984.33,21000200
2021-04-27,55508.182031250006,21000100,55006.25,20991200,55006.25,21000200
2021-04-28,55362.38365125,21000100,54861.77,20991200,54861.77,21000200
2021-04-29,54047.52405000001,21000100,53558.8,20991200,53558.8,21000200
2021-04-30,58210.52796000001,21000100,57684.16,20991200,57684.16,21000200
2021-05-02,58462.85232080347,21000100,56630.33,20991200,56630.33,21000200
2021-05-03,59717.498207928,21000100,57214.83,20991200,57214.83,21000200
2021-05-04,55362.4902475315,21000100,53263.32,20991200,53263.32,21000200
2021-05-05,59227.30028628554,21000100,57497.77,20991200,57497.77,21000200
2021-05-06,60376.76121793728,21000100,56435.35,20991200,56435.35,21000200
2021-05-07,59358.745301052004,21000100,57350.88,20991200,57350.88,21000200
2021-05-08,61650.62246810625,21000100,58924.98,20991200,58924.98,21000200
2021-05-09,61070.053198096626,21000100,58292.53,20991200,58292.53,21000200
2021-05-10,59649.780678300915,21000100,55869.67,20991200,55869.67,21000200
2021-05-11,58712.32897282433,21000100,56710.43,20991200,56710.43,21000200
2021-05-12,50955.797248812,21000100,49595.76,20991200,49595.76,21000200
2021-05-13,50380.73225761125,21000100,49707.9,20991200,49707.9,21000200
2021-05-14,51243.52645615366,21000100,49873.27,20991200,49873.27,21000200
2021-05-15,47366.658128436175,21000100,46793.41,20991200,46793.41,21000200
2021-05-16,47744.427660156,21000100,46429.28,20991200,46429.28,21000200
2021-05-17,45332.363647219245,21000100,43566.18,20991200,43566.18,21000200
2021-05-18,44071.76529629479,21000100,42882.53,20991200,42882.53,21000200
2021-05-19,36199.411524823,21000100,36689.14,20991200,36689.14,21000200
2021-05-20,40869.8652375,21000100,40500.3,20991200,40500.3,21000200
2021-05-21,37398.282132461245,21000100,37211.02,20991200,37211.02,21000200
2021-05-22,37381.93621476534,21000100,37432.58,20991200,37432.58,21000200
2021-05-23,34637.118230069995,21000100,34651.6,20991200,34651.6,21000200
2021-05-24,38586.8039033625,21000100,38779.66,20991200,38779.66,21000200
2021-05-25,38676.572414999995,21000100,38326.84,20991200,38326.84,21000200
2021-05-26,39582.120825,21000100,39224.2,20991200,39224.2,21000200
2021-05-27,38878.9423425,21000100,38527.38,20991200,38527.38,21000200
2021-05-28,35996.48778375,21000100,35670.99,20991200,35670.99,21000200
2021-05-29,34931.72187690625,21000100,34611.94,20991200,34611.94,21000200
2021-05-30,35977.13276625,21000100,35651.81,20991200,35651.81,21000200
2021-05-31,37583.225842499996,21000100,37243.38,20991200,37243.38,21000200
2021-06-02,37912.81615875,21000100,37569.99,20991200,37569.99,21000200
2021-06-03,39605.532525,21000100,39247.4,20991200,39247.4,21000200
2021-06-04,37282.44461726475,21000100,36828.03,20991200,36828.03,21000200
2021-06-05,35822.54490750001,21000100,35498.62,20991200,35498.62,21000200
2021-06-06,36128.40060375,21000100,35801.71,20991200,35801.71,21000200
2021-06-07,33857.11251,21000100,33550.96,20991200,33550.96,21000200
2021-06-08,33585.89961714625,21000100,33372.58,20991200,33372.58,21000200
2021-06-09,37252.07110063687,21000100,37368.45,20991200,37368.45,21000200
2021-06-10,36661.1162748005,21000100,36669.66,20991200,36669.66,21000200
2021-06-11,37497.696326317,21000100,37300.42,20991200,37300.42,21000200
2021-06-12,35552.24771557459,21000100,35537.05,20991200,35537.05,21000200
2021-06-13,39064.01875315771,21000100,38993.65,20991200,38993.65,21000200
2021-06-14,40696.68896533667,21000100,40489.1,20991200,40489.1,21000200
2021-06-15,40474.6826051565,21000100,40132.86,20991200,40132.86,21000200
2021-06-16,38694.867851250005,21000100,38344.97,20991200,38344.97,21000200
2021-06-17,38408.01397875,21000100,38060.71,20991200,38060.71,21000200
2021-06-18,35982.28279988713,21000100,35811.41,20991200,35811.41,21000200
2021-06-19,35405.605219629164,21000100,35483.0,20991200,35483.0,21000200
2021-06-20,35605.559284314,21000100,35588.64,20991200,35588.64,21000200
2021-06-21,31495.723637091665,21000100,31606.0,20991200,31606.0,21000200
2021-06-22,32349.1306722,21000100,32496.0,20991200,32496.0,21000200
2021-06-23,33305.91577742917,21000100,33649.0,20991200,33649.0,21000200
2021-06-24,34469.207626789335,21000100,34644.64,20991200,34644.64,21000200
2021-06-25,31782.884928870502,21000100,31568.07,20991200,31568.07,21000200
2021-06-26,31916.872184860502,21000100,32255.56,20991200,32255.56,21000200
2021-06-27,33605.35155285188,21000100,34687.71,20991200,34687.71,21000200
2021-06-28,34596.2935928745,21000100,34487.22,20991200,34487.22,21000200
2021-06-29,36154.06755038925,21000100,35911.26,20991200,35911.26,21000200
2021-06-30,35351.05143375,21000100,35031.39,20991200,35031.39,21000200
2021-07-02,33823.75518295225,21000100,33760.94,20991200,33760.94,21000200
2021-07-03,34496.0375519445,21000100,34652.94,20991200,34652.94,21000200
2021-07-04,35198.528912792666,21000100,35280.16,20991200,35280.16,21000200
2021-07-05,33770.63465764,21000100,33672.72,20991200,33672.72,21000200
2021-07-06,33997.569692013254,21000100,34206.01,20991200,34206.01,21000200
2021-07-07,33913.976321489,21000100,33845.64,20991200,33845.64,21000200
2021-07-08,32521.2784064545,21000100,32852.04,20991200,32852.04,21000200
2021-07-09,33320.77266963075,21000100,33805.01,20991200,33805.01,21000200
2021-07-10,33577.84113836884,21000100,33497.98,20991200,33497.98,21000200
2021-07-11,34403.9667142065,21000100,34253.81,20991200,34253.81,21000200
2021-07-12,33295.32778209225,21000100,33070.87,20991200,33070.87,21000200
2021-07-13,32908.5876462735,21000100,32709.09,20991200,32709.09,21000200
2021-07-14,32798.65977415717,21000100,32803.01,20991200,32803.01,21000200
2021-07-15,31931.30327986363,21000100,31866.43,20991200,31866.43,21000200
2021-07-16,31341.41688863396,21000100,31382.95,20991200,31382.95,21000200
2021-07-17,31573.502613416254,21000100,31496.65,20991200,31496.65,21000200
2021-07-18,31917.405891275004,21000100,31767.0,20991200,31767.0,21000200
2021-07-19,30771.52024786325,21000100,30823.62,20991200,30823.62,21000200
2021-07-20,29348.46261318125,21000100,29775.9,20991200,29775.9,21000200
2021-07-21,31198.489780333333,21000100,32120.0,20991200,32120.0,21000200
2021-07-22,32135.363701226044,21000100,32268.11,20991200,32268.11,21000200
2021-07-23,33454.08637920425,21000100,33634.46,20991200,33634.46,21000200
2021-07-24,33904.8657745,21000100,34230.0,20991200,34230.0,21000200
2021-07-25,34804.85574273175,21000100,35370.66,20991200,35370.66,21000200
2021-07-26,36823.67237675262,21000100,37218.09,20991200,37218.09,21000200
2021-07-27,39655.30149032367,21000100,39442.33,20991200,39442.33,21000200
2021-07-28,40221.6466616705,21000100,40003.08,20991200,40003.08,21000200
2021-07-29,40253.50040194708,21000100,40012.9,20991200,40012.9,21000200
2021-07-30,42429.47331190312,21000100,42203.25,20991200,42203.25,21000200
2021-07-31,41826.32400375,21000100,41448.11,20991200,41448.11,21000200
2021-08-02,39504.700755000005,21000100,39147.48,20991200,39147.48,21000200
2021-08-03,38551.8647475,21000100,38203.26,20991200,38203.26,21000200
2021-08-04,39988.380846338994,21000100,39731.31,20991200,39731.31,21000200
2021-08-05,41255.4519,21000100,40882.4,20991200,40882.4,21000200
2021-08-06,43216.21204875,21000100,42825.43,20991200,42825.43,21000200
2021-08-07,45008.09512875,21000100,44601.11,20991200,44601.11,21000200
2021-08-08,44187.27285375,21000100,43787.71,20991200,43787.71,21000200
2021-08-09,46681.8197625,21000100,46259.7,20991200,46259.7,21000200
2021-08-10,46005.99865875,21000100,45589.99,20991200,45589.99,21000200
2021-08-11,45937.509345000006,21000100,45522.12,20991200,45522.12,21000200
2021-08-12,44790.10394625,21000100,44385.09,20991200,44385.09,21000200
2021-08-13,48228.626745,21000100,47792.52,20991200,47792.52,21000200
2021-08-14,47513.3791275,21000100,47083.74,20991200,47083.74,21000200
2021-08-15,47434.9499325,21000100,47006.02,20991200,47006.02,21000200
2021-08-16,46400.12210056651,21000100,45926.23,20991200,45926.23,21000200
2021-08-17,45112.771665,21000100,44704.84,20991200,44704.84,21000200
2021-08-18,45122.10607125,21000100,44714.09,20991200,44714.09,21000200
2021-08-19,47198.7945,21000100,46772.0,20991200,46772.0,21000200
2021-08-20,49869.347218355084,21000100,49332.74,20991200,49332.74,21000200
2021-08-21,49542.26361214663,21000100,48848.29,20991200,48848.29,21000200
2021-08-22,49795.03250356133,21000100,49273.28,20991200,49273.28,21000200
2021-08-23,50626.00250581288,21000100,49523.91,20991200,49523.91,21000200
2021-08-24,48889.936579189336,21000100,47719.36,20991200,47719.36,21000200
2021-08-25,49582.289607456674,21000100,48992.65,20991200,48992.65,21000200
2021-08-26,47449.68393772375,21000100,46853.06,20991200,46853.06,21000200
2021-08-27,49531.87131750001,21000100,49083.98,20991200,49083.98,21000200
2021-08-28,49905.02729102829,21000100,48931.99,20991200,48931.99,21000200
2021-08-29,49240.66811625,21000100,48795.41,20991200,48795.41,21000200
2021-08-30,47633.30738293749,21000100,47024.7,20991200,47024.7,21000200
2021-08-31,48402.49556681234,21000100,47150.32,20991200,47150.32,21000200
2021-09-02,51055.852566661335,21000100,49299.14,20991200,49299.14,21000200
2021-09-03,51634.041109021,21000100,50027.08,20991200,50027.08,21000200
2021-09-04,51079.1928545955,21000100,49940.74,20991200,49940.74,21000200
2021-09-05,52272.24107625,21000100,51799.57,20991200,51799.57,21000200
2021-09-06,53433.65389292179,21000100,52683.97,20991200,52683.97,21000200
2021-09-07,47477.00931207995,21000100,46864.39,20991200,46864.39,21000200
2021-09-08,46482.608396250005,21000100,46062.29,20991200,46062.29,21000200
2021-09-09,46837.406655,21000100,46413.88,20991200,46413.88,21000200
2021-09-10,45285.39943732438,21000100,44860.83,20991200,44860.83,21000200
2021-09-11,45606.1732425,21000100,45193.78,20991200,45193.78,21000200
2021-09-12,46466.906411250005,21000100,46046.73,20991200,46046.73,21000200
2021-09-13,45386.365635,21000100,44975.96,20991200,44975.96,21000200
2021-09-14,47516.8505175,21000100,47087.18,20991200,47087.18,21000200
2021-09-15,48545.088345000004,21000100,48106.12,20991200,48106.12,21000200
2021-09-16,48181.228143750006,21000100,47745.55,20991200,47745.55,21000200
2021-09-17,47734.750878750005,21000100,47303.11,20991200,47303.11,21000200
2021-09-18,48725.751993750004,21000100,48285.15,20991200,48285.15,21000200
2021-09-19,47688.12930375001,21000100,47256.91,20991200,47256.91,21000200
2021-09-20,43419.217725,21000100,43026.6,20991200,43026.6,21000200
2021-09-21,41097.7256625,21000100,40726.1,20991200,40726.1,21000200
2021-09-22,43917.12,21000100,43520.0,20991200,43520.0,21000200
2021-09-23,45136.160796139295,21000100,44828.29,20991200,44828.29,21000200
2021-09-24,42636.886111646745,21000100,42798.49,20991200,42798.49,21000200
2021-09-25,42984.06985874525,21000100,42651.58,20991200,42651.58,21000200
2021-09-26,43291.36713104167,21000100,43150.0,20991200,43150.0,21000200
2021-09-27,42507.059546250006,21000100,42122.69,20991200,42122.69,21000200
2021-09-28,41201.18186178033,21000100,41006.32,20991200,41006.32,21000200
2021-09-29,41674.73813940325,21000100,41499.71,20991200,41499.71,21000200
2021-09-30,44186.022786868125,21000100,43796.57,20991200,43796.57,21000200
2021-10-02,47840.05301848759,21000100,47626.61,20991200,47626.61,21000200
2021-10-03,48627.0091125,21000100,48187.3,20991200,48187.3,21000200
2021-10-04,49647.153757500004,21000100,49198.22,20991200,49198.22,21000200
2021-10-05,51576.164310666005,21000100,51455.12,20991200,51455.12,21000200
2021-10-06,55826.4096,21000100,55321.6,20991200,55321.6,21000200
2021-10-07,54991.06660335512,21000100,53814.99,20991200,53814.99,21000200
2021-10-08,55126.69673510416,21000100,53975.0,20991200,53975.0,21000200
2021-10-09,55557.85945421904,21000100,54960.77,20991200,54960.77,21000200
2021-10-10,55380.59061916667,21000100,54700.0,20991200,54700.0,21000200
2021-10-11,58024.697591250006,21000100,57500.01,20991200,57500.01,21000200
2021-10-12,56522.948039999996,21000100,56011.84,20991200,56011.84,21000200
2021-10-13,57917.367056250005,21000100,57393.65,20991200,57393.65,21000200
2021-10-14,58252.19538967387,21000100,57378.19,20991200,57378.19,21000200
2021-10-15,62766.18229188188,21000100,61702.33,20991200,61702.33,21000200
2021-10-16,63135.6852064435,21000100,60925.56,20991200,60925.56,21000200
2021-10-17,63737.56593601124,21000100,61571.45,20991200,61571.45,21000200
2021-10-18,63370.92516816134,21000100,62037.92,20991200,62037.92,21000200
2021-10-19,65000.896230847495,21000100,64316.7,20991200,64316.7,21000200
2021-10-20,67736.84919823434,21000100,66064.24,20991200,66064.24,21000200
2021-10-21,64987.69747302021,21000100,62260.33,20991200,62260.33,21000200
2021-10-22,62419.37116992824,21000100,60734.27,20991200,60734.27,21000200
2021-10-23,62414.95200309921,21000100,61325.11,20991200,61325.11,21000200
2021-10-24,62763.33897937125,21000100,60902.82,20991200,60902.82,21000200
2021-10-25,64791.12611479467,21000100,63127.04,20991200,63127.04,21000200
2021-10-26,63022.08652426342,21000100,60358.75,20991200,60358.75,21000200
2021-10-27,59987.204793847,21000100,58449.36,20991200,58449.36,21000200
2021-10-28,61347.72318635683,21000100,60622.03,20991200,60622.03,21000200
2021-10-29,63551.6662039025,21000100,62308.22,20991200,62308.22,21000200
2021-10-30,63375.627007255505,21000100,61895.19,20991200,61895.19,21000200
2021-10-31,63436.25744246171,21000100,61348.61,20991200,61348.61,21000200
2021-11-02,65124.41117097787,21000100,63266.69,20991200,63266.69,21000200
2021-11-03,65951.19491926867,21000100,62946.45,20991200,62946.45,21000200
2021-11-04,64105.85192394541,21000100,61431.86,20991200,61431.86,21000200
2021-11-05,62455.352841108324,21000100,61006.0,20991200,61006.0,21000200
2021-11-06,64058.960670763336,21000100,61511.3,20991200,61511.3,21000200
2021-11-07,65068.15558006167,21000100,63316.4,20991200,63316.4,21000200
2021-11-08,70155.82042169968,21000100,67606.96,20991200,67606.96,21000200
2021-11-09,69981.15476858924,21000100,67009.98,20991200,67009.98,21000200
2021-11-10,68147.22797113641,21000100,64920.13,20991200,64920.13,21000200
2021-11-11,65916.32717188625,21000100,64831.3,20991200,64831.3,21000200
2021-11-12,65920.509600938,21000100,64156.08,20991200,64156.08,21000200
2021-11-13,65779.47520723334,21000100,64427.0,20991200,64427.0,21000200
2021-11-14,66306.72640721612,21000100,65568.39,20991200,65568.39,21000200
2021-11-15,65161.982154884165,21000100,63654.49,20991200,63654.49,21000200
2021-11-16,61129.799479831745,21000100,60106.03,20991200,60106.03,21000200
2021-11-17,60975.739411635,21000100,60366.96,20991200,60366.96,21000200
2021-11-18,57461.83673651146,21000100,56921.05,20991200,56921.05,21000200
2021-11-19,58599.394278750005,21000100,58069.51,20991200,58069.51,21000200
2021-11-20,60261.20114625,21000100,59716.29,20991200,59716.29,21000200
2021-11-21,59196.675183750005,21000100,58661.39,20991200,58661.39,21000200
2021-11-22,56781.75832875,21000100,56268.31,20991200,56268.31,21000200
2021-11-23,58150.32758097763,21000100,57574.23,20991200,57574.23,21000200
2021-11-24,57721.660655784995,21000100,57165.08,20991200,57165.08,21000200
2021-11-25,59763.530386366496,21000100,58988.21,20991200,58988.21,21000200
2021-11-26,54697.5143907075,21000100,53755.65,20991200,53755.65,21000200
2021-11-27,55251.98063663766,21000100,54738.77,20991200,54738.77,21000200
2021-11-28,57838.736036250004,21000100,57315.73,20991200,57315.73,21000200
2021-11-29,58545.16790885817,21000100,57827.98,20991200,57827.98,21000200
2021-11-30,57803.54231979167,21000100,56975.0,20991200,56975.0,21000200
2021-12-02,57131.551303833796,21000100,56513.57,20991200,56513.57,21000200
2021-12-03,54409.15057326666,21000100,53612.0,20991200,53612.0,21000200
2021-12-04,49422.28345494183,21000100,49135.66,20991200,49135.66,21000200
2021-12-05,49786.2054369225,21000100,49376.6,20991200,49376.6,21000200
2021-12-06,50884.845570000005,21000100,50424.72,20991200,50424.72,21000200
2021-12-07,50946.059730338326,21000100,50577.2,20991200,50577.2,21000200
2021-12-08,50916.017441250006,21000100,50455.61,20991200,50455.61,21000200
2021-12-09,47973.56031000001,21000100,47539.76,20991200,47539.76,21000200
2021-12-10,47566.46919375,21000100,47136.35,20991200,47136.35,21000200
2021-12-11,49831.75299375,21000100,49381.15,20991200,49381.15,21000200
2021-12-12,50513.78021625,21000100,50057.01,20991200,50057.01,21000200
2021-12-13,47105.884361250006,21000100,46679.93,20991200,46679.93,21000200
2021-12-14,48593.68512294751,21000100,48324.04,20991200,48324.04,21000200
2021-12-15,49316.42313,21000100,48870.48,20991200,48870.48,21000200
2021-12-16,48059.0735625,21000100,47624.5,20991200,47624.5,21000200
2021-12-17,46471.55710517925,21000100,46125.33,20991200,46125.33,21000200
2021-12-18,47196.792433059745,21000100,46815.99,20991200,46815.99,21000200
2021-12-19,47053.031727205,21000100,46668.63,20991200,46668.63,21000200
2021-12-20,47326.0855275,21000100,46898.14,20991200,46898.14,21000200
2021-12-21,49309.004931519994,21000100,48875.15,20991200,48875.15,21000200
2021-12-22,49012.888421250005,21000100,48569.69,20991200,48569.69,21000200
2021-12-23,51184.84105125866,21000100,50817.92,20991200,50817.92,21000200
2021-12-24,51272.178018750004,21000100,50808.55,20991200,50808.55,21000200
2021-12-25,50863.573215000004,21000100,50403.64,20991200,50403.64,21000200
2021-12-26,51228.96728625001,21000100,50765.73,20991200,50765.73,21000200
2021-12-27,51170.427945,21000100,50707.72,20991200,50707.72,21000200
2021-12-28,47955.66852375,21000100,47522.03,20991200,47522.03,21000200
2021-12-29,46860.273427500004,21000100,46436.54,20991200,46436.54,21000200
2021-12-30,47524.7620575,21000100,47095.02,20991200,47095.02,21000200
2021-12-31,46448.073421376,21000100,46210.56,20991200,46210.56,21000200
2022-01-01,48139.65219375,21000100,47704.35,20991200,47704.35,21000200
2022-01-02,47711.43,21000100,47280.0,20991200,47280.0,21000200
2022-01-03,46869.62801625,21000100,46445.81,20991200,46445.81,21000200
2022-01-04,46251.6499575,21000100,45833.42,20991200,45833.42,21000200
2022-01-05,43817.912921250005,21000100,43421.69,20991200,43421.69,21000200
2022-01-06,43473.11509125,21000100,43080.01,20991200,43080.01,21000200
2022-01-07,41933.038972500006,21000100,41553.86,20991200,41553.86,21000200
2022-01-08,42068.453456250005,21000100,41688.05,20991200,41688.05,21000200
2022-01-09,42233.1123825,21000100,41851.22,20991200,41851.22,21000200
2022-01-10,42113.33835610125,21000100,41801.55,20991200,41801.55,21000200
2022-01-11,43056.476655159,21000100,42700.68,20991200,42700.68,21000200
2022-01-12,43874.193291409,21000100,43880.72,20991200,43880.72,21000200
2022-01-13,42487.91310739033,21000100,42534.32,20991200,42534.32,21000200
2022-01-14,42842.96859924333,21000100,43042.4,20991200,43042.4,21000200
2022-01-15,43266.272466907874,21000100,43070.51,20991200,43070.51,21000200
2022-01-16,43196.35131643667,21000100,43060.66,20991200,43060.66,21000200
2022-01-17,42412.3612589265,21000100,42176.34,20991200,42176.34,21000200
2022-01-18,42723.88466213883,21000100,42337.58,20991200,42337.58,21000200
2022-01-19,41974.32142312004,21000100,41657.89,20991200,41657.89,21000200
2022-01-20,41032.72792125001,21000100,40661.69,20991200,40661.69,21000200
2022-01-21,36678.02911328526,21000100,36425.98,20991200,36425.98,21000200
2022-01-22,35183.05554759413,21000100,35043.73,20991200,35043.73,21000200
2022-01-23,36309.03414302012,21000100,36230.01,20991200,36230.01,21000200
2022-01-24,36805.41855634675,21000100,36648.31,20991200,36648.31,21000200
2022-01-25,37025.458998148504,21000100,36934.26,20991200,36934.26,21000200
2022-01-26,36727.465416133295,21000100,36787.43,20991200,36787.43,21000200
2022-01-27,36875.6536713875,21000100,37131.0,20991200,37131.0,21000200
2022-01-28,37805.732568534,21000100,37696.21,20991200,37696.21,21000200
2022-01-29,38162.97162485588,21000100,38150.01,20991200,38150.01,21000200
2022-01-30,38160.007175577004,21000100,37870.01,20991200,37870.01,21000200
2022-01-31,38391.220232613334,21000100,38439.04,20991200,38439.04,21000200
2022-02-01,38631.76627181713,21000100,38680.51,20991200,38680.51,21000200
2022-02-02,37000.293351238,21000100,36892.03,20991200,36892.03,21000200
2022-02-03,37198.20261174092,21000100,37289.86,20991200,37289.86,21000200
2022-02-04,41586.536819375004,21000100,41550.0,20991200,41550.0,21000200
2022-02-05,41720.23089592954,21000100,41374.69,20991200,41374.69,21000200
2022-02-06,42747.89731875,21000100,42361.35,20991200,42361.35,21000200
2022-02-07,43791.648255247834,21000100,43829.99,20991200,43829.99,21000200
2022-02-08,44423.26682625,21000100,44021.57,20991200,44021.57,21000200
2022-02-09,44616.61848172534,21000100,44358.08,20991200,44358.08,21000200
2022-02-10,43711.95303874238,21000100,43471.29,20991200,43471.29,21000200
2022-02-11,42250.20348355,21000100,42366.0,20991200,42366.0,21000200
2022-02-12,42584.943813750004,21000100,42199.87,20991200,42199.87,21000200
2022-02-13,42332.659661529244,21000100,42041.13,20991200,42041.13,21000200
2022-02-14,42771.27497875575,21000100,42525.14,20991200,42525.14,21000200
2022-02-15,44633.91912284,21000100,44529.6,20991200,44529.6,21000200
2022-02-16,44260.9288875,21000100,43860.7,20991200,43860.7,21000200
2022-02-17,40861.1867625,21000100,40491.7,20991200,40491.7,21000200
2022-02-18,39914.56322587167,21000100,39966.8,20991200,39966.8,21000200
2022-02-19,40280.062553774165,21000100,40052.6,20991200,40052.6,21000200
2022-02-20,38392.45591001291,21000100,38368.1,20991200,38368.1,21000200
2022-02-21,36969.85120587,21000100,36986.4,20991200,36986.4,21000200
2022-02-22,38142.669898583335,21000100,38212.0,20991200,38212.0,21000200
2022-02-23,37017.659306645,21000100,37227.8,20991200,37227.8,21000200
2022-02-24,38096.234570025,21000100,38315.1,20991200,38315.1,21000200
2022-02-25,39410.72423389833,21000100,39205.4,20991200,39205.4,21000200
2022-02-26,39419.76079524751,21000100,39099.3,20991200,39099.3,21000200
2022-02-27,37749.33386643333,21000100,37672.0,20991200,37672.0,21000200
2022-02-28,42757.317056509855,21000100,43155.0,20991200,43155.0,21000200
2022-03-01,44723.15961279875,21000100,44394.1,20991200,44394.1,21000200
2022-03-02,44145.90361815542,21000100,43885.7,20991200,43885.7,21000200
2022-03-03,42836.8516875,21000100,42449.5,20991200,42449.5,21000200
2022-03-04,39484.740262499996,21000100,39127.7,20991200,39127.7,21000200
2022-03-05,39634.465096203334,21000100,39375.1,20991200,39375.1,21000200
2022-03-06,38460.809870389996,21000100,38401.1,20991200,38401.1,21000200
2022-03-07,37827.056606955004,21000100,37963.8,20991200,37963.8,21000200
2022-03-08,38985.1586795025,21000100,38709.9,20991200,38709.9,21000200
2022-03-09,42279.05437708334,21000100,41937.5,20991200,41937.5,21000200
2022-03-10,39519.40428475666,21000100,39407.2,20991200,39407.2,21000200
2022-03-11,38556.7194903,21000100,38713.0,20991200,38713.0,21000200
2022-03-12,38784.29321125333,21000100,38792.6,20991200,38792.6,21000200
2022-03-13,37617.61103679875,21000100,37743.7,20991200,37743.7,21000200
2022-03-14,39509.063630000004,21000100,39653.8,20991200,39653.8,21000200
2022-03-15,39501.0951705375,21000100,39271.0,20991200,39271.0,21000200
2022-03-16,41429.26547950584,21000100,41105.8,20991200,41105.8,21000200
2022-03-17,41271.2951625,21000100,40898.1,20991200,40898.1,21000200
2022-03-18,42026.59471870417,21000100,41751.5,20991200,41751.5,21000200
2022-03-19,42573.167325,21000100,42188.2,20991200,42188.2,21000200
2022-03-20,41637.506625,21000100,41261.0,20991200,41261.0,21000200
2022-03-21,41093.602353158334,21000100,40982.0,20991200,40982.0,21000200
2022-03-22,42736.241925,21000100,42349.8,20991200,42349.8,21000200
2022-03-23,43220.135174557494,21000100,42867.9,20991200,42867.9,21000200
2022-03-24,43994.2252525725,21000100,43973.4,20991200,43973.4,21000200
2022-03-25,44498.45523216749,21000100,44290.6,20991200,44290.6,21000200
2022-03-26,44660.08375868666,21000100,44489.2,20991200,44489.2,21000200
2022-03-27,46864.27877031333,21000100,46820.8,20991200,46820.8,21000200
2022-03-28,47551.887337500004,21000100,47121.9,20991200,47121.9,21000200
2022-03-29,47845.338022904165,21000100,47418.5,20991200,47418.5,21000200
2022-03-30,47482.56045,21000100,47053.2,20991200,47053.2,21000200
2022-03-31,45921.24225,21000100,45506.0,20991200,45506.0,21000200
2022-04-01,46643.61402041416,21000100,46266.2,20991200,46266.2,21000200
2022-04-02,46212.475725000004,21000100,45794.6,20991200,45794.6,21000200
2022-04-03,46815.730650000005,21000100,46392.4,20991200,46392.4,21000200
2022-04-04,47005.9507125,21000100,46580.9,20991200,46580.9,21000200
2022-04-05,45892.38127500001,21000100,45477.4,20991200,45477.4,21000200
2022-04-06,43552.1932328075,21000100,43159.7,20991200,43159.7,21000200
2022-04-07,43713.192501392914,21000100,43417.1,20991200,43417.1,21000200
2022-04-08,42541.40364279,21000100,42229.2,20991200,42229.2,21000200
2022-04-09,43108.21989985791,21000100,42727.7,20991200,42727.7,21000200
2022-04-10,42383.32114516,21000100,42140.4,20991200,42140.4,21000200
2022-04-11,39748.84569099334,21000100,39505.6,20991200,39505.6,21000200
2022-04-12,39770.59643488,21000100,40060.7,20991200,40060.7,21000200
2022-04-13,41099.47499846,21000100,41129.8,20991200,41129.8,21000200
2022-04-14,40073.41845300751,21000100,39915.9,20991200,39915.9,21000200
2022-04-15,40377.36357148542,21000100,40529.5,20991200,40529.5,21000200
2022-04-16,40527.92317392083,21000100,40361.0,20991200,40361.0,21000200
2022-04-17,39897.02813516417,21000100,39649.1,20991200,39649.1,21000200
2022-04-18,40464.74104432,21000100,40785.6,20991200,40785.6,21000200
2022-04-19,41614.474483496255,21000100,41472.9,20991200,41472.9,21000200
2022-04-20,41613.13854218624,21000100,41327.7,20991200,41327.7,21000200
2022-04-21,40453.380312922505,21000100,40449.8,20991200,40449.8,21000200
2022-04-22,39500.7528283675,21000100,39674.2,20991200,39674.2,21000200
2022-04-23,39073.80399218167,21000100,39415.1,20991200,39415.1,21000200
2022-04-24,38987.1750960225,21000100,39433.4,20991200,39433.4,21000200
2022-04-25,40293.87258922083,21000100,40411.0,20991200,40411.0,21000200
2022-04-26,38441.3050125,21000100,38093.7,20991200,38093.7,21000200
2022-04-27,38950.13270649167,21000100,39209.0,20991200,39209.0,21000200
2022-04-28,39717.272519375,21000100,39732.5,20991200,39732.5,21000200
2022-04-29,38837.680238069996,21000100,38572.2,20991200,38572.2,21000200
2022-04-30,37626.982215097916,21000100,37614.5,20991200,37614.5,21000200
2022-05-01,38586.630599737495,21000100,38440.5,20991200,38440.5,21000200
2022-05-02,38865.42789666666,21000100,38525.6,20991200,38525.6,21000200
2022-05-03,38057.0302125,21000100,37712.9,20991200,37712.9,21000200
2022-05-04,39955.63565719999,21000100,39684.0,20991200,39684.0,21000200
2022-05-05,36868.0791375,21000100,36534.7,20991200,36534.7,21000200
2022-05-06,35831.104289461255,21000100,35995.3,20991200,35995.3,21000200
2022-05-07,35482.21283902416,21000100,35466.7,20991200,35466.7,21000200
2022-05-08,34211.5036274,21000100,34032.0,20991200,34032.0,21000200
2022-05-09,30330.866475,21000100,30056.6,20991200,30056.6,21000200
2022-05-10,31284.9941625,21000100,31002.1,20991200,31002.1,21000200
2022-05-11,29172.04100529875,21000100,29074.7,20991200,29074.7,21000200
2022-05-12,28578.4367227354,21000100,29020.7,20991200,29020.7,21000200
2022-05-13,29259.27850283625,21000100,29274.3,20991200,29274.3,21000200
2022-05-14,30354.278175,21000100,30079.8,20991200,30079.8,21000200
2022-05-15,31584.919683548334,21000100,31324.4,20991200,31324.4,21000200
2022-05-16,30083.118961538752,21000100,29866.7,20991200,29866.7,21000200
2022-05-17,30566.5646020625,21000100,30437.0,20991200,30437.0,21000200
2022-05-18,28614.90861858,21000100,28700.6,20991200,28700.6,21000200
2022-05-19,30437.46591758167,21000100,30319.9,20991200,30319.9,21000200
2022-05-20,29455.248712500004,21000100,29188.9,20991200,29188.9,21000200
2022-05-21,29429.1991176675,21000100,29427.4,20991200,29427.4,21000200
2022-05-22,30370.098800016665,21000100,30284.0,20991200,30284.0,21000200
2022-05-23,29363.216512500003,21000100,29097.7,20991200,29097.7,21000200
2022-05-24,29551.52900573833,21000100,29643.1,20991200,29643.1,21000200
2022-05-25,29749.434020453748,21000100,29536.7,20991200,29536.7,21000200
2022-05-26,29355.941672475004,21000100,29194.0,20991200,29194.0,21000200
2022-05-27,28884.386700000003,21000100,28623.2,20991200,28623.2,21000200
2022-05-28,29272.227951453337,21000100,29018.8,20991200,29018.8,21000200
2022-05-29,29721.556800000002,21000100,29452.8,20991200,29452.8,21000200
2022-05-30,32016.0043125,21000100,31726.5,20991200,31726.5,21000200
2022-05-31,32087.954925000002,21000100,31797.8,20991200,31797.8,21000200
2022-06-01,30068.796712500003,21000100,29796.9,20991200,29796.9,21000200
2022-06-02,30464.13321765,21000100,30437.1,20991200,30437.1,21000200
2022-06-03,29701.786974055,21000100,29682.8,20991200,29682.8,21000200
2022-06-04,29944.372928571665,21000100,29848.4,20991200,29848.4,21000200
2022-06-05,30018.516181730418,21000100,29909.9,20991200,29909.9,21000200
2022-06-06,31606.276801580003,21000100,31361.2,20991200,31361.2,21000200
2022-06-07,31080.817015413748,21000100,31118.1,20991200,31118.1,21000200
2022-06-08,30468.006562500002,21000100,30192.5,20991200,30192.5,21000200
2022-06-09,30359.7182418975,21000100,30093.3,20991200,30093.3,21000200
2022-06-10,29279.283093763333,21000100,29077.7,20991200,29077.7,21000200
2022-06-11,28492.303932782084,21000100,28416.7,20991200,28416.7,21000200
2022-06-12,26653.5972189425,21000100,26564.7,20991200,26564.7,21000200
2022-06-13,22484.1722406375,21000100,22471.5,20991200,22471.5,21000200
2022-06-14,22047.772719547916,21000100,22122.7,20991200,22122.7,21000200
2022-06-15,22498.97388028125,21000100,22567.5,20991200,22567.5,21000200
2022-06-16,20356.91506057,21000100,20387.4,20991200,20387.4,21000200
2022-06-17,20416.132411389997,21000100,20457.3,20991200,20457.3,21000200
2022-06-18,19058.6486203325,21000100,18959.7,20991200,18959.7,21000200
2022-06-19,20607.502978465833,21000100,20564.2,20991200,20564.2,21000200
2022-06-20,20610.224465603747,21000100,20570.1,20991200,20570.1,21000200
2022-06-21,20820.17248674375,21000100,20713.1,20991200,20713.1,21000200
2022-06-22,19950.396215463334,21000100,19977.4,20991200,19977.4,21000200
2022-06-23,21063.8418148375,21000100,21096.6,20991200,21096.6,21000200
2022-06-24,21399.14215360667,21000100,21231.2,20991200,21231.2,21000200
2022-06-25,21629.70737655292,21000100,21481.9,20991200,21481.9,21000200
2022-06-26,21161.30618398625,21000100,21029.1,20991200,21029.1,21000200
2022-06-27,20840.060320625,21000100,20730.0,20991200,20730.0,21000200
2022-06-28,20233.06475267,21000100,20268.6,20991200,20268.6,21000200
2022-06-29,20219.0352542225,21000100,20109.9,20991200,20109.9,21000200
2022-06-30,19797.971822220836,21000100,19923.5,20991200,19923.5,21000200
2022-07-01,19191.451632099997,21000100,19272.0,20991200,19272.0,21000200
2022-07-02,19266.797048843753,21000100,19240.9,20991200,19240.9,21000200
2022-07-03,19397.5064955,21000100,19305.9,20991200,19305.9,21000200
2022-07-04,20316.853617525,21000100,20226.6,20991200,20226.6,21000200
2022-07-05,20264.547127125003,21000100,20170.0,20991200,20170.0,21000200
2022-07-06,20731.484366620414,21000100,20554.1,20991200,20554.1,21000200
2022-07-07,21779.55319261167,21000100,21613.4,20991200,21613.4,21000200
2022-07-08,21720.618451418333,21000100,21587.9,20991200,21587.9,21000200
2022-07-09,21751.600473416667,21000100,21580.0,20991200,21580.0,21000200
2022-07-10,21043.849889828332,21000100,20853.8,20991200,20853.8,21000200
2022-07-11,20077.38203011708,21000100,19954.3,20991200,19954.3,21000200
2022-07-12,19423.42086577125,21000100,19322.9,20991200,19322.9,21000200
2022-07-13,20208.998743847915,21000100,20220.1,20991200,20220.1,21000200
2022-07-14,20663.15095084333,21000100,20578.6,20991200,20578.6,21000200
2022-07-15,20900.744741465416,21000100,20823.1,20991200,20823.1,21000200
2022-07-16,21279.189664877085,21000100,21183.5,20991200,21183.5,21000200
2022-07-17,20963.573794276672,21000100,20794.4,20991200,20794.4,21000200
2022-07-18,22628.518087500004,21000100,22423.9,20991200,22423.9,21000200
2022-07-19,23599.296337500004,21000100,23385.9,20991200,23385.9,21000200
2022-07-20,23420.103233337497,21000100,23221.5,20991200,23221.5,21000200
2022-07-21,23355.6935625,21000100,23144.5,20991200,23144.5,21000200
2022-07-22,22848.71152523166,21000100,22675.1,20991200,22675.1,21000200
2022-07-23,22577.14805256,21000100,22440.2,20991200,22440.2,21000200
2022-07-24,22722.067440789164,21000100,22570.6,20991200,22570.6,21000200
2022-07-25,21387.832413750002,21000100,21300.0,20991200,21300.0,21000200
2022-07-26,21385.159923370837,21000100,21241.0,20991200,21241.0,21000200
2022-07-27,23029.210169533748,21000100,22941.1,20991200,22941.1,21000200
2022-07-28,24048.1154381475,21000100,23836.2,20991200,23836.2,21000200
2022-07-29,23988.0112875,21000100,23771.1,20991200,23771.1,21000200
2022-07-30,23845.522837500004,21000100,23629.9,20991200,23629.9,21000200
2022-07-31,23476.276498422085,21000100,23290.1,20991200,23290.1,21000200
2022-08-01,23444.705163146664,21000100,23257.6,20991200,23257.6,21000200
2022-08-02,23154.12523400583,21000100,22975.1,20991200,22975.1,21000200
2022-08-03,22806.7015921875,21000100,22801.5,20991200,22801.5,21000200
2022-08-04,22629.68878934625,21000100,22608.9,20991200,22608.9,21000200
2022-08-05,23373.08231381375,21000100,23298.1,20991200,23298.1,21000200
2022-08-06,23121.09346312208,21000100,22943.3,20991200,22943.3,21000200
2022-08-07,23249.99472084,21000100,23167.8,20991200,23167.8,21000200
2022-08-08,23969.411108950004,21000100,23804.4,20991200,23804.4,21000200
2022-08-09,23336.7142918,21000100,23140.2,20991200,23140.2,21000200
2022-08-10,24004.304580791253,21000100,23940.9,20991200,23940.9,21000200
2022-08-11,24078.097083355,21000100,23917.2,20991200,23917.2,21000200
2022-08-12,24439.810781041666,21000100,24387.5,20991200,24387.5,21000200
2022-08-13,24481.384936875,21000100,24429.0,20991200,24429.0,21000200
2022-08-14,24318.49998178583,21000100,24294.1,20991200,24294.1,21000200
2022-08-15,24055.69121438,21000100,24085.2,20991200,24085.2,21000200
2022-08-16,23888.464329129165,21000100,23843.0,20991200,23843.0,21000200
2022-08-17,23404.724450415,21000100,23333.1,20991200,23333.1,21000200
2022-08-18,23365.366664219164,21000100,23185.1,20991200,23185.1,21000200
2022-08-19,20858.86419711417,21000100,20824.9,20991200,20824.9,21000200
2022-08-20,21062.1288994225,21000100,21127.8,20991200,21127.8,21000200
2022-08-21,21448.167503066663,21000100,21505.6,20991200,21505.6,21000200
2022-08-22,21339.603021725,21000100,21387.0,20991200,21387.0,21000200
2022-08-23,21475.46037184167,21000100,21518.2,20991200,21518.2,21000200
2022-08-24,21319.9414948275,21000100,21354.9,20991200,21354.9,21000200
2022-08-25,21588.648114335,21000100,21548.3,20991200,21548.3,21000200
2022-08-26,20253.920721728748,21000100,20228.7,20991200,20228.7,21000200
2022-08-27,19941.713404242502,21000100,20023.9,20991200,20023.9,21000200
2022-08-28,19472.60204334375,21000100,19547.5,20991200,19547.5,21000200
2022-08-29,20091.2754553,21000100,20275.5,20991200,20275.5,21000200
2022-08-30,19754.09326843,21000100,19803.1,20991200,19803.1,21000200
2022-08-31,20094.169062,21000100,20041.5,20991200,20041.5,21000200
2022-09-01,20216.059396062497,21000100,20122.5,20991200,20122.5,21000200
2022-09-02,20012.850580325,21000100,19941.0,20991200,19941.0,21000200
2022-09-03,19883.1462715575,21000100,19820.7,20991200,19820.7,21000200
2022-09-04,20042.382692529165,21000100,19992.7,20991200,19992.7,21000200
2022-09-05,19858.72166619125,21000100,19784.9,20991200,19784.9,21000200
2022-09-06,18801.90007401875,21000100,18781.5,20991200,18781.5,21000200
2022-09-07,19232.1368427,21000100,19287.0,20991200,19287.0,21000200
2022-09-08,19365.76538143583,21000100,19309.3,20991200,19309.3,21000200
2022-09-09,21490.412204800003,21000100,21352.0,20991200,21352.0,21000200
2022-09-10,21835.407082058333,21000100,21639.5,20991200,21639.5,21000200
2022-09-11,21978.439987630416,21000100,21820.3,20991200,21820.3,21000200
2022-09-12,22578.329132450002,21000100,22386.0,20991200,22386.0,21000200
2022-09-13,20346.268165885416,21000100,20162.5,20991200,20162.5,21000200
2022-09-14,20203.336172075,21000100,20217.0,20991200,20217.0,21000200
2022-09-15,19757.502667045,21000100,19690.8,20991200,19690.8,21000200
2022-09-16,19884.74781190625,21000100,19792.5,20991200,19792.5,21000200
2022-09-17,20155.971441008332,21000100,20102.0,20991200,20102.0,21000200
2022-09-18,19509.630023508336,21000100,19404.5,20991200,19404.5,21000200
2022-09-19,19498.258739656663,21000100,19528.6,20991200,19528.6,21000200
2022-09-20,18955.112110498332,21000100,18866.8,20991200,18866.8,21000200
2022-09-21,18500.216421510417,21000100,18447.5,20991200,18447.5,21000200
2022-09-22,19327.92855034375,21000100,19392.5,20991200,19392.5,21000200
2022-09-23,19311.266015055,21000100,19280.7,20991200,19280.7,21000200
2022-09-24,18968.336891266666,21000100,18911.0,20991200,18911.0,21000200
2022-09-25,18841.12866389375,21000100,18799.7,20991200,18799.7,21000200
2022-09-26,19260.33006798625,21000100,19216.3,20991200,19216.3,21000200
2022-09-27,19190.645757202496,21000100,19070.1,20991200,19070.1,21000200
2022-09-28,19439.188296357497,21000100,19407.3,20991200,19407.3,21000200
2022-09-29,19701.66856940625,21000100,19582.5,20991200,19582.5,21000200
2022-09-30,19588.8317625,21000100,19411.7,20991200,19411.7,21000200
2022-10-01,19422.62460823333,21000100,19304.0,20991200,19304.0,21000200
2022-10-02,19138.989804435,21000100,19049.4,20991200,19049.4,21000200
2022-10-03,19755.166011133333,21000100,19622.0,20991200,19622.0,21000200
2022-10-04,20518.538625,21000100,20333.0,20991200,20333.0,21000200
2022-10-05,20333.86875,21000100,20150.0,20991200,20150.0,21000200
2022-10-06,20136.080250000003,21000100,19954.0,20991200,19954.0,21000200
2022-10-07,19684.26138368375,21000100,19520.9,20991200,19520.9,21000200
2022-10-08,19496.77132289333,21000100,19406.2,20991200,19406.2,21000200
2022-10-09,19471.210139458333,21000100,19430.0,20991200,19430.0,21000200
2022-10-10,19253.77466716667,21000100,19124.0,20991200,19124.0,21000200
2022-10-11,19228.876875,21000100,19055.0,20991200,19055.0,21000200
2022-10-12,19322.7255,21000100,19148.0,20991200,19148.0,21000200
2022-10-13,19491.565047762502,21000100,19365.5,20991200,19365.5,21000200
2022-10-14,19290.686298975,21000100,19164.6,20991200,19164.6,21000200
2022-10-15,19133.750454993336,21000100,19060.4,20991200,19060.4,21000200
2022-10-16,19290.489631387503,21000100,19251.9,20991200,19251.9,21000200
2022-10-17,19609.718114709165,21000100,19540.6,20991200,19540.6,21000200
2022-10-18,19497.203212500004,21000100,19320.9,20991200,19320.9,21000200
2022-10-19,19277.173067174168,21000100,19116.7,20991200,19116.7,21000200
2022-10-20,19139.586590165003,21000100,19034.7,20991200,19034.7,21000200
2022-10-21,19199.25386802375,21000100,19150.9,20991200,19150.9,21000200
2022-10-22,19263.772549719168,21000100,19195.1,20991200,19195.1,21000200
2022-10-23,19623.154136486253,21000100,19560.7,20991200,19560.7,21000200
2022-10-24,19449.297588276666,21000100,19318.1,20991200,19318.1,21000200
2022-10-25,20148.752142341666,21000100,20068.3,20991200,20068.3,21000200
2022-10-26,20846.88518032083,21000100,20758.3,20991200,20758.3,21000200
2022-10-27,20280.027056622916,21000100,20285.5,20991200,20285.5,21000200
2022-10-28,20580.821649873335,21000100,20582.8,20991200,20582.8,21000200
2022-10-29,20869.090886418333,21000100,20796.7,20991200,20796.7,21000200
2022-10-30,20652.17001284,21000100,20615.6,20991200,20615.6,21000200
2022-10-31,20512.601473466668,21000100,20482.0,20991200,20482.0,21000200
2022-11-01,20477.928406869996,21000100,20472.1,20991200,20472.1,21000200
2022-11-02,20213.831899095,21000100,20140.1,20991200,20140.1,21000200
2022-11-03,20261.50939869167,21000100,20199.7,20991200,20199.7,21000200
2022-11-04,21217.812612186666,21000100,21137.6,20991200,21137.6,21000200
2022-11-05,21412.614096520836,21000100,21289.9,20991200,21289.9,21000200
2022-11-06,21046.778697083333,21000100,20900.0,20991200,20900.0,21000200
2022-11-07,20752.6905830475,21000100,20578.6,20991200,20578.6,21000200
2022-11-08,18619.536649525002,21000100,18534.0,20991200,18534.0,21000200
2022-11-09,15761.068167801768,21000100,15905.0,20991200,15905.0,21000200
2022-11-10,17130.614368519295,21000100,17588.0,20991200,17588.0,21000200
2022-11-11,16889.51075132125,21000100,17058.3,20991200,17058.3,21000200
2022-11-12,16855.03040973125,21000100,16806.9,20991200,16806.9,21000200
2022-11-13,16300.30995208,21000100,16321.2,20991200,16321.2,21000200
2022-11-14,16541.631281476668,21000100,16605.2,20991200,16605.2,21000200
2022-11-15,16753.12872078083,21000100,16888.3,20991200,16888.3,21000200
2022-11-16,16555.83200006,21000100,16650.6,20991200,16650.6,21000200
2022-11-17,16619.27708813625,21000100,16682.1,20991200,16682.1,21000200
2022-11-18,16692.324524865417,21000100,16689.7,20991200,16689.7,21000200
2022-11-19,16755.271073345,21000100,16692.9,20991200,16692.9,21000200
2022-11-20,16281.479551004999,21000100,16272.6,20991200,16272.6,21000200
2022-11-21,15816.092230325,21000100,15773.0,20991200,15773.0,21000200
2022-11-22,16232.584117209168,21000100,16220.6,20991200,16220.6,21000200
2022-11-23,16691.790660393333,21000100,16595.8,20991200,16595.8,21000200
2022-11-24,16661.56210092,21000100,16592.4,20991200,16592.4,21000200
2022-11-25,16535.430993976664,21000100,16516.1,20991200,16516.1,21000200
2022-11-26,16473.851250888336,21000100,16449.2,20991200,16449.2,21000200
2022-11-27,16431.4964645575,21000100,16422.6,20991200,16422.6,21000200
2022-11-28,16218.596564624999,21000100,16204.5,20991200,16204.5,21000200
2022-11-29,16475.916597023333,21000100,16433.2,20991200,16433.2,21000200
2022-11-30,17241.75163469875,21000100,17153.3,20991200,17153.3,21000200
2022-12-01,17001.615694591666,21000100,16970.5,20991200,16970.5,21000200
2022-12-02,17120.8014759375,21000100,17083.0,20991200,17083.0,21000200
2022-12-03,16974.097289531248,21000100,16879.5,20991200,16879.5,21000200
2022-12-04,17188.917275383334,21000100,17099.5,20991200,17099.5,21000200
2022-12-05,16960.564427667083,21000100,16958.3,20991200,16958.3,21000200
2022-12-06,17123.42541865083,21000100,17078.6,20991200,17078.6,21000200
2022-12-07,16864.10089805,21000100,16828.0,20991200,16828.0,21000200
2022-12-08,17234.33833973333,21000100,17216.0,20991200,17216.0,21000200
2022-12-09,17165.658174991666,21000100,17122.0,20991200,17122.0,21000200
2022-12-10,17116.64127,21000100,17120.0,20991200,17120.0,21000200
2022-12-11,17090.254697469165,21000100,17077.3,20991200,17077.3,21000200
2022-12-12,17217.651643333335,21000100,17200.0,20991200,17200.0,21000200
2022-12-13,17858.0674315175,21000100,17777.1,20991200,17777.1,21000200
2022-12-14,17966.360587500003,21000100,17803.9,20991200,17803.9,21000200
2022-12-15,17484.695990216667,21000100,17351.8,20991200,17351.8,21000200
2022-12-16,16667.388671530418,21000100,16624.1,20991200,16624.1,21000200
2022-12-17,16867.608208,21000100,16768.0,20991200,16768.0,21000200
2022-12-18,16793.680998810418,21000100,16730.3,20991200,16730.3,21000200
2022-12-19,16501.444737255,21000100,16429.2,20991200,16429.2,21000200
2022-12-20,16933.42871,21000100,16887.2,20991200,16887.2,21000200
2022-12-21,16917.325099756665,21000100,16819.6,20991200,16819.6,21000200
2022-12-22,16909.012326727083,21000100,16815.5,20991200,16815.5,21000200
2022-12-23,16923.886854631666,21000100,16776.4,20991200,16776.4,21000200
2022-12-24,16936.2410350375,21000100,16828.9,20991200,16828.9,21000200
2022-12-25,16852.21830418,21000100,16824.4,20991200,16824.4,21000200
2022-12-26,16918.692527309166,21000100,16912.9,20991200,16912.9,21000200
2022-12-27,16757.665351536667,21000100,16698.2,20991200,16698.2,21000200
2022-12-28,16620.1286877875,21000100,16539.0,20991200,16539.0,21000200
2022-12-29,16774.549905634583,21000100,16630.3,20991200,16630.3,21000200
2022-12-30,16738.20389318,21000100,16601.2,20991200,16601.2,21000200
2022-12-31,16688.5056,21000100,16537.6,20991200,16537.6,21000200
2023-01-01,16714.837130678752,21000100,16610.3,20991200,16610.3,21000200
2023-01-02,16649.91022695,21000100,16666.0,20991200,16666.0,21000200
2023-01-03,16780.24715906,21000100,16667.2,20991200,16667.2,21000200
2023-01-04,16917.958502609996,21000100,16842.1,20991200,16842.1,21000200
2023-01-05,16911.391782815834,21000100,16823.8,20991200,16823.8,21000200
2023-01-06,17051.183309276665,21000100,16943.8,20991200,16943.8,21000200
2023-01-07,17004.391865606252,21000100,16936.5,20991200,16936.5,21000200
2023-01-08,17245.069302241252,21000100,17124.7,20991200,17124.7,21000200
2023-01-09,17201.217488264585,21000100,17169.7,20991200,17169.7,21000200
2023-01-10,17509.543491059998,21000100,17428.8,20991200,17428.8,21000200
2023-01-11,17963.124507352917,21000100,17935.7,20991200,17935.7,21000200
2023-01-12,18995.852785525,21000100,18838.0,20991200,18838.0,21000200
2023-01-13,20088.797136900004,21000100,19924.2,20991200,19924.2,21000200
2023-01-14,21374.656917704997,21000100,20962.8,20991200,20962.8,21000200
2023-01-15,21175.125146707498,21000100,20882.7,20991200,20882.7,21000200
2023-01-16,21381.6432375,21000100,21188.3,20991200,21188.3,21000200
2023-01-17,21323.7194625,21000100,21130.9,20991200,21130.9,21000200
2023-01-18,20868.705,21000100,20680.0,20991200,20680.0,21000200
2023-01-19,21260.5482375,21000100,21068.3,20991200,21068.3,21000200
2023-01-20,22867.882537499998,21000100,22661.1,20991200,22661.1,21000200
2023-01-21,22989.784837500003,21000100,22781.9,20991200,22781.9,21000200
2023-01-22,22911.779475,21000100,22704.6,20991200,22704.6,21000200
2023-01-23,23122.1820375,21000100,22913.1,20991200,22913.1,21000200
2023-01-24,22833.875025,21000100,22627.4,20991200,22627.4,21000200
2023-01-25,23271.027975,21000100,23060.6,20991200,23060.6,21000200
2023-01-26,23211.792337500003,21000100,23001.9,20991200,23001.9,21000200
2023-01-27,23275.274918850002,21000100,23068.0,20991200,23068.0,21000200
2023-01-28,23225.920087500002,21000100,23015.9,20991200,23015.9,21000200
2023-01-29,23956.9302375,21000100,23740.3,20991200,23740.3,21000200
2023-01-30,23028.131587500004,21000100,22819.9,20991200,22819.9,21000200
2023-01-31,23330.364525,21000100,23119.4,20991200,23119.4,21000200
2023-02-01,23946.53625,21000100,23730.0,20991200,23730.0,21000200
2023-02-02,23707.4745375,21000100,23493.1,20991200,23493.1,21000200
2023-02-03,23638.4503875,21000100,23424.7,20991200,23424.7,21000200
2023-02-04,23535.418725,21000100,23322.6,20991200,23322.6,21000200
2023-02-05,23138.42895,21000100,22929.2,20991200,22929.2,21000200
2023-02-06,22965.364012500002,21000100,22757.7,20991200,22757.7,21000200
2023-02-07,23446.1111625,21000100,23234.1,20991200,23234.1,21000200
2023-02-08,23165.372587500002,21000100,22955.9,20991200,22955.9,21000200
2023-02-09,21992.264775000003,21000100,21793.4,20991200,21793.4,21000200
2023-02-10,21815.869725,21000100,21618.6,20991200,21618.6,21000200
2023-02-11,21974.23914673042,21000100,21851.3,20991200,21851.3,21000200
2023-02-12,21887.73404189125,21000100,21771.1,20991200,21771.1,21000200
2023-02-13,21887.9983043425,21000100,21766.2,20991200,21766.2,21000200
2023-02-14,22382.3487580725,21000100,22187.4,20991200,22187.4,21000200
2023-02-15,24436.79361260167,21000100,24332.6,20991200,24332.6,21000200
2023-02-16,23835.5319997825,21000100,23526.6,20991200,23526.6,21000200
2023-02-17,24805.806187500002,21000100,24581.5,20991200,24581.5,21000200
2023-02-18,24861.711712500004,21000100,24636.9,20991200,24636.9,21000200
2023-02-19,24487.326337500002,21000100,24265.9,20991200,24265.9,21000200
2023-02-20,25076.655337500004,21000100,24849.9,20991200,24849.9,21000200
2023-02-21,24666.446025,21000100,24443.4,20991200,24443.4,21000200
2023-02-22,24391.8631125,21000100,24171.3,20991200,24171.3,21000200
2023-02-23,24053.528969703333,21000100,23928.8,20991200,23928.8,21000200
2023-02-24,23283.925747915,21000100,23175.6,20991200,23175.6,21000200
2023-02-25,23158.4853278625,21000100,23146.2,20991200,23146.2,21000200
2023-02-26,23664.99341549875,21000100,23545.3,20991200,23545.3,21000200
2023-02-27,23595.454877666667,21000100,23480.0,20991200,23480.0,21000200
2023-02-28,23209.44309008,21000100,23129.6,20991200,23129.6,21000200
2023-03-01,23764.816222495832,21000100,23619.8,20991200,23619.8,21000200
2023-03-02,23640.5374541375,21000100,23457.1,20991200,23457.1,21000200
2023-03-03,22380.660153885,21000100,22342.8,20991200,22342.8,21000200
2023-03-04,22379.492676335834,21000100,22335.7,20991200,22335.7,21000200
2023-03-05,22461.160990036667,21000100,22419.4,20991200,22419.4,21000200
2023-03-06,22498.796272259995,21000100,22397.1,20991200,22397.1,21000200
2023-03-07,22242.29660514875,21000100,22187.1,20991200,22187.1,21000200
2023-03-08,21805.8213598275,21000100,21695.4,20991200,21695.4,21000200
2023-03-09,20533.9782375,21000100,20348.3,20991200,20348.3,21000200
2023-03-10,20078.941904706666,21000100,20140.3,20991200,20140.3,21000200
2023-03-11,20433.16333315958,21000100,20447.3,20991200,20447.3,21000200
2023-03-12,22022.285583623332,21000100,21986.2,20991200,21986.2,21000200
2023-03-13,24310.32574566042,21000100,24119.5,20991200,24119.5,21000200
2023-03-14,25094.31403996875,21000100,24682.5,20991200,24682.5,21000200
2023-03-15,24703.574662799998,21000100,24288.0,20991200,24288.0,21000200
2023-03-16,25218.437400000003,21000100,24990.4,20991200,24990.4,21000200
2023-03-17,27578.1643123,21000100,27384.0,20991200,27384.0,21000200
2023-03-18,27152.526375,21000100,26907.0,20991200,26907.0,21000200
2023-03-19,28210.7957625,21000100,27955.7,20991200,27955.7,21000200
2023-03-20,27949.15580851375,21000100,27704.1,20991200,27704.1,21000200
2023-03-21,28173.67285208,21000100,28091.1,20991200,28091.1,21000200
2023-03-22,27280.254508246664,21000100,27233.8,20991200,27233.8,21000200
2023-03-23,28362.887010455834,21000100,28284.1,20991200,28284.1,21000200
2023-03-24,27689.279962500004,21000100,27438.9,20991200,27438.9,21000200
2023-03-25,27450.697861376248,21000100,27447.3,20991200,27447.3,21000200
2023-03-26,27957.43752074625,21000100,27954.3,20991200,27954.3,21000200
2023-03-27,27152.55661486667,21000100,27112.0,20991200,27112.0,21000200
2023-03-28,27309.592342710836,21000100,27249.7,20991200,27249.7,21000200
2023-03-29,28538.242618402084,21000100,28338.5,20991200,28338.5,21000200
2023-03-30,28132.149858583332,21000100,28015.0,20991200,28015.0,21000200
2023-03-31,28573.006567809167,21000100,28454.9,20991200,28454.9,21000200
2023-04-01,28693.31375423333,21000100,28443.8,20991200,28443.8,21000200
2023-04-02,28297.685837243334,21000100,28161.2,20991200,28161.2,21000200
2023-04-03,27838.559114821244,21000100,27786.1,20991200,27786.1,21000200
2023-04-04,28081.191006653335,21000100,28155.2,20991200,28155.2,21000200
2023-04-05,28295.657554849997,21000100,28154.0,20991200,28154.0,21000200
2023-04-06,28040.401237441667,21000100,28022.8,20991200,28022.8,21000200
2023-04-07,27895.671284852502,21000100,27890.7,20991200,27890.7,21000200
2023-04-08,27958.246752042498,21000100,27924.9,20991200,27924.9,21000200
2023-04-09,28302.451103902502,21000100,28309.4,20991200,28309.4,21000200
2023-04-10,29858.874079217083,21000100,29623.1,20991200,29623.1,21000200
2023-04-11,30460.5390375,21000100,30185.1,20991200,30185.1,21000200
2023-04-12,30052.41418125,21000100,29875.0,20991200,29875.0,21000200
2023-04-13,30557.491395805002,21000100,30362.7,20991200,30362.7,21000200
2023-04-14,30576.360318017083,21000100,30453.1,20991200,30453.1,21000200
2023-04-15,30404.554686733336,21000100,30280.4,20991200,30280.4,21000200
2023-04-16,30536.655255579997,21000100,30286.6,20991200,30286.6,21000200
2023-04-17,29664.976417333335,21000100,29420.0,20991200,29420.0,21000200
2023-04-18,30466.89091130417,21000100,30365.8,20991200,30365.8,21000200
2023-04-19,28936.54992977083,21000100,28795.1,20991200,28795.1,21000200
2023-04-20,28385.703758714586,21000100,28229.9,20991200,28229.9,21000200
2023-04-21,27470.483776885416,21000100,27252.5,20991200,27252.5,21000200
2023-04-22,27967.462626120003,21000100,27807.2,20991200,27807.2,21000200
2023-04-23,27639.016790100002,21000100,27576.0,20991200,27576.0,21000200
2023-04-24,27589.527143552084,21000100,27497.5,20991200,27497.5,21000200
2023-04-25,28460.61004957625,21000100,28286.7,20991200,28286.7,21000200
2023-04-26,28534.36976676,21000100,28395.9,20991200,28395.9,21000200
2023-04-27,29562.511070266664,21000100,29459.0,20991200,29459.0,21000200
2023-04-28,29518.132151666665,21000100,29300.0,20991200,29300.0,21000200
2023-04-29,29342.553129330838,21000100,29212.7,20991200,29212.7,21000200
2023-04-30,29335.983789037502,21000100,29223.0,20991200,29223.0,21000200
2023-05-01,28025.651604280003,21000100,28054.4,20991200,28054.4,21000200
2023-05-02,28728.90673675625,21000100,28656.5,20991200,28656.5,21000200
2023-05-03,29192.315976720005,21000100,29018.4,20991200,29018.4,21000200
2023-05-04,29039.11277995,21000100,28826.0,20991200,28826.0,21000200
2023-05-05,29690.533709774998,21000100,29491.5,20991200,29491.5,21000200
2023-05-06,29100.944925,21000100,28837.8,20991200,28837.8,21000200
2023-05-07,28543.997991278335,21000100,28419.4,20991200,28419.4,21000200
2023-05-08,27702.10992831917,21000100,27659.8,20991200,27659.8,21000200
2023-05-09,27713.7402057225,21000100,27610.2,20991200,27610.2,21000200
2023-05-10,27686.33782878875,21000100,27582.9,20991200,27582.9,21000200
2023-05-11,27068.967343078337,21000100,26956.4,20991200,26956.4,21000200
2023-05-12,26869.49616714875,21000100,26785.1,20991200,26785.1,21000200
2023-05-13,26843.03683041625,21000100,26762.7,20991200,26762.7,21000200
2023-05-14,26969.74244442375,21000100,26901.9,20991200,26901.9,21000200
2023-05-15,27174.311716385415,21000100,27152.5,20991200,27152.5,21000200
2023-05-16,27169.678263750004,21000100,27024.8,20991200,27024.8,21000200
2023-05-17,27561.474502411667,21000100,27395.8,20991200,27395.8,21000200
2023-05-18,27040.414709099165,21000100,26809.3,20991200,26809.3,21000200
2023-05-19,26960.04374119375,21000100,26870.1,20991200,26870.1,21000200
2023-05-20,27146.510642860416,21000100,27089.5,20991200,27089.5,21000200
2023-05-21,26871.91715704,21000100,26732.8,20991200,26732.8,21000200
2023-05-22,26905.50298943917,21000100,26840.2,20991200,26840.2,21000200
2023-05-23,27458.190337500004,21000100,27209.9,20991200,27209.9,21000200
2023-05-24,26445.294115310833,21000100,26313.8,20991200,26313.8,21000200
2023-05-25,26669.619951449997,21000100,26461.8,20991200,26461.8,21000200
2023-05-26,26889.087613363336,21000100,26689.9,20991200,26689.9,21000200
2023-05-27,27029.967191040003,21000100,26841.6,20991200,26841.6,21000200
2023-05-28,28310.684229450002,21000100,28055.7,20991200,28055.7,21000200
2023-05-29,27974.96325,21000100,27722.0,20991200,27722.0,21000200
2023-05-30,27840.775137804998,21000100,27680.1,20991200,27680.1,21000200
2023-05-31,27325.808996507916,21000100,27201.1,20991200,27201.1,21000200
2023-06-01,26982.52782018875,21000100,26805.3,20991200,26805.3,21000200
2023-06-02,27426.413867795,21000100,27227.8,20991200,27227.8,21000200
2023-06-03,27244.0563624675,21000100,27054.9,20991200,27054.9,21000200
2023-06-04,27307.254619666666,21000100,27102.4,20991200,27102.4,21000200
2023-06-05,25928.963666255837,21000100,25714.7,20991200,25714.7,21000200
2023-06-06,27172.516271825,21000100,27221.5,20991200,27221.5,21000200
2023-06-07,26518.11910730625,21000100,26325.9,20991200,26325.9,21000200
2023-06-08,26587.447492389587,21000100,26485.9,20991200,26485.9,21000200
2023-06-09,26620.322895584995,21000100,26468.1,20991200,26468.1,21000200
2023-06-10,25944.2217615475,21000100,25826.6,20991200,25826.6,21000200
2023-06-11,26016.859953685005,21000100,25909.9,20991200,25909.9,21000200
2023-06-12,26015.693865915,21000100,25894.8,20991200,25894.8,21000200
2023-06-13,26096.818973175,21000100,25918.0,20991200,25918.0,21000200
2023-06-14,25183.241483627084,21000100,25115.9,20991200,25115.9,21000200
2023-06-15,25660.92814858125,21000100,25586.1,20991200,25586.1,21000200
2023-06-16,26375.956540266667,21000100,26336.0,20991200,26336.0,21000200
2023-06-17,26729.918285111253,21000100,26508.9,20991200,26508.9,21000200
2023-06-18,26479.01265690167,21000100,26329.7,20991200,26329.7,21000200
2023-06-19,26968.262064681254,21000100,26828.5,20991200,26828.5,21000200
2023-06-20,28301.829600037498,21000100,28290.6,20991200,28290.6,21000200
2023-06-21,30160.403828262504,21000100,29988.5,20991200,29988.5,21000200
2023-06-22,30140.66692291667,21000100,29875.0,20991200,29875.0,21000200
2023-06-23,30953.294775000002,21000100,30673.4,20991200,30673.4,21000200
2023-06-24,30802.733325,21000100,30524.2,20991200,30524.2,21000200
2023-06-25,30735.92925,21000100,30458.0,20991200,30458.0,21000200
2023-06-26,30536.2234125,21000100,30260.1,20991200,30260.1,21000200
2023-06-27,30963.184200000003,21000100,30683.2,20991200,30683.2,21000200
2023-06-28,30284.869473375,21000100,30066.3,20991200,30066.3,21000200
2023-06-29,30679.462266665836,21000100,30439.9,20991200,30439.9,21000200
2023-06-30,30738.149325000002,21000100,30460.2,20991200,30460.2,21000200
2023-07-01,30852.5841,21000100,30573.6,20991200,30573.6,21000200
2023-07-02,30892.040887500003,21000100,30612.7,20991200,30612.7,21000200
2023-07-03,31433.234625,21000100,31149.0,20991200,31149.0,21000200
2023-07-04,31036.7494125,21000100,30756.1,20991200,30756.1,21000200
2023-07-05,30766.60665,21000100,30488.4,20991200,30488.4,21000200
2023-07-06,30048.975537560003,21000100,29874.4,20991200,29874.4,21000200
2023-07-07,30367.20660116125,21000100,30327.9,20991200,30327.9,21000200
2023-07-08,30343.636608160832,21000100,30269.3,20991200,30269.3,21000200
2023-07-09,30319.1039449225,21000100,30147.8,20991200,30147.8,21000200
2023-07-10,30449.25853359625,21000100,30396.9,20991200,30396.9,21000200
2023-07-11,30796.733102595,21000100,30608.4,20991200,30608.4,21000200
2023-07-12,30536.740052704165,21000100,30368.9,20991200,30368.9,21000200
2023-07-13,31494.4332331975,21000100,31441.7,20991200,31441.7,21000200
2023-07-14,30569.7263625,21000100,30293.3,20991200,30293.3,21000200
2023-07-15,30264.225607256667,21000100,30276.4,20991200,30276.4,21000200
2023-07-16,30348.67165494667,21000100,30216.8,20991200,30216.8,21000200
2023-07-17,30266.519258405,21000100,30126.1,20991200,30126.1,21000200
2023-07-18,30011.346793459998,21000100,29845.6,20991200,29845.6,21000200
2023-07-19,30103.8619189625,21000100,29895.5,20991200,29895.5,21000200
2023-07-20,29952.800879200004,21000100,29791.0,20991200,29791.0,21000200
2023-07-21,29958.416892442503,21000100,29891.4,20991200,29891.4,21000200
2023-07-22,29813.540134491668,21000100,29783.5,20991200,29783.5,21000200
2023-07-23,30274.5847998,21000100,30070.8,20991200,30070.8,21000200
2023-07-24,29379.694021671665,21000100,29163.8,20991200,29163.8,21000200
2023-07-25,29430.289919966664,21000100,29216.3,20991200,29216.3,21000200
2023-07-26,29561.02997763333,21000100,29336.0,20991200,29336.0,21000200
2023-07-27,29297.142401334168,21000100,29209.7,20991200,29209.7,21000200
2023-07-28,29487.480889790004,21000100,29299.9,20991200,29299.9,21000200
2023-07-29,29536.293103196247,21000100,29339.1,20991200,29339.1,21000200
2023-07-30,29431.96469641833,21000100,29271.1,20991200,29271.1,21000200
2023-07-31,29380.517240200003,21000100,29220.8,20991200,29220.8,21000200
2023-08-01,29909.59896482,21000100,29701.2,20991200,29701.2,21000200
2023-08-02,29436.2771625,21000100,29170.1,20991200,29170.1,21000200
2023-08-03,29446.469325000002,21000100,29180.2,20991200,29180.2,21000200
2023-08-04,29349.971152144997,21000100,29101.1,20991200,29101.1,21000200
2023-08-05,29271.42095745875,21000100,29057.7,20991200,29057.7,21000200
2023-08-06,29341.217587500003,21000100,29075.9,20991200,29075.9,21000200
2023-08-07,29448.469558166253,21000100,29202.7,20991200,29202.7,21000200
2023-08-08,29986.0165315,21000100,29759.0,20991200,29759.0,21000200
2023-08-09,29811.29502084,21000100,29572.8,20991200,29572.8,21000200
2023-08-10,29696.942932740418,21000100,29443.7,20991200,29443.7,21000200
2023-08-11,29658.17530114375,21000100,29415.5,20991200,29415.5,21000200
2023-08-12,29682.94447410625,21000100,29420.7,20991200,29420.7,21000200
2023-08-13,29512.816788930417,21000100,29293.3,20991200,29293.3,21000200
2023-08-14,29687.952937500002,21000100,29419.5,20991200,29419.5,21000200
2023-08-15,29455.147800000002,21000100,29188.8,20991200,29188.8,21000200
2023-08-16,28976.418900000004,21000100,28714.4,20991200,28714.4,21000200
2023-08-17,26852.5135125,21000100,26609.7,20991200,26609.7,21000200
2023-08-18,26161.8676179,21000100,26042.1,20991200,26042.1,21000200
2023-08-19,26041.6252050675,21000100,26088.3,20991200,26088.3,21000200
2023-08-20,26115.183036757502,21000100,26175.9,20991200,26175.9,21000200
2023-08-21,26086.803637,21000100,26115.4,20991200,26115.4,21000200
2023-08-22,26050.83253272667,21000100,26044.4,20991200,26044.4,21000200
2023-08-23,26443.03430144,21000100,26419.2,20991200,26419.2,21000200
2023-08-24,26201.08130178,21000100,26164.6,20991200,26164.6,21000200
2023-08-25,26110.02899645875,21000100,26051.7,20991200,26051.7,21000200
2023-08-26,26093.283464062497,21000100,26004.3,20991200,26004.3,21000200
2023-08-27,26129.81109143625,21000100,26087.7,20991200,26087.7,21000200
2023-08-28,26174.417038743748,21000100,26106.5,20991200,26106.5,21000200
2023-08-29,27646.674240044584,21000100,27700.1,20991200,27700.1,21000200
2023-08-30,27411.11897069,21000100,27290.4,20991200,27290.4,21000200
2023-08-31,26068.954222966666,21000100,25928.0,20991200,25928.0,21000200
2023-09-01,25911.762423474996,21000100,25795.6,20991200,25795.6,21000200
2023-09-02,25894.4696112825,21000100,25855.8,20991200,25855.8,21000200
2023-09-03,26024.99015833833,21000100,25962.1,20991200,25962.1,21000200
2023-09-04,25838.34045083333,21000100,25814.0,20991200,25814.0,21000200
2023-09-05,25821.9961092975,21000100,25779.7,20991200,25779.7,21000200
2023-09-06,25756.085134424167,21000100,25747.4,20991200,25747.4,21000200
2023-09-07,26357.52589246125,21000100,26240.7,20991200,26240.7,21000200
2023-09-08,25878.498277826668,21000100,25899.8,20991200,25899.8,21000200
2023-09-09,25861.010704342498,21000100,25892.6,20991200,25892.6,21000200
2023-09-10,25874.201286483334,21000100,25828.4,20991200,25828.4,21000200
2023-09-11,25176.111358713333,21000100,25150.4,20991200,25150.4,21000200
2023-09-12,25862.3509319175,21000100,25825.8,20991200,25825.8,21000200
2023-09-13,26263.321564219586,21000100,26209.9,20991200,26209.9,21000200
2023-09-14,26503.373410907916,21000100,26510.3,20991200,26510.3,21000200
2023-09-15,26624.73851707375,21000100,26591.1,20991200,26591.1,21000200
2023-09-16,26475.3421673775,21000100,26546.9,20991200,26546.9,21000200
2023-09-17,26535.87800992,21000100,26514.2,20991200,26514.2,21000200
2023-09-18,26695.361523674586,21000100,26749.9,20991200,26749.9,21000200
2023-09-19,27185.577133000003,21000100,27196.0,20991200,27196.0,21000200
2023-09-20,27046.8334999075,21000100,27107.7,20991200,27107.7,21000200
2023-09-21,26647.1182944975,21000100,26552.6,20991200,26552.6,21000200
2023-09-22,26591.814829845003,21000100,26566.7,20991200,26566.7,21000200
2023-09-23,26631.299984492918,21000100,26563.1,20991200,26563.1,21000200
2023-09-24,26281.99759868,21000100,26232.4,20991200,26232.4,21000200
2023-09-25,26387.236004293747,21000100,26290.5,20991200,26290.5,21000200
2023-09-26,26212.79389351,21000100,26208.8,20991200,26208.8,21000200
2023-09-27,26483.04068882,21000100,26359.6,20991200,26359.6,21000200
2023-09-28,26965.469473189165,21000100,27011.8,20991200,27011.8,21000200
2023-09-29,26841.94679723125,21000100,26890.9,20991200,26890.9,21000200
2023-09-30,26983.95258376,21000100,26950.9,20991200,26950.9,21000200
2023-10-01,27959.382019285837,21000100,27981.4,20991200,27981.4,21000200
2023-10-02,27520.074187140002,21000100,27477.6,20991200,27477.6,21000200
2023-10-03,27481.52905318333,21000100,27412.0,20991200,27412.0,21000200
2023-10-04,27838.950361081665,21000100,27759.8,20991200,27759.8,21000200
2023-10-05,27311.92140264,21000100,27398.4,20991200,27398.4,21000200
2023-10-06,27892.363284882915,21000100,27916.3,20991200,27916.3,21000200
2023-10-07,28002.9712666,21000100,27943.0,20991200,27943.0,21000200
2023-10-08,27955.947153365,21000100,27901.2,20991200,27901.2,21000200
2023-10-09,27707.01999160625,21000100,27578.3,20991200,27578.3,21000200
2023-10-10,27487.729182631665,21000100,27381.2,20991200,27381.2,21000200
2023-10-11,27032.558827164583,21000100,26864.5,20991200,26864.5,21000200
2023-10-12,26906.4079545,21000100,26744.0,20991200,26744.0,21000200
2023-10-13,26904.18281553583,21000100,26849.8,20991200,26849.8,21000200
2023-10-14,26875.25244217833,21000100,26836.3,20991200,26836.3,21000200
2023-10-15,27181.1328976575,21000100,27139.8,20991200,27139.8,21000200
2023-10-16,28574.531447840418,21000100,28486.3,20991200,28486.3,21000200
2023-10-17,28376.599443659168,21000100,28381.9,20991200,28381.9,21000200
2023-10-18,28282.00162773125,21000100,28307.1,20991200,28307.1,21000200
2023-10-19,28586.412869605836,21000100,28696.9,20991200,28696.9,21000200
2023-10-20,29611.0865964875,21000100,29653.0,20991200,29653.0,21000200
2023-10-21,29973.74687478,21000100,29895.4,20991200,29895.4,21000200
2023-10-22,30056.83513966458,21000100,29981.5,20991200,29981.5,21000200
2023-10-23,33259.989434066665,21000100,33074.0,20991200,33074.0,21000200
2023-10-24,34226.492625,21000100,33917.0,20991200,33917.0,21000200
2023-10-25,34802.4002625,21000100,34487.7,20991200,34487.7,21000200
2023-10-26,34465.65525,21000100,34154.0,20991200,34154.0,21000200
2023-10-27,34202.3745375,21000100,33893.1,20991200,33893.1,21000200
2023-10-28,34397.640225,21000100,34086.6,20991200,34086.6,21000200
2023-10-29,34843.673475,21000100,34528.6,20991200,34528.6,21000200
2023-10-30,34798.464675,21000100,34483.8,20991200,34483.8,21000200
2023-10-31,34967.594025000006,21000100,34651.4,20991200,34651.4,21000200
2023-11-01,35760.766275,21000100,35437.4,20991200,35437.4,21000200
2023-11-02,35258.9284125,21000100,34940.1,20991200,34940.1,21000200
2023-11-03,35017.041150000005,21000100,34700.4,20991200,34700.4,21000200
2023-11-04,35389.711012499996,21000100,35069.7,20991200,35069.7,21000200
2023-11-05,35345.1076875,21000100,35025.5,20991200,35025.5,21000200
2023-11-06,35377.298775,21000100,35057.4,20991200,35057.4,21000200
2023-11-07,35729.5843125,21000100,35406.5,20991200,35406.5,21000200
2023-11-08,35951.7936375,21000100,35626.7,20991200,35626.7,21000200
2023-11-09,37166.55547556042,21000100,36719.5,20991200,36719.5,21000200
2023-11-10,37690.13844372667,21000100,37330.4,20991200,37330.4,21000200
2023-11-11,37628.42474079791,21000100,37162.1,20991200,37162.1,21000200
2023-11-12,37711.23111181869,21000100,37085.5,20991200,37085.5,21000200
2023-11-13,37135.530116471076,21000100,36486.2,20991200,36486.2,21000200
2023-11-14,36080.62741664999,21000100,35559.0,20991200,35559.0,21000200
2023-11-15,38231.3061,21000100,37885.6,20991200,37885.6,21000200
2023-11-16,36585.47448593334,21000100,36176.0,20991200,36176.0,21000200
2023-11-17,36956.074837500004,21000100,36621.9,20991200,36621.9,21000200
2023-11-18,36914.7007125,21000100,36580.9,20991200,36580.9,21000200
2023-11-19,37716.955087500006,21000100,37375.9,20991200,37375.9,21000200
2023-11-20,37804.3453125,21000100,37462.5,20991200,37462.5,21000200
2023-11-21,36063.100125000004,21000100,35737.0,20991200,35737.0,21000200
2023-11-22,37754.797275000004,21000100,37413.4,20991200,37413.4,21000200
2023-11-23,37634.6104875,21000100,37294.3,20991200,37294.3,21000200
2023-11-24,38050.3699875,21000100,37706.3,20991200,37706.3,21000200
2023-11-25,38111.220225,21000100,37766.6,20991200,37766.6,21000200
2023-11-26,37779.5208375,21000100,37437.9,20991200,37437.9,21000200
2023-11-27,37574.0629875,21000100,37234.3,20991200,37234.3,21000200
2023-11-28,38157.1354125,21000100,37812.1,20991200,37812.1,21000200
2023-11-29,38182.3635375,21000100,37837.1,20991200,37837.1,21000200
2023-11-30,38060.965800000005,21000100,37716.8,20991200,37716.8,21000200
2023-12-01,39012.7725,21000100,38660.0,20991200,38660.0,21000200
2023-12-02,39740.4359055,21000100,39435.0,20991200,39435.0,21000200
2023-12-03,40344.5147625,21000100,39979.7,20991200,39979.7,21000200
2023-12-04,42376.2870375,21000100,41993.1,20991200,41993.1,21000200
2023-12-05,44483.9455125,21000100,44081.7,20991200,44081.7,21000200
2023-12-06,44174.245050000005,21000100,43774.8,20991200,43774.8,21000200
2023-12-07,43691.076,21000100,43296.0,20991200,43296.0,21000200
2023-12-08,44929.3209210625,21000100,44209.5,20991200,44209.5,21000200
2023-12-09,44517.21959389376,21000100,43734.3,20991200,43734.3,21000200
2023-12-10,44676.55997458333,21000100,43810.0,20991200,43810.0,21000200
2023-12-11,41706.974806625,21000100,41271.0,20991200,41271.0,21000200
2023-12-12,41893.824375000004,21000100,41515.0,20991200,41515.0,21000200
2023-12-13,43327.16260833333,21000100,42875.0,20991200,42875.0,21000200
2023-12-14,43425.07065,21000100,43032.4,20991200,43032.4,21000200
2023-12-15,42350.958,21000100,41968.0,20991200,41968.0,21000200
2023-12-16,42673.272525,21000100,42287.4,20991200,42287.4,21000200
2023-12-17,41774.243062500005,21000100,41396.5,20991200,41396.5,21000200
2023-12-18,43177.4517447525,21000100,42671.7,20991200,42671.7,21000200
2023-12-19,42684.271987500004,21000100,42298.3,20991200,42298.3,21000200
2023-12-20,44295.771933362914,21000100,43708.9,20991200,43708.9,21000200
2023-12-21,44931.856304805166,21000100,43896.3,20991200,43896.3,21000200
2023-12-22,45048.79559942999,21000100,43999.2,20991200,43999.2,21000200
2023-12-23,44275.15789333166,21000100,43725.2,20991200,43725.2,21000200
2023-12-24,43669.275496878334,21000100,43008.4,20991200,43008.4,21000200
2023-12-25,44380.066196165004,21000100,43611.9,20991200,43611.9,21000200
2023-12-26,43673.02546107311,21000100,42538.5,20991200,42538.5,21000200
2023-12-27,44667.82604899188,21000100,43453.8,20991200,43453.8,21000200
2023-12-28,43844.7727769124,21000100,42600.1,20991200,42600.1,21000200
2023-12-29,43473.56194468908,21000100,42095.1,20991200,42095.1,21000200
2023-12-30,43617.80189938535,21000100,42174.2,20991200,42174.2,21000200
2023-12-31,43549.89056270834,21000100,42314.0,20991200,42314.0,21000200
2024-01-01,45551.628642607495,21000100,44230.2,20991200,44230.2,21000200
2024-01-02,46729.90015589714,21000100,44979.8,20991200,44979.8,21000200
2024-01-03,43478.7781158625,21000100,42849.5,20991200,42849.5,21000200
2024-01-04,44546.612175,21000100,44143.8,20991200,44143.8,21000200
2024-01-05,44548.226775,21000100,44145.4,20991200,44145.4,21000200
2024-01-06,44357.8048875,21000100,43956.7,20991200,43956.7,21000200
2024-01-07,44317.6417125,21000100,43916.9,20991200,43916.9,21000200
2024-01-08,47401.3258875,21000100,46972.7,20991200,46972.7,21000200
2024-01-09,46534.790250000005,21000100,46114.0,20991200,46114.0,21000200
2024-01-10,47088.698962500006,21000100,46662.9,20991200,46662.9,21000200
2024-01-11,46760.632425,21000100,46337.8,20991200,46337.8,21000200
2024-01-12,43179.3487125,21000100,42788.9,20991200,42788.9,21000200
2024-01-13,43237.373400000004,21000100,42846.4,20991200,42846.4,21000200
2024-01-14,42115.730962500005,21000100,41734.9,20991200,41734.9,21000200
2024-01-15,42902.949375000004,21000100,42515.0,20991200,42515.0,21000200
2024-01-16,43526.588625000004,21000100,43133.0,20991200,43133.0,21000200
2024-01-17,43173.798525000006,21000100,42783.4,20991200,42783.4,21000200
2024-01-18,41700.1732875,21000100,41323.1,20991200,41323.1,21000200
2024-01-19,42042.367575,21000100,41662.2,20991200,41662.2,21000200
2024-01-20,42072.237675000004,21000100,41691.8,20991200,41691.8,21000200
2024-01-21,41959.4175,21000100,41580.0,20991200,41580.0,21000200
2024-01-22,39928.048875,21000100,39567.0,20991200,39567.0,21000200
2024-01-23,40253.996250000004,21000100,39890.0,20991200,39890.0,21000200
2024-01-24,40444.4181375,21000100,40078.7,20991200,40078.7,21000200
2024-01-25,40317.873862500004,21000100,39953.3,20991200,39953.3,21000200
2024-01-26,42187.883400000006,21000100,41806.4,20991200,41806.4,21000200
2024-01-27,42451.37073633166,21000100,42102.2,20991200,42102.2,21000200
2024-01-28,42337.22131004166,21000100,42021.2,20991200,42021.2,21000200
2024-01-29,43671.403254992496,21000100,43287.7,20991200,43287.7,21000200
2024-01-30,43239.97140671626,21000100,42918.3,20991200,42918.3,21000200
2024-01-31,42847.29428392083,21000100,42560.5,20991200,42560.5,21000200
2024-02-01,43465.637475,21000100,43072.6,20991200,43072.6,21000200
2024-02-02,43576.03575,21000100,43182.0,20991200,43182.0,21000200
2024-02-03,43315.35908793501,21000100,42992.4,20991200,42992.4,21000200
2024-02-04,42921.88970408625,21000100,42570.3,20991200,42570.3,21000200
2024-02-05,43082.472712500006,21000100,42692.9,20991200,42692.9,21000200
2024-02-06,43429.25751507875,21000100,43079.1,20991200,43079.1,21000200
2024-02-07,44612.111008315,21000100,44326.2,20991200,44326.2,21000200
2024-02-08,45532.438842656244,21000100,45269.1,20991200,45269.1,21000200
2024-02-09,47445.15746818041,21000100,47116.1,20991200,47116.1,21000200
2024-02-10,48139.717908632505,21000100,47732.6,20991200,47732.6,21000200
2024-02-11,48744.168525,21000100,48303.4,20991200,48303.4,21000200
2024-02-12,50399.33535,21000100,49943.6,20991200,49943.6,21000200
2024-02-13,50149.87965,21000100,49696.4,20991200,49696.4,21000200
2024-02-14,52332.073377869994,21000100,51823.2,20991200,51823.2,21000200
2024-02-15,52372.073812500006,21000100,51898.5,20991200,51898.5,21000200
2024-02-16,52624.455975000004,21000100,52148.6,20991200,52148.6,21000200
2024-02-17,52245.93391518417,21000100,51679.4,20991200,51679.4,21000200
2024-02-18,52963.69521811666,21000100,52175.9,20991200,52175.9,21000200
2024-02-19,52696.12532620417,21000100,51813.8,20991200,51813.8,21000200
2024-02-20,52959.64546269334,21000100,52297.4,20991200,52297.4,21000200
2024-02-21,52370.78306089501,21000100,51877.8,20991200,51877.8,21000200
2024-02-22,51879.397583945414,21000100,51316.9,20991200,51316.9,21000200
2024-02-23,51281.38395817375,21000100,50771.9,20991200,50771.9,21000200
2024-02-24,52072.9691625,21000100,51602.1,20991200,51602.1,21000200
2024-02-25,52418.512960843334,21000100,51764.9,20991200,51764.9,21000200
2024-02-26,55764.348114475,21000100,54511.6,20991200,54511.6,21000200
2024-02-27,59275.83517844233,21000100,57074.5,20991200,57074.5,21000200
2024-02-28,64463.63122645125,21000100,62487.9,20991200,62487.9,21000200
2024-02-29,63904.6183755725,21000100,61203.3,20991200,61203.3,21000200
2024-03-01,65341.118996557096,21000100,62430.6,20991200,62430.6,21000200
2024-03-02,64813.78354687167,21000100,62039.9,20991200,62039.9,21000200
2024-03-03,65750.74471061249,21000100,63178.5,20991200,63178.5,21000200
2024-03-04,71734.91088288666,21000100,68296.4,20991200,68296.4,21000200
2024-03-05,67309.75978716828,21000100,63747.4,20991200,63747.4,21000200
2024-03-06,68531.9198077625,21000100,66128.1,20991200,66128.1,21000200
2024-03-07,69422.867013,21000100,66870.0,20991200,66870.0,21000200
2024-03-08,71109.02736251417,21000100,68180.2,20991200,68180.2,21000200
2024-03-09,69957.4493790025,21000100,68360.1,20991200,68360.1,21000200
2024-03-10,72127.75979465,21000100,69001.8,20991200,69001.8,21000200
2024-03-11,76111.08989240084,21000100,72153.8,20991200,72153.8,21000200
2024-03-12,74498.13089745,21000100,71503.2,20991200,71503.2,21000200
2024-03-13,76309.36907867002,21000100,73127.6,20991200,73127.6,21000200
2024-03-14,73659.453196275,21000100,71455.5,20991200,71455.5,21000200
2024-03-15,70993.92350033083,21000100,69552.2,20991200,69552.2,21000200
2024-03-16,66424.6883389375,21000100,65351.0,20991200,65351.0,21000200
2024-03-17,69607.32101052626,21000100,68447.9,20991200,68447.9,21000200
2024-03-18,69264.67784224999,21000100,67660.0,20991200,67660.0,21000200
2024-03-19,63482.24953606583,21000100,61974.1,20991200,61974.1,21000200
2024-03-20,68789.66423517499,21000100,67876.4,20991200,67876.4,21000200
2024-03-21,66521.04349939959,21000100,65539.9,20991200,65539.9,21000200
2024-03-22,64568.847411133334,21000100,63826.0,20991200,63826.0,21000200
2024-03-23,64620.18034754751,21000100,64020.3,20991200,64020.3,21000200
2024-03-24,68096.65115371124,21000100,67260.9,20991200,67260.9,21000200
2024-03-25,71423.85600913333,21000100,69920.5,20991200,69920.5,21000200
2024-03-26,71473.13826894792,21000100,70044.1,20991200,70044.1,21000200
2024-03-27,71688.55879555084,21000100,69532.6,20991200,69532.6,21000200
2024-03-28,72638.372521885,21000100,70838.7,20991200,70838.7,21000200
2024-03-29,71474.37699922,21000100,69903.6,20991200,69903.6,21000200
2024-03-30,71469.13814999291,21000100,69642.1,20991200,69642.1,21000200
2024-03-31,73805.84261232916,21000100,71363.0,20991200,71363.0,21000200
2024-04-01,72479.81983375,21000100,69700.0,20991200,69700.0,21000200
2024-04-02,66250.11873373251,21000100,65505.3,20991200,65505.3,21000200
2024-04-03,66573.8935875,21000100,65971.9,20991200,65971.9,21000200
2024-04-04,69114.8703375,21000100,68489.9,20991200,68489.9,21000200
2024-04-05,68444.6095125,21000100,67825.7,20991200,67825.7,21000200
2024-04-06,69530.32710000001,21000100,68901.6,20991200,68901.6,21000200
2024-04-07,69995.6346375,21000100,69362.7,20991200,69362.7,21000200
2024-04-08,72881.64051201999,21000100,71678.4,20991200,71678.4,21000200
2024-04-09,70464.18982559626,21000100,69189.3,20991200,69189.3,21000200
2024-04-10,71420.96520142749,21000100,70681.7,20991200,70681.7,21000200
2024-04-11,71204.12746858124,21000100,70055.7,20991200,70055.7,21000200
2024-04-12,68139.09500181,21000100,67136.4,20991200,67136.4,21000200
2024-04-13,64523.1497625,21000100,63939.7,20991200,63939.7,21000200
2024-04-14,66214.6450875,21000100,65615.9,20991200,65615.9,21000200
2024-04-15,63812.25586845375,21000100,63392.7,20991200,63392.7,21000200
2024-04-16,64133.334005812496,21000100,63765.0,20991200,63765.0,21000200
2024-04-17,61561.604285064575,21000100,61254.5,20991200,61254.5,21000200
2024-04-18,63629.9699321875,21000100,63445.0,20991200,63445.0,21000200
2024-04-19,63969.798209834174,21000100,63787.4,20991200,63787.4,21000200
2024-04-20,65162.460274469995,21000100,64897.2,20991200,64897.2,21000200
2024-04-21,65097.48514919666,21000100,64912.6,20991200,64912.6,21000200
2024-04-22,66936.51205156666,21000100,66778.0,20991200,66778.0,21000200
2024-04-23,66445.28229128293,21000100,66386.3,20991200,66386.3,21000200
2024-04-24,64518.946752083335,21000100,64250.0,20991200,64250.0,21000200
2024-04-25,64718.63883708167,21000100,64478.8,20991200,64478.8,21000200
2024-04-26,63903.06890856,21000100,63748.8,20991200,63748.8,21000200
2024-04-27,63812.6754118,21000100,63421.0,20991200,63421.0,21000200
2024-04-28,63121.056233963754,21000100,63088.3,20991200,63088.3,21000200
2024-04-29,64130.65162812,21000100,63842.4,20991200,63842.4,21000200
2024-04-30,61184.23863089333,21000100,60651.2,20991200,60651.2,21000200
2024-05-01,58819.22586696,21000100,58307.6,20991200,58307.6,21000200
2024-05-02,59264.39471245,21000100,59036.7,20991200,59036.7,21000200
2024-05-03,62906.80980515749,21000100,62853.7,20991200,62853.7,21000200
2024-05-04,64183.22270096583,21000100,63864.2,20991200,63864.2,21000200
2024-05-05,64210.77368876666,21000100,63988.0,20991200,63988.0,21000200
2024-05-06,63283.329826395,21000100,63142.8,20991200,63142.8,21000200
2024-05-07,62611.92611743334,21000100,62296.0,20991200,62296.0,21000200
2024-05-08,61525.03291229667,21000100,61157.9,20991200,61157.9,21000200
2024-05-09,63361.08621157,21000100,63050.1,20991200,63050.1,21000200
2024-05-10,61048.24573915375,21000100,60778.1,20991200,60778.1,21000200
2024-05-11,61136.932957001656,21000100,60809.2,20991200,60809.2,21000200
2024-05-12,61744.304765231675,21000100,61455.8,20991200,61455.8,21000200
2024-05-13,63440.62979477499,21000100,62912.1,20991200,62912.1,21000200
2024-05-14,62004.64882548751,21000100,61550.5,20991200,61550.5,21000200
2024-05-15,66416.69866978998,21000100,66175.4,20991200,66175.4,21000200
2024-05-16,65431.82112219749,21000100,65217.7,20991200,65217.7,21000200
2024-05-17,67085.20660233333,21000100,66980.0,20991200,66980.0,21000200
2024-05-18,67044.56094478999,21000100,66884.9,20991200,66884.9,21000200
2024-05-19,66507.93011164,21000100,66239.4,20991200,66239.4,21000200
2024-05-20,71697.7459407125,21000100,71466.5,20991200,71466.5,21000200
2024-05-21,70820.12463617,21000100,70168.8,20991200,70168.8,21000200
2024-05-22,69971.97509655709,21000100,69219.1,20991200,69219.1,21000200
2024-05-23,68620.3990875,21000100,67999.9,20991200,67999.9,21000200
2024-05-24,69209.92991250001,21000100,68584.1,20991200,68584.1,21000200
2024-05-25,69946.8939,21000100,69314.4,20991200,69314.4,21000200
2024-05-26,69149.5842375,21000100,68524.3,20991200,68524.3,21000200
2024-05-27,70095.43710000001,21000100,69461.6,20991200,69461.6,21000200
2024-05-28,69065.0195625,21000100,68440.5,20991200,68440.5,21000200
2024-05-29,68357.00533849082,21000100,67686.7,20991200,67686.7,21000200
2024-05-30,69026.67281250001,21000100,68402.5,20991200,68402.5,21000200
2024-05-31,68335.69914195375,21000100,67577.9,20991200,67577.9,21000200
2024-06-01,68423.02326416665,21000100,67799.2,20991200,67799.2,21000200
2024-06-02,68424.6288375,21000100,67805.9,20991200,67805.9,21000200
2024-06-03,69566.26543894583,21000100,68851.4,20991200,68851.4,21000200
2024-06-04,71267.15041133334,21000100,70580.0,20991200,70580.0,21000200
2024-06-05,71990.38187142376,21000100,71133.3,20991200,71133.3,21000200
2024-06-06,71523.893178,21000100,70830.0,20991200,70830.0,21000200
2024-06-07,70013.56808535833,21000100,69377.0,20991200,69377.0,21000200
2024-06-08,69979.28681250001,21000100,69346.5,20991200,69346.5,21000200
2024-06-09,70302.81228750001,21000100,69667.1,20991200,69667.1,21000200
2024-06-10,70193.4231375,21000100,69558.7,20991200,69558.7,21000200
2024-06-11,67935.0013875,21000100,67320.7,20991200,67320.7,21000200
2024-06-12,68893.2664875,21000100,68270.3,20991200,68270.3,21000200
2024-06-13,67396.3304625,21000100,66786.9,20991200,66786.9,21000200
2024-06-14,66642.3122625,21000100,66039.7,20991200,66039.7,21000200
2024-06-15,66817.9000125,21000100,66213.7,20991200,66213.7,21000200
2024-06-16,67261.8141,21000100,66653.6,20991200,66653.6,21000200
2024-06-17,67078.65791250001,21000100,66472.1,20991200,66472.1,21000200
2024-06-18,65709.5375175,21000100,65150.0,20991200,65150.0,21000200
2024-06-19,65271.21738318,21000100,64933.6,20991200,64933.6,21000200
2024-06-20,65184.73324155,21000100,64854.0,20991200,64854.0,21000200
2024-06-21,64527.19461226666,21000100,64124.0,20991200,64124.0,21000200
2024-06-22,64711.804791333336,21000100,64240.0,20991200,64240.0,21000200
2024-06-23,63521.34352512126,21000100,63194.9,20991200,63194.9,21000200
2024-06-24,60769.000270840006,21000100,60273.6,20991200,60273.6,21000200
2024-06-25,62175.18672813001,21000100,61777.8,20991200,61777.8,21000200
2024-06-26,61415.4484125,21000100,60860.1,20991200,60860.1,21000200
2024-06-27,62244.84825,21000100,61682.0,20991200,61682.0,21000200
2024-06-28,60981.221925000005,21000100,60429.8,20991200,60429.8,21000200
2024-06-29,61538.864400000006,21000100,60982.4,20991200,60982.4,21000200
2024-06-30,63338.73975,21000100,62766.0,20991200,62766.0,21000200
2024-07-01,63457.41285,21000100,62883.6,20991200,62883.6,21000200
2024-07-02,62690.47785,21000100,62123.6,20991200,62123.6,21000200
2024-07-03,60757.398,21000100,60208.0,20991200,60208.0,21000200
2024-07-04,57566.4438375,21000100,57045.9,20991200,57045.9,21000200
2024-07-05,56979.5833994475,21000100,56604.9,20991200,56604.9,21000200
2024-07-06,58508.012183700004,21000100,58216.0,20991200,58216.0,21000200
2024-07-07,56309.178196395005,21000100,55830.9,20991200,55830.9,21000200
2024-07-08,57136.88469506,21000100,56686.4,20991200,56686.4,21000200
2024-07-09,58391.37001745667,21000100,58023.2,20991200,58023.2,21000200
2024-07-10,58140.72340754166,21000100,57707.0,20991200,57707.0,21000200
2024-07-11,57838.503937500005,21000100,57315.5,20991200,57315.5,21000200
2024-07-12,58106.590162124994,21000100,57870.0,20991200,57870.0,21000200
2024-07-13,59627.28072986666,21000100,59174.0,20991200,59174.0,21000200
2024-07-14,61150.24291375833,21000100,60766.0,20991200,60766.0,21000200
2024-07-15,64823.785061235,21000100,64680.6,20991200,64680.6,21000200
2024-07-16,65137.917197375,21000100,65010.0,20991200,65010.0,21000200
2024-07-17,64065.42232076625,21000100,64055.7,20991200,64055.7,21000200
2024-07-18,64064.21486590584,21000100,63959.9,20991200,63959.9,21000200
2024-07-19,66901.2881545125,21000100,66627.9,20991200,66627.9,21000200
2024-07-20,67105.57963180501,21000100,67095.6,20991200,67095.6,21000200
2024-07-21,68086.74631249167,21000100,68138.0,20991200,68138.0,21000200
2024-07-22,67865.84271705333,21000100,67499.2,20991200,67499.2,21000200
2024-07-23,66190.29719853832,21000100,65916.4,20991200,65916.4,21000200
2024-07-24,65947.12605,21000100,65350.8,20991200,65350.8,21000200
2024-07-25,66373.178625,21000100,65773.0,20991200,65773.0,21000200
2024-07-26,68364.414838125,21000100,67882.5,20991200,67882.5,21000200
2024-07-27,68362.63106690501,21000100,67873.8,20991200,67873.8,21000200
2024-07-28,68633.81819488126,21000100,68215.5,20991200,68215.5,21000200
2024-07-29,67236.95015,21000100,66750.0,20991200,66750.0,21000200
2024-07-30,66454.08847398376,21000100,66159.3,20991200,66159.3,21000200
2024-07-31,64878.2125291825,21000100,64601.8,20991200,64601.8,21000200
2024-08-01,65889.41760674001,21000100,65328.9,20991200,65328.9,21000200
2024-08-02,62044.7387625,21000100,61483.7,20991200,61483.7,21000200
2024-08-03,61128.2436181375,21000100,60684.6,20991200,60684.6,21000200
2024-08-04,58592.70663598125,21000100,58144.5,20991200,58144.5,21000200
2024-08-05,54338.12353172833,21000100,54003.1,20991200,54003.1,21000200
2024-08-06,56079.86159860666,21000100,55991.2,20991200,55991.2,21000200
2024-08-07,55030.02549636833,21000100,55102.9,20991200,55102.9,21000200
2024-08-08,61788.645859575,21000100,61659.8,20991200,61659.8,21000200
2024-08-09,61030.99529278,21000100,60808.6,20991200,60808.6,21000200
2024-08-10,60755.25467154584,21000100,60889.9,20991200,60889.9,21000200
2024-08-11,58753.70918516042,21000100,58693.1,20991200,58693.1,21000200
2024-08-12,59461.78295584333,21000100,59323.6,20991200,59323.6,21000200
2024-08-13,60601.31372730625,21000100,60550.5,20991200,60550.5,21000200
2024-08-14,58505.58585010125,21000100,58648.1,20991200,58648.1,21000200
2024-08-15,57365.283900041664,21000100,57511.0,20991200,57511.0,21000200
2024-08-16,58587.54887305049,21000100,58854.9,20991200,58854.9,21000200
2024-08-17,59575.89044736875,21000100,59468.5,20991200,59468.5,21000200
2024-08-18,58381.01329241667,21000100,58390.0,20991200,58390.0,21000200
2024-08-19,59175.85981986875,21000100,59398.5,20991200,59398.5,21000200
2024-08-20,58984.909350793336,21000100,58982.9,20991200,58982.9,21000200
2024-08-21,60990.776276,21000100,61120.0,20991200,61120.0,21000200
2024-08-22,60200.25839962333,21000100,60349.9,20991200,60349.9,21000200
2024-08-23,63917.570858589585,21000100,64019.9,20991200,64019.9,21000200
2024-08-24,64212.06030020834,21000100,64116.5,20991200,64116.5,21000200
2024-08-25,64127.15532761083,21000100,64190.2,20991200,64190.2,21000200
2024-08-26,62992.450094353335,21000100,62807.6,20991200,62807.6,21000200
2024-08-27,59606.65419783958,21000100,59384.5,20991200,59384.5,21000200
2024-08-28,58952.078980375,21000100,59010.0,20991200,59010.0,21000200
2024-08-29,59286.01102746,21000100,59323.2,20991200,59323.2,21000200
2024-08-30,59230.05290202459,21000100,59096.3,20991200,59096.3,21000200
2024-08-31,59042.81761967625,21000100,58941.9,20991200,58941.9,21000200
2024-09-01,57273.30829507791,21000100,57268.1,20991200,57268.1,21000200
2024-09-02,59049.15226361125,21000100,59112.1,20991200,59112.1,21000200
2024-09-03,57730.9050982675,21000100,57451.9,20991200,57451.9,21000200
2024-09-04,57976.33090435667,21000100,57944.8,20991200,57944.8,21000200
2024-09-05,56376.77768778792,21000100,56145.7,20991200,56145.7,21000200
2024-09-06,53988.505953436244,21000100,53927.7,20991200,53927.7,21000200
2024-09-07,53880.87852305042,21000100,54134.9,20991200,54134.9,21000200
2024-09-08,54714.51384287833,21000100,54839.6,20991200,54839.6,21000200
2024-09-09,56688.02082233333,21000100,57010.0,20991200,57010.0,21000200
2024-09-10,57432.400408328336,21000100,57609.1,20991200,57609.1,21000200
2024-09-11,57019.9294031,21000100,57306.0,20991200,57306.0,21000200
2024-09-12,58000.74513247083,21000100,58097.0,20991200,58097.0,21000200
2024-09-13,60394.027599622495,21000100,60456.2,20991200,60456.2,21000200
2024-09-14,59863.429878300005,21000100,59964.0,20991200,59964.0,21000200
2024-09-15,59098.91807661667,21000100,59100.5,20991200,59100.5,21000200
2024-09-16,58412.26709136667,21000100,58187.0,20991200,58187.0,21000200
2024-09-17,60570.09536862917,21000100,60281.0,20991200,60281.0,21000200
2024-09-18,61879.32588259584,21000100,61735.3,20991200,61735.3,21000200
2024-09-19,63128.504415633746,21000100,62926.9,20991200,62926.9,21000200
2024-09-20,63427.52492100208,21000100,63175.7,20991200,63175.7,21000200
2024-09-21,63761.11508214,21000100,63320.6,20991200,63320.6,21000200
2024-09-22,63965.84853834667,21000100,63558.4,20991200,63558.4,21000200
2024-09-23,63556.42709101667,21000100,63302.0,20991200,63302.0,21000200
2024-09-24,64341.52605047125,21000100,64243.1,20991200,64243.1,21000200
2024-09-25,63189.43449933334,21000100,63118.4,20991200,63118.4,21000200
2024-09-26,65493.77654997333,21000100,65139.2,20991200,65139.2,21000200
2024-09-27,66129.51790015667,21000100,65749.6,20991200,65749.6,21000200
2024-09-28,66126.29916840083,21000100,65822.6,20991200,65822.6,21000200
2024-09-29,65789.59395940752,21000100,65568.1,20991200,65568.1,21000200
2024-09-30,63713.79498053667,21000100,63309.1,20991200,63309.1,21000200
2024-10-01,61331.388300000006,21000100,60776.8,20991200,60776.8,21000200
2024-10-02,61050.98354064,21000100,60622.6,20991200,60622.6,21000200
2024-10-03,60969.48659923,21000100,60727.2,20991200,60727.2,21000200
2024-10-04,62232.937489920005,21000100,62054.4,20991200,62054.4,21000200
2024-10-05,62029.759471932906,21000100,62023.1,20991200,62023.1,21000200
2024-10-06,62942.85123315001,21000100,62789.3,20991200,62789.3,21000200
2024-10-07,62300.37692724083,21000100,62190.7,20991200,62190.7,21000200
2024-10-08,62387.130667398334,21000100,62131.7,20991200,62131.7,21000200
2024-10-09,61031.81172572667,21000100,60606.4,20991200,60606.4,21000200
2024-10-10,60543.01633266333,21000100,60293.2,20991200,60293.2,21000200
2024-10-11,62518.0692745375,21000100,62509.0,20991200,62509.0,21000200
2024-10-12,63382.24568576667,21000100,63176.0,20991200,63176.0,21000200
2024-10-13,62959.6242398025,21000100,62839.8,20991200,62839.8,21000200
2024-10-14,66575.88915405542,21000100,66064.9,20991200,66064.9,21000200
2024-10-15,67655.8774125,21000100,67044.1,20991200,67044.1,21000200
2024-10-16,68143.50143416667,21000100,67592.0,20991200,67592.0,21000200
2024-10-17,68016.5386875,21000100,67401.5,20991200,67401.5,21000200
2024-10-18,69032.021175,21000100,68407.8,20991200,68407.8,21000200
2024-10-19,68980.85853750001,21000100,68357.1,20991200,68357.1,21000200
2024-10-20,69649.90841250001,21000100,69020.1,20991200,69020.1,21000200
2024-10-21,67983.54030000001,21000100,67368.8,20991200,67368.8,21000200
2024-10-22,68021.4834,21000100,67406.4,20991200,67406.4,21000200
2024-10-23,67255.3557,21000100,66647.2,20991200,66647.2,21000200
2024-10-24,68795.88592500001,21000100,68173.8,20991200,68173.8,21000200
2024-10-25,67271.09805,21000100,66662.8,20991200,66662.8,21000200
2024-10-26,67527.23205422334,21000100,67071.8,20991200,67071.8,21000200
2024-10-27,68607.32449623001,21000100,67992.6,20991200,67992.6,21000200
2024-10-28,70543.54810425,21000100,69940.0,20991200,69940.0,21000200
2024-10-29,73403.2479375,21000100,72739.5,20991200,72739.5,21000200
2024-10-30,73009.18462500001,21000100,72349.0,20991200,72349.0,21000200
2024-10-31,70963.5873375,21000100,70321.9,20991200,70321.9,21000200
2024-11-01,70129.6464375,21000100,69495.5,20991200,69495.5,21000200
2024-11-02,69999.570225,21000100,69366.6,20991200,69366.6,21000200
2024-11-03,69389.9578125,21000100,68762.5,20991200,68762.5,21000200
2024-11-04,68453.2879875,21000100,67834.3,20991200,67834.3,21000200
2024-11-05,69985.94703750001,21000100,69353.1,20991200,69353.1,21000200
2024-11-06,76269.5665875,21000100,75579.9,20991200,75579.9,21000200
2024-11-07,76551.617025,21000100,75859.4,20991200,75859.4,21000200
2024-11-08,77180.100075,21000100,76482.2,20991200,76482.2,21000200
2024-11-09,77374.76028750002,21000100,76675.1,20991200,76675.1,21000200
2024-11-10,81625.9559995,21000100,80410.0,20991200,80410.0,21000200
2024-11-11,90263.9447221525,21000100,88728.9,20991200,88728.9,21000200
2024-11-12,89976.94906085602,21000100,87972.0,20991200,87972.0,21000200
2024-11-13,91649.64951313041,21000100,90413.3,20991200,90413.3,21000200
2024-11-14,88180.0671375,21000100,87382.7,20991200,87382.7,21000200
2024-11-15,91932.7204397775,21000100,91074.6,20991200,91074.6,21000200
2024-11-16,91559.50094861625,21000100,90643.3,20991200,90643.3,21000200
2024-11-17,90893.65574209749,21000100,89899.9,20991200,89899.9,21000200
2024-11-18,92373.00791780667,21000100,90507.4,20991200,90507.4,21000200
2024-11-19,94295.73447902792,21000100,92335.9,20991200,92335.9,21000200
2024-11-20,95148.37800000001,21000100,94288.0,20991200,94288.0,21000200
2024-11-21,99264.39705000001,21000100,98366.8,20991200,98366.8,21000200
2024-11-22,99824.057775,21000100,98921.4,20991200,98921.4,21000200
2024-11-23,98617.24518750001,21000100,97725.5,20991200,97725.5,21000200
2024-11-24,99431.62153274665,21000100,97960.4,20991200,97960.4,21000200
2024-11-25,94656.7764004,21000100,93064.0,20991200,93064.0,21000200
2024-11-26,93964.93069367249,21000100,92021.4,20991200,92021.4,21000200
2024-11-27,97597.12756999998,21000100,95905.2,20991200,95905.2,21000200
2024-11-28,96747.63848363333,21000100,95694.4,20991200,95694.4,21000200
2024-11-29,99126.51799417207,21000100,97516.3,20991200,97516.3,21000200
2024-11-30,97589.36971789834,21000100,96475.1,20991200,96475.1,21000200
2024-12-01,98610.6759304525,21000100,97265.1,20991200,97265.1,21000200
2024-12-02,97747.51422436876,21000100,95890.5,20991200,95890.5,21000200
2024-12-03,97361.97488283874,21000100,95913.3,20991200,95913.3,21000200
2024-12-04,100954.378348495,21000100,98669.8,20991200,98669.8,21000200
2024-12-05,100108.78788256129,21000100,97001.5,20991200,97001.5,21000200
2024-12-06,100853.8702679375,21000100,99802.5,20991200,99802.5,21000200
2024-12-07,101674.83668557333,21000100,99899.2,20991200,99899.2,21000200
2024-12-08,102774.08208833334,21000100,101200.0,20991200,101200.0,21000200
2024-12-09,99201.5235742,21000100,97349.1,20991200,97349.1,21000200
2024-12-10,97483.89689999999,21000100,96602.4,20991200,96602.4,21000200
2024-12-11,102037.97711250001,21000100,101115.3,20991200,101115.3,21000200
2024-12-12,100894.7394,21000100,99982.4,20991200,99982.4,21000200
2024-12-13,102296.9185875,21000100,101371.9,20991200,101371.9,21000200
2024-12-14,102205.88228229167,21000100,101381.0,20991200,101381.0,21000200
2024-12-15,105356.21844076998,21000100,104460.4,20991200,104460.4,21000200
2024-12-16,106964.24999558998,21000100,106023.2,20991200,106023.2,21000200
2024-12-17,106973.67858609499,21000100,106074.6,20991200,106074.6,21000200
2024-12-18,101069.62579469876,21000100,100181.1,20991200,100181.1,21000200
2024-12-19,98323.4889,21000100,97434.4,20991200,97434.4,21000200
2024-12-20,98656.50014999999,21000100,97764.4,20991200,97764.4,21000200
2024-12-21,97889.15400978501,21000100,97261.8,20991200,97261.8,21000200
2024-12-22,96011.0380114979,21000100,95153.5,20991200,95153.5,21000200
2024-12-23,95697.30573480959,21000100,94861.1,20991200,94861.1,21000200
2024-12-24,99527.1732,21000100,98627.2,20991200,98627.2,21000200
2024-12-25,100286.5397625,21000100,99379.7,20991200,99379.7,21000200
2024-12-26,96504.2990495625,21000100,95751.0,20991200,95751.0,21000200
2024-12-27,95119.0124625,21000100,94258.9,20991200,94258.9,21000200
2024-12-28,95920.069554215,21000100,95259.1,20991200,95259.1,21000200
2024-12-29,94498.38217208332,21000100,93700.0,20991200,93700.0,21000200
2024-12-30,93288.28966852542,21000100,92759.3,20991200,92759.3,21000200
2024-12-31,94402.5337125,21000100,93548.9,20991200,93548.9,21000200
2025-01-01,95443.9507125,21000100,94580.9,20991200,94580.9,21000200
2025-01-02,97852.32843750001,21000100,96967.5,20991200,96967.5,21000200
2025-01-03,98899.24060181751,21000100,98145.7,20991200,98145.7,21000200
2025-01-04,98725.539194455,21000100,98173.2,20991200,98173.2,21000200
2025-01-05,99187.30248279999,21000100,98340.2,20991200,98340.2,21000200
2025-01-06,103112.79615,21000100,102180.4,20991200,102180.4,21000200
2025-01-07,97721.62331002417,21000100,96920.3,20991200,96920.3,21000200
2025-01-08,95881.10366250001,21000100,95014.1,20991200,95014.1,21000200
2025-01-09,93048.6668050125,21000100,92505.9,20991200,92505.9,21000200
2025-01-10,94991.80768965,21000100,94675.5,20991200,94675.5,21000200
2025-01-11,94917.5187518229,21000100,94562.5,20991200,94562.5,21000200
2025-01-12,94927.20413532584,21000100,94499.9,20991200,94499.9,21000200
2025-01-13,94862.81916566,21000100,94485.3,20991200,94485.3,21000200
2025-01-14,97380.80272833,21000100,96514.9,20991200,96514.9,21000200
2025-01-15,101059.76461766667,21000100,100460.0,20991200,100460.0,21000200
2025-01-16,100329.346987495,21000100,99937.4,20991200,99937.4,21000200
2025-01-17,104593.61962515625,21000100,104042.5,20991200,104042.5,21000200
2025-01-18,105373.39052103041,21000100,104524.3,20991200,104524.3,21000200
2025-01-19,102235.9674375,21000100,101311.5,20991200,101311.5,21000200
2025-01-20,103180.60935000001,21000100,102247.6,20991200,102247.6,21000200
2025-01-21,107082.79481250001,21000100,106114.5,20991200,106114.5,21000200
2025-01-22,104610.84221249999,21000100,103664.9,20991200,103664.9,21000200
2025-01-23,104725.61376046251,21000100,103864.1,20991200,103864.1,21000200
2025-01-24,105363.14753968459,21000100,104808.1,20991200,104808.1,21000200
2025-01-25,105401.96209930834,21000100,104702.0,20991200,104702.0,21000200
2025-01-26,103396.32292068249,21000100,102560.1,20991200,102560.1,21000200
2025-01-27,102421.4198870025,21000100,102021.3,20991200,102021.3,21000200
2025-01-28,102005.44810529001,21000100,101279.6,20991200,101279.6,21000200
2025-01-29,104642.8374566725,21000100,103698.2,20991200,103698.2,21000200
2025-01-30,105539.39273216375,21000100,104676.9,20991200,104676.9,21000200
2025-01-31,103040.65694446875,21000100,102379.7,20991200,102379.7,21000200
2025-02-01,101198.31608549166,21000100,100603.6,20991200,100603.6,21000200
2025-02-02,97912.33953923125,21000100,97664.5,20991200,97664.5,21000200
2025-02-03,102059.17860118541,21000100,101293.7,20991200,101293.7,21000200
2025-02-04,98112.60728160416,21000100,97709.9,20991200,97709.9,21000200
2025-02-05,96727.14823359498,21000100,96553.2,20991200,96553.2,21000200
2025-02-06,96745.57926523876,21000100,96515.1,20991200,96515.1,21000200
2025-02-07,97045.34289088125,21000100,96454.5,20991200,96454.5,21000200
2025-02-08,96334.51056958624,21000100,96411.9,20991200,96411.9,21000200
2025-02-09,96902.01211964001,21000100,96423.6,20991200,96423.6,21000200
2025-02-10,97925.2356054,21000100,97379.2,20991200,97379.2,21000200
2025-02-11,95989.44638198499,21000100,95731.4,20991200,95731.4,21000200
2025-02-12,98148.24817297625,21000100,97816.3,20991200,97816.3,21000200
2025-02-13,96998.86683726501,21000100,96560.6,20991200,96560.6,21000200
2025-02-14,97940.16942452875,21000100,97445.1,20991200,97445.1,21000200
2025-02-15,97748.25575765833,21000100,97538.0,20991200,97538.0,21000200
2025-02-16,96282.3834148375,21000100,96067.0,20991200,96067.0,21000200
2025-02-17,96169.69007905,21000100,95743.2,20991200,95743.2,21000200
2025-02-18,96479.65921720001,21000100,95622.0,20991200,95622.0,21000200
2025-02-19,97295.70239951665,21000100,96598.0,20991200,96598.0,21000200
2025-02-20,98642.45432608125,21000100,98252.9,20991200,98252.9,21000200
2025-02-21,96195.50034354333,21000100,96127.9,20991200,96127.9,21000200
2025-02-22,97054.66838777334,21000100,96503.3,20991200,96503.3,21000200
2025-02-23,96473.8959339,21000100,96218.4,20991200,96218.4,21000200
2025-02-24,91680.42837174374,21000100,91514.5,20991200,91514.5,21000200
2025-02-25,89087.46242087083,21000100,88639.1,20991200,88639.1,21000200
2025-02-26,84708.62761451249,21000100,84208.5,20991200,84208.5,21000200
2025-02-27,85134.77398636375,21000100,84668.1,20991200,84668.1,21000200
2025-02-28,84776.31985797333,21000100,84299.6,20991200,84299.6,21000200
2025-03-01,85825.09848559166,21000100,86007.7,20991200,86007.7,21000200
2025-03-02,94029.46345149,21000100,94222.8,20991200,94222.8,21000200
2025-03-03,86206.98823570625,21000100,86192.7,20991200,86192.7,21000200
2025-03-04,87232.89672565417,21000100,87245.9,20991200,87245.9,21000200
2025-03-05,90892.89230014125,21000100,90566.1,20991200,90566.1,21000200
2025-03-06,90346.2790909525,21000100,89887.8,20991200,89887.8,21000200
2025-03-07,86750.5543234575,21000100,86753.8,20991200,86753.8,21000200
2025-03-08,86365.81606974125,21000100,86184.7,20991200,86184.7,21000200
2025-03-09,80945.00274155666,21000100,80688.8,20991200,80688.8,21000200
2025-03-10,78790.8372885425,21000100,78567.8,20991200,78567.8,21000200
2025-03-11,83317.3544962,21000100,82896.0,20991200,82896.0,21000200
2025-03-12,83905.38517718499,21000100,83640.7,20991200,83640.7,21000200
2025-03-13,81225.71051401582,21000100,81085.4,20991200,81085.4,21000200
2025-03-14,84222.53792583168,21000100,83939.8,20991200,83939.8,21000200
2025-03-15,84078.65955493125,21000100,84302.9,20991200,84302.9,21000200
2025-03-16,82690.10437571666,21000100,82541.6,20991200,82541.6,21000200
2025-03-17,84228.45156290248,21000100,83962.9,20991200,83962.9,21000200
2025-03-18,82823.90545159501,21000100,82666.1,20991200,82666.1,21000200
2025-03-19,87105.13598228751,21000100,86809.8,20991200,86809.8,21000200
2025-03-20,84358.23186290001,21000100,84183.6,20991200,84183.6,21000200
2025-03-21,84292.07103815959,21000100,84050.3,20991200,84050.3,21000200
2025-03-22,83961.87146631916,21000100,83804.9,20991200,83804.9,21000200
2025-03-23,86199.52949946249,21000100,86044.2,20991200,86044.2,21000200
2025-03-24,87573.24564849083,21000100,87463.4,20991200,87463.4,21000200
2025-03-25,87293.45008006583,21000100,87369.8,20991200,87369.8,21000200
2025-03-26,86757.19038418251,21000100,86873.8,20991200,86873.8,21000200
2025-03-27,87320.83296978667,21000100,87191.2,20991200,87191.2,21000200
2025-03-28,84618.08056753334,21000100,84380.8,20991200,84380.8,21000200
2025-03-29,83009.423104395,21000100,82604.7,20991200,82604.7,21000200
2025-03-30,82486.96231902667,21000100,82352.8,20991200,82352.8,21000200
2025-03-31,82781.24105820834,21000100,82517.5,20991200,82517.5,21000200
2025-04-01,85390.76127196291,21000100,85120.9,20991200,85120.9,21000200
2025-04-02,82526.67283408792,21000100,82485.1,20991200,82485.1,21000200
2025-04-03,83621.33327211667,21000100,83181.5,20991200,83181.5,21000200
2025-04-04,84296.38675070541,21000100,83861.3,20991200,83861.3,21000200
2025-04-05,83922.757861255,21000100,83506.1,20991200,83506.1,21000200
2025-04-06,78508.765096125,21000100,78390.0,20991200,78390.0,21000200
2025-04-07,79544.42947175,21000100,79140.0,20991200,79140.0,21000200
2025-04-08,76548.14407777542,21000100,76297.9,20991200,76297.9,21000200
2025-04-09,82944.0079622,21000100,82588.0,20991200,82588.0,21000200
2025-04-10,79913.36839080167,21000100,79560.2,20991200,79560.2,21000200
2025-04-11,83405.20791445792,21000100,83378.3,20991200,83378.3,21000200
2025-04-12,85618.452836295,21000100,85237.8,20991200,85237.8,21000200
2025-04-13,84302.60634630332,21000100,83713.7,20991200,83713.7,21000200
2025-04-14,85008.29406783167,21000100,84553.9,20991200,84553.9,21000200
2025-04-15,83771.86516500666,21000100,83608.7,20991200,83608.7,21000200
2025-04-16,84279.26820920833,21000100,83990.0,20991200,83990.0,21000200
2025-04-17,85186.40390775,21000100,84915.0,20991200,84915.0,21000200
2025-04-18,84725.38765409167,21000100,84421.0,20991200,84421.0,21000200
2025-04-19,85228.0048930154,21000100,85046.9,20991200,85046.9,21000200
2025-04-20,85044.69253691,21000100,85138.8,20991200,85138.8,21000200
2025-04-21,87790.25249743334,21000100,87466.0,20991200,87466.0,21000200
2025-04-22,93403.76357371666,21000100,93404.9,20991200,93404.9,21000200
2025-04-23,93762.30947986501,21000100,93632.1,20991200,93632.1,21000200
2025-04-24,93942.28550226333,21000100,93931.6,20991200,93931.6,21000200
2025-04-25,94549.390554735,21000100,94591.8,20991200,94591.8,21000200
2025-04-26,94287.91717873166,21000100,94575.7,20991200,94575.7,21000200
2025-04-27,93623.54270124043,21000100,93697.1,20991200,93697.1,21000200
2025-04-28,94818.73292552501,21000100,94969.0,20991200,94969.0,21000200
2025-04-29,94227.17664124374,21000100,94200.1,20991200,94200.1,21000200
2025-04-30,93952.20513350125,21000100,94125.1,20991200,94125.1,21000200
2025-05-01,96459.84362717251,21000100,96423.3,20991200,96423.3,21000200
2025-05-02,96265.44714901799,21000100,96831.2,20991200,96831.2,21000200
2025-05-03,95679.80395777417,21000100,95803.3,20991200,95803.3,21000200
2025-05-04,94440.69142075999,21000100,94230.2,20991200,94230.2,21000200
2025-05-05,94667.46436672291,21000100,94696.7,20991200,94696.7,21000200
2025-05-06,97010.15351603125,21000100,96798.9,20991200,96798.9,21000200
2025-05-07,97062.53510413166,21000100,96988.4,20991200,96988.4,21000200
2025-05-08,103625.41721479251,21000100,103228.1,20991200,103228.1,21000200
2025-05-09,103705.21161495251,21000100,102941.9,20991200,102941.9,21000200
2025-05-10,105551.01713964,21000100,104788.8,20991200,104788.8,21000200
2025-05-11,104837.17902693749,21000100,104072.7,20991200,104072.7,21000200
2025-05-12,103262.89157883126,21000100,102739.3,20991200,102739.3,21000200
2025-05-13,104845.05940232499,21000100,104082.0,20991200,104082.0,21000200
2025-05-14,104107.54701478918,21000100,103458.1,20991200,103458.1,21000200
2025-05-15,104022.17295354376,21000100,103714.5,20991200,103714.5,21000200
2025-05-16,103940.85652380917,21000100,103412.2,20991200,103412.2,21000200
2025-05-17,103291.48613077667,21000100,103079.6,20991200,103079.6,21000200
2025-05-18,107140.520031025,21000100,106407.6,20991200,106407.6,21000200
2025-05-19,105985.48261730002,21000100,105531.6,20991200,105531.6,21000200
2025-05-20,107344.25674450959,21000100,106800.1,20991200,106800.1,21000200
2025-05-21,110310.73088660625,21000100,109609.5,20991200,109609.5,21000200
2025-05-22,112681.6221375,21000100,111662.7,20991200,111662.7,21000200
2025-05-23,108093.60553384166,21000100,107271.5,20991200,107271.5,21000200
2025-05-24,108221.42948431124,21000100,107698.9,20991200,107698.9,21000200
2025-05-25,109570.9260926275,21000100,108955.9,20991200,108955.9,21000200
2025-05-26,110288.89881047168,21000100,109386.8,20991200,109386.8,21000200
2025-05-27,109465.33165628667,21000100,108889.3,20991200,108889.3,21000200
2025-05-28,108076.70825729001,21000100,107723.1,20991200,107723.1,21000200
2025-05-29,106001.42642244959,21000100,105539.9,20991200,105539.9,21000200
2025-05-30,104388.322066875,21000100,103950.0,20991200,103950.0,21000200
2025-05-31,105204.37052295625,21000100,104544.7,20991200,104544.7,21000200
2025-06-01,105771.81458284585,21000100,105583.3,20991200,105583.3,21000200
2025-06-02,106117.42005270917,21000100,105814.3,20991200,105814.3,21000200
2025-06-03,105827.55255740459,21000100,105330.1,20991200,105330.1,21000200
2025-06-04,104755.17328619501,21000100,104641.8,20991200,104641.8,21000200
2025-06-05,101708.59948607418,21000100,101458.6,20991200,101458.6,21000200
2025-06-06,103938.282532,21000100,104240.0,20991200,104240.0,21000200
2025-06-07,105322.84341118751,21000100,105507.5,20991200,105507.5,21000200
2025-06-08,105895.68494960624,21000100,105676.5,20991200,105676.5,21000200
2025-06-09,110392.75546939124,21000100,110227.9,20991200,110227.9,21000200
2025-06-10,111058.19105451583,21000100,110235.4,20991200,110235.4,21000200
2025-06-11,109333.58576000002,21000100,108600.0,20991200,108600.0,21000200
2025-06-12,105940.39788559791,21000100,105609.5,20991200,105609.5,21000200
2025-06-13,106084.89844716416,21000100,106027.3,20991200,106027.3,21000200
2025-06-14,105582.65848557373,21000100,105359.9,20991200,105359.9,21000200
2025-06-15,105700.46125545251,21000100,105534.6,20991200,105534.6,21000200
2025-06-16,107035.80196451125,21000100,106750.1,20991200,106750.1,21000200
2025-06-17,104820.6017169,21000100,104508.0,20991200,104508.0,21000200
2025-06-18,105108.14116518333,21000100,104832.8,20991200,104832.8,21000200
2025-06-19,104729.82199867959,21000100,104607.1,20991200,104607.1,21000200
2025-06-20,103680.32341334624,21000100,103246.1,20991200,103246.1,21000200
2025-06-21,102494.30778787499,21000100,102079.8,20991200,102079.8,21000200
2025-06-22,101427.320757945,21000100,100904.7,20991200,100904.7,21000200
2025-06-23,105323.53447574291,21000100,105290.9,20991200,105290.9,21000200
2025-06-24,106128.75414086248,21000100,106034.9,20991200,106034.9,21000200
2025-06-25,107297.457585,21000100,107280.0,20991200,107280.0,21000200
2025-06-26,107064.200633595,21000100,106913.7,20991200,106913.7,21000200
2025-06-27,107216.83337377623,21000100,107010.7,20991200,107010.7,21000200
2025-06-28,107545.20607632499,21000100,107241.0,20991200,107241.0,21000200
2025-06-29,108857.00367414167,21000100,108309.8,20991200,108309.8,21000200
2025-06-30,107379.44429530499,21000100,107087.4,20991200,107087.4,21000200
2025-07-01,105846.62640534667,21000100,105637.9,20991200,105637.9,21000200
2025-07-02,109109.09173333335,21000100,108800.0,20991200,108800.0,21000200
2025-07-03,109993.72049756498,21000100,109545.2,20991200,109545.2,21000200
2025-07-04,108330.54610262999,21000100,107935.4,20991200,107935.4,21000200
2025-07-05,108420.71825238832,21000100,108153.4,20991200,108153.4,21000200
2025-07-06,109299.64191464834,21000100,109145.8,20991200,109145.8,21000200
2025-07-07,108535.29112518458,21000100,108203.9,20991200,108203.9,21000200
2025-07-08,109178.98850084626,21000100,108873.1,20991200,108873.1,21000200
2025-07-09,111563.22991993083,21000100,111199.9,20991200,111199.9,21000200
2025-07-10,116699.94452320665,21000100,115979.2,20991200,115979.2,21000200
2025-07-11,118572.1875,21000100,117500.0,20991200,117500.0,21000200
2025-07-12,118460.47736250001,21000100,117389.3,20991200,117389.3,21000200
2025-07-13,120124.5244875,21000100,119038.3,20991200,119038.3,21000200
2025-07-14,120838.7958451229,21000100,119816.5,20991200,119816.5,21000200
2025-07-15,118812.8638125,21000100,117738.5,20991200,117738.5,21000200
2025-07-16,119672.8401375,21000100,118590.7,20991200,118590.7,21000200
2025-07-17,120264.08647500002,21000100,119176.6,20991200,119176.6,21000200
2025-07-18,118972.20465,21000100,117896.4,20991200,117896.4,21000200
2025-07-19,118889.4564,21000100,117814.4,20991200,117814.4,21000200
2025-07-20,118285.596,21000100,117216.0,20991200,117216.0,21000200
2025-07-21,118400.838075,21000100,117330.2,20991200,117330.2,21000200
2025-07-22,121088.64251250001,21000100,119993.7,20991200,119993.7,21000200
2025-07-23,119796.7606875,21000100,118713.5,20991200,118713.5,21000200
2025-07-24,119373.7354875,21000100,118294.3,20991200,118294.3,21000200
2025-07-25,118656.4494375,21000100,117583.5,20991200,117583.5,21000200
2025-07-26,118964.93895,21000100,117889.2,20991200,117889.2,21000200
2025-07-27,120513.138525,21000100,119423.4,20991200,119423.4,21000200
2025-07-28,119118.527775,21000100,118041.4,20991200,118041.4,21000200
2025-07-29,118972.810125,21000100,117897.0,20991200,117897.0,21000200
2025-07-30,118845.660375,21000100,117771.0,20991200,117771.0,21000200
2025-07-31,116601.50428796916,21000100,115697.3,20991200,115697.3,21000200
2025-08-01,113445.34049778667,21000100,113244.8,20991200,113244.8,21000200
2025-08-02,112855.83948782667,21000100,112508.8,20991200,112508.8,21000200
2025-08-03,114764.31774345,21000100,114150.8,20991200,114150.8,21000200
2025-08-04,115485.48593105291,21000100,115002.1,20991200,115002.1,21000200
2025-08-05,114779.96938458002,21000100,114069.6,20991200,114069.6,21000200
2025-08-06,115735.84335564585,21000100,114941.0,20991200,114941.0,21000200
2025-08-07,118087.48888445165,21000100,117419.9,20991200,117419.9,21000200
2025-08-08,117057.61774313748,21000100,116628.2,20991200,116628.2,21000200
2025-08-09,117239.15466362875,21000100,116422.1,20991200,116422.1,21000200
2025-08-10,120338.02731595041,21000100,119255.3,20991200,119255.3,21000200
2025-08-11,119724.5073375,21000100,118641.9,20991200,118641.9,21000200
2025-08-12,121050.0351575125,21000100,120081.0,20991200,120081.0,21000200
2025-08-13,124341.31138415873,21000100,123323.9,20991200,123323.9,21000200
2025-08-14,119321.160075,21000100,118242.2,20991200,118242.2,21000200
2025-08-15,117766.16425092334,21000100,117279.2,20991200,117279.2,21000200
2025-08-16,118262.61435500876,21000100,117329.7,20991200,117329.7,21000200
2025-08-17,117880.23154373,21000100,117353.8,20991200,117353.8,21000200
2025-08-18,116447.23027036668,21000100,116183.6,20991200,116183.6,21000200
2025-08-19,113392.70139956499,21000100,112824.2,20991200,112824.2,21000200
2025-08-20,114597.20825145624,21000100,114220.5,20991200,114220.5,21000200
2025-08-21,113020.25711728499,21000100,112462.2,20991200,112462.2,21000200
2025-08-22,117721.09110771873,21000100,116897.5,20991200,116897.5,21000200
2025-08-23,116419.77390967208,21000100,115377.1,20991200,115377.1,21000200
2025-08-24,114481.4974875,21000100,113446.3,20991200,113446.3,21000200
2025-08-25,111012.89476319999,21000100,110064.0,20991200,110064.0,21000200
2025-08-26,112335.85059908082,21000100,111709.9,20991200,111709.9,21000200
2025-08-27,111560.20906828209,21000100,111194.9,20991200,111194.9,21000200
2025-08-28,113277.34027631584,21000100,112507.3,20991200,112507.3,21000200
2025-08-29,108686.98684090498,21000100,108332.4,20991200,108332.4,21000200
2025-08-30,109536.74794927,21000100,108757.9,20991200,108757.9,21000200
2025-08-31,108653.29027010166,21000100,108208.4,20991200,108208.4,21000200
2025-09-01,109839.60572418374,21000100,109187.9,20991200,109187.9,21000200
2025-09-02,111935.65173945,21000100,111188.0,20991200,111188.0,21000200
2025-09-03,111939.588752355,21000100,111659.8,20991200,111659.8,21000200
2025-09-04,111155.22088621167,21000100,110679.4,20991200,110679.4,21000200
2025-09-05,111469.62686304499,21000100,110614.9,20991200,110614.9,21000200
2025-09-06,110539.53831063457,21000100,110135.3,20991200,110135.3,21000200
2025-09-07,111500.00948916668,21000100,111076.0,20991200,111076.0,21000200
2025-09-08,112809.74746900251,21000100,112012.6,20991200,112012.6,21000200
2025-09-09,112307.03244486374,21000100,111499.9,20991200,111499.9,21000200
2025-09-10,114618.46103991,21000100,113896.8,20991200,113896.8,21000200
2025-09-11,115899.28688454999,21000100,115427.0,20991200,115427.0,21000200
2025-09-12,116570.90851694667,21000100,115978.4,20991200,115978.4,21000200
2025-09-13,115997.81618417251,21000100,115862.7,20991200,115862.7,21000200
2025-09-14,115773.386980875,21000100,115210.0,20991200,115210.0,21000200
2025-09-15,116095.12442412085,21000100,115300.6,20991200,115300.6,21000200
2025-09-16,117260.783812225,21000100,116747.3,20991200,116747.3,21000200
2025-09-17,117171.37149320834,21000100,116402.5,20991200,116402.5,21000200
2025-09-18,117660.50926049626,21000100,117017.1,20991200,117017.1,21000200
2025-09-19,115820.55836640416,21000100,115569.5,20991200,115569.5,21000200
2025-09-20,115720.701010895,21000100,115624.9,20991200,115624.9,21000200
2025-09-21,115218.33950616707,21000100,115183.9,20991200,115183.9,21000200
2025-09-22,113058.38339792751,21000100,112604.7,20991200,112604.7,21000200
2025-09-23,112683.27495255416,21000100,111947.0,20991200,111947.0,21000200
2025-09-24,113837.791809475,21000100,113254.0,20991200,113254.0,21000200
2025-09-25,109301.2960783125,21000100,108934.5,20991200,108934.5,21000200
2025-09-26,110095.79749520625,21000100,109588.5,20991200,109588.5,21000200
2025-09-27,109951.79320676833,21000100,109577.3,20991200,109577.3,21000200
2025-09-28,112581.73036279502,21000100,112119.6,20991200,112119.6,21000200
2025-09-29,114383.87967816,21000100,114257.1,20991200,114257.1,21000200
2025-09-30,114364.29335580001,21000100,113988.8,20991200,113988.8,21000200
2025-10-01,119158.63548026,21000100,118552.4,20991200,118552.4,21000200
2025-10-02,121482.73604755127,21000100,120481.3,20991200,120481.3,21000200
2025-10-03,123294.86700856083,21000100,122182.7,20991200,122182.7,21000200
2025-10-04,123396.76662301332,21000100,122343.2,20991200,122343.2,21000200
2025-10-05,124485.91811128084,21000100,123426.7,20991200,123426.7,21000200
2025-10-06,125508.37876785625,21000100,124628.5,20991200,124628.5,21000200
2025-10-07,122201.47828095418,21000100,121286.5,20991200,121286.5,21000200
2025-10-08,123909.90125864584,21000100,123237.5,20991200,123237.5,21000200
2025-10-09,121880.65303852542,21000100,121579.3,20991200,121579.3,21000200
2025-10-10,112909.5309232204,21000100,112714.9,20991200,112714.9,21000200
2025-10-11,111267.49682540876,21000100,110579.1,20991200,110579.1,21000200
2025-10-12,114641.3269635334,21000100,114894.4,20991200,114894.4,21000200
2025-10-13,114981.37077952667,21000100,115111.9,20991200,115111.9,21000200
2025-10-14,112714.8180550425,21000100,112983.8,20991200,112983.8,21000200
2025-10-15,110657.6857494625,21000100,110699.0,20991200,110699.0,21000200
2025-10-16,107867.10736064584,21000100,108129.4,20991200,108129.4,21000200
2025-10-17,106339.44824275833,21000100,106378.6,20991200,106378.6,21000200
2025-10-18,106637.4726602794,21000100,107117.5,20991200,107117.5,21000200
2025-10-19,108681.58573762,21000100,108586.2,20991200,108586.2,21000200
2025-10-20,110373.1283676,21000100,110469.9,20991200,110469.9,21000200
2025-10-21,108061.04314539541,21000100,108253.7,20991200,108253.7,21000200
2025-10-22,107660.70460274999,21000100,107532.0,20991200,107532.0,21000200
2025-10-23,110545.19519996624,21000100,110025.9,20991200,110025.9,21000200
2025-10-24,111248.84909304832,21000100,110965.4,20991200,110965.4,21000200
2025-10-25,111999.21300141166,21000100,111589.4,20991200,111589.4,21000200
2025-10-26,114823.14836114501,21000100,114497.8,20991200,114497.8,21000200
2025-10-27,115011.39854836333,21000100,114064.1,20991200,114064.1,21000200
2025-10-28,113412.03543580626,21000100,112833.5,20991200,112833.5,21000200
2025-10-29,110271.93238658,21000100,109985.6,20991200,109985.6,21000200
2025-10-30,108530.49763930832,21000100,108263.5,20991200,108263.5,21000200
2025-10-31,110230.87151857375,21000100,109557.3,20991200,109557.3,21000200
2025-11-01,111044.08365357999,21000100,110047.2,20991200,110047.2,21000200
2025-11-02,111233.79090618542,21000100,110494.9,20991200,110494.9,21000200
2025-11-03,107136.40239733334,21000100,106544.0,20991200,106544.0,21000200
2025-11-04,102133.70768737208,21000100,101450.3,20991200,101450.3,21000200
2025-11-05,104240.60879449583,21000100,103837.0,20991200,103837.0,21000200
2025-11-06,101810.79203240002,21000100,101305.6,20991200,101305.6,21000200
2025-11-07,103857.06455672834,21000100,103305.2,20991200,103305.2,21000200
2025-11-08,102722.30996066959,21000100,102269.3,20991200,102269.3,21000200
2025-11-09,105036.56984971251,21000100,104670.6,20991200,104670.6,21000200
2025-11-10,106649.73495016499,21000100,105966.3,20991200,105966.3,21000200
2025-11-11,103189.58724026835,21000100,103005.8,20991200,103005.8,21000200
2025-11-12,101881.93704616251,21000100,101605.8,20991200,101605.8,21000200
2025-11-13,100196.17897600125,21000100,99654.3,20991200,99654.3,21000200
2025-11-14,95314.82205984209,21000100,94544.9,20991200,94544.9,21000200
2025-11-15,96270.38868090417,21000100,95560.3,20991200,95560.3,21000200
2025-11-16,94932.58898583542,21000100,94221.7,20991200,94221.7,21000200
2025-11-17,92920.36383235667,21000100,92169.7,20991200,92169.7,21000200
2025-11-18,93587.42125846875,21000100,92916.9,20991200,92916.9,21000200
2025-11-19,91967.82628439,21000100,91508.9,20991200,91508.9,21000200
2025-11-20,87213.94429826751,21000100,86601.3,20991200,86601.3,21000200
2025-11-21,85389.5452502875,21000100,85093.5,20991200,85093.5,21000200
2025-11-22,85028.52635176248,21000100,84689.4,20991200,84689.4,21000200
2025-11-23,86888.81311488,21000100,86807.7,20991200,86807.7,21000200
2025-11-24,88378.73231593,21000100,88247.1,20991200,88247.1,21000200
2025-11-25,87156.41989932959,21000100,87324.1,20991200,87324.1,21000200
2025-11-26,90685.86685653792,21000100,90438.1,20991200,90438.1,21000200
2025-11-27,91415.29573979083,21000100,91292.2,20991200,91292.2,21000200
2025-11-28,91015.66970043752,21000100,90847.8,20991200,90847.8,21000200
2025-11-29,90832.1142883125,21000100,90765.0,20991200,90765.0,21000200
2025-11-30,90691.973469035,21000100,90320.6,20991200,90320.6,21000200
2025-12-01,86457.67150134,21000100,86241.6,20991200,86241.6,21000200
2025-12-02,91405.44354650792,21000100,91249.1,20991200,91249.1,21000200
2025-12-03,93421.83090445791,21000100,93376.7,20991200,93376.7,21000200
2025-12-04,92341.73696267001,21000100,92034.7,20991200,92034.7,21000200
2025-12-05,89564.75713085834,21000100,89288.5,20991200,89288.5,21000200
2025-12-06,89299.92567357085,21000100,89197.1,20991200,89197.1,21000200
2025-12-07,90649.604254975,21000100,90345.4,20991200,90345.4,21000200
2025-12-08,90869.89893978501,21000100,90610.8,20991200,90610.8,21000200
2025-12-09,92995.52180398666,21000100,92638.4,20991200,92638.4,21000200
2025-12-10,92200.69643389584,21000100,91977.5,20991200,91977.5,21000200
2025-12-11,92677.57853915625,21000100,92477.5,20991200,92477.5,21000200
2025-12-12,90641.13532581668,21000100,90229.6,20991200,90229.6,21000200
2025-12-13,90525.49108504917,21000100,90191.3,20991200,90191.3,21000200
2025-12-14,88565.629506585,21000100,88118.8,20991200,88118.8,21000200
2025-12-15,86452.38653458582,21000100,86389.9,20991200,86389.9,21000200
2025-12-16,88171.0687276225,21000100,87826.3,20991200,87826.3,21000200
2025-12-17,86755.49017666666,21000100,86201.6,20991200,86201.6,21000200
2025-12-18,85826.32730898251,21000100,85469.7,20991200,85469.7,21000200
2025-12-19,88783.08445124999,21000100,88100.0,20991200,88100.0,21000200
2025-12-20,88815.23639855,21000100,88320.8,20991200,88320.8,21000200
2025-12-21,89228.66460252834,21000100,88621.3,20991200,88621.3,21000200
2025-12-22,89000.93008069374,21000100,88581.5,20991200,88581.5,21000200
2025-12-23,87719.96155642084,21000100,87463.0,20991200,87463.0,21000200
2025-12-24,88277.1608520325,21000100,87627.3,20991200,87627.3,21000200
2025-12-25,87772.24436384668,21000100,87182.8,20991200,87182.8,21000200
2025-12-26,87844.20665592916,21000100,87318.2,20991200,87318.2,21000200
2025-12-27,88108.48926313083,21000100,87829.4,20991200,87829.4,21000200
2025-12-28,88385.36462399791,21000100,87920.5,20991200,87920.5,21000200
2025-12-29,87861.79319243085,21000100,87203.3,20991200,87203.3,21000200
2025-12-30,89072.98851979249,21000100,88455.3,20991200,88455.3,21000200
2025-12-31,87824.71089010418,21000100,87608.2,20991200,87608.2,21000200
2026-01-01,89386.41411,21000100,88800.0,20991200,88800.0,21000200
2026-01-02,90351.9535842,21000100,89951.4,20991200,89951.4,21000200
2026-01-03,90901.7567384175,21000100,90595.8,20991200,90595.8,21000200
2026-01-04,92046.38797157125,21000100,91497.1,20991200,91497.1,21000200
2026-01-05,94445.83342908,21000100,93822.4,20991200,93822.4,21000200
2026-01-06,93825.74527335,21000100,93708.0,20991200,93708.0,21000200
2026-01-07,91868.77249520001,21000100,91328.0,20991200,91328.0,21000200
2026-01-08,91755.80685473583,21000100,91059.8,20991200,91059.8,21000200
2026-01-09,90732.10572848501,21000100,90603.6,20991200,90603.6,21000200
2026-01-10,91007.16093928333,21000100,90469.6,20991200,90469.6,21000200
2026-01-11,91381.66621040499,21000100,90964.4,20991200,90964.4,21000200
2026-01-12,91512.53493219583,21000100,91252.6,20991200,91252.6,21000200
2026-01-13,95825.66660712,21000100,95375.2,20991200,95375.2,21000200
2026-01-14,97105.44917684748,21000100,96907.9,20991200,96907.9,21000200
2026-01-15,95651.83086963833,21000100,95567.3,20991200,95567.3,21000200
2026-01-16,96002.53015065499,21000100,95503.7,20991200,95503.7,21000200
2026-01-17,95275.83083018125,21000100,95107.9,20991200,95107.9,21000200
2026-01-18,94174.65814658333,21000100,93614.0,20991200,93614.0,21000200
2026-01-19,92812.3667197,21000100,92589.6,20991200,92589.6,21000200
2026-01-20,88984.68832266083,21000100,88390.6,20991200,88390.6,21000200
2026-01-21,89913.5735398875,21000100,89411.4,20991200,89411.4,21000200
2026-01-22,90087.14090767501,21000100,89518.5,20991200,89518.5,21000200
2026-01-23,89979.51543427,21000100,89558.7,20991200,89558.7,21000200
2026-01-24,89569.71104402124,21000100,89180.7,20991200,89180.7,21000200
2026-01-25,87005.80501812001,21000100,86628.9,20991200,86628.9,21000200
2026-01-26,88636.86340156668,21000100,88300.6,20991200,88300.6,21000200
2026-01-27,89680.67749350499,21000100,89197.8,20991200,89197.8,21000200
2026-01-28,89702.65019453375,21000100,89261.7,20991200,89261.7,21000200
2026-01-29,85044.46712264958,21000100,84604.7,20991200,84604.7,21000200
2026-01-30,84377.94418401833,21000100,84211.4,20991200,84211.4,21000200
2026-01-31,79181.43414261,21000100,78706.8,20991200,78706.8,21000200
2026-02-01,76975.39839609167,21000100,76931.5,20991200,76931.5,21000200
2026-02-02,78484.5471995,21000100,78692.5,20991200,78692.5,21000200
2026-02-03,75722.656080085,21000100,75732.4,20991200,75732.4,21000200
2026-02-04,73321.77450957333,21000100,73137.4,20991200,73137.4,21000200
2026-02-05,62954.418425200834,21000100,62868.1,20991200,62868.1,21000200
2026-02-06,70245.19567089765,21000100,70544.5,20991200,70544.5,21000200
2026-02-07,68893.9215696848,21000100,69254.2,20991200,69254.2,21000200
2026-02-08,70035.54636355459,21000100,70288.1,20991200,70288.1,21000200
2026-02-09,69992.93374743959,21000100,70110.5,20991200,70110.5,21000200
2026-02-10,68364.22404767247,21000100,68805.3,20991200,68805.3,21000200
2026-02-11,66887.44069065333,21000100,67054.4,20991200,67054.4,21000200
2026-02-12,66250.95808773751,21000100,66243.1,20991200,66243.1,21000200
2026-02-13,68931.943596175,21000100,68821.5,20991200,68821.5,21000200
2026-02-14,69824.5055542425,21000100,69795.4,20991200,69795.4,21000200
2026-02-15,68822.53401159374,21000100,68796.9,20991200,68796.9,21000200
2026-02-16,68763.42694739583,21000100,68862.5,20991200,68862.5,21000200
2026-02-17,67755.68207175999,21000100,67475.9,20991200,67475.9,21000200
2026-02-18,66557.71965193,21000100,66422.8,20991200,66422.8,21000200
2026-02-19,66884.7738885,21000100,66974.0,20991200,66974.0,21000200
2026-02-20,68103.27951435167,21000100,67979.3,20991200,67979.3,21000200
2026-02-21,68143.36653112,21000100,67933.1,20991200,67933.1,21000200
2026-02-22,67731.62979963335,21000100,67613.5,20991200,67613.5,21000200
2026-02-23,64623.441158300004,21000100,64625.8,20991200,64625.8,21000200
2026-02-24,64115.65136625792,21000100,64031.3,20991200,64031.3,21000200
2026-02-25,67982.26319499999,21000100,67952.5,20991200,67952.5,21000200
2026-02-26,68065.020482915,21000100,68129.8,20991200,68129.8,21000200
