DATETIME,CARRY,CARRY_CONTRACT,PRICE,PRICE_CONTRACT,FORWARD,FORWARD_CONTRACT
2021-03-25,0.010103108061183332,21000100,0.009788,20991200,0.009788,21000200
2021-03-26,0.011113910737550001,21000100,0.010579,20991200,0.010579,21000200
2021-03-27,0.011028226535083334,21000100,0.010276,20991200,0.010276,21000200
2021-03-28,0.0114313731278625,21000100,0.010103,20991200,0.010103,21000200
2021-03-29,0.013167713288675002,21000100,0.011946,20991200,0.011946,21000200
2021-03-30,0.015184918546500002,21000100,0.013204,20991200,0.013204,21000200
2021-03-31,0.01461539924,21000100,0.01236,20991200,0.01236,21000200
2021-04-02,0.018220521942845836,21000100,0.015053,20991200,0.015053,21000200
2021-04-03,0.020321376409999998,21000100,0.016024,20991200,0.016024,21000200
2021-04-04,0.018792178321,21000100,0.01743,20991200,0.01743,21000200
2021-04-05,0.0232927244099,21000100,0.019374,20991200,0.019374,21000200
2021-04-06,0.02137931136985,21000100,0.017148,20991200,0.017148,21000200
2021-04-07,0.015576069455858333,21000100,0.014129,20991200,0.014129,21000200
2021-04-08,0.017621014964699998,21000100,0.016569,20991200,0.016569,21000200
2021-04-09,0.016636537491975,21000100,0.014802,20991200,0.014802,21000200
2021-04-10,0.01628308541585,21000100,0.013948,20991200,0.013948,21000200
2021-04-11,0.01647000306793333,21000100,0.014084,20991200,0.014084,21000200
2021-04-12,0.015360213572341668,21000100,0.013001,20991200,0.013001,21000200
2021-04-13,0.0148630893350625,21000100,0.011983,20991200,0.011983,21000200
2021-04-14,0.015315051219975,21000100,0.011654,20991200,0.011654,21000200
2021-04-15,0.013418648754050001,21000100,0.011679,20991200,0.011679,21000200
2021-04-16,0.014351304249208335,21000100,0.01157,20991200,0.01157,21000200
2021-04-17,0.014244022876725,21000100,0.011943,20991200,0.011943,21000200
2021-04-18,0.010089248882533331,21000100,0.010136,20991200,0.010136,21000200
2021-04-19,0.00895660769185,21000100,0.008853,20991200,0.008853,21000200
2021-04-20,0.008808652125000002,21000100,0.008729,20991200,0.008729,21000200
2021-04-21,0.00837371925,21000100,0.008298,20991200,0.008298,21000200
2021-04-22,0.007273124264525001,21000100,0.007118,20991200,0.007118,21000200
2021-04-23,0.007504862625000001,21000100,0.007437,20991200,0.007437,21000200
2021-04-24,0.007552244465837499,21000100,0.007549,20991200,0.007549,21000200
2021-04-25,0.008039698875000001,21000100,0.007967,20991200,0.007967,21000200
2021-04-26,0.010588748625000002,21000100,0.010493,20991200,0.010493,21000200
2021-04-27,0.011563477990875001,21000100,0.011455,20991200,0.011455,21000200
2021-04-28,0.011076156,21000100,0.010976,20991200,0.010976,21000200
2021-04-29,0.011567597875875,21000100,0.011169,20991200,0.011169,21000200
2021-04-30,0.011897638912304165,21000100,0.011453,20991200,0.011453,21000200
2021-05-02,0.0113274938079875,21000100,0.010637,20991200,0.010637,21000200
2021-05-03,0.012035726456483334,21000100,0.010906,20991200,0.010906,21000200
2021-05-04,0.009955056980266667,21000100,0.009334,20991200,0.009334,21000200
2021-05-05,0.010352498962225,21000100,0.009797,20991200,0.009797,21000200
2021-05-06,0.01079900200275,21000100,0.009594,20991200,0.009594,21000200
2021-05-07,0.010421329331333334,21000100,0.00958,20991200,0.00958,21000200
2021-05-08,0.010242559103737501,21000100,0.009423,20991200,0.009423,21000200
2021-05-09,0.009720228567500001,21000100,0.009075,20991200,0.009075,21000200
2021-05-10,0.0084512205675625,21000100,0.007655,20991200,0.007655,21000200
2021-05-11,0.008075282269416667,21000100,0.007985,20991200,0.007985,21000200
2021-05-12,0.006284609250750001,21000100,0.00607,20991200,0.00607,21000200
2021-05-13,0.0064153438221250005,21000100,0.006321,20991200,0.006321,21000200
2021-05-14,0.0068126028750000005,21000100,0.006751,20991200,0.006751,21000200
2021-05-15,0.006277499144795834,21000100,0.006161,20991200,0.006161,21000200
2021-05-16,0.0074331014742500005,21000100,0.007274,20991200,0.007274,21000200
2021-05-17,0.006379276355375001,21000100,0.00627,20991200,0.00627,21000200
2021-05-18,0.0062497012636875005,21000100,0.006135,20991200,0.006135,21000200
2021-05-19,0.002942858225009598,21000100,0.00364,20991200,0.00364,21000200
2021-05-20,0.004383286467525,21000100,0.004366,20991200,0.004366,21000200
2021-05-21,0.0038124742500000005,21000100,0.003778,20991200,0.003778,21000200
2021-05-22,0.003810456,21000100,0.003776,20991200,0.003776,21000200
2021-05-23,0.003024414374666667,21000100,0.003014,20991200,0.003014,21000200
2021-05-24,0.0037401994303,21000100,0.003827,20991200,0.003827,21000200
2021-05-25,0.004090062811333333,21000100,0.00406,20991200,0.00406,21000200
2021-05-26,0.004775179500000001,21000100,0.004732,20991200,0.004732,21000200
2021-05-27,0.00426052575,21000100,0.004222,20991200,0.004222,21000200
2021-05-28,0.0037620180000000002,21000100,0.003728,20991200,0.003728,21000200
2021-05-29,0.0033957056250000003,21000100,0.003365,20991200,0.003365,21000200
2021-05-30,0.0036221893594791665,21000100,0.003595,20991200,0.003595,21000200
2021-05-31,0.003940633125000001,21000100,0.003905,20991200,0.003905,21000200
2021-06-02,0.003966870375,21000100,0.003931,20991200,0.003931,21000200
2021-06-03,0.004208051250000001,21000100,0.00417,20991200,0.00417,21000200
2021-06-04,0.0036944066250000004,21000100,0.003661,20991200,0.003661,21000200
2021-06-05,0.0034971834495000002,21000100,0.003474,20991200,0.003474,21000200
2021-06-06,0.003707839879783333,21000100,0.003701,20991200,0.003701,21000200
2021-06-07,0.0033008478750000004,21000100,0.003271,20991200,0.003271,21000200
2021-06-08,0.0033765641173833334,21000100,0.003391,20991200,0.003391,21000200
2021-06-09,0.0035988446075833334,21000100,0.00377,20991200,0.00377,21000200
2021-06-10,0.0032878703853208334,21000100,0.003329,20991200,0.003329,21000200
2021-06-11,0.0032549220981250002,21000100,0.003226,20991200,0.003226,21000200
2021-06-12,0.0031013420925583334,21000100,0.003109,20991200,0.003109,21000200
2021-06-13,0.0034107033235000004,21000100,0.003399,20991200,0.003399,21000200
2021-06-14,0.0034718894512875,21000100,0.003447,20991200,0.003447,21000200
2021-06-15,0.0035329466250000005,21000100,0.003501,20991200,0.003501,21000200
2021-06-16,0.0034209337499999997,21000100,0.00339,20991200,0.00339,21000200
2021-06-17,0.0034098333750000004,21000100,0.003379,20991200,0.003379,21000200
2021-06-18,0.0031070958750000002,21000100,0.003079,20991200,0.003079,21000200
2021-06-19,0.003026365875,21000100,0.002999,20991200,0.002999,21000200
2021-06-20,0.0029779278750000004,21000100,0.002951,20991200,0.002951,21000200
2021-06-21,0.002358325125,21000100,0.002337,20991200,0.002337,21000200
2021-06-22,0.0021418607431625,21000100,0.002139,20991200,0.002139,21000200
2021-06-23,0.0022127383098916667,21000100,0.002303,20991200,0.002303,21000200
2021-06-24,0.002458612387,21000100,0.00248,20991200,0.00248,21000200
2021-06-25,0.0021902147987500004,21000100,0.00218,20991200,0.00218,21000200
2021-06-26,0.0022493448783333335,21000100,0.00223,20991200,0.00223,21000200
2021-06-27,0.0022927490527500003,21000100,0.00234,20991200,0.00234,21000200
2021-06-28,0.0023279307447583333,21000100,0.002326,20991200,0.002326,21000200
2021-06-29,0.0027014276250000003,21000100,0.002677,20991200,0.002677,21000200
2021-06-30,0.002661062625,21000100,0.002637,20991200,0.002637,21000200
2021-07-02,0.0023855638889874998,21000100,0.002379,20991200,0.002379,21000200
2021-07-03,0.0024668535787916667,21000100,0.002455,20991200,0.002455,21000200
2021-07-04,0.0025389585,21000100,0.002516,20991200,0.002516,21000200
2021-07-05,0.0023603433750000002,21000100,0.002339,20991200,0.002339,21000200
2021-07-06,0.002416854375,21000100,0.002395,20991200,0.002395,21000200
2021-07-07,0.00246024675,21000100,0.002438,20991200,0.002438,21000200
2021-07-08,0.0022886955,21000100,0.002268,20991200,0.002268,21000200
2021-07-09,0.0023072703736,21000100,0.002292,20991200,0.002292,21000200
2021-07-10,0.0022786042500000003,21000100,0.002258,20991200,0.002258,21000200
2021-07-11,0.00229878675,21000100,0.002278,20991200,0.002278,21000200
2021-07-12,0.002245303125,21000100,0.002225,20991200,0.002225,21000200
2021-07-13,0.0021433964024833332,21000100,0.002126,20991200,0.002126,21000200
2021-07-14,0.0021040256250000004,21000100,0.002085,20991200,0.002085,21000200
2021-07-15,0.00203067551555,21000100,0.002013,20991200,0.002013,21000200
2021-07-16,0.0018921093750000001,21000100,0.001875,20991200,0.001875,21000200
2021-07-17,0.0019425656250000002,21000100,0.001925,20991200,0.001925,21000200
2021-07-18,0.00191531925,21000100,0.001898,20991200,0.001898,21000200
2021-07-19,0.0018053246250000002,21000100,0.001789,20991200,0.001789,21000200
2021-07-20,0.0016013433379375,21000100,0.001615,20991200,0.001615,21000200
2021-07-21,0.0017887070106333332,21000100,0.001816,20991200,0.001816,21000200
2021-07-22,0.0018944692353125,21000100,0.001883,20991200,0.001883,21000200
2021-07-23,0.0021431255403125,21000100,0.002127,20991200,0.002127,21000200
2021-07-24,0.0022402575000000004,21000100,0.00222,20991200,0.00222,21000200
2021-07-25,0.00229071375,21000100,0.00227,20991200,0.00227,21000200
2021-07-26,0.0025339128750000006,21000100,0.002511,20991200,0.002511,21000200
2021-07-27,0.002607579,21000100,0.002584,20991200,0.002584,21000200
2021-07-28,0.0025096938750000003,21000100,0.002487,20991200,0.002487,21000200
2021-07-29,0.002477401875,21000100,0.002455,20991200,0.002455,21000200
2021-07-30,0.002582350875,21000100,0.002559,20991200,0.002559,21000200
2021-07-31,0.0025126450263291667,21000100,0.002497,20991200,0.002497,21000200
2021-08-02,0.00246024675,21000100,0.002438,20991200,0.002438,21000200
2021-08-03,0.0023628258225000002,21000100,0.00234,20991200,0.00234,21000200
2021-08-04,0.0024612558750000003,21000100,0.002439,20991200,0.002439,21000200
2021-08-05,0.0025929452096000003,21000100,0.002568,20991200,0.002568,21000200
2021-08-06,0.002962204176183333,21000100,0.002894,20991200,0.002894,21000200
2021-08-07,0.0030386306333583333,21000100,0.002927,20991200,0.002927,21000200
2021-08-08,0.0033012508544125,21000100,0.003223,20991200,0.003223,21000200
2021-08-09,0.0033780710753999995,21000100,0.003346,20991200,0.003346,21000200
2021-08-10,0.0033639328525,21000100,0.0033,20991200,0.0033,21000200
2021-08-11,0.004407842525625,21000100,0.004275,20991200,0.004275,21000200
2021-08-12,0.004616640380483333,21000100,0.004412,20991200,0.004412,21000200
2021-08-13,0.005992706020949999,21000100,0.005918,20991200,0.005918,21000200
2021-08-14,0.008390139498149998,21000100,0.008124,20991200,0.008124,21000200
2021-08-15,0.007939615810741667,21000100,0.007442,20991200,0.007442,21000200
2021-08-16,0.0071524886331750005,21000100,0.006569,20991200,0.006569,21000200
2021-08-17,0.0064109433666,21000100,0.006192,20991200,0.006192,21000200
2021-08-18,0.006229983504808334,21000100,0.006158,20991200,0.006158,21000200
2021-08-19,0.007525045125,21000100,0.007457,20991200,0.007457,21000200
2021-08-20,0.0072518605794,21000100,0.007024,20991200,0.007024,21000200
2021-08-21,0.0069839126429083334,21000100,0.006686,20991200,0.006686,21000200
2021-08-22,0.0071917851910625,21000100,0.006895,20991200,0.006895,21000200
2021-08-23,0.007446202823583333,21000100,0.007022,20991200,0.007022,21000200
2021-08-24,0.006922893906946249,21000100,0.006466,20991200,0.006466,21000200
2021-08-25,0.00670664475,21000100,0.006646,20991200,0.006646,21000200
2021-08-26,0.005952788253270833,21000100,0.005873,20991200,0.005873,21000200
2021-08-27,0.006511883625000001,21000100,0.006453,20991200,0.006453,21000200
2021-08-28,0.006501950194708334,21000100,0.00641,20991200,0.00641,21000200
2021-08-29,0.0064188396769,21000100,0.006223,20991200,0.006223,21000200
2021-08-30,0.006050711878,21000100,0.005856,20991200,0.005856,21000200
2021-08-31,0.00596471416675,21000100,0.00579,20991200,0.00579,21000200
2021-09-02,0.007611476415833333,21000100,0.00718,20991200,0.00718,21000200
2021-09-03,0.007259737560366667,21000100,0.006748,20991200,0.006748,21000200
2021-09-04,0.007351298146589241,21000100,0.006778,20991200,0.006778,21000200
2021-09-05,0.0076990618131496024,21000100,0.00706,20991200,0.00706,21000200
2021-09-06,0.0072756101329166665,21000100,0.006826,20991200,0.006826,21000200
2021-09-07,0.004859936433000001,21000100,0.005146,20991200,0.005146,21000200
2021-09-08,0.00513791068175,21000100,0.005082,20991200,0.005082,21000200
2021-09-09,0.005161674375,21000100,0.005115,20991200,0.005115,21000200
2021-09-10,0.0047913255,21000100,0.004748,20991200,0.004748,21000200
2021-09-11,0.00484985475,21000100,0.004806,20991200,0.004806,21000200
2021-09-12,0.005111218125000001,21000100,0.005065,20991200,0.005065,21000200
2021-09-13,0.004704540750000001,21000100,0.004662,20991200,0.004662,21000200
2021-09-14,0.0049527855,21000100,0.004908,20991200,0.004908,21000200
2021-09-15,0.0052060758750000005,21000100,0.005159,20991200,0.005159,21000200
2021-09-16,0.005001351718575,21000100,0.004911,20991200,0.004911,21000200
2021-09-17,0.0047993551244875,21000100,0.004737,20991200,0.004737,21000200
2021-09-18,0.0048803785615000005,21000100,0.004836,20991200,0.004836,21000200
2021-09-19,0.004785278400208333,21000100,0.004735,20991200,0.004735,21000200
2021-09-20,0.00400218975,21000100,0.003966,20991200,0.003966,21000200
2021-09-21,0.0036903701250000005,21000100,0.003657,20991200,0.003657,21000200
2021-09-22,0.004263744461233333,21000100,0.004232,20991200,0.004232,21000200
2021-09-23,0.00434125575,21000100,0.004302,20991200,0.004302,21000200
2021-09-24,0.003970906875,21000100,0.003935,20991200,0.003935,21000200
2021-09-25,0.004180186210208333,21000100,0.004154,20991200,0.004154,21000200
2021-09-26,0.003997884510841667,21000100,0.003962,20991200,0.003962,21000200
2021-09-27,0.003883113,21000100,0.003848,20991200,0.003848,21000200
2021-09-28,0.00436292603565,21000100,0.004361,20991200,0.004361,21000200
2021-09-29,0.00418558700455,21000100,0.004172,20991200,0.004172,21000200
2021-09-30,0.004443177375,21000100,0.004403,20991200,0.004403,21000200
2021-10-02,0.005742930375,21000100,0.005691,20991200,0.005691,21000200
2021-10-03,0.005806762442708333,21000100,0.00575,20991200,0.00575,21000200
2021-10-04,0.005785446458091666,21000100,0.005731,20991200,0.005731,21000200
2021-10-05,0.006692501426366666,21000100,0.006602,20991200,0.006602,21000200
2021-10-06,0.006210775685129166,21000100,0.006097,20991200,0.006097,21000200
2021-10-07,0.006023376691908332,21000100,0.005839,20991200,0.005839,21000200
2021-10-08,0.006062059332383334,21000100,0.005836,20991200,0.005836,21000200
2021-10-09,0.00601751934785,21000100,0.005828,20991200,0.005828,21000200
2021-10-10,0.005486609427991666,21000100,0.005318,20991200,0.005318,21000200
2021-10-11,0.005676089991054167,21000100,0.005603,20991200,0.005603,21000200
2021-10-12,0.005364508500000001,21000100,0.005316,20991200,0.005316,21000200
2021-10-13,0.005498722125,21000100,0.005449,20991200,0.005449,21000200
2021-10-14,0.006152595856524999,21000100,0.006029,20991200,0.006029,21000200
2021-10-15,0.005907326281199999,21000100,0.005728,20991200,0.005728,21000200
2021-10-16,0.0060436232326375,21000100,0.005721,20991200,0.005721,21000200
2021-10-17,0.006143295932566666,21000100,0.005881,20991200,0.005881,21000200
2021-10-18,0.0059373920058875,21000100,0.005763,20991200,0.005763,21000200
2021-10-19,0.0059809437141875,21000100,0.005791,20991200,0.005791,21000200
2021-10-20,0.006377758253154168,21000100,0.006197,20991200,0.006197,21000200
2021-10-21,0.0066398442211375,21000100,0.006169,20991200,0.006169,21000200
2021-10-22,0.0062886254182500005,21000100,0.00602,20991200,0.00602,21000200
2021-10-23,0.006211802555520833,21000100,0.005995,20991200,0.005995,21000200
2021-10-24,0.00617801337465,21000100,0.005772,20991200,0.005772,21000200
2021-10-25,0.006295091222624999,21000100,0.006003,20991200,0.006003,21000200
2021-10-26,0.0068058828425,21000100,0.006315,20991200,0.006315,21000200
2021-10-27,0.005547954635708332,21000100,0.005278,20991200,0.005278,21000200
2021-10-28,0.0054684483750000006,21000100,0.005419,20991200,0.005419,21000200
2021-10-29,0.005837374177104167,21000100,0.005761,20991200,0.005761,21000200
2021-10-30,0.0061892982351125,21000100,0.006043,20991200,0.006043,21000200
2021-10-31,0.007381122129166666,21000100,0.007057,20991200,0.007057,21000200
2021-11-02,0.008101492181841665,21000100,0.007702,20991200,0.007702,21000200
2021-11-03,0.007751732529704167,21000100,0.007381,20991200,0.007381,21000200
2021-11-04,0.007393336379575,21000100,0.006987,20991200,0.006987,21000200
2021-11-05,0.007228964131199999,21000100,0.006912,20991200,0.006912,21000200
2021-11-06,0.007389143234500001,21000100,0.007144,20991200,0.007144,21000200
2021-11-07,0.0073068011235625,21000100,0.007035,20991200,0.007035,21000200
2021-11-08,0.0075954821995000005,21000100,0.007176,20991200,0.007176,21000200
2021-11-09,0.0072868939213333326,21000100,0.00688,20991200,0.00688,21000200
2021-11-10,0.006747259886033334,21000100,0.006377,20991200,0.006377,21000200
2021-11-11,0.007120631492291667,21000100,0.00703,20991200,0.00703,21000200
2021-11-12,0.006811074935325,21000100,0.006711,20991200,0.006711,21000200
2021-11-13,0.006861068448933335,21000100,0.006739,20991200,0.006739,21000200
2021-11-14,0.007113785690499999,21000100,0.00692,20991200,0.00692,21000200
2021-11-15,0.007120320088458332,21000100,0.006938,20991200,0.006938,21000200
2021-11-16,0.006309578781691667,21000100,0.006197,20991200,0.006197,21000200
2021-11-17,0.0063494145,21000100,0.006292,20991200,0.006292,21000200
2021-11-18,0.005656145625,21000100,0.005605,20991200,0.005605,21000200
2021-11-19,0.006016403250000001,21000100,0.005962,20991200,0.005962,21000200
2021-11-20,0.006326729863133333,21000100,0.006266,20991200,0.006266,21000200
2021-11-21,0.0059188135244,21000100,0.005844,20991200,0.005844,21000200
2021-11-22,0.00572289298105,21000100,0.005628,20991200,0.005628,21000200
2021-11-23,0.005816928560133334,21000100,0.005732,20991200,0.005732,21000200
2021-11-24,0.00555269934415,21000100,0.005383,20991200,0.005383,21000200
2021-11-25,0.0057797015412500005,21000100,0.00559,20991200,0.00559,21000200
2021-11-26,0.005057397776491667,21000100,0.004921,20991200,0.004921,21000200
2021-11-27,0.004984068375,21000100,0.004939,20991200,0.004939,21000200
2021-11-28,0.004951776375,21000100,0.004907,20991200,0.004907,21000200
2021-11-29,0.005064798375,21000100,0.005019,20991200,0.005019,21000200
2021-11-30,0.004993150500000001,21000100,0.004948,20991200,0.004948,21000200
2021-12-02,0.004985301223466666,21000100,0.004928,20991200,0.004928,21000200
2021-12-03,0.005379689663595833,21000100,0.005311,20991200,0.005311,21000200
2021-12-04,0.0041029117604,21000100,0.004164,20991200,0.004164,21000200
2021-12-05,0.0038046533443958338,21000100,0.003785,20991200,0.003785,21000200
2021-12-06,0.00393203452825,21000100,0.00393,20991200,0.00393,21000200
2021-12-07,0.0039415047559333335,21000100,0.003952,20991200,0.003952,21000200
2021-12-08,0.00408291975,21000100,0.004046,20991200,0.004046,21000200
2021-12-09,0.003629822625,21000100,0.003597,20991200,0.003597,21000200
2021-12-10,0.003543934270408333,21000100,0.003517,20991200,0.003517,21000200
2021-12-11,0.003699750916591667,21000100,0.003677,20991200,0.003677,21000200
2021-12-12,0.003682297125,21000100,0.003649,20991200,0.003649,21000200
2021-12-13,0.003245491789658333,21000100,0.003218,20991200,0.003218,21000200
2021-12-14,0.0033615201627500003,21000100,0.00334,20991200,0.00334,21000200
2021-12-15,0.0035301934930333334,21000100,0.003502,20991200,0.003502,21000200
2021-12-16,0.00339267825,21000100,0.003362,20991200,0.003362,21000200
2021-12-17,0.00324332775,21000100,0.003214,20991200,0.003214,21000200
2021-12-18,0.0033005296096499997,21000100,0.003276,20991200,0.003276,21000200
2021-12-19,0.0032473642500000003,21000100,0.003218,20991200,0.003218,21000200
2021-12-20,0.003244336875,21000100,0.003215,20991200,0.003215,21000200
2021-12-21,0.0034292204342583335,21000100,0.003422,20991200,0.003422,21000200
2021-12-22,0.0035874393750000002,21000100,0.003555,20991200,0.003555,21000200
2021-12-23,0.004028427,21000100,0.003992,20991200,0.003992,21000200
2021-12-24,0.004240718408620833,21000100,0.004409,20991200,0.004409,21000200
2021-12-25,0.004594546125,21000100,0.004553,20991200,0.004553,21000200
2021-12-26,0.00471665025,21000100,0.004674,20991200,0.004674,21000200
2021-12-27,0.004521889125,21000100,0.004481,20991200,0.004481,21000200
2021-12-28,0.004041545625,21000100,0.004005,20991200,0.004005,21000200
2021-12-29,0.003997144125,21000100,0.003961,20991200,0.003961,21000200
2021-12-30,0.004017326625,21000100,0.003981,20991200,0.003981,21000200
2021-12-31,0.00390127725,21000100,0.003866,20991200,0.003866,21000200
2022-01-01,0.004049618625,21000100,0.004013,20991200,0.004013,21000200
2022-01-02,0.003970906875,21000100,0.003935,20991200,0.003935,21000200
2022-01-03,0.0041353942500000004,21000100,0.004098,20991200,0.004098,21000200
2022-01-04,0.003965861250000001,21000100,0.00393,20991200,0.00393,21000200
2022-01-05,0.0035692751250000006,21000100,0.003537,20991200,0.003537,21000200
2022-01-06,0.0035884485000000003,21000100,0.003556,20991200,0.003556,21000200
2022-01-07,0.0034219428750000003,21000100,0.003391,20991200,0.003391,21000200
2022-01-08,0.00325543725,21000100,0.003226,20991200,0.003226,21000200
2022-01-09,0.00331598475,21000100,0.003286,20991200,0.003286,21000200
2022-01-10,0.00313837875,21000100,0.00311,20991200,0.00311,21000200
2022-01-11,0.0035450561250000004,21000100,0.003513,20991200,0.003513,21000200
2022-01-12,0.0036632020971780906,21000100,0.003833,20991200,0.003833,21000200
2022-01-13,0.0038093828914000003,21000100,0.003792,20991200,0.003792,21000200
2022-01-14,0.003696424875,21000100,0.003663,20991200,0.003663,21000200
2022-01-15,0.003744020330666667,21000100,0.003712,20991200,0.003712,21000200
2022-01-16,0.0038236596882291665,21000100,0.003793,20991200,0.003793,21000200
2022-01-17,0.00360661275,21000100,0.003574,20991200,0.003574,21000200
2022-01-18,0.0037418355,21000100,0.003708,20991200,0.003708,21000200
2022-01-19,0.00351212022,21000100,0.003507,20991200,0.003507,21000200
2022-01-20,0.0032679010304250003,21000100,0.003249,20991200,0.003249,21000200
2022-01-21,0.0027834308973250003,21000100,0.002769,20991200,0.002769,21000200
2022-01-22,0.0024891011566666667,21000100,0.002497,20991200,0.002497,21000200
2022-01-23,0.002542521206079167,21000100,0.002543,20991200,0.002543,21000200
2022-01-24,0.0023871533483,21000100,0.002472,20991200,0.002472,21000200
2022-01-25,0.0025050562706708337,21000100,0.002507,20991200,0.002507,21000200
2022-01-26,0.00254068893375,21000100,0.00253,20991200,0.00253,21000200
2022-01-27,0.0024598428630000003,21000100,0.002448,20991200,0.002448,21000200
2022-01-28,0.002552031891208333,21000100,0.002534,20991200,0.002534,21000200
2022-01-29,0.0026227158750000003,21000100,0.002599,20991200,0.002599,21000200
2022-01-30,0.00253290375,21000100,0.00251,20991200,0.00251,21000200
2022-01-31,0.002635564427404167,21000100,0.002621,20991200,0.002621,21000200
2022-02-01,0.0026418892500000004,21000100,0.002618,20991200,0.002618,21000200
2022-02-02,0.00250868475,21000100,0.002486,20991200,0.002486,21000200
2022-02-03,0.0025141952419166663,21000100,0.002515,20991200,0.002515,21000200
2022-02-04,0.002818266739,21000100,0.00281,20991200,0.00281,21000200
2022-02-05,0.002963800125,21000100,0.002937,20991200,0.002937,21000200
2022-02-06,0.003082876875,21000100,0.003055,20991200,0.003055,21000200
2022-02-07,0.0033018570000000005,21000100,0.003272,20991200,0.003272,21000200
2022-02-08,0.00332519713625,21000100,0.0033,20991200,0.0033,21000200
2022-02-09,0.0033563497500000003,21000100,0.003326,20991200,0.003326,21000200
2022-02-10,0.0031464517500000002,21000100,0.003118,20991200,0.003118,21000200
2022-02-11,0.00290829825,21000100,0.002882,20991200,0.002882,21000200
2022-02-12,0.0029208563659125003,21000100,0.002901,20991200,0.002901,21000200
2022-02-13,0.0027983144712374996,21000100,0.002781,20991200,0.002781,21000200
2022-02-14,0.0028568328750000005,21000100,0.002831,20991200,0.002831,21000200
2022-02-15,0.0031079704657,21000100,0.003112,20991200,0.003112,21000200
2022-02-16,0.003058657875,21000100,0.003031,20991200,0.003031,21000200
2022-02-17,0.002774084625,21000100,0.002749,20991200,0.002749,21000200
2022-02-18,0.002663697064166667,21000100,0.002645,20991200,0.002645,21000200
2022-02-19,0.002675219684375,21000100,0.002675,20991200,0.002675,21000200
2022-02-20,0.002484404420875,21000100,0.002535,20991200,0.002535,21000200
2022-02-21,0.0022548627985999998,21000100,0.002319,20991200,0.002319,21000200
2022-02-22,0.0023357900810083336,21000100,0.002402,20991200,0.002402,21000200
2022-02-23,0.00231268359185,21000100,0.002326,20991200,0.002326,21000200
2022-02-24,0.0022677130624666666,21000100,0.002284,20991200,0.002284,21000200
2022-02-25,0.00242487376675,21000100,0.002406,20991200,0.002406,21000200
2022-02-26,0.002402726625,21000100,0.002381,20991200,0.002381,21000200
2022-02-27,0.0023035736420833333,21000100,0.002284,20991200,0.002284,21000200
2022-02-28,0.0026318941265166666,21000100,0.002644,20991200,0.002644,21000200
2022-03-01,0.002656017,21000100,0.002632,20991200,0.002632,21000200
2022-03-02,0.002541985875,21000100,0.002519,20991200,0.002519,21000200
2022-03-03,0.002525839875,21000100,0.002503,20991200,0.002503,21000200
2022-03-04,0.0023533813658708335,21000100,0.002347,20991200,0.002347,21000200
2022-03-05,0.0023793029011625,21000100,0.002441,20991200,0.002441,21000200
2022-03-06,0.0021830057839972434,21000100,0.002255,20991200,0.002255,21000200
2022-03-07,0.002204209742257448,21000100,0.002283,20991200,0.002283,21000200
2022-03-08,0.0023253827848166665,21000100,0.002332,20991200,0.002332,21000200
2022-03-09,0.002527503676733333,21000100,0.002512,20991200,0.002512,21000200
2022-03-10,0.002380652065,21000100,0.00236,20991200,0.00236,21000200
2022-03-11,0.0023131787423875,21000100,0.002301,20991200,0.002301,21000200
2022-03-12,0.002308679717516667,21000100,0.002324,20991200,0.002324,21000200
2022-03-13,0.0022754848111916663,21000100,0.002257,20991200,0.002257,21000200
2022-03-14,0.0022988538195875,21000100,0.002307,20991200,0.002307,21000200
2022-03-15,0.002279924078895833,21000100,0.002273,20991200,0.002273,21000200
2022-03-16,0.0023740586123,21000100,0.002361,20991200,0.002361,21000200
2022-03-17,0.002382544125,21000100,0.002361,20991200,0.002361,21000200
2022-03-18,0.00245085367275,21000100,0.00243,20991200,0.00243,21000200
2022-03-19,0.002667117375,21000100,0.002643,20991200,0.002643,21000200
2022-03-20,0.002600515125,21000100,0.002577,20991200,0.002577,21000200
2022-03-21,0.00263381625,21000100,0.00261,20991200,0.00261,21000200
2022-03-22,0.002850778125,21000100,0.002825,20991200,0.002825,21000200
2022-03-23,0.0028820824487583332,21000100,0.002858,20991200,0.002858,21000200
2022-03-24,0.002957745375,21000100,0.002931,20991200,0.002931,21000200
2022-03-25,0.002822522625,21000100,0.002797,20991200,0.002797,21000200
2022-03-26,0.00290426175,21000100,0.002878,20991200,0.002878,21000200
2022-03-27,0.0034663443750000003,21000100,0.003435,20991200,0.003435,21000200
2022-03-28,0.0032332365,21000100,0.003204,20991200,0.003204,21000200
2022-03-29,0.003342222,21000100,0.003312,20991200,0.003312,21000200
2022-03-30,0.003363413625,21000100,0.003333,20991200,0.003333,21000200
2022-03-31,0.00327965625,21000100,0.00325,20991200,0.00325,21000200
2022-04-01,0.0034895542500000005,21000100,0.003458,20991200,0.003458,21000200
2022-04-02,0.0035571656250000003,21000100,0.003525,20991200,0.003525,21000200
2022-04-03,0.003688351875,21000100,0.003655,20991200,0.003655,21000200
2022-04-04,0.003543037875,21000100,0.003511,20991200,0.003511,21000200
2022-04-05,0.0033139665000000004,21000100,0.003284,20991200,0.003284,21000200
2022-04-06,0.0028992161250000004,21000100,0.002873,20991200,0.002873,21000200
2022-04-07,0.0030465483750000003,21000100,0.003019,20991200,0.003019,21000200
2022-04-08,0.002812431375,21000100,0.002787,20991200,0.002787,21000200
2022-04-09,0.002939581125,21000100,0.002913,20991200,0.002913,21000200
2022-04-10,0.00282756825,21000100,0.002802,20991200,0.002802,21000200
2022-04-11,0.0025452554543749996,21000100,0.002545,20991200,0.002545,21000200
2022-04-12,0.002666389464479167,21000100,0.002671,20991200,0.002671,21000200
2022-04-13,0.002837183134633333,21000100,0.002839,20991200,0.002839,21000200
2022-04-14,0.0027883262415249995,21000100,0.002766,20991200,0.002766,21000200
2022-04-15,0.002877385968745833,21000100,0.002857,20991200,0.002857,21000200
2022-04-16,0.0028336230000000004,21000100,0.002808,20991200,0.002808,21000200
2022-04-17,0.0026681265,21000100,0.002644,20991200,0.002644,21000200
2022-04-18,0.0027449297293,21000100,0.002728,20991200,0.002728,21000200
2022-04-19,0.002822522625,21000100,0.002797,20991200,0.002797,21000200
2022-04-20,0.002804358375,21000100,0.002779,20991200,0.002779,21000200
2022-04-21,0.0026418892500000004,21000100,0.002618,20991200,0.002618,21000200
2022-04-22,0.002646934875,21000100,0.002623,20991200,0.002623,21000200
2022-04-23,0.0026186793750000003,21000100,0.002595,20991200,0.002595,21000200
2022-04-24,0.0025742778750000002,21000100,0.002551,20991200,0.002551,21000200
2022-04-25,0.0025202089617625,21000100,0.002501,20991200,0.002501,21000200
2022-04-26,0.002309887125,21000100,0.002289,20991200,0.002289,21000200
2022-04-27,0.002396671875,21000100,0.002375,20991200,0.002375,21000200
2022-04-28,0.0023472247500000002,21000100,0.002326,20991200,0.002326,21000200
2022-04-29,0.0021934662021125,21000100,0.002177,20991200,0.002177,21000200
2022-04-30,0.0020281850754000005,21000100,0.002024,20991200,0.002024,21000200
2022-05-01,0.0021108590976,21000100,0.002112,20991200,0.002112,21000200
2022-05-02,0.0020863252682500003,21000100,0.002082,20991200,0.002082,21000200
2022-05-03,0.002112733450479167,21000100,0.002095,20991200,0.002095,21000200
2022-05-04,0.0023025032660583334,21000100,0.002282,20991200,0.002282,21000200
2022-05-05,0.002071733625,21000100,0.002053,20991200,0.002053,21000200
2022-05-06,0.0020532741306666666,21000100,0.002038,20991200,0.002038,21000200
2022-05-07,0.0019464607064583331,21000100,0.001939,20991200,0.001939,21000200
2022-05-08,0.0019144024189499999,21000100,0.001902,20991200,0.001902,21000200
2022-05-09,0.0015706419234625,21000100,0.001567,20991200,0.001567,21000200
2022-05-10,0.0017043504765375,21000100,0.001711,20991200,0.001711,21000200
2022-05-11,0.0011819120103833333,21000100,0.001178,20991200,0.001178,21000200
2022-05-12,0.0009856136468500002,21000100,0.000994,20991200,0.000994,21000200
2022-05-13,0.0010436009615,21000100,0.001038,20991200,0.001038,21000200
2022-05-14,0.00106361775,21000100,0.001054,20991200,0.001054,21000200
2022-05-15,0.0011201287500000002,21000100,0.00111,20991200,0.00111,21000200
2022-05-16,0.0009936928776134897,21000100,0.001025,20991200,0.001025,21000200
2022-05-17,0.0011148530934208334,21000100,0.001117,20991200,0.001117,21000200
2022-05-18,0.0009825260775,21000100,0.00099,20991200,0.00099,21000200
2022-05-19,0.0010520890569458334,21000100,0.001069,20991200,0.001069,21000200
2022-05-20,0.0010110351134458334,21000100,0.001013,20991200,0.001013,21000200
2022-05-21,0.0010072213711166667,21000100,0.001039,20991200,0.001039,21000200
2022-05-22,0.0011137287305000001,21000100,0.00111,20991200,0.00111,21000200
2022-05-23,0.0011311734049708334,21000100,0.001129,20991200,0.001129,21000200
2022-05-24,0.0011488737850166666,21000100,0.001156,20991200,0.001156,21000200
2022-05-25,0.0012712688106666667,21000100,0.00128,20991200,0.00128,21000200
2022-05-26,0.0010994330127500002,21000100,0.00111,20991200,0.00111,21000200
2022-05-27,0.001053255390225,21000100,0.001062,20991200,0.001062,21000200
2022-05-28,0.0011044422965875,21000100,0.001103,20991200,0.001103,21000200
2022-05-29,0.0011682750253,21000100,0.001167,20991200,0.001167,21000200
2022-05-30,0.0013170251953833333,21000100,0.001309,20991200,0.001309,21000200
2022-05-31,0.00141882975,21000100,0.001406,20991200,0.001406,21000200
2022-06-01,0.0011935038796416666,21000100,0.001187,20991200,0.001187,21000200
2022-06-02,0.0012772458426875,21000100,0.001281,20991200,0.001281,21000200
2022-06-03,0.0012165170540624998,21000100,0.001215,20991200,0.001215,21000200
2022-06-04,0.0012383370197083332,21000100,0.001238,20991200,0.001238,21000200
2022-06-05,0.0012487207913250001,21000100,0.001239,20991200,0.001239,21000200
2022-06-06,0.0013053165423375,21000100,0.001297,20991200,0.001297,21000200
2022-06-07,0.0012876435000000002,21000100,0.001276,20991200,0.001276,21000200
2022-06-08,0.00125736975,21000100,0.001246,20991200,0.001246,21000200
2022-06-09,0.0012402146250000002,21000100,0.001229,20991200,0.001229,21000200
2022-06-10,0.0011255277931625002,21000100,0.001131,20991200,0.001131,21000200
2022-06-11,0.0010308345112083333,21000100,0.001045,20991200,0.001045,21000200
2022-06-12,0.0009103339358916667,21000100,0.000929,20991200,0.000929,21000200
2022-06-13,0.0008492097188657423,21000100,0.000872,20991200,0.000872,21000200
2022-06-14,0.0008665949803750001,21000100,0.000874,20991200,0.000874,21000200
2022-06-15,0.0009123937256999999,21000100,0.000932,20991200,0.000932,21000200
2022-06-16,0.0008181216430833333,21000100,0.00082,20991200,0.00082,21000200
2022-06-17,0.000846878837175,21000100,0.000849,20991200,0.000849,21000200
2022-06-18,0.0008148642657166667,21000100,0.000812,20991200,0.000812,21000200
2022-06-19,0.0008682200054333333,21000100,0.000866,20991200,0.000866,21000200
2022-06-20,0.000945550125,21000100,0.000937,20991200,0.000937,21000200
2022-06-21,0.0009373141375750001,21000100,0.000933,20991200,0.000933,21000200
2022-06-22,0.0008874642604125001,21000100,0.000881,20991200,0.000881,21000200
2022-06-23,0.0009449145196666665,21000100,0.000944,20991200,0.000944,21000200
2022-06-24,0.000987933375,21000100,0.000979,20991200,0.000979,21000200
2022-06-25,0.0009889425,21000100,0.00098,20991200,0.00098,21000200
2022-06-26,0.000947568375,21000100,0.000939,20991200,0.000939,21000200
2022-06-27,0.0009362273537041666,21000100,0.000937,20991200,0.000937,21000200
2022-06-28,0.0008899523634749999,21000100,0.000889,20991200,0.000889,21000200
2022-06-29,0.0008813741540666666,21000100,0.000892,20991200,0.000892,21000200
2022-06-30,0.00085615005675,21000100,0.00087,20991200,0.00087,21000200
2022-07-01,0.000842438492,21000100,0.00084,20991200,0.00084,21000200
2022-07-02,0.000850153381,21000100,0.000847,20991200,0.000847,21000200
2022-07-03,0.0008542101444916668,21000100,0.000854,20991200,0.000854,21000200
2022-07-04,0.0009026439391750001,21000100,0.000899,20991200,0.000899,21000200
2022-07-05,0.00089812125,21000100,0.00089,20991200,0.00089,21000200
2022-07-06,0.0009082125,21000100,0.0009,20991200,0.0009,21000200
2022-07-07,0.000943531875,21000100,0.000935,20991200,0.000935,21000200
2022-07-08,0.000921331125,21000100,0.000913,20991200,0.000913,21000200
2022-07-09,0.0009516048750000001,21000100,0.000943,20991200,0.000943,21000200
2022-07-10,0.000927385875,21000100,0.000919,20991200,0.000919,21000200
2022-07-11,0.0008516975895208334,21000100,0.000851,20991200,0.000851,21000200
2022-07-12,0.000821385998125,21000100,0.000825,20991200,0.000825,21000200
2022-07-13,0.0008283346355666667,21000100,0.000844,20991200,0.000844,21000200
2022-07-14,0.0008477196264666667,21000100,0.000848,20991200,0.000848,21000200
2022-07-15,0.0008385454962208333,21000100,0.000839,20991200,0.000839,21000200
2022-07-16,0.0008631174608833334,21000100,0.000862,20991200,0.000862,21000200
2022-07-17,0.0010322102613333334,21000100,0.001024,20991200,0.001024,21000200
2022-07-18,0.0010161125446166667,21000100,0.001019,20991200,0.001019,21000200
2022-07-19,0.0011806762500000002,21000100,0.00117,20991200,0.00117,21000200
2022-07-20,0.0011130648750000002,21000100,0.001103,20991200,0.001103,21000200
2022-07-21,0.001100955375,21000100,0.001091,20991200,0.001091,21000200
2022-07-22,0.001057563,21000100,0.001048,20991200,0.001048,21000200
2022-07-23,0.00110801925,21000100,0.001098,20991200,0.001098,21000200
2022-07-24,0.0010737090000000002,21000100,0.001064,20991200,0.001064,21000200
2022-07-25,0.00097885125,21000100,0.00097,20991200,0.00097,21000200
2022-07-26,0.0009727965,21000100,0.000964,20991200,0.000964,21000200
2022-07-27,0.00101114325,21000100,0.001002,20991200,0.001002,21000200
2022-07-28,0.001062608625,21000100,0.001053,20991200,0.001053,21000200
2022-07-29,0.0010868276250000002,21000100,0.001077,20991200,0.001077,21000200
2022-07-30,0.0011019645000000002,21000100,0.001092,20991200,0.001092,21000200
2022-07-31,0.001094900625,21000100,0.001085,20991200,0.001085,21000200
2022-08-01,0.001102973625,21000100,0.001093,20991200,0.001093,21000200
2022-08-02,0.00105958125,21000100,0.00105,20991200,0.00105,21000200
2022-08-03,0.0010928823750000001,21000100,0.001083,20991200,0.001083,21000200
2022-08-04,0.00114434775,21000100,0.001134,20991200,0.001134,21000200
2022-08-05,0.001264433625,21000100,0.001253,20991200,0.001253,21000200
2022-08-06,0.00119682225,21000100,0.001186,20991200,0.001186,21000200
2022-08-07,0.00119278575,21000100,0.001182,20991200,0.001182,21000200
2022-08-08,0.001218013875,21000100,0.001207,20991200,0.001207,21000200
2022-08-09,0.00114434775,21000100,0.001134,20991200,0.001134,21000200
2022-08-10,0.0012089317500000002,21000100,0.001198,20991200,0.001198,21000200
2022-08-11,0.0012392055,21000100,0.001228,20991200,0.001228,21000200
2022-08-12,0.00127351575,21000100,0.001262,20991200,0.001262,21000200
2022-08-13,0.00125333325,21000100,0.001242,20991200,0.001242,21000200
2022-08-14,0.00127351575,21000100,0.001262,20991200,0.001262,21000200
2022-08-15,0.0012311325,21000100,0.00122,20991200,0.00122,21000200
2022-08-16,0.001215995625,21000100,0.001205,20991200,0.001205,21000200
2022-08-17,0.0011504025,21000100,0.00114,20991200,0.00114,21000200
2022-08-18,0.00108971342675,21000100,0.001083,20991200,0.001083,21000200
2022-08-19,0.0010128159452833334,21000100,0.001007,20991200,0.001007,21000200
2022-08-20,0.0009957746138583334,21000100,0.000998,20991200,0.000998,21000200
2022-08-21,0.0010087048391999999,21000100,0.001019,20991200,0.001019,21000200
2022-08-22,0.00100112510525,21000100,0.001005,20991200,0.001005,21000200
2022-08-23,0.0010174392389416668,21000100,0.001018,20991200,0.001018,21000200
2022-08-24,0.0010275314131833332,21000100,0.001022,20991200,0.001022,21000200
2022-08-25,0.001048480875,21000100,0.001039,20991200,0.001039,21000200
2022-08-26,0.00093041325,21000100,0.000922,20991200,0.000922,21000200
2022-08-27,0.0009249501602833333,21000100,0.000931,20991200,0.000931,21000200
2022-08-28,0.0008965203567333333,21000100,0.000904,20991200,0.000904,21000200
2022-08-29,0.00097321588,21000100,0.000975,20991200,0.000975,21000200
2022-08-30,0.0009784774322083333,21000100,0.00097,20991200,0.00097,21000200
2022-08-31,0.00095463225,21000100,0.000946,20991200,0.000946,21000200
2022-09-01,0.0009640940934625,21000100,0.000957,20991200,0.000957,21000200
2022-09-02,0.0009593046087333334,21000100,0.000952,20991200,0.000952,21000200
2022-09-03,0.000947568375,21000100,0.000939,20991200,0.000939,21000200
2022-09-04,0.0009886322661,21000100,0.000984,20991200,0.000984,21000200
2022-09-05,0.000975823875,21000100,0.000967,20991200,0.000967,21000200
2022-09-06,0.000889039125,21000100,0.000881,20991200,0.000881,21000200
2022-09-07,0.0009964284082666667,21000100,0.000994,20991200,0.000994,21000200
2022-09-08,0.001001052,21000100,0.000992,20991200,0.000992,21000200
2022-09-09,0.0010343531250000002,21000100,0.001025,20991200,0.001025,21000200
2022-09-10,0.0010474717500000002,21000100,0.001038,20991200,0.001038,21000200
2022-09-11,0.001030316625,21000100,0.001021,20991200,0.001021,21000200
2022-09-12,0.001033344,21000100,0.001024,20991200,0.001024,21000200
2022-09-13,0.00095866875,21000100,0.00095,20991200,0.00095,21000200
2022-09-14,0.0009716169455291667,21000100,0.000967,20991200,0.000967,21000200
2022-09-15,0.0009401949362000001,21000100,0.000932,20991200,0.000932,21000200
2022-09-16,0.0009457985921791667,21000100,0.000943,20991200,0.000943,21000200
2022-09-17,0.0009778402094999998,21000100,0.000971,20991200,0.000971,21000200
2022-09-18,0.000893990158425,21000100,0.000886,20991200,0.000886,21000200
2022-09-19,0.0009128863568333333,21000100,0.00092,20991200,0.00092,21000200
2022-09-20,0.0009153587174583334,21000100,0.000911,20991200,0.000911,21000200
2022-09-21,0.0009079592450333333,21000100,0.000904,20991200,0.000904,21000200
2022-09-22,0.0009698931812499998,21000100,0.000966,20991200,0.000966,21000200
2022-09-23,0.000971787375,21000100,0.000963,20991200,0.000963,21000200
2022-09-24,0.0009505957500000001,21000100,0.000942,20991200,0.000942,21000200
2022-09-25,0.0009505957500000001,21000100,0.000942,20991200,0.000942,21000200
2022-09-26,0.0009374305008125,21000100,0.000929,20991200,0.000929,21000200
2022-09-27,0.0009343059303374999,21000100,0.000927,20991200,0.000927,21000200
2022-09-28,0.000933862092375,21000100,0.00093,20991200,0.00093,21000200
2022-09-29,0.0009501470518500001,21000100,0.000942,20991200,0.000942,21000200
2022-09-30,0.000949320826575,21000100,0.000946,20991200,0.000946,21000200
2022-10-01,0.0009585223773749999,21000100,0.000954,20991200,0.000954,21000200
2022-10-02,0.0009233493750000001,21000100,0.000915,20991200,0.000915,21000200
2022-10-03,0.0009405045000000001,21000100,0.000932,20991200,0.000932,21000200
2022-10-04,0.0009516048750000001,21000100,0.000943,20991200,0.000943,21000200
2022-10-05,0.000941513625,21000100,0.000933,20991200,0.000933,21000200
2022-10-06,0.0009296685997916666,21000100,0.000926,20991200,0.000926,21000200
2022-10-07,0.0009374771250000001,21000100,0.000929,20991200,0.000929,21000200
2022-10-08,0.00093041325,21000100,0.000922,20991200,0.000922,21000200
2022-10-09,0.0009384862500000001,21000100,0.00093,20991200,0.00093,21000200
2022-10-10,0.0009163197073333333,21000100,0.00091,20991200,0.00091,21000200
2022-10-11,0.0008957304645333333,21000100,0.000896,20991200,0.000896,21000200
2022-10-12,0.0008953509826625,21000100,0.000889,20991200,0.000889,21000200
2022-10-13,0.0008664217167416666,21000100,0.000866,20991200,0.000866,21000200
2022-10-14,0.0008566363680208332,21000100,0.000851,20991200,0.000851,21000200
2022-10-15,0.0008356199267666667,21000100,0.000841,20991200,0.000841,21000200
2022-10-16,0.0008527675290666667,21000100,0.000853,20991200,0.000853,21000200
2022-10-17,0.0008787971026041667,21000100,0.000875,20991200,0.000875,21000200
2022-10-18,0.0008648128262166667,21000100,0.000857,20991200,0.000857,21000200
2022-10-19,0.000811457937,21000100,0.000808,20991200,0.000808,21000200
2022-10-20,0.0008129770207666667,21000100,0.000808,20991200,0.000808,21000200
2022-10-21,0.0008174763824874999,21000100,0.000817,20991200,0.000817,21000200
2022-10-22,0.0008104083022,21000100,0.000816,20991200,0.000816,21000200
2022-10-23,0.000831993628125,21000100,0.000825,20991200,0.000825,21000200
2022-10-24,0.0008017431109416666,21000100,0.000803,20991200,0.000803,21000200
2022-10-25,0.000839592,21000100,0.000832,20991200,0.000832,21000200
2022-10-26,0.0008586726638333333,21000100,0.000856,20991200,0.000856,21000200
2022-10-27,0.000866838375,21000100,0.000859,20991200,0.000859,21000200
2022-10-28,0.00087390225,21000100,0.000866,20991200,0.000866,21000200
2022-10-29,0.00091830375,21000100,0.00091,20991200,0.00091,21000200
2022-10-30,0.0009066920312916666,21000100,0.000899,20991200,0.000899,21000200
2022-10-31,0.000885002625,21000100,0.000877,20991200,0.000877,21000200
2022-11-01,0.000866838375,21000100,0.000859,20991200,0.000859,21000200
2022-11-02,0.0008527106250000001,21000100,0.000845,20991200,0.000845,21000200
2022-11-03,0.0009061942500000001,21000100,0.000898,20991200,0.000898,21000200
2022-11-04,0.0009697691250000001,21000100,0.000961,20991200,0.000961,21000200
2022-11-05,0.000967750875,21000100,0.000959,20991200,0.000959,21000200
2022-11-06,0.000907203375,21000100,0.000899,20991200,0.000899,21000200
2022-11-07,0.0009092216250000001,21000100,0.000901,20991200,0.000901,21000200
2022-11-08,0.0007647282935541667,21000100,0.000763,20991200,0.000763,21000200
2022-11-09,0.0006176991783038608,21000100,0.000624,20991200,0.000624,21000200
2022-11-10,0.0007264325133,21000100,0.000724,20991200,0.000724,21000200
2022-11-11,0.000703360125,21000100,0.000697,20991200,0.000697,21000200
2022-11-12,0.0006535224167124999,21000100,0.000659,20991200,0.000659,21000200
2022-11-13,0.000660976875,21000100,0.000655,20991200,0.000655,21000200
2022-11-14,0.000683177625,21000100,0.000677,20991200,0.000677,21000200
2022-11-15,0.000695485185735893,21000100,0.000704,20991200,0.000704,21000200
2022-11-16,0.000683177625,21000100,0.000677,20991200,0.000677,21000200
2022-11-17,0.000693268875,21000100,0.000687,20991200,0.000687,21000200
2022-11-18,0.000677078058575,21000100,0.000681,20991200,0.000681,21000200
2022-11-19,0.0007043692500000001,21000100,0.000698,20991200,0.000698,21000200
2022-11-20,0.0006521040120833333,21000100,0.00065,20991200,0.00065,21000200
2022-11-21,0.000648867375,21000100,0.000643,20991200,0.000643,21000200
2022-11-22,0.000669049875,21000100,0.000663,20991200,0.000663,21000200
2022-11-23,0.0006923400243375001,21000100,0.000693,20991200,0.000693,21000200
2022-11-24,0.0006999078224749999,21000100,0.000694,20991200,0.000694,21000200
2022-11-25,0.000689232375,21000100,0.000683,20991200,0.000683,21000200
2022-11-26,0.00068822325,21000100,0.000682,20991200,0.000682,21000200
2022-11-27,0.0006885089755375001,21000100,0.000689,20991200,0.000689,21000200
2022-11-28,0.0006789839122,21000100,0.000673,20991200,0.000673,21000200
2022-11-29,0.000689232375,21000100,0.000683,20991200,0.000683,21000200
2022-11-30,0.0007177468840583334,21000100,0.000718,20991200,0.000718,21000200
2022-12-01,0.0007039190452499999,21000100,0.00071,20991200,0.00071,21000200
2022-12-02,0.0007313322612749999,21000100,0.000726,20991200,0.000726,21000200
2022-12-03,0.0007011932225333334,21000100,0.000706,20991200,0.000706,21000200
2022-12-04,0.00072858825,21000100,0.000722,20991200,0.000722,21000200
2022-12-05,0.000715989175875,21000100,0.000711,20991200,0.000711,21000200
2022-12-06,0.000718497,21000100,0.000712,20991200,0.000712,21000200
2022-12-07,0.000697305375,21000100,0.000691,20991200,0.000691,21000200
2022-12-08,0.0006969166103250001,21000100,0.000702,20991200,0.000702,21000200
2022-12-09,0.0007013672301000001,21000100,0.000696,20991200,0.000696,21000200
2022-12-10,0.0007043692500000001,21000100,0.000698,20991200,0.000698,21000200
2022-12-11,0.0006961739805458333,21000100,0.000691,20991200,0.000691,21000200
2022-12-12,0.0006849975123625,21000100,0.000687,20991200,0.000687,21000200
2022-12-13,0.000713451375,21000100,0.000707,20991200,0.000707,21000200
2022-12-14,0.0007019111736,21000100,0.000702,20991200,0.000702,21000200
2022-12-15,0.0007060254673083334,21000100,0.000698,20991200,0.000698,21000200
2022-12-16,0.00063673331775,21000100,0.000626,20991200,0.000626,21000200
2022-12-17,0.0006243487125125,21000100,0.000633,20991200,0.000633,21000200
2022-12-18,0.0006294954694833334,21000100,0.000628,20991200,0.000628,21000200
2022-12-19,0.0005938354195333332,21000100,0.000592,20991200,0.000592,21000200
2022-12-20,0.0006101420010706264,21000100,0.000621,20991200,0.000621,21000200
2022-12-21,0.000595154317,21000100,0.000606,20991200,0.000606,21000200
2022-12-22,0.000614700933925,21000100,0.000611,20991200,0.000611,21000200
2022-12-23,0.0005947947551446861,21000100,0.000608,20991200,0.000608,21000200
2022-12-24,0.00060561839685,21000100,0.000603,20991200,0.000603,21000200
2022-12-25,0.0005948985443958333,21000100,0.000605,20991200,0.000605,21000200
2022-12-26,0.0006155459302375,21000100,0.000607,20991200,0.000607,21000200
2022-12-27,0.0006174191865333333,21000100,0.000602,20991200,0.000602,21000200
2022-12-28,0.0006631478210041667,21000100,0.000671,20991200,0.000671,21000200
2022-12-29,0.000463130660274506,21000100,0.000669,20991200,0.000669,21000200
2022-12-30,0.0006782476504500001,21000100,0.000692,20991200,0.000692,21000200
2022-12-31,0.0006190447095,21000100,0.000684,20991200,0.000684,21000200
2023-01-01,0.0006888866221791667,21000100,0.000689,20991200,0.000689,21000200
2023-01-02,0.0007063875,21000100,0.0007,20991200,0.0007,21000200
2023-01-03,0.0007065925692374999,21000100,0.000701,20991200,0.000701,21000200
2023-01-04,0.0007043692500000001,21000100,0.000698,20991200,0.000698,21000200
2023-01-05,0.00067393495415,21000100,0.000681,20991200,0.000681,21000200
2023-01-06,0.000689232375,21000100,0.000683,20991200,0.000683,21000200
2023-01-07,0.00068015025,21000100,0.000674,20991200,0.000674,21000200
2023-01-08,0.0007083937926,21000100,0.000702,20991200,0.000702,21000200
2023-01-09,0.0007438038261,21000100,0.000717,20991200,0.000717,21000200
2023-01-10,0.0007780353750000001,21000100,0.000771,20991200,0.000771,21000200
2023-01-11,0.0007412164274375,21000100,0.000755,20991200,0.000755,21000200
2023-01-12,0.0007665213108749998,21000100,0.000765,20991200,0.000765,21000200
2023-01-13,0.0008246462991249999,21000100,0.000807,20991200,0.000807,21000200
2023-01-14,0.00085953259405,21000100,0.000851,20991200,0.000851,21000200
2023-01-15,0.0008819828784,21000100,0.000864,20991200,0.000864,21000200
2023-01-16,0.0009013188926666666,21000100,0.000872,20991200,0.000872,21000200
2023-01-17,0.0009057535486875,21000100,0.000885,20991200,0.000885,21000200
2023-01-18,0.0008113365,21000100,0.000804,20991200,0.000804,21000200
2023-01-19,0.0008295007500000001,21000100,0.000822,20991200,0.000822,21000200
2023-01-20,0.0008851638397916667,21000100,0.000878,20991200,0.000878,21000200
2023-01-21,0.0008708748750000001,21000100,0.000863,20991200,0.000863,21000200
2023-01-22,0.0009002455989916665,21000100,0.000886,20991200,0.000886,21000200
2023-01-23,0.0009299486443708334,21000100,0.000911,20991200,0.000911,21000200
2023-01-24,0.0008906350422916666,21000100,0.000874,20991200,0.000874,21000200
2023-01-25,0.000917294625,21000100,0.000909,20991200,0.000909,21000200
2023-01-26,0.0009162855,21000100,0.000908,20991200,0.000908,21000200
2023-01-27,0.000984906,21000100,0.000976,20991200,0.000976,21000200
2023-01-28,0.0009474745487999999,21000100,0.000936,20991200,0.000936,21000200
2023-01-29,0.0009818786250000002,21000100,0.000973,20991200,0.000973,21000200
2023-01-30,0.0009501002811666666,21000100,0.000935,20991200,0.000935,21000200
2023-01-31,0.000945550125,21000100,0.000937,20991200,0.000937,21000200
2023-02-01,0.000971787375,21000100,0.000963,20991200,0.000963,21000200
2023-02-02,0.0009849242314166667,21000100,0.000967,20991200,0.000967,21000200
2023-02-03,0.001042780805925,21000100,0.001017,20991200,0.001017,21000200
2023-02-04,0.0010270352233541665,21000100,0.001009,20991200,0.001009,21000200
2023-02-05,0.0009886941535041667,21000100,0.000973,20991200,0.000973,21000200
2023-02-06,0.0010303712909708336,21000100,0.001007,20991200,0.001007,21000200
2023-02-07,0.0010656360000000002,21000100,0.001056,20991200,0.001056,21000200
2023-02-08,0.0010360758278,21000100,0.001014,20991200,0.001014,21000200
2023-02-09,0.0009001395000000001,21000100,0.000892,20991200,0.000892,21000200
2023-02-10,0.00087390225,21000100,0.000866,20991200,0.000866,21000200
2023-02-11,0.000907203375,21000100,0.000899,20991200,0.000899,21000200
2023-02-12,0.0008870208750000001,21000100,0.000879,20991200,0.000879,21000200
2023-02-13,0.000895093875,21000100,0.000887,20991200,0.000887,21000200
2023-02-14,0.0009364680000000001,21000100,0.000928,20991200,0.000928,21000200
2023-02-15,0.001002061125,21000100,0.000993,20991200,0.000993,21000200
2023-02-16,0.001046462625,21000100,0.001037,20991200,0.001037,21000200
2023-02-17,0.001102973625,21000100,0.001093,20991200,0.001093,21000200
2023-02-18,0.0011170772536000001,21000100,0.001106,20991200,0.001106,21000200
2023-02-19,0.0013199355,21000100,0.001308,20991200,0.001308,21000200
2023-02-20,0.0013310358750000001,21000100,0.001319,20991200,0.001319,21000200
2023-02-21,0.0012896617500000001,21000100,0.001278,20991200,0.001278,21000200
2023-02-22,0.00125355311505,21000100,0.001242,20991200,0.001242,21000200
2023-02-23,0.001251315,21000100,0.00124,20991200,0.00124,21000200
2023-02-24,0.00119682225,21000100,0.001186,20991200,0.001186,21000200
2023-02-25,0.001202877,21000100,0.001192,20991200,0.001192,21000200
2023-02-26,0.00121700475,21000100,0.001206,20991200,0.001206,21000200
2023-02-27,0.0012089317500000002,21000100,0.001198,20991200,0.001198,21000200
2023-02-28,0.0011504025,21000100,0.00114,20991200,0.00114,21000200
2023-03-01,0.0011907675,21000100,0.00118,20991200,0.00118,21000200
2023-03-02,0.00116856675,21000100,0.001158,20991200,0.001158,21000200
2023-03-03,0.0012102650451749999,21000100,0.001143,20991200,0.001143,21000200
2023-03-04,0.0010234171579583335,21000100,0.001054,20991200,0.001054,21000200
2023-03-05,0.0011296168509375,21000100,0.001095,20991200,0.001095,21000200
2023-03-06,0.0010250601649,21000100,0.001074,20991200,0.001074,21000200
2023-03-07,0.0010201687302333333,21000100,0.001018,20991200,0.001018,21000200
2023-03-08,0.0009481602748666665,21000100,0.000944,20991200,0.000944,21000200
2023-03-09,0.000912473123,21000100,0.00089,20991200,0.00089,21000200
2023-03-10,0.0008856273141333333,21000100,0.000892,20991200,0.000892,21000200
2023-03-11,0.000914215513525,21000100,0.000878,20991200,0.000878,21000200
2023-03-12,0.000979860375,21000100,0.000971,20991200,0.000971,21000200
2023-03-13,0.0010719500388125,21000100,0.001055,20991200,0.001055,21000200
2023-03-14,0.001117101375,21000100,0.001107,20991200,0.001107,21000200
2023-03-15,0.001010134125,21000100,0.001001,20991200,0.001001,21000200
2023-03-16,0.0010343531250000002,21000100,0.001025,20991200,0.001025,21000200
2023-03-17,0.0011559679733,21000100,0.001142,20991200,0.001142,21000200
2023-03-18,0.001111046625,21000100,0.001101,20991200,0.001101,21000200
2023-03-19,0.0011594846250000002,21000100,0.001149,20991200,0.001149,21000200
2023-03-20,0.001104991875,21000100,0.001095,20991200,0.001095,21000200
2023-03-21,0.0011127281666666667,21000100,0.001106,20991200,0.001106,21000200
2023-03-22,0.001041417,21000100,0.001032,20991200,0.001032,21000200
2023-03-23,0.0011201287500000002,21000100,0.00111,20991200,0.00111,21000200
2023-03-24,0.0010692105396250002,21000100,0.001065,20991200,0.001065,21000200
2023-03-25,0.0010393987500000002,21000100,0.00103,20991200,0.00103,21000200
2023-03-26,0.00106765425,21000100,0.001058,20991200,0.001058,21000200
2023-03-27,0.0010060754383125002,21000100,0.000999,20991200,0.000999,21000200
2023-03-28,0.001039805771,21000100,0.001031,20991200,0.001031,21000200
2023-03-29,0.0010805471855333333,21000100,0.001072,20991200,0.001072,21000200
2023-03-30,0.0010651151444916668,21000100,0.001066,20991200,0.001066,21000200
2023-03-31,0.0011110894755333332,21000100,0.001103,20991200,0.001103,21000200
2023-04-01,0.001125174375,21000100,0.001115,20991200,0.001115,21000200
2023-04-02,0.0010858185,21000100,0.001076,20991200,0.001076,21000200
2023-04-03,0.001089855,21000100,0.00108,20991200,0.00108,21000200
2023-04-04,0.00110398275,21000100,0.001094,20991200,0.001094,21000200
2023-04-05,0.0011191196250000001,21000100,0.001109,20991200,0.001109,21000200
2023-04-06,0.001089855,21000100,0.00108,20991200,0.00108,21000200
2023-04-07,0.0010666451250000001,21000100,0.001057,20991200,0.001057,21000200
2023-04-08,0.0010605903750000002,21000100,0.001051,20991200,0.001051,21000200
2023-04-09,0.0010777455,21000100,0.001068,20991200,0.001068,21000200
2023-04-10,0.0011201287500000002,21000100,0.00111,20991200,0.00111,21000200
2023-04-11,0.00115242075,21000100,0.001142,20991200,0.001142,21000200
2023-04-12,0.001127192625,21000100,0.001117,20991200,0.001117,21000200
2023-04-13,0.0011473751250000001,21000100,0.001137,20991200,0.001137,21000200
2023-04-14,0.0011736123750000001,21000100,0.001163,20991200,0.001163,21000200
2023-04-15,0.0011916038490583333,21000100,0.001166,20991200,0.001166,21000200
2023-04-16,0.0012405567979333334,21000100,0.001208,20991200,0.001208,21000200
2023-04-17,0.0012146409382500002,21000100,0.001185,20991200,0.001185,21000200
2023-04-18,0.0012308136907208335,21000100,0.001211,20991200,0.001211,21000200
2023-04-19,0.0011303860290208334,21000100,0.001115,20991200,0.001115,21000200
2023-04-20,0.00104949,21000100,0.00104,20991200,0.00104,21000200
2023-04-21,0.0009929790000000002,21000100,0.000984,20991200,0.000984,21000200
2023-04-22,0.0010252710000000001,21000100,0.001016,20991200,0.001016,21000200
2023-04-23,0.00100710675,21000100,0.000998,20991200,0.000998,21000200
2023-04-24,0.001026280125,21000100,0.001017,20991200,0.001017,21000200
2023-04-25,0.001014170625,21000100,0.001005,20991200,0.001005,21000200
2023-04-26,0.000979860375,21000100,0.000971,20991200,0.000971,21000200
2023-04-27,0.0010081158750000002,21000100,0.000999,20991200,0.000999,21000200
2023-04-28,0.00098692425,21000100,0.000978,20991200,0.000978,21000200
2023-04-29,0.000984906,21000100,0.000976,20991200,0.000976,21000200
2023-04-30,0.0009536231250000001,21000100,0.000945,20991200,0.000945,21000200
2023-05-01,0.000921331125,21000100,0.000913,20991200,0.000913,21000200
2023-05-02,0.0009324315,21000100,0.000924,20991200,0.000924,21000200
2023-05-03,0.0009596778750000001,21000100,0.000951,20991200,0.000951,21000200
2023-05-04,0.00093829785525,21000100,0.00093,20991200,0.00093,21000200
2023-05-05,0.0009606870000000001,21000100,0.000952,20991200,0.000952,21000200
2023-05-06,0.00091830375,21000100,0.00091,20991200,0.00091,21000200
2023-05-07,0.00089004825,21000100,0.000882,20991200,0.000882,21000200
2023-05-08,0.0008325281250000001,21000100,0.000825,20991200,0.000825,21000200
2023-05-09,0.0008283865445916667,21000100,0.000826,20991200,0.000826,21000200
2023-05-10,0.0008639128321708332,21000100,0.000859,20991200,0.000859,21000200
2023-05-11,0.0008229731789999999,21000100,0.000816,20991200,0.000816,21000200
2023-05-12,0.0008384525403333333,21000100,0.000833,20991200,0.000833,21000200
2023-05-13,0.0008310954296666666,21000100,0.000824,20991200,0.000824,21000200
2023-05-14,0.0008464741755666667,21000100,0.000839,20991200,0.000839,21000200
2023-05-15,0.0008538513900583334,21000100,0.000847,20991200,0.000847,21000200
2023-05-16,0.000866838375,21000100,0.000859,20991200,0.000859,21000200
2023-05-17,0.0008929345707500001,21000100,0.000885,20991200,0.000885,21000200
2023-05-18,0.0008732450052666667,21000100,0.000872,20991200,0.000872,21000200
2023-05-19,0.0008781552069333332,21000100,0.000871,20991200,0.000871,21000200
2023-05-20,0.0008688649748000001,21000100,0.000867,20991200,0.000867,21000200
2023-05-21,0.0008433726909666667,21000100,0.000836,20991200,0.000836,21000200
2023-05-22,0.000848674125,21000100,0.000841,20991200,0.000841,21000200
2023-05-23,0.0008708748750000001,21000100,0.000863,20991200,0.000863,21000200
2023-05-24,0.0008466558750000001,21000100,0.000839,20991200,0.000839,21000200
2023-05-25,0.0008466558750000001,21000100,0.000839,20991200,0.000839,21000200
2023-05-26,0.0008456467500000001,21000100,0.000838,20991200,0.000838,21000200
2023-05-27,0.000862801875,21000100,0.000855,20991200,0.000855,21000200
2023-05-28,0.000895093875,21000100,0.000887,20991200,0.000887,21000200
2023-05-29,0.000885002625,21000100,0.000877,20991200,0.000877,21000200
2023-05-30,0.00088803,21000100,0.00088,20991200,0.00088,21000200
2023-05-31,0.000862801875,21000100,0.000855,20991200,0.000855,21000200
2023-06-01,0.000863811,21000100,0.000856,20991200,0.000856,21000200
2023-06-02,0.0008759205,21000100,0.000868,20991200,0.000868,21000200
2023-06-03,0.0008829843750000001,21000100,0.000875,20991200,0.000875,21000200
2023-06-04,0.0008728931250000001,21000100,0.000865,20991200,0.000865,21000200
2023-06-05,0.0007871175,21000100,0.00078,20991200,0.00078,21000200
2023-06-06,0.0008117487177583334,21000100,0.000806,20991200,0.000806,21000200
2023-06-07,0.0007753720569,21000100,0.000774,20991200,0.000774,21000200
2023-06-08,0.0007799934496499999,21000100,0.000774,20991200,0.000774,21000200
2023-06-09,0.000767944125,21000100,0.000761,20991200,0.000761,21000200
2023-06-10,0.000635048169,21000100,0.00063,20991200,0.00063,21000200
2023-06-11,0.0006270295378583334,21000100,0.000626,20991200,0.000626,21000200
2023-06-12,0.0006589586250000001,21000100,0.000653,20991200,0.000653,21000200
2023-06-13,0.0006588117607679737,21000100,0.000661,20991200,0.000661,21000200
2023-06-14,0.0006555828462249999,21000100,0.000654,20991200,0.000654,21000200
2023-06-15,0.0006683686590749999,21000100,0.000663,20991200,0.000663,21000200
2023-06-16,0.000663936093742417,21000100,0.000667,20991200,0.000667,21000200
2023-06-17,0.0006821685,21000100,0.000676,20991200,0.000676,21000200
2023-06-18,0.0006708921493750001,21000100,0.000665,20991200,0.000665,21000200
2023-06-19,0.0006833557747874999,21000100,0.000681,20991200,0.000681,21000200
2023-06-20,0.000698899674931169,21000100,0.000703,20991200,0.000703,21000200
2023-06-21,0.0007516104967500001,21000100,0.000745,20991200,0.000745,21000200
2023-06-22,0.00076088025,21000100,0.000754,20991200,0.000754,21000200
2023-06-23,0.000800236125,21000100,0.000793,20991200,0.000793,21000200
2023-06-24,0.000804272625,21000100,0.000797,20991200,0.000797,21000200
2023-06-25,0.00081335475,21000100,0.000806,20991200,0.000806,21000200
2023-06-26,0.0007931722500000001,21000100,0.000786,20991200,0.000786,21000200
2023-06-27,0.0008073,21000100,0.0008,20991200,0.0008,21000200
2023-06-28,0.000753816375,21000100,0.000747,20991200,0.000747,21000200
2023-06-29,0.0007588189271,21000100,0.000754,20991200,0.000754,21000200
2023-06-30,0.0008015134807333334,21000100,0.000796,20991200,0.000796,21000200
2023-07-01,0.00081335475,21000100,0.000806,20991200,0.000806,21000200
2023-07-02,0.0008052817500000001,21000100,0.000798,20991200,0.000798,21000200
2023-07-03,0.00084161025,21000100,0.000834,20991200,0.000834,21000200
2023-07-04,0.000839592,21000100,0.000832,20991200,0.000832,21000200
2023-07-05,0.000814363875,21000100,0.000807,20991200,0.000807,21000200
2023-07-06,0.000784090125,21000100,0.000777,20991200,0.000777,21000200
2023-07-07,0.00079720875,21000100,0.00079,20991200,0.00079,21000200
2023-07-08,0.0007891357500000001,21000100,0.000782,20991200,0.000782,21000200
2023-07-09,0.0007718881875833333,21000100,0.00077,20991200,0.00077,21000200
2023-07-10,0.0007710057050916668,21000100,0.000773,20991200,0.000773,21000200
2023-07-11,0.0007716372333749999,21000100,0.000766,20991200,0.000766,21000200
2023-07-12,0.0007667223528749999,21000100,0.000765,20991200,0.000765,21000200
2023-07-13,0.0008335434617625,21000100,0.000827,20991200,0.000827,21000200
2023-07-14,0.0008184003750000001,21000100,0.000811,20991200,0.000811,21000200
2023-07-15,0.0008254642500000001,21000100,0.000818,20991200,0.000818,21000200
2023-07-16,0.0007931722500000001,21000100,0.000786,20991200,0.000786,21000200
2023-07-17,0.0008254642500000001,21000100,0.000818,20991200,0.000818,21000200
2023-07-18,0.0007921631250000001,21000100,0.000785,20991200,0.000785,21000200
2023-07-19,0.0007850992500000001,21000100,0.000778,20991200,0.000778,21000200
2023-07-20,0.0007951905,21000100,0.000788,20991200,0.000788,21000200
2023-07-21,0.000794181375,21000100,0.000787,20991200,0.000787,21000200
2023-07-22,0.000786108375,21000100,0.000779,20991200,0.000779,21000200
2023-07-23,0.0007631269473041667,21000100,0.000763,20991200,0.000763,21000200
2023-07-24,0.0007060035110926937,21000100,0.000711,20991200,0.000711,21000200
2023-07-25,0.0006963625854321589,21000100,0.000702,20991200,0.000702,21000200
2023-07-26,0.0007244558049541666,21000100,0.000719,20991200,0.000719,21000200
2023-07-27,0.0007447342500000001,21000100,0.000738,20991200,0.000738,21000200
2023-07-28,0.000758862,21000100,0.000752,20991200,0.000752,21000200
2023-07-29,0.0007528072500000001,21000100,0.000746,20991200,0.000746,21000200
2023-07-30,0.000745743375,21000100,0.000739,20991200,0.000739,21000200
2023-07-31,0.000743725125,21000100,0.000737,20991200,0.000737,21000200
2023-08-01,0.0007628985000000001,21000100,0.000756,20991200,0.000756,21000200
2023-08-02,0.000763907625,21000100,0.000757,20991200,0.000757,21000200
2023-08-03,0.0007628985000000001,21000100,0.000756,20991200,0.000756,21000200
2023-08-04,0.000759871125,21000100,0.000753,20991200,0.000753,21000200
2023-08-05,0.000758862,21000100,0.000752,20991200,0.000752,21000200
2023-08-06,0.0007850992500000001,21000100,0.000778,20991200,0.000778,21000200
2023-08-07,0.0007931722500000001,21000100,0.000786,20991200,0.000786,21000200
2023-08-08,0.0007871175,21000100,0.00078,20991200,0.00078,21000200
2023-08-09,0.000784090125,21000100,0.000777,20991200,0.000777,21000200
2023-08-10,0.000782071875,21000100,0.000775,20991200,0.000775,21000200
2023-08-11,0.0007871175,21000100,0.00078,20991200,0.00078,21000200
2023-08-12,0.000796199625,21000100,0.000789,20991200,0.000789,21000200
2023-08-13,0.0007921631250000001,21000100,0.000785,20991200,0.000785,21000200
2023-08-14,0.0007881266250000001,21000100,0.000781,20991200,0.000781,21000200
2023-08-15,0.00073804142235,21000100,0.000734,20991200,0.000734,21000200
2023-08-16,0.0007176764289,21000100,0.000712,20991200,0.000712,21000200
2023-08-17,0.0006536242485,21000100,0.000648,20991200,0.000648,21000200
2023-08-18,0.0006673675922,21000100,0.000664,20991200,0.000664,21000200
2023-08-19,0.0006778217208,21000100,0.000672,20991200,0.000672,21000200
2023-08-20,0.0006728486006166666,21000100,0.000667,20991200,0.000667,21000200
2023-08-21,0.000661986,21000100,0.000656,20991200,0.000656,21000200
2023-08-22,0.000656940375,21000100,0.000651,20991200,0.000651,21000200
2023-08-23,0.000665013375,21000100,0.000659,20991200,0.000659,21000200
2023-08-24,0.0006275719192708333,21000100,0.000625,20991200,0.000625,21000200
2023-08-25,0.0006234292080625001,21000100,0.000623,20991200,0.000623,21000200
2023-08-26,0.0006252523004,21000100,0.000624,20991200,0.000624,21000200
2023-08-27,0.000636757875,21000100,0.000631,20991200,0.000631,21000200
2023-08-28,0.000636757875,21000100,0.000631,20991200,0.000631,21000200
2023-08-29,0.00066318248975,21000100,0.00066,20991200,0.00066,21000200
2023-08-30,0.0006522360465041666,21000100,0.000649,20991200,0.000649,21000200
2023-08-31,0.00063574875,21000100,0.00063,20991200,0.00063,21000200
2023-09-01,0.00061369377885,21000100,0.000612,20991200,0.000612,21000200
2023-09-02,0.0006183691829,21000100,0.000618,20991200,0.000618,21000200
2023-09-03,0.00060909661845,21000100,0.000612,20991200,0.000612,21000200
2023-09-04,0.0006029744935666667,21000100,0.000604,20991200,0.000604,21000200
2023-09-05,0.0006151889650833333,21000100,0.000611,20991200,0.000611,21000200
2023-09-06,0.0006167901695,21000100,0.000614,20991200,0.000614,21000200
2023-09-07,0.0006307031250000001,21000100,0.000625,20991200,0.000625,21000200
2023-09-08,0.0006266679259916667,21000100,0.000622,20991200,0.000622,21000200
2023-09-09,0.0006386947584999999,21000100,0.000636,20991200,0.000636,21000200
2023-09-10,0.0006182204823666666,21000100,0.000616,20991200,0.000616,21000200
2023-09-11,0.000589441675875,21000100,0.000585,20991200,0.000585,21000200
2023-09-12,0.000585256036225,21000100,0.000589,20991200,0.000589,21000200
2023-09-13,0.0006148546977083332,21000100,0.00061,20991200,0.00061,21000200
2023-09-14,0.0006168311509500001,21000100,0.000612,20991200,0.000612,21000200
2023-09-15,0.0006220273262833334,21000100,0.000617,20991200,0.000617,21000200
2023-09-16,0.0006309256112666667,21000100,0.000628,20991200,0.000628,21000200
2023-09-17,0.000595006540425,21000100,0.000594,20991200,0.000594,21000200
2023-09-18,0.0006000289442666667,21000100,0.000601,20991200,0.000601,21000200
2023-09-19,0.0006247881175916668,21000100,0.000622,20991200,0.000622,21000200
2023-09-20,0.0006317122500000001,21000100,0.000626,20991200,0.000626,21000200
2023-09-21,0.000614557125,21000100,0.000609,20991200,0.000609,21000200
2023-09-22,0.00061960275,21000100,0.000614,20991200,0.000614,21000200
2023-09-23,0.0006194303720583333,21000100,0.000614,20991200,0.000614,21000200
2023-09-24,0.0006072627166083333,21000100,0.000602,20991200,0.000602,21000200
2023-09-25,0.0006098990026249999,21000100,0.000605,20991200,0.000605,21000200
2023-09-26,0.000588829262175,21000100,0.000594,20991200,0.000594,21000200
2023-09-27,0.000575987759521096,21000100,0.000582,20991200,0.000582,21000200
2023-09-28,0.0006072214995,21000100,0.000605,20991200,0.000605,21000200
2023-09-29,0.00061152975,21000100,0.000606,20991200,0.000606,21000200
2023-09-30,0.00061556625,21000100,0.00061,20991200,0.00061,21000200
2023-10-01,0.000650885625,21000100,0.000645,20991200,0.000645,21000200
2023-10-02,0.000624648375,21000100,0.000619,20991200,0.000619,21000200
2023-10-03,0.0006091106686999999,21000100,0.000606,20991200,0.000606,21000200
2023-10-04,0.0006086818762500001,21000100,0.000612,20991200,0.000612,21000200
2023-10-05,0.0006058515006833333,21000100,0.000602,20991200,0.000602,21000200
2023-10-06,0.000612538875,21000100,0.000607,20991200,0.000607,21000200
2023-10-07,0.000612538875,21000100,0.000607,20991200,0.000607,21000200
2023-10-08,0.000614557125,21000100,0.000609,20991200,0.000609,21000200
2023-10-09,0.0005889905386833334,21000100,0.000586,20991200,0.000586,21000200
2023-10-10,0.0005765194695916667,21000100,0.000577,20991200,0.000577,21000200
2023-10-11,0.0005714660957125001,21000100,0.000573,20991200,0.000573,21000200
2023-10-12,0.0005788062580208334,21000100,0.000575,20991200,0.000575,21000200
2023-10-13,0.0005768772897686471,21000100,0.000584,20991200,0.000584,21000200
2023-10-14,0.0005850417678416667,21000100,0.000589,20991200,0.000589,21000200
2023-10-15,0.000606484125,21000100,0.000601,20991200,0.000601,21000200
2023-10-16,0.0006407760261458333,21000100,0.000635,20991200,0.000635,21000200
2023-10-17,0.0006178192808458334,21000100,0.000613,20991200,0.000613,21000200
2023-10-18,0.0006185936250000001,21000100,0.000613,20991200,0.000613,21000200
2023-10-19,0.0006032385447666666,21000100,0.000602,20991200,0.000602,21000200
2023-10-20,0.0006307031250000001,21000100,0.000625,20991200,0.000625,21000200
2023-10-21,0.000650885625,21000100,0.000645,20991200,0.000645,21000200
2023-10-22,0.000654922125,21000100,0.000649,20991200,0.000649,21000200
2023-10-23,0.000693268875,21000100,0.000687,20991200,0.000687,21000200
2023-10-24,0.0007114331250000001,21000100,0.000705,20991200,0.000705,21000200
2023-10-25,0.000727579125,21000100,0.000721,20991200,0.000721,21000200
2023-10-26,0.000727579125,21000100,0.000721,20991200,0.000721,21000200
2023-10-27,0.0007189957530333332,21000100,0.000712,20991200,0.000712,21000200
2023-10-28,0.00073262475,21000100,0.000726,20991200,0.000726,21000200
2023-10-29,0.0007511187191,21000100,0.000744,20991200,0.000744,21000200
2023-10-30,0.0007578528750000001,21000100,0.000751,20991200,0.000751,21000200
2023-10-31,0.000742716,21000100,0.000736,20991200,0.000736,21000200
2023-11-01,0.0007810627499999999,21000100,0.000774,20991200,0.000774,21000200
2023-11-02,0.0007760171250000001,21000100,0.000769,20991200,0.000769,21000200
2023-11-03,0.000791154,21000100,0.000784,20991200,0.000784,21000200
2023-11-04,0.0008052817500000001,21000100,0.000798,20991200,0.000798,21000200
2023-11-05,0.0008163821250000001,21000100,0.000809,20991200,0.000809,21000200
2023-11-06,0.0008448213431166667,21000100,0.000836,20991200,0.000836,21000200
2023-11-07,0.0008325281250000001,21000100,0.000825,20991200,0.000825,21000200
2023-11-08,0.0008411481526291667,21000100,0.000833,20991200,0.000833,21000200
2023-11-09,0.0008507074232769877,21000100,0.000832,20991200,0.000832,21000200
2023-11-10,0.0008759205,21000100,0.000868,20991200,0.000868,21000200
2023-11-11,0.0008970029896666668,21000100,0.00088,20991200,0.00088,21000200
2023-11-12,0.0008982806639857016,21000100,0.000877,20991200,0.000877,21000200
2023-11-13,0.0008460564932536691,21000100,0.000825,20991200,0.000825,21000200
2023-11-14,0.0008241919849625,21000100,0.000813,20991200,0.000813,21000200
2023-11-15,0.0008631573711708335,21000100,0.000853,20991200,0.000853,21000200
2023-11-16,0.0008284274641041666,21000100,0.000817,20991200,0.000817,21000200
2023-11-17,0.0008331949284749999,21000100,0.000819,20991200,0.000819,21000200
2023-11-18,0.0008130483564583335,21000100,0.000805,20991200,0.000805,21000200
2023-11-19,0.0008236299976458332,21000100,0.000815,20991200,0.000815,21000200
2023-11-20,0.0008140192032291667,21000100,0.000805,20991200,0.000805,21000200
2023-11-21,0.000733633875,21000100,0.000727,20991200,0.000727,21000200
2023-11-22,0.000791154,21000100,0.000784,20991200,0.000784,21000200
2023-11-23,0.0007982178750000001,21000100,0.000791,20991200,0.000791,21000200
2023-11-24,0.0008335372500000001,21000100,0.000826,20991200,0.000826,21000200
2023-11-25,0.0008527106250000001,21000100,0.000845,20991200,0.000845,21000200
2023-11-26,0.000839592,21000100,0.000832,20991200,0.000832,21000200
2023-11-27,0.0008284916250000001,21000100,0.000821,20991200,0.000821,21000200
2023-11-28,0.0008498334285000001,21000100,0.00084,20991200,0.00084,21000200
2023-11-29,0.00085775625,21000100,0.00085,20991200,0.00085,21000200
2023-11-30,0.000850692375,21000100,0.000843,20991200,0.000843,21000200
2023-12-01,0.0008658292500000001,21000100,0.000858,20991200,0.000858,21000200
2023-12-02,0.0008841961231499999,21000100,0.000873,20991200,0.000873,21000200
2023-12-03,0.0008940773349958332,21000100,0.000877,20991200,0.000877,21000200
2023-12-04,0.0009151486532583333,21000100,0.000898,20991200,0.000898,21000200
2023-12-05,0.0009439715549249999,21000100,0.000918,20991200,0.000918,21000200
2023-12-06,0.0009638823308249999,21000100,0.000953,20991200,0.000953,21000200
2023-12-07,0.0009465288293083334,21000100,0.000937,20991200,0.000937,21000200
2023-12-08,0.001011723667550568,21000100,0.000982,20991200,0.000982,21000200
2023-12-09,0.0010232258296849189,21000100,0.00099,20991200,0.00099,21000200
2023-12-10,0.0010674112961666668,21000100,0.001048,20991200,0.001048,21000200
2023-12-11,0.0010707916048541667,21000100,0.001055,20991200,0.001055,21000200
2023-12-12,0.0010607864085416666,21000100,0.001046,20991200,0.001046,21000200
2023-12-13,0.0010493250033333332,21000100,0.001028,20991200,0.001028,21000200
2023-12-14,0.0011787431040000001,21000100,0.001155,20991200,0.001155,21000200
2023-12-15,0.0011528457909778169,21000100,0.001112,20991200,0.001112,21000200
2023-12-16,0.0011396392719833334,21000100,0.001118,20991200,0.001118,21000200
2023-12-17,0.00107288258,21000100,0.00105,20991200,0.00105,21000200
2023-12-18,0.0010620861538208333,21000100,0.001051,20991200,0.001051,21000200
2023-12-19,0.001016188875,21000100,0.001007,20991200,0.001007,21000200
2023-12-20,0.001080772875,21000100,0.001071,20991200,0.001071,21000200
2023-12-21,0.0011314827998000002,21000100,0.001101,20991200,0.001101,21000200
2023-12-22,0.0012371113042416667,21000100,0.001193,20991200,0.001193,21000200
2023-12-23,0.0012150752328000001,21000100,0.001188,20991200,0.001188,21000200
2023-12-24,0.0014073471389833333,21000100,0.001372,20991200,0.001372,21000200
2023-12-25,0.0014650954195333334,21000100,0.001418,20991200,0.001418,21000200
2023-12-26,0.0015374245323920115,21000100,0.001473,20991200,0.001473,21000200
2023-12-27,0.00150315965125,21000100,0.001455,20991200,0.001455,21000200
2023-12-28,0.0013910089287499999,21000100,0.00133,20991200,0.00133,21000200
2023-12-29,0.0014203184718458335,21000100,0.001363,20991200,0.001363,21000200
2023-12-30,0.0013847901655624998,21000100,0.001335,20991200,0.001335,21000200
2023-12-31,0.0013736444666666665,21000100,0.001328,20991200,0.001328,21000200
2024-01-01,0.0014145713599875,21000100,0.001353,20991200,0.001353,21000200
2024-01-02,0.0014157419347374997,21000100,0.001357,20991200,0.001357,21000200
2024-01-03,0.0012110161841750002,21000100,0.001182,20991200,0.001182,21000200
2024-01-04,0.00122104125,21000100,0.00121,20991200,0.00121,21000200
2024-01-05,0.001162512,21000100,0.001152,20991200,0.001152,21000200
2024-01-06,0.001129210875,21000100,0.001119,20991200,0.001119,21000200
2024-01-07,0.0010666451250000001,21000100,0.001057,20991200,0.001057,21000200
2024-01-08,0.0011332473750000002,21000100,0.001123,20991200,0.001123,21000200
2024-01-09,0.0010535265000000001,21000100,0.001044,20991200,0.001044,21000200
2024-01-10,0.001194804,21000100,0.001184,20991200,0.001184,21000200
2024-01-11,0.00120489525,21000100,0.001194,20991200,0.001194,21000200
2024-01-12,0.0011544390000000002,21000100,0.001144,20991200,0.001144,21000200
2024-01-13,0.001177648875,21000100,0.001167,20991200,0.001167,21000200
2024-01-14,0.001127192625,21000100,0.001117,20991200,0.001117,21000200
2024-01-15,0.00114434775,21000100,0.001134,20991200,0.001134,21000200
2024-01-16,0.001162512,21000100,0.001152,20991200,0.001152,21000200
2024-01-17,0.001157466375,21000100,0.001147,20991200,0.001147,21000200
2024-01-18,0.00108380025,21000100,0.001074,20991200,0.001074,21000200
2024-01-19,0.0010656360000000002,21000100,0.001056,20991200,0.001056,21000200
2024-01-20,0.00107169075,21000100,0.001062,20991200,0.001062,21000200
2024-01-21,0.001062608625,21000100,0.001053,20991200,0.001053,21000200
2024-01-22,0.001001052,21000100,0.000992,20991200,0.000992,21000200
2024-01-23,0.0009859151250000001,21000100,0.000977,20991200,0.000977,21000200
2024-01-24,0.0009889425,21000100,0.00098,20991200,0.00098,21000200
2024-01-25,0.00098288775,21000100,0.000974,20991200,0.000974,21000200
2024-01-26,0.0010192162500000002,21000100,0.00101,20991200,0.00101,21000200
2024-01-27,0.001041417,21000100,0.001032,20991200,0.001032,21000200
2024-01-28,0.001016188875,21000100,0.001007,20991200,0.001007,21000200
2024-01-29,0.001042426125,21000100,0.001033,20991200,0.001033,21000200
2024-01-30,0.0010343531250000002,21000100,0.001025,20991200,0.001025,21000200
2024-01-31,0.001009125,21000100,0.001,20991200,0.001,21000200
2024-02-01,0.0010121523750000001,21000100,0.001003,20991200,0.001003,21000200
2024-02-02,0.001026280125,21000100,0.001017,20991200,0.001017,21000200
2024-02-03,0.001004079375,21000100,0.000995,20991200,0.000995,21000200
2024-02-04,0.000965732625,21000100,0.000957,20991200,0.000957,21000200
2024-02-05,0.000955641375,21000100,0.000947,20991200,0.000947,21000200
2024-02-06,0.0009667417500000001,21000100,0.000958,20991200,0.000958,21000200
2024-02-07,0.00100307025,21000100,0.000994,20991200,0.000994,21000200
2024-02-08,0.0010272892500000001,21000100,0.001018,20991200,0.001018,21000200
2024-02-09,0.001038389625,21000100,0.001029,20991200,0.001029,21000200
2024-02-10,0.001036371375,21000100,0.001027,20991200,0.001027,21000200
2024-02-11,0.0010313257499999999,21000100,0.001022,20991200,0.001022,21000200
2024-02-12,0.0010938915,21000100,0.001084,20991200,0.001084,21000200
2024-02-13,0.0011124986497,21000100,0.001096,20991200,0.001096,21000200
2024-02-14,0.0011755072848,21000100,0.001152,20991200,0.001152,21000200
2024-02-15,0.001282012746908333,21000100,0.001259,20991200,0.001259,21000200
2024-02-16,0.00131446663095,21000100,0.001276,20991200,0.001276,21000200
2024-02-17,0.0013380660845625,21000100,0.001305,20991200,0.001305,21000200
2024-02-18,0.0013536251881666667,21000100,0.001315,20991200,0.001315,21000200
2024-02-19,0.0013872702922500002,21000100,0.00134,20991200,0.00134,21000200
2024-02-20,0.00136553386165,21000100,0.001316,20991200,0.001316,21000200
2024-02-21,0.001345163625,21000100,0.001333,20991200,0.001333,21000200
2024-02-22,0.0014609305670666665,21000100,0.001441,20991200,0.001441,21000200
2024-02-23,0.0014458845457708334,21000100,0.001405,20991200,0.001405,21000200
2024-02-24,0.0014703656711583333,21000100,0.001438,20991200,0.001438,21000200
2024-02-25,0.00149033950075,21000100,0.001455,20991200,0.001455,21000200
2024-02-26,0.0016223251434999998,21000100,0.001553,20991200,0.001553,21000200
2024-02-27,0.001779712116601751,21000100,0.001683,20991200,0.001683,21000200
2024-02-28,0.0018646210886458334,21000100,0.001775,20991200,0.001775,21000200
2024-02-29,0.001807398087375,21000100,0.00171,20991200,0.00171,21000200
2024-03-01,0.0019693554875166667,21000100,0.001862,20991200,0.001862,21000200
2024-03-02,0.002166319986049331,21000100,0.002027,20991200,0.002027,21000200
2024-03-03,0.002132484637780102,21000100,0.001989,20991200,0.001989,21000200
2024-03-04,0.0025837741713666666,21000100,0.002441,20991200,0.002441,21000200
2024-03-05,0.002273440771201249,21000100,0.002108,20991200,0.002108,21000200
2024-03-06,0.0022499776630125,21000100,0.002187,20991200,0.002187,21000200
2024-03-07,0.002286807699375,21000100,0.002213,20991200,0.002213,21000200
2024-03-08,0.0023362644360499997,21000100,0.002202,20991200,0.002202,21000200
2024-03-09,0.002338307904825,21000100,0.002187,20991200,0.002187,21000200
2024-03-10,0.0022055309709,21000100,0.002088,20991200,0.002088,21000200
2024-03-11,0.0023677684475375002,21000100,0.002229,20991200,0.002229,21000200
2024-03-12,0.0023786589362,21000100,0.002256,20991200,0.002256,21000200
2024-03-13,0.0024031300330833332,21000100,0.00227,20991200,0.00227,21000200
2024-03-14,0.002269591722970833,21000100,0.002147,20991200,0.002147,21000200
2024-03-15,0.002143409189541667,21000100,0.00203,20991200,0.00203,21000200
2024-03-16,0.0018695521578541666,21000100,0.001811,20991200,0.001811,21000200
2024-03-17,0.0019152943141041668,21000100,0.001885,20991200,0.001885,21000200
2024-03-18,0.0018214389184875,21000100,0.001781,20991200,0.001781,21000200
2024-03-19,0.0016020083494999997,21000100,0.001578,20991200,0.001578,21000200
2024-03-20,0.0018231228408958334,21000100,0.001795,20991200,0.001795,21000200
2024-03-21,0.001820290375925,21000100,0.001801,20991200,0.001801,21000200
2024-03-22,0.001783005939,21000100,0.001755,20991200,0.001755,21000200
2024-03-23,0.0018123969223875001,21000100,0.001779,20991200,0.001779,21000200
2024-03-24,0.002008534206683333,21000100,0.001982,20991200,0.001982,21000200
2024-03-25,0.002016469861525,21000100,0.001974,20991200,0.001974,21000200
2024-03-26,0.002084935578866667,21000100,0.002027,20991200,0.002027,21000200
2024-03-27,0.002057518035833333,21000100,0.001969,20991200,0.001969,21000200
2024-03-28,0.00211118012715,21000100,0.002003,20991200,0.002003,21000200
2024-03-29,0.0020757995114041665,21000100,0.001979,20991200,0.001979,21000200
2024-03-30,0.001960410951675,21000100,0.001887,20991200,0.001887,21000200
2024-03-31,0.0020113358148125,21000100,0.001941,20991200,0.001941,21000200
2024-04-01,0.0019266807959749997,21000100,0.001833,20991200,0.001833,21000200
2024-04-02,0.0017385728748166665,21000100,0.001691,20991200,0.001691,21000200
2024-04-03,0.0017223255331000002,21000100,0.001704,20991200,0.001704,21000200
2024-04-04,0.0017824886131249998,21000100,0.001749,20991200,0.001749,21000200
2024-04-05,0.0017432640450583334,21000100,0.001723,20991200,0.001723,21000200
2024-04-06,0.0017857026200749997,21000100,0.001767,20991200,0.001767,21000200
2024-04-07,0.00187021051275,21000100,0.001843,20991200,0.001843,21000200
2024-04-08,0.0020358509083333335,21000100,0.002,20991200,0.002,21000200
2024-04-09,0.0019182011754625,21000100,0.001887,20991200,0.001887,21000200
2024-04-10,0.0018861274313583334,21000100,0.001862,20991200,0.001862,21000200
2024-04-11,0.001875963375,21000100,0.001859,20991200,0.001859,21000200
2024-04-12,0.0014666532922916664,21000100,0.00145,20991200,0.00145,21000200
2024-04-13,0.001232141625,21000100,0.001221,20991200,0.001221,21000200
2024-04-14,0.0013463717529166666,21000100,0.001339,20991200,0.001339,21000200
2024-04-15,0.00129773475,21000100,0.001286,20991200,0.001286,21000200
2024-04-16,0.001310853375,21000100,0.001299,20991200,0.001299,21000200
2024-04-17,0.00127351575,21000100,0.001262,20991200,0.001262,21000200
2024-04-18,0.001310853375,21000100,0.001299,20991200,0.001299,21000200
2024-04-19,0.001326999375,21000100,0.001315,20991200,0.001315,21000200
2024-04-20,0.001454149125,21000100,0.001441,20991200,0.001441,21000200
2024-04-21,0.001423875375,21000100,0.001411,20991200,0.001411,21000200
2024-04-22,0.0014662586250000001,21000100,0.001453,20991200,0.001453,21000200
2024-04-23,0.00146726775,21000100,0.001454,20991200,0.001454,21000200
2024-04-24,0.00138250125,21000100,0.00137,20991200,0.00137,21000200
2024-04-25,0.0013788521225833333,21000100,0.001369,20991200,0.001369,21000200
2024-04-26,0.0013318753785583335,21000100,0.001322,20991200,0.001322,21000200
2024-04-27,0.001332045,21000100,0.00132,20991200,0.00132,21000200
2024-04-28,0.0012964344471416667,21000100,0.001289,20991200,0.001289,21000200
2024-04-29,0.0012943184408541668,21000100,0.001289,20991200,0.001289,21000200
2024-04-30,0.001239787428675,21000100,0.001233,20991200,0.001233,21000200
2024-05-01,0.0012169494948999998,21000100,0.001212,20991200,0.001212,21000200
2024-05-02,0.001256360625,21000100,0.001245,20991200,0.001245,21000200
2024-05-03,0.001337090625,21000100,0.001325,20991200,0.001325,21000200
2024-05-04,0.0013139650534999998,21000100,0.00132,20991200,0.00132,21000200
2024-05-05,0.0013508802097083334,21000100,0.001342,20991200,0.001342,21000200
2024-05-06,0.0013209446250000002,21000100,0.001309,20991200,0.001309,21000200
2024-05-07,0.001292689125,21000100,0.001281,20991200,0.001281,21000200
2024-05-08,0.001288652625,21000100,0.001277,20991200,0.001277,21000200
2024-05-09,0.0013572731250000001,21000100,0.001345,20991200,0.001345,21000200
2024-05-10,0.0012957165,21000100,0.001284,20991200,0.001284,21000200
2024-05-11,0.0012614062500000002,21000100,0.00125,20991200,0.00125,21000200
2024-05-12,0.00122692631095,21000100,0.001234,20991200,0.001234,21000200
2024-05-13,0.0012433290535333332,21000100,0.001238,20991200,0.001238,21000200
2024-05-14,0.0012018250193250003,21000100,0.001198,20991200,0.001198,21000200
2024-05-15,0.0013074487506000002,21000100,0.001296,20991200,0.001296,21000200
2024-05-16,0.00131388075,21000100,0.001302,20991200,0.001302,21000200
2024-05-17,0.001343145375,21000100,0.001331,20991200,0.001331,21000200
2024-05-18,0.001353236625,21000100,0.001341,20991200,0.001341,21000200
2024-05-19,0.0013078260000000002,21000100,0.001296,20991200,0.001296,21000200
2024-05-20,0.0014359848750000001,21000100,0.001423,20991200,0.001423,21000200
2024-05-21,0.0014359848750000001,21000100,0.001423,20991200,0.001423,21000200
2024-05-22,0.00141882975,21000100,0.001406,20991200,0.001406,21000200
2024-05-23,0.001391583375,21000100,0.001379,20991200,0.001379,21000200
2024-05-24,0.0014006655,21000100,0.001388,20991200,0.001388,21000200
2024-05-25,0.001415802375,21000100,0.001403,20991200,0.001403,21000200
2024-05-26,0.0013814921250000002,21000100,0.001369,20991200,0.001369,21000200
2024-05-27,0.0014249466074374999,21000100,0.001407,20991200,0.001407,21000200
2024-05-28,0.00141882975,21000100,0.001406,20991200,0.001406,21000200
2024-05-29,0.001389565125,21000100,0.001377,20991200,0.001377,21000200
2024-05-30,0.0013814921250000002,21000100,0.001369,20991200,0.001369,21000200
2024-05-31,0.001412775,21000100,0.0014,20991200,0.0014,21000200
2024-06-01,0.001386608327333333,21000100,0.00137,20991200,0.00137,21000200
2024-06-02,0.0013683735000000002,21000100,0.001356,20991200,0.001356,21000200
2024-06-03,0.001389565125,21000100,0.001377,20991200,0.001377,21000200
2024-06-04,0.0014249410268708333,21000100,0.001411,20991200,0.001411,21000200
2024-06-05,0.0015490068749999999,21000100,0.001535,20991200,0.001535,21000200
2024-06-06,0.0014592114804958334,21000100,0.001439,20991200,0.001439,21000200
2024-06-07,0.0012947073750000002,21000100,0.001283,20991200,0.001283,21000200
2024-06-08,0.001207922625,21000100,0.001197,20991200,0.001197,21000200
2024-06-09,0.00122507775,21000100,0.001214,20991200,0.001214,21000200
2024-06-10,0.0011867310000000001,21000100,0.001176,20991200,0.001176,21000200
2024-06-11,0.00114031125,21000100,0.00113,20991200,0.00113,21000200
2024-06-12,0.001179667125,21000100,0.001169,20991200,0.001169,21000200
2024-06-13,0.00114838425,21000100,0.001138,20991200,0.001138,21000200
2024-06-14,0.001098937125,21000100,0.001089,20991200,0.001089,21000200
2024-06-15,0.0010888458750000002,21000100,0.001079,20991200,0.001079,21000200
2024-06-16,0.00110801925,21000100,0.001098,20991200,0.001098,21000200
2024-06-17,0.0010313257499999999,21000100,0.001022,20991200,0.001022,21000200
2024-06-18,0.000947568375,21000100,0.000939,20991200,0.000939,21000200
2024-06-19,0.00097481475,21000100,0.000966,20991200,0.000966,21000200
2024-06-20,0.0009943127122499999,21000100,0.00099,20991200,0.00099,21000200
2024-06-21,0.000987933375,21000100,0.000979,20991200,0.000979,21000200
2024-06-22,0.0009769965231124999,21000100,0.000969,20991200,0.000969,21000200
2024-06-23,0.0009514209274500001,21000100,0.000947,20991200,0.000947,21000200
2024-06-24,0.0009593242350666667,21000100,0.000956,20991200,0.000956,21000200
2024-06-25,0.0009818786250000002,21000100,0.000973,20991200,0.000973,21000200
2024-06-26,0.0009697691250000001,21000100,0.000961,20991200,0.000961,21000200
2024-06-27,0.001000042875,21000100,0.000991,20991200,0.000991,21000200
2024-06-28,0.0009808695,21000100,0.000972,20991200,0.000972,21000200
2024-06-29,0.0009596778750000001,21000100,0.000951,20991200,0.000951,21000200
2024-06-30,0.001030316625,21000100,0.001021,20991200,0.001021,21000200
2024-07-01,0.001009125,21000100,0.001,20991200,0.001,21000200
2024-07-02,0.001030316625,21000100,0.001021,20991200,0.001021,21000200
2024-07-03,0.0009697691250000001,21000100,0.000961,20991200,0.000961,21000200
2024-07-04,0.0008609404575,21000100,0.000856,20991200,0.000856,21000200
2024-07-05,0.0008212217537333334,21000100,0.000814,20991200,0.000814,21000200
2024-07-06,0.0008480268250666666,21000100,0.000848,20991200,0.000848,21000200
2024-07-07,0.0008036040099999999,21000100,0.0008,20991200,0.0008,21000200
2024-07-08,0.0008147753517166666,21000100,0.000812,20991200,0.000812,21000200
2024-07-09,0.000850692375,21000100,0.000843,20991200,0.000843,21000200
2024-07-10,0.000844637625,21000100,0.000837,20991200,0.000837,21000200
2024-07-11,0.0008206360621236941,21000100,0.000822,20991200,0.000822,21000200
2024-07-12,0.0008468622640874999,21000100,0.000841,20991200,0.000841,21000200
2024-07-13,0.0008777258572,21000100,0.000872,20991200,0.000872,21000200
2024-07-14,0.00091830375,21000100,0.00091,20991200,0.00091,21000200
2024-07-15,0.0009730024223333333,21000100,0.000968,20991200,0.000968,21000200
2024-07-16,0.0009818786250000002,21000100,0.000973,20991200,0.000973,21000200
2024-07-17,0.000971787375,21000100,0.000963,20991200,0.000963,21000200
2024-07-18,0.0009560114891666667,21000100,0.00095,20991200,0.00095,21000200
2024-07-19,0.0009818786250000002,21000100,0.000973,20991200,0.000973,21000200
2024-07-20,0.001036371375,21000100,0.001027,20991200,0.001027,21000200
2024-07-21,0.001042426125,21000100,0.001033,20991200,0.001033,21000200
2024-07-22,0.0009929790000000002,21000100,0.000984,20991200,0.000984,21000200
2024-07-23,0.000944541,21000100,0.000936,20991200,0.000936,21000200
2024-07-24,0.00093041325,21000100,0.000922,20991200,0.000922,21000200
2024-07-25,0.0009238469598000001,21000100,0.000916,20991200,0.000916,21000200
2024-07-26,0.0009516121917999999,21000100,0.000944,20991200,0.000944,21000200
2024-07-27,0.00097885125,21000100,0.00097,20991200,0.00097,21000200
2024-07-28,0.0009305681385000001,21000100,0.000924,20991200,0.000924,21000200
2024-07-29,0.0009127556347,21000100,0.000914,20991200,0.000914,21000200
2024-07-30,0.000903166875,21000100,0.000895,20991200,0.000895,21000200
2024-07-31,0.0008651601961583333,21000100,0.000862,20991200,0.000862,21000200
2024-08-01,0.0008639619411666666,21000100,0.00086,20991200,0.00086,21000200
2024-08-02,0.0008051861633333333,21000100,0.0008,20991200,0.0008,21000200
2024-08-03,0.0007860856282,21000100,0.000779,20991200,0.000779,21000200
2024-08-04,0.00073262475,21000100,0.000726,20991200,0.000726,21000200
2024-08-05,0.00069701560735,21000100,0.000692,20991200,0.000692,21000200
2024-08-06,0.0007315869985666666,21000100,0.000728,20991200,0.000728,21000200
2024-08-07,0.000732574622725,21000100,0.000726,20991200,0.000726,21000200
2024-08-08,0.000823446,21000100,0.000816,20991200,0.000816,21000200
2024-08-09,0.0007833005214125001,21000100,0.000777,20991200,0.000777,21000200
2024-08-10,0.0008040763776500001,21000100,0.000798,20991200,0.000798,21000200
2024-08-11,0.000747207622525,21000100,0.000741,20991200,0.000741,21000200
2024-08-12,0.0007760171250000001,21000100,0.000769,20991200,0.000769,21000200
2024-08-13,0.0007942118085374999,21000100,0.000789,20991200,0.000789,21000200
2024-08-14,0.0007711238226,21000100,0.000771,20991200,0.000771,21000200
2024-08-15,0.000750789,21000100,0.000744,20991200,0.000744,21000200
2024-08-16,0.0007469950079666666,21000100,0.000742,20991200,0.000742,21000200
2024-08-17,0.0007618893750000001,21000100,0.000755,20991200,0.000755,21000200
2024-08-18,0.0007664663966249999,21000100,0.000765,20991200,0.000765,21000200
2024-08-19,0.0007921720025999999,21000100,0.000792,20991200,0.000792,21000200
2024-08-20,0.0008002483783125,21000100,0.000801,20991200,0.000801,21000200
2024-08-21,0.0008471463350000001,21000100,0.00084,20991200,0.00084,21000200
2024-08-22,0.000848674125,21000100,0.000841,20991200,0.000841,21000200
2024-08-23,0.0009017782340208334,21000100,0.000895,20991200,0.000895,21000200
2024-08-24,0.0009350416469875001,21000100,0.000929,20991200,0.000929,21000200
2024-08-25,0.0009147996558,21000100,0.000907,20991200,0.000907,21000200
2024-08-26,0.0008598457445624999,21000100,0.000855,20991200,0.000855,21000200
2024-08-27,0.0008262925795291667,21000100,0.000823,20991200,0.000823,21000200
2024-08-28,0.0007972738563877262,21000100,0.0008,20991200,0.0008,21000200
2024-08-29,0.0008062908750000001,21000100,0.000799,20991200,0.000799,21000200
2024-08-30,0.0007982178750000001,21000100,0.000791,20991200,0.000791,21000200
2024-08-31,0.0007750080000000001,21000100,0.000768,20991200,0.000768,21000200
2024-09-01,0.000741706875,21000100,0.000735,20991200,0.000735,21000200
2024-09-02,0.0007726933467916666,21000100,0.000769,20991200,0.000769,21000200
2024-09-03,0.0007396111745541667,21000100,0.000739,20991200,0.000739,21000200
2024-09-04,0.0007517060253,21000100,0.000747,20991200,0.000747,21000200
2024-09-05,0.0007306065,21000100,0.000724,20991200,0.000724,21000200
2024-09-06,0.0006920570409833333,21000100,0.000692,20991200,0.000692,21000200
2024-09-07,0.0007022389674666667,21000100,0.000704,20991200,0.000704,21000200
2024-09-08,0.0007346430000000001,21000100,0.000728,20991200,0.000728,21000200
2024-09-09,0.0007750080000000001,21000100,0.000768,20991200,0.000768,21000200
2024-09-10,0.0007951905,21000100,0.000788,20991200,0.000788,21000200
2024-09-11,0.000767944125,21000100,0.000761,20991200,0.000761,21000200
2024-09-12,0.0007931722500000001,21000100,0.000786,20991200,0.000786,21000200
2024-09-13,0.000824455125,21000100,0.000817,20991200,0.000817,21000200
2024-09-14,0.0008113365,21000100,0.000804,20991200,0.000804,21000200
2024-09-15,0.0007840277319,21000100,0.000777,20991200,0.000777,21000200
2024-09-16,0.0007555644250000001,21000100,0.00075,20991200,0.00075,21000200
2024-09-17,0.0007790445000000001,21000100,0.000772,20991200,0.000772,21000200
2024-09-18,0.0008257736471666665,21000100,0.000823,20991200,0.000823,21000200
2024-09-19,0.0008597745000000001,21000100,0.000852,20991200,0.000852,21000200
2024-09-20,0.0008860117500000001,21000100,0.000878,20991200,0.000878,21000200
2024-09-21,0.00091426725,21000100,0.000906,20991200,0.000906,21000200
2024-09-22,0.0008870208750000001,21000100,0.000879,20991200,0.000879,21000200
2024-09-23,0.0009405045000000001,21000100,0.000932,20991200,0.000932,21000200
2024-09-24,0.000957659625,21000100,0.000949,20991200,0.000949,21000200
2024-09-25,0.0009263767500000001,21000100,0.000918,20991200,0.000918,21000200
2024-09-26,0.000967750875,21000100,0.000959,20991200,0.000959,21000200
2024-09-27,0.0009889425,21000100,0.00098,20991200,0.00098,21000200
2024-09-28,0.000957659625,21000100,0.000949,20991200,0.000949,21000200
2024-09-29,0.00100307025,21000100,0.000994,20991200,0.000994,21000200
2024-09-30,0.000915276375,21000100,0.000907,20991200,0.000907,21000200
2024-10-01,0.0008338434236999999,21000100,0.000828,20991200,0.000828,21000200
2024-10-02,0.0008020740640458334,21000100,0.000803,20991200,0.000803,21000200
2024-10-03,0.0007923132115140671,21000100,0.000797,20991200,0.000797,21000200
2024-10-04,0.0008339758968000001,21000100,0.000828,20991200,0.000828,21000200
2024-10-05,0.0008213353750791666,21000100,0.000821,20991200,0.000821,21000200
2024-10-06,0.000863811,21000100,0.000856,20991200,0.000856,21000200
2024-10-07,0.0008597745000000001,21000100,0.000852,20991200,0.000852,21000200
2024-10-08,0.000850692375,21000100,0.000843,20991200,0.000843,21000200
2024-10-09,0.000826473375,21000100,0.000819,20991200,0.000819,21000200
2024-10-10,0.0008403192979250001,21000100,0.000834,20991200,0.000834,21000200
2024-10-11,0.000863811,21000100,0.000856,20991200,0.000856,21000200
2024-10-12,0.000880966125,21000100,0.000873,20991200,0.000873,21000200
2024-10-13,0.000880966125,21000100,0.000873,20991200,0.000873,21000200
2024-10-14,0.0009394953750000001,21000100,0.000931,20991200,0.000931,21000200
2024-10-15,0.00091426725,21000100,0.000906,20991200,0.000906,21000200
2024-10-16,0.0008971121250000001,21000100,0.000889,20991200,0.000889,21000200
2024-10-17,0.000871884,21000100,0.000864,20991200,0.000864,21000200
2024-10-18,0.00090215775,21000100,0.000894,20991200,0.000894,21000200
2024-10-19,0.0009061942500000001,21000100,0.000898,20991200,0.000898,21000200
2024-10-20,0.0009697691250000001,21000100,0.000961,20991200,0.000961,21000200
2024-10-21,0.000921331125,21000100,0.000913,20991200,0.000913,21000200
2024-10-22,0.00092234025,21000100,0.000914,20991200,0.000914,21000200
2024-10-23,0.0008799570000000001,21000100,0.000872,20991200,0.000872,21000200
2024-10-24,0.000912249,21000100,0.000904,20991200,0.000904,21000200
2024-10-25,0.0008153730000000001,21000100,0.000808,20991200,0.000808,21000200
2024-10-26,0.0008298495066583334,21000100,0.000823,20991200,0.000823,21000200
2024-10-27,0.0008452466925000001,21000100,0.00084,20991200,0.00084,21000200
2024-10-28,0.0008624784095458333,21000100,0.000859,20991200,0.000859,21000200
2024-10-29,0.000901148625,21000100,0.000893,20991200,0.000893,21000200
2024-10-30,0.0008920665,21000100,0.000884,20991200,0.000884,21000200
2024-10-31,0.00084968325,21000100,0.000842,20991200,0.000842,21000200
2024-11-01,0.000839592,21000100,0.000832,20991200,0.000832,21000200
2024-11-02,0.0008284916250000001,21000100,0.000821,20991200,0.000821,21000200
2024-11-03,0.000782071875,21000100,0.000775,20991200,0.000775,21000200
2024-11-04,0.0007642097761666666,21000100,0.00076,20991200,0.00076,21000200
2024-11-05,0.000814363875,21000100,0.000807,20991200,0.000807,21000200
2024-11-06,0.000885002625,21000100,0.000877,20991200,0.000877,21000200
2024-11-07,0.0008961030000000001,21000100,0.000888,20991200,0.000888,21000200
2024-11-08,0.0009102307500000001,21000100,0.000902,20991200,0.000902,21000200
2024-11-09,0.00097077825,21000100,0.000962,20991200,0.000962,21000200
2024-11-10,0.0010307523516137757,21000100,0.00101,20991200,0.00101,21000200
2024-11-11,0.001128384610875,21000100,0.001107,20991200,0.001107,21000200
2024-11-12,0.0010232594460576237,21000100,0.001,20991200,0.001,21000200
2024-11-13,0.0010010140431750002,21000100,0.000981,20991200,0.000981,21000200
2024-11-14,0.0009604536576644329,21000100,0.000936,20991200,0.000936,21000200
2024-11-15,0.0010118959898249998,21000100,0.000998,20991200,0.000998,21000200
2024-11-16,0.0011109913970833334,21000100,0.0011,20991200,0.0011,21000200
2024-11-17,0.001045477539925,21000100,0.001029,20991200,0.001029,21000200
2024-11-18,0.0012062690727208333,21000100,0.001183,20991200,0.001183,21000200
2024-11-19,0.0011330457220125,21000100,0.001107,20991200,0.001107,21000200
2024-11-20,0.0010570455028583335,21000100,0.001046,20991200,0.001046,21000200
2024-11-21,0.0011342565,21000100,0.001124,20991200,0.001124,21000200
2024-11-22,0.0012091366682505037,21000100,0.001175,20991200,0.001175,21000200
2024-11-23,0.0013192767640818426,21000100,0.001279,20991200,0.001279,21000200
2024-11-24,0.0014808726095916667,21000100,0.001439,20991200,0.001439,21000200
2024-11-25,0.0013236628104375,21000100,0.001305,20991200,0.001305,21000200
2024-11-26,0.0013097471273333333,21000100,0.001292,20991200,0.001292,21000200
2024-11-27,0.0014356110386749999,21000100,0.001419,20991200,0.001419,21000200
2024-11-28,0.0014108393878375,21000100,0.001381,20991200,0.001381,21000200
2024-11-29,0.0014797621552875,21000100,0.001449,20991200,0.001449,21000200
2024-11-30,0.001610330215,21000100,0.00156,20991200,0.00156,21000200
2024-12-01,0.0016349783898958335,21000100,0.001601,20991200,0.001601,21000200
2024-12-02,0.0017543586243083335,21000100,0.001706,20991200,0.001706,21000200
2024-12-03,0.0019832747848833334,21000100,0.001933,20991200,0.001933,21000200
2024-12-04,0.0019589614345541665,21000100,0.001901,20991200,0.001901,21000200
2024-12-05,0.0019875269490168285,21000100,0.001914,20991200,0.001914,21000200
2024-12-06,0.002109146650916667,21000100,0.002036,20991200,0.002036,21000200
2024-12-07,0.0020260874898,21000100,0.001956,20991200,0.001956,21000200
2024-12-08,0.0020550668240354214,21000100,0.001971,20991200,0.001971,21000200
2024-12-09,0.0015702469744875,21000100,0.001531,20991200,0.001531,21000200
2024-12-10,0.0015059301824874999,21000100,0.001493,20991200,0.001493,21000200
2024-12-11,0.001598788661270833,21000100,0.001585,20991200,0.001585,21000200
2024-12-12,0.00167312925,21000100,0.001658,20991200,0.001658,21000200
2024-12-13,0.0017064303750000001,21000100,0.001691,20991200,0.001691,21000200
2024-12-14,0.0015843262500000001,21000100,0.00157,20991200,0.00157,21000200
2024-12-15,0.0016453178720833334,21000100,0.001636,20991200,0.001636,21000200
2024-12-16,0.0015913901250000002,21000100,0.001577,20991200,0.001577,21000200
2024-12-17,0.001450112625,21000100,0.001437,20991200,0.001437,21000200
2024-12-18,0.001308835125,21000100,0.001297,20991200,0.001297,21000200
2024-12-19,0.0011516190469666667,21000100,0.001142,20991200,0.001142,21000200
2024-12-20,0.001203886125,21000100,0.001193,20991200,0.001193,21000200
2024-12-21,0.00114434775,21000100,0.001134,20991200,0.001134,21000200
2024-12-22,0.0011405338885833334,21000100,0.001132,20991200,0.001132,21000200
2024-12-23,0.001249332473725,21000100,0.001246,20991200,0.001246,21000200
2024-12-24,0.0013356949795083335,21000100,0.001327,20991200,0.001327,21000200
2024-12-25,0.00132195375,21000100,0.00131,20991200,0.00131,21000200
2024-12-26,0.0012125846788999999,21000100,0.001212,20991200,0.001212,21000200
2024-12-27,0.0012176432942,21000100,0.001212,20991200,0.001212,21000200
2024-12-28,0.00130580775,21000100,0.001294,20991200,0.001294,21000200
2024-12-29,0.001236178125,21000100,0.001225,20991200,0.001225,21000200
2024-12-30,0.0012396270065916668,21000100,0.001237,20991200,0.001237,21000200
2024-12-31,0.0013376312791000002,21000100,0.001329,20991200,0.001329,21000200
2025-01-01,0.0013518439536875,21000100,0.001365,20991200,0.001365,21000200
2025-01-02,0.00153992475,21000100,0.001526,20991200,0.001526,21000200
2025-01-03,0.00153588825,21000100,0.001522,20991200,0.001522,21000200
2025-01-04,0.001551025125,21000100,0.001537,20991200,0.001537,21000200
2025-01-05,0.0015469886250000001,21000100,0.001533,20991200,0.001533,21000200
2025-01-06,0.001590381,21000100,0.001576,20991200,0.001576,21000200
2025-01-07,0.001340118,21000100,0.001328,20991200,0.001328,21000200
2025-01-08,0.0013179172500000001,21000100,0.001306,20991200,0.001306,21000200
2025-01-09,0.00127351575,21000100,0.001262,20991200,0.001262,21000200
2025-01-10,0.0013184879594166667,21000100,0.00131,20991200,0.00131,21000200
2025-01-11,0.0013078260000000002,21000100,0.001296,20991200,0.001296,21000200
2025-01-12,0.0012659681300666665,21000100,0.001258,20991200,0.001258,21000200
2025-01-13,0.0011926838950666666,21000100,0.001184,20991200,0.001184,21000200
2025-01-14,0.0012553515000000002,21000100,0.001244,20991200,0.001244,21000200
2025-01-15,0.0013492001250000002,21000100,0.001337,20991200,0.001337,21000200
2025-01-16,0.00136635525,21000100,0.001354,20991200,0.001354,21000200
2025-01-17,0.0014652495,21000100,0.001452,20991200,0.001452,21000200
2025-01-18,0.00132599025,21000100,0.001314,20991200,0.001314,21000200
2025-01-19,0.00124122375,21000100,0.00123,20991200,0.00123,21000200
2025-01-20,0.00126544275,21000100,0.001254,20991200,0.001254,21000200
2025-01-21,0.001332045,21000100,0.00132,20991200,0.00132,21000200
2025-01-22,0.001278561375,21000100,0.001267,20991200,0.001267,21000200
2025-01-23,0.001256360625,21000100,0.001245,20991200,0.001245,21000200
2025-01-24,0.001203886125,21000100,0.001193,20991200,0.001193,21000200
2025-01-25,0.0011964019859583334,21000100,0.001186,20991200,0.001186,21000200
2025-01-26,0.0011867310000000001,21000100,0.001176,20991200,0.001176,21000200
2025-01-27,0.001125174375,21000100,0.001115,20991200,0.001115,21000200
2025-01-28,0.0010474717500000002,21000100,0.001038,20991200,0.001038,21000200
2025-01-29,0.0010741055591875,21000100,0.001065,20991200,0.001065,21000200
2025-01-30,0.00114434775,21000100,0.001134,20991200,0.001134,21000200
2025-01-31,0.0011564572500000001,21000100,0.001146,20991200,0.001146,21000200
2025-02-01,0.0010505495014583334,21000100,0.001042,20991200,0.001042,21000200
2025-02-02,0.0009138187690125,21000100,0.000923,20991200,0.000923,21000200
2025-02-03,0.0009371894765999999,21000100,0.000936,20991200,0.000936,21000200
2025-02-04,0.0008601408228708334,21000100,0.000857,20991200,0.000857,21000200
2025-02-05,0.0008460365333166666,21000100,0.000844,20991200,0.000844,21000200
2025-02-06,0.0007787356273958333,21000100,0.000791,20991200,0.000791,21000200
2025-02-07,0.0008260321059375001,21000100,0.000825,20991200,0.000825,21000200
2025-02-08,0.0008915055375,21000100,0.0009,20991200,0.0009,21000200
2025-02-09,0.0008799570000000001,21000100,0.000872,20991200,0.000872,21000200
2025-02-10,0.000907203375,21000100,0.000899,20991200,0.000899,21000200
2025-02-11,0.0009102307500000001,21000100,0.000902,20991200,0.000902,21000200
2025-02-12,0.0009945542685,21000100,0.000988,20991200,0.000988,21000200
2025-02-13,0.00099499725,21000100,0.000986,20991200,0.000986,21000200
2025-02-14,0.001001052,21000100,0.000992,20991200,0.000992,21000200
2025-02-15,0.000944541,21000100,0.000936,20991200,0.000936,21000200
2025-02-16,0.0009635855635999999,21000100,0.000957,20991200,0.000957,21000200
2025-02-17,0.0009521471334375,21000100,0.000945,20991200,0.000945,21000200
2025-02-18,0.0008921670363375,21000100,0.000903,20991200,0.000903,21000200
2025-02-19,0.0009121195594,21000100,0.000912,20991200,0.000912,21000200
2025-02-20,0.0009378605733250001,21000100,0.000942,20991200,0.000942,21000200
2025-02-21,0.00092234025,21000100,0.000914,20991200,0.000914,21000200
2025-02-22,0.000979860375,21000100,0.000971,20991200,0.000971,21000200
2025-02-23,0.000947568375,21000100,0.000939,20991200,0.000939,21000200
2025-02-24,0.0008333495199250001,21000100,0.000827,20991200,0.000827,21000200
2025-02-25,0.00088056562075,21000100,0.000876,20991200,0.000876,21000200
2025-02-26,0.00085371975,21000100,0.000846,20991200,0.000846,21000200
2025-02-27,0.000862801875,21000100,0.000855,20991200,0.000855,21000200
2025-02-28,0.00083757375,21000100,0.00083,20991200,0.00083,21000200
2025-03-01,0.0008698657500000001,21000100,0.000862,20991200,0.000862,21000200
2025-03-02,0.0009465592500000001,21000100,0.000938,20991200,0.000938,21000200
2025-03-03,0.0008347841644291667,21000100,0.000829,20991200,0.000829,21000200
2025-03-04,0.0008073028534375,21000100,0.000805,20991200,0.000805,21000200
2025-03-05,0.00081042722085,21000100,0.000813,20991200,0.000813,21000200
2025-03-06,0.0008102246945374999,21000100,0.000809,20991200,0.000809,21000200
2025-03-07,0.00080028889675,21000100,0.000798,20991200,0.000798,21000200
2025-03-08,0.0007924201024375,21000100,0.000795,20991200,0.000795,21000200
2025-03-09,0.0007061643296624901,21000100,0.000714,20991200,0.000714,21000200
2025-03-10,0.0006829818033,21000100,0.000684,20991200,0.000684,21000200
2025-03-11,0.000712478208775,21000100,0.000713,20991200,0.000713,21000200
2025-03-12,0.0007413091573124999,21000100,0.000735,20991200,0.000735,21000200
2025-03-13,0.0007260968481375,21000100,0.000721,20991200,0.000721,21000200
2025-03-14,0.000753816375,21000100,0.000747,20991200,0.000747,21000200
2025-03-15,0.0007750080000000001,21000100,0.000768,20991200,0.000768,21000200
2025-03-16,0.0007255608750000001,21000100,0.000719,20991200,0.000719,21000200
2025-03-17,0.0007973903784,21000100,0.000792,20991200,0.000792,21000200
2025-03-18,0.0007940659720666667,21000100,0.000796,20991200,0.000796,21000200
2025-03-19,0.0008335372500000001,21000100,0.000826,20991200,0.000826,21000200
2025-03-20,0.0008032635000000001,21000100,0.000796,20991200,0.000796,21000200
2025-03-21,0.0007746970934249999,21000100,0.000774,20991200,0.000774,21000200
2025-03-22,0.0007982178750000001,21000100,0.000791,20991200,0.000791,21000200
2025-03-23,0.00079228432545,21000100,0.000786,20991200,0.000786,21000200
2025-03-24,0.0008284916250000001,21000100,0.000821,20991200,0.000821,21000200
2025-03-25,0.000830509875,21000100,0.000823,20991200,0.000823,21000200
2025-03-26,0.000814363875,21000100,0.000807,20991200,0.000807,21000200
2025-03-27,0.00080931825,21000100,0.000802,20991200,0.000802,21000200
2025-03-28,0.0007392688330041667,21000100,0.000737,20991200,0.000737,21000200
2025-03-29,0.0007129740441,21000100,0.000711,20991200,0.000711,21000200
2025-03-30,0.0007079501235000001,21000100,0.00071,20991200,0.00071,21000200
2025-03-31,0.0007127029850416667,21000100,0.000715,20991200,0.000715,21000200
2025-04-01,0.00072858825,21000100,0.000722,20991200,0.000722,21000200
2025-04-02,0.0006609098206875,21000100,0.000657,20991200,0.000657,21000200
2025-04-03,0.000652903875,21000100,0.000647,20991200,0.000647,21000200
2025-04-04,0.000675104625,21000100,0.000669,20991200,0.000669,21000200
2025-04-05,0.0006680407500000001,21000100,0.000662,20991200,0.000662,21000200
2025-04-06,0.0005852925,21000100,0.00058,20991200,0.00058,21000200
2025-04-07,0.00060819533775,21000100,0.000605,20991200,0.000605,21000200
2025-04-08,0.0005803058917166667,21000100,0.000586,20991200,0.000586,21000200
2025-04-09,0.0006484635706124999,21000100,0.000647,20991200,0.000647,21000200
2025-04-10,0.0006251913298166666,21000100,0.000623,20991200,0.000623,21000200
2025-04-11,0.0006539130000000001,21000100,0.000648,20991200,0.000648,21000200
2025-04-12,0.000693268875,21000100,0.000687,20991200,0.000687,21000200
2025-04-13,0.000654922125,21000100,0.000649,20991200,0.000649,21000200
2025-04-14,0.0006482510085333333,21000100,0.000646,20991200,0.000646,21000200
2025-04-15,0.0006237975557,21000100,0.000627,20991200,0.000627,21000200
2025-04-16,0.000627770226275,21000100,0.000626,20991200,0.000626,21000200
2025-04-17,0.0006287539614083333,21000100,0.000629,20991200,0.000629,21000200
2025-04-18,0.00065996775,21000100,0.000654,20991200,0.000654,21000200
2025-04-19,0.000683177625,21000100,0.000677,20991200,0.000677,21000200
2025-04-20,0.00069629625,21000100,0.00069,20991200,0.00069,21000200
2025-04-21,0.000697305375,21000100,0.000691,20991200,0.000691,21000200
2025-04-22,0.00076895325,21000100,0.000762,20991200,0.000762,21000200
2025-04-23,0.000808309125,21000100,0.000801,20991200,0.000801,21000200
2025-04-24,0.0008163821250000001,21000100,0.000809,20991200,0.000809,21000200
2025-04-25,0.000824455125,21000100,0.000817,20991200,0.000817,21000200
2025-04-26,0.0008436285000000001,21000100,0.000836,20991200,0.000836,21000200
2025-04-27,0.00080124525,21000100,0.000794,20991200,0.000794,21000200
2025-04-28,0.0008204186250000001,21000100,0.000813,20991200,0.000813,21000200
2025-04-29,0.000794181375,21000100,0.000787,20991200,0.000787,21000200
2025-04-30,0.000826473375,21000100,0.000819,20991200,0.000819,21000200
2025-05-01,0.000837214190375,21000100,0.000835,20991200,0.000835,21000200
2025-05-02,0.000836564625,21000100,0.000829,20991200,0.000829,21000200
2025-05-03,0.0007889414761333333,21000100,0.000788,20991200,0.000788,21000200
2025-05-04,0.0007591719925625001,21000100,0.000759,20991200,0.000759,21000200
2025-05-05,0.000763907625,21000100,0.000757,20991200,0.000757,21000200
2025-05-06,0.0007467525,21000100,0.00074,20991200,0.00074,21000200
2025-05-07,0.0007408278564999999,21000100,0.00074,20991200,0.00074,21000200
2025-05-08,0.000874911375,21000100,0.000867,20991200,0.000867,21000200
2025-05-09,0.000941513625,21000100,0.000933,20991200,0.000933,21000200
2025-05-10,0.001004079375,21000100,0.000995,20991200,0.000995,21000200
2025-05-11,0.000975823875,21000100,0.000967,20991200,0.000967,21000200
2025-05-12,0.0009606870000000001,21000100,0.000952,20991200,0.000952,21000200
2025-05-13,0.001001052,21000100,0.000992,20991200,0.000992,21000200
2025-05-14,0.0009374771250000001,21000100,0.000929,20991200,0.000929,21000200
2025-05-15,0.00087793875,21000100,0.00087,20991200,0.00087,21000200
2025-05-16,0.000854728875,21000100,0.000847,20991200,0.000847,21000200
2025-05-17,0.0008204186250000001,21000100,0.000813,20991200,0.000813,21000200
2025-05-18,0.00087390225,21000100,0.000866,20991200,0.000866,21000200
2025-05-19,0.0008222825662,21000100,0.000821,20991200,0.000821,21000200
2025-05-20,0.0008394863015249999,21000100,0.000837,20991200,0.000837,21000200
2025-05-21,0.00085775625,21000100,0.00085,20991200,0.00085,21000200
2025-05-22,0.0009405045000000001,21000100,0.000932,20991200,0.000932,21000200
2025-05-23,0.0008436285000000001,21000100,0.000836,20991200,0.000836,21000200
2025-05-24,0.000834546375,21000100,0.000827,20991200,0.000827,21000200
2025-05-25,0.0008204186250000001,21000100,0.000813,20991200,0.000813,21000200
2025-05-26,0.0008049871841000001,21000100,0.000803,20991200,0.000803,21000200
2025-05-27,0.0008456467500000001,21000100,0.000838,20991200,0.000838,21000200
2025-05-28,0.000839592,21000100,0.000832,20991200,0.000832,21000200
2025-05-29,0.0008063378980000002,21000100,0.000804,20991200,0.000804,21000200
2025-05-30,0.00069629625,21000100,0.00069,20991200,0.00069,21000200
2025-05-31,0.0007201034862,21000100,0.000714,20991200,0.000714,21000200
2025-06-01,0.0007406977499999999,21000100,0.000734,20991200,0.000734,21000200
2025-06-02,0.0007457205271250001,21000100,0.000742,20991200,0.000742,21000200
2025-06-03,0.0007450222653250001,21000100,0.000741,20991200,0.000741,21000200
2025-06-04,0.0007043953522333333,21000100,0.000709,20991200,0.000709,21000200
2025-06-05,0.0006754321451166667,21000100,0.000671,20991200,0.000671,21000200
2025-06-06,0.0006902415,21000100,0.000684,20991200,0.000684,21000200
2025-06-07,0.0007215243750000001,21000100,0.000715,20991200,0.000715,21000200
2025-06-08,0.000718497,21000100,0.000712,20991200,0.000712,21000200
2025-06-09,0.0007652465639083332,21000100,0.000761,20991200,0.000761,21000200
2025-06-10,0.000794181375,21000100,0.000787,20991200,0.000787,21000200
2025-06-11,0.0007474003288374999,21000100,0.000741,20991200,0.000741,21000200
2025-06-12,0.000697305375,21000100,0.000691,20991200,0.000691,21000200
2025-06-13,0.0006365872640333333,21000100,0.000632,20991200,0.000632,21000200
2025-06-14,0.0006219920441666668,21000100,0.000617,20991200,0.000617,21000200
2025-06-15,0.00061960275,21000100,0.000614,20991200,0.000614,21000200
2025-06-16,0.00061152975,21000100,0.000606,20991200,0.000606,21000200
2025-06-17,0.0005761622032833334,21000100,0.000572,20991200,0.000572,21000200
2025-06-18,0.0006044658750000001,21000100,0.000599,20991200,0.000599,21000200
2025-06-19,0.0005884374855625001,21000100,0.000591,20991200,0.000591,21000200
2025-06-20,0.00056866327875,21000100,0.00057,20991200,0.00057,21000200
2025-06-21,0.0005292074339208334,21000100,0.000527,20991200,0.000527,21000200
2025-06-22,0.0005164758266333334,21000100,0.000514,20991200,0.000514,21000200
2025-06-23,0.0005750163320875,21000100,0.000573,20991200,0.000573,21000200
2025-06-24,0.000584283375,21000100,0.000579,20991200,0.000579,21000200
2025-06-25,0.0005630917500000001,21000100,0.000558,20991200,0.000558,21000200
2025-06-26,0.0005443718794291667,21000100,0.000541,20991200,0.000541,21000200
2025-06-27,0.0005480159426625,21000100,0.000549,20991200,0.000549,21000200
2025-06-28,0.000582265125,21000100,0.000577,20991200,0.000577,21000200
2025-06-29,0.0006095115,21000100,0.000604,20991200,0.000604,21000200
2025-06-30,0.0005956197001333334,21000100,0.000592,20991200,0.000592,21000200
2025-07-01,0.0005659873021875,21000100,0.000565,20991200,0.000565,21000200
2025-07-02,0.0006214168330625,21000100,0.000617,20991200,0.000617,21000200
2025-07-03,0.000620611875,21000100,0.000615,20991200,0.000615,21000200
2025-07-04,0.0005873107500000001,21000100,0.000582,20991200,0.000582,21000200
2025-07-05,0.000589329,21000100,0.000584,20991200,0.000584,21000200
2025-07-06,0.000592356375,21000100,0.000587,20991200,0.000587,21000200
2025-07-07,0.0005913472500000001,21000100,0.000586,20991200,0.000586,21000200
2025-07-08,0.00061152975,21000100,0.000606,20991200,0.000606,21000200
2025-07-09,0.000642812625,21000100,0.000637,20991200,0.000637,21000200
2025-07-10,0.0006841867500000001,21000100,0.000678,20991200,0.000678,21000200
2025-07-11,0.000713451375,21000100,0.000707,20991200,0.000707,21000200
2025-07-12,0.000697305375,21000100,0.000691,20991200,0.000691,21000200
2025-07-13,0.0007215243750000001,21000100,0.000715,20991200,0.000715,21000200
2025-07-14,0.00072051525,21000100,0.000714,20991200,0.000714,21000200
2025-07-15,0.000750789,21000100,0.000744,20991200,0.000744,21000200
2025-07-16,0.0007548255,21000100,0.000748,20991200,0.000748,21000200
2025-07-17,0.00076088025,21000100,0.000754,20991200,0.000754,21000200
2025-07-18,0.000755834625,21000100,0.000749,20991200,0.000749,21000200
2025-07-19,0.00077702625,21000100,0.00077,20991200,0.00077,21000200
2025-07-20,0.0008153730000000001,21000100,0.000808,20991200,0.000808,21000200
2025-07-21,0.0008597745000000001,21000100,0.000852,20991200,0.000852,21000200
2025-07-22,0.0008587653750000001,21000100,0.000851,20991200,0.000851,21000200
2025-07-23,0.0007800536250000001,21000100,0.000773,20991200,0.000773,21000200
2025-07-24,0.000769962375,21000100,0.000763,20991200,0.000763,21000200
2025-07-25,0.0008015247848541665,21000100,0.000797,20991200,0.000797,21000200
2025-07-26,0.000850692375,21000100,0.000843,20991200,0.000843,21000200
2025-07-27,0.0008698657500000001,21000100,0.000862,20991200,0.000862,21000200
2025-07-28,0.000808309125,21000100,0.000801,20991200,0.000801,21000200
2025-07-29,0.00079720875,21000100,0.00079,20991200,0.00079,21000200
2025-07-30,0.0007790445000000001,21000100,0.000772,20991200,0.000772,21000200
2025-07-31,0.0007244608990666667,21000100,0.000718,20991200,0.000718,21000200
2025-08-01,0.0007053507353749999,21000100,0.000699,20991200,0.000699,21000200
2025-08-02,0.0006809016957166667,21000100,0.000676,20991200,0.000676,21000200
2025-08-03,0.000710424,21000100,0.000704,20991200,0.000704,21000200
2025-08-04,0.0007477616250000001,21000100,0.000741,20991200,0.000741,21000200
2025-08-05,0.0007111775155,21000100,0.000705,20991200,0.000705,21000200
2025-08-06,0.0007265700000000001,21000100,0.00072,20991200,0.00072,21000200
2025-08-07,0.00077298975,21000100,0.000766,20991200,0.000766,21000200
2025-08-08,0.0007967238414166668,21000100,0.00079,20991200,0.00079,21000200
2025-08-09,0.000839592,21000100,0.000832,20991200,0.000832,21000200
2025-08-10,0.000839592,21000100,0.000832,20991200,0.000832,21000200
2025-08-11,0.00080124525,21000100,0.000794,20991200,0.000794,21000200
2025-08-12,0.0008527106250000001,21000100,0.000845,20991200,0.000845,21000200
2025-08-13,0.0008799570000000001,21000100,0.000872,20991200,0.000872,21000200
2025-08-14,0.000790144875,21000100,0.000783,20991200,0.000783,21000200
2025-08-15,0.0007863150344,21000100,0.000784,20991200,0.000784,21000200
2025-08-16,0.000824455125,21000100,0.000817,20991200,0.000817,21000200
2025-08-17,0.0008274825,21000100,0.00082,20991200,0.00082,21000200
2025-08-18,0.00080124525,21000100,0.000794,20991200,0.000794,21000200
2025-08-19,0.000773998875,21000100,0.000767,20991200,0.000767,21000200
2025-08-20,0.00082142775,21000100,0.000814,20991200,0.000814,21000200
2025-08-21,0.0007803947046333334,21000100,0.000776,20991200,0.000776,21000200
2025-08-22,0.0008487108192000001,21000100,0.000843,20991200,0.000843,21000200
2025-08-23,0.000839592,21000100,0.000832,20991200,0.000832,21000200
2025-08-24,0.0008153730000000001,21000100,0.000808,20991200,0.000808,21000200
2025-08-25,0.000742716,21000100,0.000736,20991200,0.000736,21000200
2025-08-26,0.0007800536250000001,21000100,0.000773,20991200,0.000773,21000200
2025-08-27,0.0007800536250000001,21000100,0.000773,20991200,0.000773,21000200
2025-08-28,0.00080931825,21000100,0.000802,20991200,0.000802,21000200
2025-08-29,0.000763907625,21000100,0.000757,20991200,0.000757,21000200
2025-08-30,0.0007669350000000001,21000100,0.00076,20991200,0.00076,21000200
2025-08-31,0.000755834625,21000100,0.000749,20991200,0.000749,21000200
2025-09-01,0.0007346430000000001,21000100,0.000728,20991200,0.000728,21000200
2025-09-02,0.0007578528750000001,21000100,0.000751,20991200,0.000751,21000200
2025-09-03,0.00076088025,21000100,0.000754,20991200,0.000754,21000200
2025-09-04,0.00072858825,21000100,0.000722,20991200,0.000722,21000200
2025-09-05,0.000745743375,21000100,0.000739,20991200,0.000739,21000200
2025-09-06,0.0007356521250000001,21000100,0.000729,20991200,0.000729,21000200
2025-09-07,0.000743725125,21000100,0.000737,20991200,0.000737,21000200
2025-09-08,0.0007649167500000001,21000100,0.000758,20991200,0.000758,21000200
2025-09-09,0.0007659258750000001,21000100,0.000759,20991200,0.000759,21000200
2025-09-10,0.000773998875,21000100,0.000767,20991200,0.000767,21000200
2025-09-11,0.00077702625,21000100,0.00077,20991200,0.00077,21000200
2025-09-12,0.0007921631250000001,21000100,0.000785,20991200,0.000785,21000200
2025-09-13,0.0008062908750000001,21000100,0.000799,20991200,0.000799,21000200
2025-09-14,0.000771980625,21000100,0.000765,20991200,0.000765,21000200
2025-09-15,0.0007376703750000001,21000100,0.000731,20991200,0.000731,21000200
2025-09-16,0.0007548255,21000100,0.000748,20991200,0.000748,21000200
2025-09-17,0.000773998875,21000100,0.000767,20991200,0.000767,21000200
2025-09-18,0.000784090125,21000100,0.000777,20991200,0.000777,21000200
2025-09-19,0.0007467525,21000100,0.00074,20991200,0.00074,21000200
2025-09-20,0.0007528072500000001,21000100,0.000746,20991200,0.000746,21000200
2025-09-21,0.000741706875,21000100,0.000735,20991200,0.000735,21000200
2025-09-22,0.000675104625,21000100,0.000669,20991200,0.000669,21000200
2025-09-23,0.0006672328958749999,21000100,0.000663,20991200,0.000663,21000200
2025-09-24,0.00067397359,21000100,0.000668,20991200,0.000668,21000200
2025-09-25,0.0006240315345,21000100,0.00062,20991200,0.00062,21000200
2025-09-26,0.00064785825,21000100,0.000642,20991200,0.000642,21000200
2025-09-27,0.0006407943750000001,21000100,0.000635,20991200,0.000635,21000200
2025-09-28,0.0006448308750000001,21000100,0.000639,20991200,0.000639,21000200
2025-09-29,0.000638776125,21000100,0.000633,20991200,0.000633,21000200
2025-09-30,0.000621621,21000100,0.000616,20991200,0.000616,21000200
2025-10-01,0.000678132,21000100,0.000672,20991200,0.000672,21000200
2025-10-02,0.0006983145000000001,21000100,0.000692,20991200,0.000692,21000200
2025-10-03,0.0006952871250000001,21000100,0.000689,20991200,0.000689,21000200
2025-10-04,0.0006720772500000001,21000100,0.000666,20991200,0.000666,21000200
2025-10-05,0.000661986,21000100,0.000656,20991200,0.000656,21000200
2025-10-06,0.00068015025,21000100,0.000674,20991200,0.000674,21000200
2025-10-07,0.0006337305,21000100,0.000628,20991200,0.000628,21000200
2025-10-08,0.0006418035,21000100,0.000636,20991200,0.000636,21000200
2025-10-09,0.000629694,21000100,0.000624,20991200,0.000624,21000200
2025-10-10,0.00042786900000000005,21000100,0.000424,20991200,0.000424,21000200
2025-10-11,0.0003999254336936459,21000100,0.000399,20991200,0.000399,21000200
2025-10-12,0.0004620801210791667,21000100,0.000461,20991200,0.000461,21000200
2025-10-13,0.0005045625,21000100,0.0005,20991200,0.0005,21000200
2025-10-14,0.000476307,21000100,0.000472,20991200,0.000472,21000200
2025-10-15,0.00046383358259999996,21000100,0.000461,20991200,0.000461,21000200
2025-10-16,0.0004560743147,21000100,0.000453,20991200,0.000453,21000200
2025-10-17,0.00044342990081249996,21000100,0.000441,20991200,0.000441,21000200
2025-10-18,0.00045586708230000003,21000100,0.000453,20991200,0.000453,21000200
2025-10-19,0.00047327962500000006,21000100,0.000469,20991200,0.000469,21000200
2025-10-20,0.00047025225000000003,21000100,0.000466,20991200,0.000466,21000200
2025-10-21,0.00045176271616666664,21000100,0.000451,20991200,0.000451,21000200
2025-10-22,0.00044021614637364666,21000100,0.00044,20991200,0.00044,21000200
2025-10-23,0.00046016100000000006,21000100,0.000456,20991200,0.000456,21000200
2025-10-24,0.0004640536656666667,21000100,0.00046,20991200,0.00046,21000200
2025-10-25,0.00046583545444166664,21000100,0.000463,20991200,0.000463,21000200
2025-10-26,0.00048337087500000003,21000100,0.000479,20991200,0.000479,21000200
2025-10-27,0.00046823400000000004,21000100,0.000464,20991200,0.000464,21000200
2025-10-28,0.000453560255625,21000100,0.00045,20991200,0.00045,21000200
2025-10-29,0.0004437913322066412,21000100,0.000444,20991200,0.000444,21000200
2025-10-30,0.00040941166702160493,21000100,0.00041,20991200,0.00041,21000200
2025-10-31,0.00041244752575,21000100,0.00041,20991200,0.00041,21000200
2025-11-01,0.00043652045237499996,21000100,0.000433,20991200,0.000433,21000200
2025-11-02,0.0004393681981,21000100,0.000436,20991200,0.000436,21000200
2025-11-03,0.00037513367561358915,21000100,0.000376,20991200,0.000376,21000200
2025-11-04,0.00037247172234999994,21000100,0.000372,20991200,0.000372,21000200
2025-11-05,0.000386494875,21000100,0.000383,20991200,0.000383,21000200
2025-11-06,0.00038245837500000004,21000100,0.000379,20991200,0.000379,21000200
2025-11-07,0.00045410625,21000100,0.00045,20991200,0.00045,21000200
2025-11-08,0.000438969375,21000100,0.000435,20991200,0.000435,21000200
2025-11-09,0.00044199675000000004,21000100,0.000438,20991200,0.000438,21000200
2025-11-10,0.00044300587500000003,21000100,0.000439,20991200,0.000439,21000200
2025-11-11,0.00041419617458333333,21000100,0.000412,20991200,0.000412,21000200
2025-11-12,0.00040934328989166666,21000100,0.000406,20991200,0.000406,21000200
2025-11-13,0.0003958865361,21000100,0.000396,20991200,0.000396,21000200
2025-11-14,0.00038245837500000004,21000100,0.000379,20991200,0.000379,21000200
2025-11-15,0.00038144925000000004,21000100,0.000378,20991200,0.000378,21000200
2025-11-16,0.00035433490986666664,21000100,0.000352,20991200,0.000352,21000200
2025-11-17,0.0003496120482833333,21000100,0.000347,20991200,0.000347,21000200
2025-11-18,0.0003592485,21000100,0.000356,20991200,0.000356,21000200
2025-11-19,0.00034552546022625555,21000100,0.000347,20991200,0.000347,21000200
2025-11-20,0.000350166375,21000100,0.000347,20991200,0.000347,21000200
2025-11-21,0.000329017696275,21000100,0.000327,20991200,0.000327,21000200
2025-11-22,0.00032989117595,21000100,0.000327,20991200,0.000327,21000200
2025-11-23,0.00033301125,21000100,0.00033,20991200,0.00033,21000200
2025-11-24,0.00034512075,21000100,0.000342,20991200,0.000342,21000200
2025-11-25,0.00035723025,21000100,0.000354,20991200,0.000354,21000200
2025-11-26,0.00036185055,21000100,0.00036,20991200,0.00036,21000200
2025-11-27,0.000371358,21000100,0.000368,20991200,0.000368,21000200
2025-11-28,0.00035943854948750005,21000100,0.000357,20991200,0.000357,21000200
2025-11-29,0.00035324479864583334,21000100,0.000355,20991200,0.000355,21000200
2025-11-30,0.00034183595608333335,21000100,0.00034,20991200,0.00034,21000200
2025-12-01,0.0002708350592375,21000100,0.000271,20991200,0.000271,21000200
2025-12-02,0.0002603329068375,21000100,0.000261,20991200,0.000261,21000200
2025-12-03,0.000240142781075,21000100,0.000241,20991200,0.000241,21000200
2025-12-04,0.00022656791468125728,21000100,0.000229,20991200,0.000229,21000200
2025-12-05,0.00025022309576666667,21000100,0.000248,20991200,0.000248,21000200
2025-12-06,0.0002461371133958333,21000100,0.000245,20991200,0.000245,21000200
2025-12-07,0.00026439075,21000100,0.000262,20991200,0.000262,21000200
2025-12-08,0.0002475727547983725,21000100,0.000251,20991200,0.000251,21000200
2025-12-09,0.0002542995,21000100,0.000252,20991200,0.000252,21000200
2025-12-10,0.00024220693600000002,21000100,0.00024,20991200,0.00024,21000200
2025-12-11,0.00023948605613333332,21000100,0.000238,20991200,0.000238,21000200
2025-12-12,0.0002488496353,21000100,0.000246,20991200,0.000246,21000200
2025-12-13,0.00024986182021666665,21000100,0.000247,20991200,0.000247,21000200
2025-12-14,0.00023598075637916666,21000100,0.000233,20991200,0.000233,21000200
2025-12-15,0.000226904709075,21000100,0.000226,20991200,0.000226,21000200
2025-12-16,0.0002205411210806152,21000100,0.000224,20991200,0.000224,21000200
2025-12-17,0.00021505188133333334,21000100,0.000214,20991200,0.000214,21000200
2025-12-18,0.00020186445968333334,21000100,0.000202,20991200,0.000202,21000200
2025-12-19,0.00021227796383333332,21000100,0.000215,20991200,0.000215,21000200
2025-12-20,0.00021539569551666665,21000100,0.000214,20991200,0.000214,21000200
2025-12-21,0.0002014525993,21000100,0.000204,20991200,0.000204,21000200
2025-12-22,0.00020100153435833332,21000100,0.000203,20991200,0.000203,21000200
2025-12-23,0.0002058185855,21000100,0.000205,20991200,0.000205,21000200
2025-12-24,0.0002065655260625,21000100,0.000205,20991200,0.000205,21000200
2025-12-25,0.00019974239022916667,21000100,0.000199,20991200,0.000199,21000200
2025-12-26,0.0002058615,21000100,0.000204,20991200,0.000204,21000200
2025-12-27,0.00020848177566666666,21000100,0.000208,20991200,0.000208,21000200
2025-12-28,0.000206870625,21000100,0.000205,20991200,0.000205,21000200
2025-12-29,0.0002058615,21000100,0.000204,20991200,0.000204,21000200
2025-12-30,0.00020563607235,21000100,0.000204,20991200,0.000204,21000200
2025-12-31,0.000202834125,21000100,0.000201,20991200,0.000201,21000200
2026-01-01,0.00020951193592083333,21000100,0.000209,20991200,0.000209,21000200
2026-01-02,0.00021494362500000002,21000100,0.000213,20991200,0.000213,21000200
2026-01-03,0.0002140110089375,21000100,0.000213,20991200,0.000213,21000200
2026-01-04,0.000227053125,21000100,0.000225,20991200,0.000225,21000200
2026-01-05,0.00023467446517916665,21000100,0.000233,20991200,0.000233,21000200
2026-01-06,0.00024824475000000004,21000100,0.000246,20991200,0.000246,21000200
2026-01-07,0.000233107875,21000100,0.000231,20991200,0.000231,21000200
2026-01-08,0.00023512612500000001,21000100,0.000233,20991200,0.000233,21000200
2026-01-09,0.0002319557807875,21000100,0.000231,20991200,0.000231,21000200
2026-01-10,0.00022646520026666666,21000100,0.000224,20991200,0.000224,21000200
2026-01-11,0.00022377482710000002,21000100,0.000222,20991200,0.000222,21000200
2026-01-12,0.00021471691961666667,21000100,0.000214,20991200,0.000214,21000200
2026-01-13,0.00023411700000000002,21000100,0.000232,20991200,0.000232,21000200
2026-01-14,0.00023209875,21000100,0.00023,20991200,0.00023,21000200
2026-01-15,0.0002170849698,21000100,0.000216,20991200,0.000216,21000200
2026-01-16,0.000229071375,21000100,0.000227,20991200,0.000227,21000200
2026-01-17,0.00022588674468750002,21000100,0.000225,20991200,0.000225,21000200
2026-01-18,0.00021342978894999998,21000100,0.000212,20991200,0.000212,21000200
2026-01-19,0.00019827561833333336,21000100,0.0002,20991200,0.0002,21000200
2026-01-20,0.0001897155,21000100,0.000188,20991200,0.000188,21000200
2026-01-21,0.00019577025,21000100,0.000194,20991200,0.000194,21000200
2026-01-22,0.00019063368562500003,21000100,0.00019,20991200,0.00019,21000200
2026-01-23,0.00019246238831666665,21000100,0.000191,20991200,0.000191,21000200
2026-01-24,0.00019208932226250002,21000100,0.000193,20991200,0.000193,21000200
2026-01-25,0.0001809934935,21000100,0.00018,20991200,0.00018,21000200
2026-01-26,0.0001869133468,21000100,0.000186,20991200,0.000186,21000200
2026-01-27,0.0001897155,21000100,0.000188,20991200,0.000188,21000200
2026-01-28,0.000188706375,21000100,0.000187,20991200,0.000187,21000200
2026-01-29,0.00017455026237083335,21000100,0.000173,20991200,0.000173,21000200
2026-01-30,0.000176596875,21000100,0.000175,20991200,0.000175,21000200
2026-01-31,0.00016448737500000002,21000100,0.000163,20991200,0.000163,21000200
2026-02-01,0.000158094146275,21000100,0.000158,20991200,0.000158,21000200
2026-02-02,0.00016448737500000002,21000100,0.000163,20991200,0.000163,21000200
2026-02-03,0.000160450875,21000100,0.000159,20991200,0.000159,21000200
2026-02-04,0.0001549630277,21000100,0.000156,20991200,0.000156,21000200
2026-02-05,0.0001356756834375,21000100,0.000135,20991200,0.000135,21000200
2026-02-06,0.00015136875,21000100,0.00015,20991200,0.00015,21000200
2026-02-07,0.00015411824958750002,21000100,0.000153,20991200,0.000153,21000200
2026-02-08,0.00014857940951666667,21000100,0.000148,20991200,0.000148,21000200
2026-02-09,0.0001493505,21000100,0.000148,20991200,0.000148,21000200
2026-02-10,0.000142286625,21000100,0.000141,20991200,0.000141,21000200
2026-02-11,0.0001412775,21000100,0.00014,20991200,0.00014,21000200
2026-02-12,0.00014212777805416667,21000100,0.000143,20991200,0.000143,21000200
2026-02-13,0.000146443508225,21000100,0.000147,20991200,0.000147,21000200
2026-02-14,0.000152377875,21000100,0.000151,20991200,0.000151,21000200
2026-02-15,0.00014314562405,21000100,0.000143,20991200,0.000143,21000200
2026-02-16,0.000144652325475,21000100,0.000147,20991200,0.000147,21000200
2026-02-17,0.0001467678644916667,21000100,0.000146,20991200,0.000146,21000200
2026-02-18,0.0001380566473208333,21000100,0.000137,20991200,0.000137,21000200
2026-02-19,0.00013395527301803591,21000100,0.000137,20991200,0.000137,21000200
2026-02-20,0.00013870184731666664,21000100,0.000139,20991200,0.000139,21000200
2026-02-21,0.0001309852722075968,21000100,0.000135,20991200,0.000135,21000200
2026-02-22,0.00013086529029166666,21000100,0.00013,20991200,0.00013,21000200
2026-02-23,0.00011793293213442714,21000100,0.000122,20991200,0.000122,21000200
2026-02-24,0.00016573917668749998,21000100,0.000169,20991200,0.000169,21000200
2026-02-25,0.00018889077043932046,21000100,0.000218,20991200,0.000218,21000200
2026-02-26,0.00032415436618451576,21000100,0.000413,20991200,0.000413,21000200
