DATETIME,CARRY,CARRY_CONTRACT,PRICE,PRICE_CONTRACT,FORWARD,FORWARD_CONTRACT
2020-07-11,0.0038298514054,21000100,0.003812,20991200,0.003812,21000200
2020-07-12,0.0036812880000000004,21000100,0.003648,20991200,0.003648,21000200
2020-07-13,0.0031940609117625,21000100,0.003159,20991200,0.003159,21000200
2020-07-14,0.0031097514653,21000100,0.003293,20991200,0.003293,21000200
2020-07-15,0.0030082853772666666,21000100,0.003088,20991200,0.003088,21000200
2020-07-16,0.0029986281418749993,21000100,0.002985,20991200,0.002985,21000200
2020-07-17,0.003090788435075,21000100,0.003057,20991200,0.003057,21000200
2020-07-18,0.0034673535,21000100,0.003436,20991200,0.003436,21000200
2020-07-19,0.003392983550708333,21000100,0.003385,20991200,0.003385,21000200
2020-07-20,0.003245346,21000100,0.003216,20991200,0.003216,21000200
2020-07-21,0.0033079096444333335,21000100,0.003302,20991200,0.003302,21000200
2020-07-22,0.0033220395,21000100,0.003292,20991200,0.003292,21000200
2020-07-23,0.003337176375,21000100,0.003307,20991200,0.003307,21000200
2020-07-24,0.0032200061740875,21000100,0.003213,20991200,0.003213,21000200
2020-07-25,0.0032907566250000003,21000100,0.003261,20991200,0.003261,21000200
2020-07-26,0.0032685558750000002,21000100,0.003239,20991200,0.003239,21000200
2020-07-27,0.00319085325,21000100,0.003162,20991200,0.003162,21000200
2020-07-28,0.003218099625,21000100,0.003189,20991200,0.003189,21000200
2020-07-29,0.0032121896965583334,21000100,0.003173,20991200,0.003173,21000200
2020-07-30,0.00328760320425,21000100,0.003228,20991200,0.003228,21000200
2020-07-31,0.0032594737499999997,21000100,0.00323,20991200,0.00323,21000200
2020-08-02,0.0035004325440833334,21000100,0.00334,20991200,0.00334,21000200
2020-08-03,0.003414879,21000100,0.003384,20991200,0.003384,21000200
2020-08-04,0.003625288934,21000100,0.003552,20991200,0.003552,21000200
2020-08-05,0.0035627862437499994,21000100,0.003506,20991200,0.003506,21000200
2020-08-06,0.003696555870908333,21000100,0.003562,20991200,0.003562,21000200
2020-08-07,0.0035672572636999997,21000100,0.003496,20991200,0.003496,21000200
2020-08-08,0.0035561565,21000100,0.003524,20991200,0.003524,21000200
2020-08-09,0.0035298809303875005,21000100,0.003471,20991200,0.003471,21000200
2020-08-10,0.0035586527582916667,21000100,0.003505,20991200,0.003505,21000200
2020-08-11,0.0034395814374625004,21000100,0.003397,20991200,0.003397,21000200
2020-08-12,0.0035946094261,21000100,0.003468,20991200,0.003468,21000200
2020-08-13,0.0035228553750000003,21000100,0.003491,20991200,0.003491,21000200
2020-08-14,0.0036813807397874996,21000100,0.003579,20991200,0.003579,21000200
2020-08-15,0.0037143206335541667,21000100,0.003541,20991200,0.003541,21000200
2020-08-16,0.0035893775646458335,21000100,0.003535,20991200,0.003535,21000200
2020-08-17,0.0037258213833250005,21000100,0.003589,20991200,0.003589,21000200
2020-08-18,0.0035920579915,21000100,0.003476,20991200,0.003476,21000200
2020-08-19,0.0034611201777666667,21000100,0.003418,20991200,0.003418,21000200
2020-08-20,0.0034784538750000002,21000100,0.003447,20991200,0.003447,21000200
2020-08-21,0.003413206546225,21000100,0.003379,20991200,0.003379,21000200
2020-08-22,0.0034653352500000002,21000100,0.003434,20991200,0.003434,21000200
2020-08-23,0.0034454527301999997,21000100,0.003398,20991200,0.003398,21000200
2020-08-24,0.0034914623425,21000100,0.00341,20991200,0.00341,21000200
2020-08-25,0.003319012125,21000100,0.003289,20991200,0.003289,21000200
2020-08-26,0.0032513903300625,21000100,0.003285,20991200,0.003285,21000200
2020-08-27,0.003224154375,21000100,0.003195,20991200,0.003195,21000200
2020-08-28,0.003284701875,21000100,0.003255,20991200,0.003255,21000200
2020-08-29,0.0033024280885,21000100,0.003273,20991200,0.003273,21000200
2020-08-30,0.0033280942500000005,21000100,0.003298,20991200,0.003298,21000200
2020-08-31,0.0032392912500000003,21000100,0.00321,20991200,0.00321,21000200
2020-09-02,0.003145442625,21000100,0.003117,20991200,0.003117,21000200
2020-09-03,0.002785185,21000100,0.00276,20991200,0.00276,21000200
2020-09-04,0.0027635090270374998,21000100,0.002877,20991200,0.002877,21000200
2020-09-05,0.0027042958169999996,21000100,0.00276,20991200,0.00276,21000200
2020-09-06,0.0026485928660041663,21000100,0.002779,20991200,0.002779,21000200
2020-09-07,0.002840582506666667,21000100,0.002816,20991200,0.002816,21000200
2020-09-08,0.002770048125,21000100,0.002745,20991200,0.002745,21000200
2020-09-09,0.0028033492500000004,21000100,0.002778,20991200,0.002778,21000200
2020-09-10,0.00282756825,21000100,0.002802,20991200,0.002802,21000200
2020-09-11,0.00266146986585,21000100,0.002796,20991200,0.002796,21000200
2020-09-12,0.002840686875,21000100,0.002815,20991200,0.002815,21000200
2020-09-13,0.002812431375,21000100,0.002787,20991200,0.002787,21000200
2020-09-14,0.0028134405,21000100,0.002788,20991200,0.002788,21000200
2020-09-15,0.0028230600547874997,21000100,0.002829,20991200,0.002829,21000200
2020-09-16,0.0026586640442445063,21000100,0.002809,20991200,0.002809,21000200
2020-09-17,0.0028305956250000005,21000100,0.002805,20991200,0.002805,21000200
2020-09-18,0.0028134405,21000100,0.002788,20991200,0.002788,21000200
2020-09-19,0.0027985474798749997,21000100,0.002793,20991200,0.002793,21000200
2020-09-20,0.0027092196771875,21000100,0.002775,20991200,0.002775,21000200
2020-09-21,0.002542887314658333,21000100,0.002593,20991200,0.002593,21000200
2020-09-22,0.0024930956368333333,21000100,0.002641,20991200,0.002641,21000200
2020-09-23,0.002448589485166667,21000100,0.00254,20991200,0.00254,21000200
2020-09-24,0.0024530508020447735,21000100,0.00263,20991200,0.00263,21000200
2020-09-25,0.0026591162354625,21000100,0.002689,20991200,0.002689,21000200
2020-09-26,0.0025796011885333334,21000100,0.002696,20991200,0.002696,21000200
2020-09-27,0.0026090961474666665,21000100,0.002696,20991200,0.002696,21000200
2020-09-28,0.002664987515583333,21000100,0.002645,20991200,0.002645,21000200
2020-09-29,0.0026395865978625,21000100,0.002673,20991200,0.002673,21000200
2020-09-30,0.0026033061121125,21000100,0.002633,20991200,0.002633,21000200
2020-10-02,0.0025966638283500005,21000100,0.002589,20991200,0.002589,21000200
2020-10-03,0.0025826331635625003,21000100,0.002589,20991200,0.002589,21000200
2020-10-04,0.002630701667229167,21000100,0.002635,20991200,0.002635,21000200
2020-10-05,0.0025833697126125,21000100,0.002611,20991200,0.002611,21000200
2020-10-06,0.002567259457275,21000100,0.002598,20991200,0.002598,21000200
2020-10-07,0.002598912287125,21000100,0.00259,20991200,0.00259,21000200
2020-10-08,0.0025456372226291663,21000100,0.002603,20991200,0.002603,21000200
2020-10-09,0.0026751903750000003,21000100,0.002651,20991200,0.002651,21000200
2020-10-10,0.0026539063221,21000100,0.002662,20991200,0.002662,21000200
2020-10-11,0.0026023659840000006,21000100,0.002671,20991200,0.002671,21000200
2020-10-12,0.0026737618204375,21000100,0.002665,20991200,0.002665,21000200
2020-10-13,0.00266409,21000100,0.00264,20991200,0.00264,21000200
2020-10-14,0.0026265894690166666,21000100,0.002636,20991200,0.002636,21000200
2020-10-15,0.002616661125,21000100,0.002593,20991200,0.002593,21000200
2020-10-16,0.002612914241325,21000100,0.002603,20991200,0.002603,21000200
2020-10-17,0.0026010292686625,21000100,0.002587,20991200,0.002587,21000200
2020-10-18,0.0026116155,21000100,0.002588,20991200,0.002588,21000200
2020-10-19,0.002616661125,21000100,0.002593,20991200,0.002593,21000200
2020-10-20,0.0025790104196833333,21000100,0.002594,20991200,0.002594,21000200
2020-10-21,0.002650971375,21000100,0.002627,20991200,0.002627,21000200
2020-10-22,0.002661445421425,21000100,0.002649,20991200,0.002649,21000200
2020-10-23,0.0026691356250000005,21000100,0.002645,20991200,0.002645,21000200
2020-10-24,0.0026620717500000003,21000100,0.002638,20991200,0.002638,21000200
2020-10-25,0.002677208625,21000100,0.002653,20991200,0.002653,21000200
2020-10-26,0.002693354625,21000100,0.002669,20991200,0.002669,21000200
2020-10-27,0.0027359171525625004,21000100,0.002671,20991200,0.002671,21000200
2020-10-28,0.0026055607500000003,21000100,0.002582,20991200,0.002582,21000200
2020-10-29,0.0026224361030000006,21000100,0.002576,20991200,0.002576,21000200
2020-10-30,0.002606569875,21000100,0.002583,20991200,0.002583,21000200
2020-10-31,0.002591433,21000100,0.002568,20991200,0.002568,21000200
2020-11-02,0.0025369402500000004,21000100,0.002514,20991200,0.002514,21000200
2020-11-03,0.002541985875,21000100,0.002519,20991200,0.002519,21000200
2020-11-04,0.0025509849336124994,21000100,0.002541,20991200,0.002541,21000200
2020-11-05,0.002581148614791667,21000100,0.002635,20991200,0.002635,21000200
2020-11-06,0.0027517325640833332,21000100,0.002759,20991200,0.002759,21000200
2020-11-07,0.00269032725,21000100,0.002666,20991200,0.002666,21000200
2020-11-08,0.0025253479885416668,21000100,0.002705,20991200,0.002705,21000200
2020-11-09,0.0026670182751333334,21000100,0.002674,20991200,0.002674,21000200
2020-11-10,0.0028218009818625003,21000100,0.002761,20991200,0.002761,21000200
2020-11-11,0.0028064087369125,21000100,0.002757,20991200,0.002757,21000200
2020-11-12,0.0028551588076375003,21000100,0.002779,20991200,0.002779,21000200
2020-11-13,0.0028130422675875003,21000100,0.002817,20991200,0.002817,21000200
2020-11-14,0.002850202942666666,21000100,0.002776,20991200,0.002776,21000200
2020-11-15,0.0028865655931666666,21000100,0.002776,20991200,0.002776,21000200
2020-11-16,0.002997374169625,21000100,0.002897,20991200,0.002897,21000200
2020-11-17,0.0029577009744916664,21000100,0.002947,20991200,0.002947,21000200
2020-11-18,0.0030082883005458335,21000100,0.002911,20991200,0.002911,21000200
2020-11-19,0.0028406518236000003,21000100,0.002916,20991200,0.002916,21000200
2020-11-20,0.0031039581640999996,21000100,0.002998,20991200,0.002998,21000200
2020-11-21,0.003806010641690178,21000100,0.003522,20991200,0.003522,21000200
2020-11-22,0.0035479382847333333,21000100,0.003344,20991200,0.003344,21000200
2020-11-23,0.00401998031187637,21000100,0.00369,20991200,0.00369,21000200
2020-11-24,0.004660016808820833,21000100,0.004273,20991200,0.004273,21000200
2020-11-25,0.003996867978575,21000100,0.003722,20991200,0.003722,21000200
2020-11-26,0.003295216506275,21000100,0.003254,20991200,0.003254,21000200
2020-11-27,0.0033079117500000002,21000100,0.003278,20991200,0.003278,21000200
2020-11-28,0.0034259793750000002,21000100,0.003395,20991200,0.003395,21000200
2020-11-29,0.003474417375,21000100,0.003443,20991200,0.003443,21000200
2020-11-30,0.0036005580000000002,21000100,0.003568,20991200,0.003568,21000200
2020-12-02,0.003393687375,21000100,0.003363,20991200,0.003363,21000200
2020-12-03,0.003455244,21000100,0.003424,20991200,0.003424,21000200
2020-12-04,0.0033169938750000003,21000100,0.003287,20991200,0.003287,21000200
2020-12-05,0.0034217656403166667,21000100,0.003398,20991200,0.003398,21000200
2020-12-06,0.0034219428750000003,21000100,0.003391,20991200,0.003391,21000200
2020-12-07,0.003371486625,21000100,0.003341,20991200,0.003341,21000200
2020-12-08,0.003204981,21000100,0.003176,20991200,0.003176,21000200
2020-12-09,0.00317874375,21000100,0.00315,20991200,0.00315,21000200
2020-12-10,0.0031242509999999998,21000100,0.003096,20991200,0.003096,21000200
2020-12-11,0.003097004625,21000100,0.003069,20991200,0.003069,21000200
2020-12-12,0.0031817711250000003,21000100,0.003153,20991200,0.003153,21000200
2020-12-13,0.0032897475,21000100,0.00326,20991200,0.00326,21000200
2020-12-14,0.0032109350221,21000100,0.003224,20991200,0.003224,21000200
2020-12-15,0.0032352547500000004,21000100,0.003206,20991200,0.003206,21000200
2020-12-16,0.0034532257500000003,21000100,0.003422,20991200,0.003422,21000200
2020-12-17,0.0037660545,21000100,0.003732,20991200,0.003732,21000200
2020-12-18,0.003915382270458334,21000100,0.003866,20991200,0.003866,21000200
2020-12-19,0.003996054031750001,21000100,0.00393,20991200,0.00393,21000200
2020-12-20,0.004924008521025001,21000100,0.004642,20991200,0.004642,21000200
2020-12-21,0.0049137593446500006,21000100,0.004778,20991200,0.004778,21000200
2020-12-22,0.004562254125,21000100,0.004521,20991200,0.004521,21000200
2020-12-23,0.0037978898603333333,21000100,0.003755,20991200,0.003755,21000200
2020-12-24,0.004616746875,21000100,0.004575,20991200,0.004575,21000200
2020-12-25,0.004606655625,21000100,0.004565,20991200,0.004565,21000200
2020-12-26,0.004560235875,21000100,0.004519,20991200,0.004519,21000200
2020-12-27,0.004642868672475,21000100,0.004554,20991200,0.004554,21000200
2020-12-28,0.0047583027937500005,21000100,0.004609,20991200,0.004609,21000200
2020-12-29,0.00466975376855,21000100,0.004498,20991200,0.004498,21000200
2020-12-30,0.00478755863025,21000100,0.004635,20991200,0.004635,21000200
2020-12-31,0.004848949050616667,21000100,0.004678,20991200,0.004678,21000200
2021-01-02,0.010354120080675,21000100,0.010542,20991200,0.010542,21000200
2021-01-03,0.0099578985562,21000100,0.009877,20991200,0.009877,21000200
2021-01-04,0.010756376834820433,21000100,0.009796,20991200,0.009796,21000200
2021-01-05,0.010091250000000001,21000100,0.01,20991200,0.01,21000200
2021-01-06,0.011556218008652294,21000100,0.010468,20991200,0.010468,21000200
2021-01-07,0.0105741503739375,21000100,0.009767,20991200,0.009767,21000200
2021-01-08,0.009998478052791665,21000100,0.009755,20991200,0.009755,21000200
2021-01-09,0.010606884266008332,21000100,0.010202,20991200,0.010202,21000200
2021-01-10,0.010986286875021723,21000100,0.009841,20991200,0.009841,21000200
2021-01-11,0.009086241950175001,21000100,0.008801,20991200,0.008801,21000200
2021-01-12,0.008140611375,21000100,0.008067,20991200,0.008067,21000200
2021-01-13,0.008754159375,21000100,0.008675,20991200,0.008675,21000200
2021-01-14,0.009620772405150002,21000100,0.009419,20991200,0.009419,21000200
2021-01-15,0.009830854587541666,21000100,0.00937,20991200,0.00937,21000200
2021-01-16,0.009379923571604167,21000100,0.009245,20991200,0.009245,21000200
2021-01-17,0.009303192185999998,21000100,0.00912,20991200,0.00912,21000200
2021-01-18,0.009770655900608332,21000100,0.009197,20991200,0.009197,21000200
2021-01-19,0.010159895185700001,21000100,0.009048,20991200,0.009048,21000200
2021-01-20,0.009622665975791667,21000100,0.00907,20991200,0.00907,21000200
2021-01-21,0.0082409480384,21000100,0.008148,20991200,0.008148,21000200
2021-01-22,0.008597745,21000100,0.00852,20991200,0.00852,21000200
2021-01-23,0.008664347250000001,21000100,0.008586,20991200,0.008586,21000200
2021-01-24,0.008803996571850001,21000100,0.008724,20991200,0.008724,21000200
2021-01-25,0.008440804875249999,21000100,0.008355,20991200,0.008355,21000200
2021-01-26,0.00830913525,21000100,0.008234,20991200,0.008234,21000200
2021-01-27,0.007476159519,21000100,0.007416,20991200,0.007416,21000200
2021-01-28,0.0377880212634,21000100,0.036324,20991200,0.036324,21000200
2021-01-29,0.03974309246836275,21000100,0.045883,20991200,0.045883,21000200
2021-01-30,0.024722147207250002,21000100,0.02799,20991200,0.02799,21000200
2021-01-31,0.03331518916775,21000100,0.036885,20991200,0.036885,21000200
2021-02-02,0.031917104613437504,21000100,0.031357,20991200,0.031357,21000200
2021-02-03,0.040936214081999996,21000100,0.03736,20991200,0.03736,21000200
2021-02-04,0.05919518872007501,21000100,0.052782,20991200,0.052782,21000200
2021-02-05,0.0490573823145,21000100,0.04683,20991200,0.04683,21000200
2021-02-06,0.06334325829608334,21000100,0.057716,20991200,0.057716,21000200
2021-02-07,0.08711395153425,21000100,0.07803,20991200,0.07803,21000200
2021-02-08,0.09197177275516666,21000100,0.079054,20991200,0.079054,21000200
2021-02-09,0.08428687654094168,21000100,0.070186,20991200,0.070186,21000200
2021-02-10,0.07970473190625,21000100,0.072645,20991200,0.072645,21000200
2021-02-11,0.08183248443420835,21000100,0.069763,20991200,0.069763,21000200
2021-02-12,0.08502385530563335,21000100,0.069928,20991200,0.069928,21000200
2021-02-13,0.08303650175664035,21000100,0.066373,20991200,0.066373,21000200
2021-02-14,0.07656285704659167,21000100,0.062711,20991200,0.062711,21000200
2021-02-15,0.061069012907175,21000100,0.056511,20991200,0.056511,21000200
2021-02-16,0.0584919860450375,21000100,0.053591,20991200,0.053591,21000200
2021-02-17,0.054610789095412504,21000100,0.049527,20991200,0.049527,21000200
2021-02-18,0.07305919583809166,21000100,0.058838,20991200,0.058838,21000200
2021-02-19,0.06591414688775,21000100,0.05519,20991200,0.05519,21000200
2021-02-20,0.07042508593074823,21000100,0.054153,20991200,0.054153,21000200
2021-02-21,0.06121147248950416,21000100,0.056063,20991200,0.056063,21000200
2021-02-22,0.05752901387252501,21000100,0.053657,20991200,0.053657,21000200
2021-02-23,0.048115080000000005,21000100,0.04768,20991200,0.04768,21000200
2021-02-24,0.05363308791920833,21000100,0.056731,20991200,0.056731,21000200
2021-02-25,0.04835582398625417,21000100,0.049879,20991200,0.049879,21000200
2021-02-26,0.04891457183701667,21000100,0.050426,20991200,0.050426,21000200
2021-02-27,0.0500416339369375,21000100,0.050115,20991200,0.050115,21000200
2021-02-28,0.048610560375,21000100,0.048171,20991200,0.048171,21000200
2021-03-02,0.050685321375,21000100,0.050227,20991200,0.050227,21000200
2021-03-03,0.049269480239687496,21000100,0.050425,20991200,0.050425,21000200
2021-03-04,0.05088491332304584,21000100,0.049999,20991200,0.049999,21000200
2021-03-05,0.050271382169125,21000100,0.04953,20991200,0.04953,21000200
2021-03-06,0.05139473625,21000100,0.05093,20991200,0.05093,21000200
2021-03-07,0.052531011,21000100,0.052056,20991200,0.052056,21000200
2021-03-08,0.06519010147173332,21000100,0.063076,20991200,0.063076,21000200
2021-03-09,0.06280323904200416,21000100,0.058013,20991200,0.058013,21000200
2021-03-10,0.06060967585537084,21000100,0.055951,20991200,0.055951,21000200
2021-03-11,0.0592975475092,21000100,0.056056,20991200,0.056056,21000200
2021-03-12,0.06044079496866667,21000100,0.055367,20991200,0.055367,21000200
2021-03-13,0.0694950517508,21000100,0.062816,20991200,0.062816,21000200
2021-03-14,0.06559650270543332,21000100,0.058168,20991200,0.058168,21000200
2021-03-15,0.06275584374416666,21000100,0.05708,20991200,0.05708,21000200
2021-03-16,0.06212393076064584,21000100,0.058765,20991200,0.058765,21000200
2021-03-17,0.062271934966375,21000100,0.05799,20991200,0.05799,21000200
2021-03-18,0.0647629324350375,21000100,0.057427,20991200,0.057427,21000200
2021-03-19,0.0641213436203625,21000100,0.058323,20991200,0.058323,21000200
2021-03-20,0.06571785665307917,21000100,0.058961,20991200,0.058961,21000200
2021-03-21,0.06327233816716667,21000100,0.05758,20991200,0.05758,21000200
2021-03-22,0.06070933623040001,21000100,0.054912,20991200,0.054912,21000200
2021-03-23,0.054821807594224996,21000100,0.053431,20991200,0.053431,21000200
2021-03-24,0.0527678571719,21000100,0.051532,20991200,0.051532,21000200
2021-03-25,0.05177921287500001,21000100,0.051311,20991200,0.051311,21000200
2021-03-26,0.05509213131843333,21000100,0.053992,20991200,0.053992,21000200
2021-03-27,0.056490037798949996,21000100,0.054474,20991200,0.054474,21000200
2021-03-28,0.05615633142733334,21000100,0.053726,20991200,0.053726,21000200
2021-03-29,0.05762963752036667,21000100,0.054191,20991200,0.054191,21000200
2021-03-30,0.0585021714928,21000100,0.054096,20991200,0.054096,21000200
2021-03-31,0.058116751511325,21000100,0.053814,20991200,0.053814,21000200
2021-04-02,0.06483340733116667,21000100,0.057769,20991200,0.057769,21000200
2021-04-03,0.067160765668375,21000100,0.055574,20991200,0.055574,21000200
2021-04-04,0.06176397959285,21000100,0.057457,20991200,0.057457,21000200
2021-04-05,0.06707710421806251,21000100,0.060085,20991200,0.060085,21000200
2021-04-06,0.07293680446541666,21000100,0.06445,20991200,0.06445,21000200
2021-04-07,0.06195541939264167,21000100,0.058838,20991200,0.058838,21000200
2021-04-08,0.06567348404283334,21000100,0.06188,20991200,0.06188,21000200
2021-04-09,0.06842114938958332,21000100,0.0617,20991200,0.0617,21000200
2021-04-10,0.07363041683562499,21000100,0.06379,20991200,0.06379,21000200
2021-04-11,0.08739319286651667,21000100,0.074548,20991200,0.074548,21000200
2021-04-12,0.08316061801864168,21000100,0.070802,20991200,0.070802,21000200
2021-04-13,0.1135793297856,21000100,0.094752,20991200,0.094752,21000200
2021-04-14,0.14226598518813333,21000100,0.121712,20991200,0.121712,21000200
2021-04-15,0.19231094005520832,21000100,0.181654,20991200,0.181654,21000200
2021-04-16,0.329908929280175,21000100,0.365462,20991200,0.365462,21000200
2021-04-17,0.32226709080241667,21000100,0.282716,20991200,0.282716,21000200
2021-04-18,0.337826117145,21000100,0.322905,20991200,0.322905,21000200
2021-04-19,0.43362976149004995,21000100,0.409251,20991200,0.409251,21000200
2021-04-20,0.32458240325093335,21000100,0.317516,20991200,0.317516,21000200
2021-04-21,0.30877509487500004,21000100,0.305983,20991200,0.305983,21000200
2021-04-22,0.2648936673597083,21000100,0.260918,20991200,0.260918,21000200
2021-04-23,0.25158354567880004,21000100,0.249846,20991200,0.249846,21000200
2021-04-24,0.2702812636056709,21000100,0.270031,20991200,0.270031,21000200
2021-04-25,0.24900489527387495,21000100,0.251418,20991200,0.251418,21000200
2021-04-26,0.266866538262775,21000100,0.271959,20991200,0.271959,21000200
2021-04-27,0.281921666567975,21000100,0.272527,20991200,0.272527,21000200
2021-04-28,0.33518627900869996,21000100,0.323484,20991200,0.323484,21000200
2021-04-29,0.3128327307325125,21000100,0.305181,20991200,0.305181,21000200
2021-04-30,0.35395343052803335,21000100,0.337754,20991200,0.337754,21000200
2021-05-02,0.3999338410956,21000100,0.374584,20991200,0.374584,21000200
2021-05-03,0.4868946283044292,21000100,0.441713,20991200,0.441713,21000200
2021-05-04,0.5847507947580001,21000100,0.53873,20991200,0.53873,21000200
2021-05-05,0.67878084063985,21000100,0.654868,20991200,0.654868,21000200
2021-05-06,0.6319764168091417,21000100,0.581771,20991200,0.581771,21000200
2021-05-07,0.7371466132648584,21000100,0.691522,20991200,0.691522,21000200
2021-05-08,0.6930182897220416,21000100,0.637855,20991200,0.637855,21000200
2021-05-09,0.5736992123847959,21000100,0.570961,20991200,0.570961,21000200
2021-05-10,0.44328604758533335,21000100,0.450736,20991200,0.450736,21000200
2021-05-11,0.49891652856825003,21000100,0.49374,20991200,0.49374,21000200
2021-05-12,0.39437614125000003,21000100,0.39081,20991200,0.39081,21000200
2021-05-13,0.491100464708375,21000100,0.48959,20991200,0.48959,21000200
2021-05-14,0.5650393612500001,21000100,0.55993,20991200,0.55993,21000200
2021-05-15,0.51312997125,21000100,0.50849,20991200,0.50849,21000200
2021-05-16,0.51819577875,21000100,0.51351,20991200,0.51351,21000200
2021-05-17,0.49234199625,21000100,0.48789,20991200,0.48789,21000200
2021-05-18,0.48080677260375,21000100,0.47601,20991200,0.47601,21000200
2021-05-19,0.318901068667125,21000100,0.32949,20991200,0.32949,21000200
2021-05-20,0.39117141767566666,21000100,0.39736,20991200,0.39736,21000200
2021-05-21,0.3553379622229167,21000100,0.35774,20991200,0.35774,21000200
2021-05-22,0.33553796700000005,21000100,0.342,20991200,0.342,21000200
2021-05-23,0.3029939852091667,21000100,0.3062,20991200,0.3062,21000200
2021-05-24,0.36837332909708337,21000100,0.36535,20991200,0.36535,21000200
2021-05-25,0.34439684686274996,21000100,0.34578,20991200,0.34578,21000200
2021-05-26,0.3518702815646667,21000100,0.35248,20991200,0.35248,21000200
2021-05-27,0.33351457716625,21000100,0.33393,20991200,0.33393,21000200
2021-05-28,0.31412043,21000100,0.31128,20991200,0.31128,21000200
2021-05-29,0.30557314125,21000100,0.30281,20991200,0.30281,21000200
2021-05-30,0.30456401625,21000100,0.30181,20991200,0.30181,21000200
2021-05-31,0.328530735,21000100,0.32556,20991200,0.32556,21000200
2021-06-02,0.42761671875,21000100,0.42375,20991200,0.42375,21000200
2021-06-03,0.40448757375000005,21000100,0.40083,20991200,0.40083,21000200
2021-06-04,0.37964291625,21000100,0.37621,20991200,0.37621,21000200
2021-06-05,0.37451656125000005,21000100,0.37113,20991200,0.37113,21000200
2021-06-06,0.3748495725,21000100,0.37146,20991200,0.37146,21000200
2021-06-07,0.33435338625000005,21000100,0.33133,20991200,0.33133,21000200
2021-06-08,0.3261966410048333,21000100,0.32572,20991200,0.32572,21000200
2021-06-09,0.34465375576624996,21000100,0.34321,20991200,0.34321,21000200
2021-06-10,0.32916648375,21000100,0.32619,20991200,0.32619,21000200
2021-06-11,0.32155768125,21000100,0.31865,20991200,0.31865,21000200
2021-06-12,0.31278008150500003,21000100,0.3121,20991200,0.3121,21000200
2021-06-13,0.32696659125000005,21000100,0.32401,20991200,0.32401,21000200
2021-06-14,0.33068017125,21000100,0.32769,20991200,0.32769,21000200
2021-06-15,0.32313191625,21000100,0.32021,20991200,0.32021,21000200
2021-06-16,0.3107095875,21000100,0.3079,20991200,0.3079,21000200
2021-06-17,0.30908489625,21000100,0.30629,20991200,0.30629,21000200
2021-06-18,0.29586535875000003,21000100,0.29319,20991200,0.29319,21000200
2021-06-19,0.2881715385065833,21000100,0.28561,20991200,0.28561,21000200
2021-06-20,0.2778932634164167,21000100,0.28021,20991200,0.28021,21000200
2021-06-21,0.17447983026625,21000100,0.17835,20991200,0.17835,21000200
2021-06-22,0.17747995960595833,21000100,0.19061,20991200,0.19061,21000200
2021-06-23,0.226230468066,21000100,0.23472,20991200,0.23472,21000200
2021-06-24,0.26201362984825005,21000100,0.26346,20991200,0.26346,21000200
2021-06-25,0.23681629061666665,21000100,0.23728,20991200,0.23728,21000200
2021-06-26,0.24480758045166665,21000100,0.2458,20991200,0.2458,21000200
2021-06-27,0.2645310601154167,21000100,0.26462,20991200,0.26462,21000200
2021-06-28,0.25736710221316667,21000100,0.25681,20991200,0.25681,21000200
2021-06-29,0.262527407627125,21000100,0.26339,20991200,0.26339,21000200
2021-06-30,0.2557694974950417,21000100,0.25379,20991200,0.25379,21000200
2021-07-02,0.24715904498337501,21000100,0.24501,20991200,0.24501,21000200
2021-07-03,0.24848694,21000100,0.24624,20991200,0.24624,21000200
2021-07-04,0.2485878525,21000100,0.24634,20991200,0.24634,21000200
2021-07-05,0.23000799346570835,21000100,0.23089,20991200,0.23089,21000200
2021-07-06,0.23491509698066668,21000100,0.23408,20991200,0.23408,21000200
2021-07-07,0.2257816275,21000100,0.22374,20991200,0.22374,21000200
2021-07-08,0.20882832750000002,21000100,0.20694,20991200,0.20694,21000200
2021-07-09,0.22069951548516664,21000100,0.21956,20991200,0.21956,21000200
2021-07-10,0.21568028625000002,21000100,0.21373,20991200,0.21373,21000200
2021-07-11,0.217971,21000100,0.216,20991200,0.216,21000200
2021-07-12,0.20959526250000002,21000100,0.2077,20991200,0.2077,21000200
2021-07-13,0.20173417875000002,21000100,0.19991,20991200,0.19991,21000200
2021-07-14,0.19913523859904164,21000100,0.19759,20991200,0.19759,21000200
2021-07-15,0.18701104500000001,21000100,0.18532,20991200,0.18532,21000200
2021-07-16,0.17349886125,21000100,0.17193,20991200,0.17193,21000200
2021-07-17,0.18857110823891668,21000100,0.18739,20991200,0.18739,21000200
2021-07-18,0.182734379352,21000100,0.18144,20991200,0.18144,21000200
2021-07-19,0.17418035384254166,21000100,0.17357,20991200,0.17357,21000200
2021-07-20,0.1694200197195,21000100,0.17037,20991200,0.17037,21000200
2021-07-21,0.19078853862725,21000100,0.19039,20991200,0.19039,21000200
2021-07-22,0.19293460875000001,21000100,0.19119,20991200,0.19119,21000200
2021-07-23,0.19668855375000002,21000100,0.19491,20991200,0.19491,21000200
2021-07-24,0.19866643875,21000100,0.19687,20991200,0.19687,21000200
2021-07-25,0.19972602000000003,21000100,0.19792,20991200,0.19792,21000200
2021-07-26,0.20556885375,21000100,0.20371,20991200,0.20371,21000200
2021-07-27,0.2076173775,21000100,0.20574,20991200,0.20574,21000200
2021-07-28,0.20758710375,21000100,0.20571,20991200,0.20571,21000200
2021-07-29,0.20686053375000002,21000100,0.20499,20991200,0.20499,21000200
2021-07-30,0.21066493500000003,21000100,0.20876,20991200,0.20876,21000200
2021-07-31,0.20960535375000003,21000100,0.20771,20991200,0.20771,21000200
2021-08-02,0.20520556875,21000100,0.20335,20991200,0.20335,21000200
2021-08-03,0.19810132875000003,21000100,0.19631,20991200,0.19631,21000200
2021-08-04,0.20344969125,21000100,0.20161,20991200,0.20161,21000200
2021-08-05,0.202914855,21000100,0.20108,20991200,0.20108,21000200
2021-08-06,0.207749473739125,21000100,0.20499,20991200,0.20499,21000200
2021-08-07,0.2755359498605,21000100,0.26194,20991200,0.26194,21000200
2021-08-08,0.2522042300633333,21000100,0.24008,20991200,0.24008,21000200
2021-08-09,0.26408432831324996,21000100,0.25614,20991200,0.25614,21000200
2021-08-10,0.26333780031966664,21000100,0.25769,20991200,0.25769,21000200
2021-08-11,0.27856162095895964,21000100,0.26455,20991200,0.26455,21000200
2021-08-12,0.27297586643025,21000100,0.26427,20991200,0.26427,21000200
2021-08-13,0.29342064646416666,21000100,0.2869,20991200,0.2869,21000200
2021-08-14,0.3087542024403333,21000100,0.29446,20991200,0.29446,21000200
2021-08-15,0.35717492704233333,21000100,0.34036,20991200,0.34036,21000200
2021-08-16,0.33758008202395834,21000100,0.31975,20991200,0.31975,21000200
2021-08-17,0.30548887464520835,21000100,0.29945,20991200,0.29945,21000200
2021-08-18,0.30613825125,21000100,0.30337,20991200,0.30337,21000200
2021-08-19,0.3217339912984166,21000100,0.31811,20991200,0.31811,21000200
2021-08-20,0.34148403551475,21000100,0.32742,20991200,0.32742,21000200
2021-08-21,0.3287277516285,21000100,0.31698,20991200,0.31698,21000200
2021-08-22,0.32657272626316663,21000100,0.31492,20991200,0.31492,21000200
2021-08-23,0.336253430214,21000100,0.31824,20991200,0.31824,21000200
2021-08-24,0.30911510150721644,21000100,0.28884,20991200,0.28884,21000200
2021-08-25,0.2956726303,21000100,0.2928,20991200,0.2928,21000200
2021-08-26,0.27287652585175004,21000100,0.26834,20991200,0.26834,21000200
2021-08-27,0.30005879590925,21000100,0.29463,20991200,0.29463,21000200
2021-08-28,0.295523567283875,21000100,0.28623,20991200,0.28623,21000200
2021-08-29,0.28890790590025,21000100,0.28126,20991200,0.28126,21000200
2021-08-30,0.2876539566180834,21000100,0.27206,20991200,0.27206,21000200
2021-08-31,0.286526273373625,21000100,0.27849,20991200,0.27849,21000200
2021-09-02,0.3178988996290341,21000100,0.29486,20991200,0.29486,21000200
2021-09-03,0.31458933191250005,21000100,0.29646,20991200,0.29646,21000200
2021-09-04,0.3256793141864094,21000100,0.29979,20991200,0.29979,21000200
2021-09-05,0.34357576753632413,21000100,0.31476,20991200,0.31476,21000200
2021-09-06,0.33900818561133333,21000100,0.30928,20991200,0.30928,21000200
2021-09-07,0.23975438187391665,21000100,0.25547,20991200,0.25547,21000200
2021-09-08,0.2618994230130833,21000100,0.25669,20991200,0.25669,21000200
2021-09-09,0.2550058875,21000100,0.2527,20991200,0.2527,21000200
2021-09-10,0.24193771875,21000100,0.23975,20991200,0.23975,21000200
2021-09-11,0.24319912500000002,21000100,0.241,20991200,0.241,21000200
2021-09-12,0.2527050825,21000100,0.25042,20991200,0.25042,21000200
2021-09-13,0.2380122225,21000100,0.23586,20991200,0.23586,21000200
2021-09-14,0.24284593125,21000100,0.24065,20991200,0.24065,21000200
2021-09-15,0.25010154,21000100,0.24784,20991200,0.24784,21000200
2021-09-16,0.24464064171049998,21000100,0.24212,20991200,0.24212,21000200
2021-09-17,0.24435681328949999,21000100,0.24021,20991200,0.24021,21000200
2021-09-18,0.24366332250000003,21000100,0.24146,20991200,0.24146,21000200
2021-09-19,0.23520685500000002,21000100,0.23308,20991200,0.23308,21000200
2021-09-20,0.21052365750000002,21000100,0.20862,20991200,0.20862,21000200
2021-09-21,0.20252129625,21000100,0.20069,20991200,0.20069,21000200
2021-09-22,0.22648801500000001,21000100,0.22444,20991200,0.22444,21000200
2021-09-23,0.22630789678175,21000100,0.22442,20991200,0.22442,21000200
2021-09-24,0.21037965593983332,21000100,0.20902,20991200,0.20902,21000200
2021-09-25,0.20893338854633334,21000100,0.20827,20991200,0.20827,21000200
2021-09-26,0.20517951866979167,21000100,0.20477,20991200,0.20477,21000200
2021-09-27,0.20034202808479168,21000100,0.19955,20991200,0.19955,21000200
2021-09-28,0.19799095129333333,21000100,0.1964,20991200,0.1964,21000200
2021-09-29,0.20031700906320835,21000100,0.19853,20991200,0.19853,21000200
2021-09-30,0.20610369,21000100,0.20424,20991200,0.20424,21000200
2021-10-02,0.220594725,21000100,0.2186,20991200,0.2186,21000200
2021-10-03,0.2239248375,21000100,0.2219,20991200,0.2219,21000200
2021-10-04,0.24395596875,21000100,0.24175,20991200,0.24175,21000200
2021-10-05,0.25625637085700004,21000100,0.25197,20991200,0.25197,21000200
2021-10-06,0.26038292593250006,21000100,0.2543,20991200,0.2543,21000200
2021-10-07,0.25236832976716667,21000100,0.24311,20991200,0.24311,21000200
2021-10-08,0.25461050130824997,21000100,0.24429,20991200,0.24429,21000200
2021-10-09,0.254862336937625,21000100,0.24697,20991200,0.24697,21000200
2021-10-10,0.23874154190525002,21000100,0.22881,20991200,0.22881,21000200
2021-10-11,0.2341029815156667,21000100,0.23128,20991200,0.23128,21000200
2021-10-12,0.22829434875,21000100,0.22623,20991200,0.22623,21000200
2021-10-13,0.23484357000000003,21000100,0.23272,20991200,0.23272,21000200
2021-10-14,0.23850673561750002,21000100,0.2329,20991200,0.2329,21000200
2021-10-15,0.24326975056429165,21000100,0.23437,20991200,0.23437,21000200
2021-10-16,0.2506869459572083,21000100,0.23747,20991200,0.23747,21000200
2021-10-17,0.24787948758375,21000100,0.23802,20991200,0.23802,21000200
2021-10-18,0.2586444990762083,21000100,0.24749,20991200,0.24749,21000200
2021-10-19,0.25540091912458335,21000100,0.24565,20991200,0.24565,21000200
2021-10-20,0.2641467554150833,21000100,0.25501,20991200,0.25501,21000200
2021-10-21,0.2573364721616667,21000100,0.2426,20991200,0.2426,21000200
2021-10-22,0.25474111284783335,21000100,0.24494,20991200,0.24494,21000200
2021-10-23,0.2637015260786667,21000100,0.25144,20991200,0.25144,21000200
2021-10-24,0.29748382333387496,21000100,0.27603,20991200,0.27603,21000200
2021-10-25,0.28110862950716664,21000100,0.26548,20991200,0.26548,21000200
2021-10-26,0.27362712538816664,21000100,0.25603,20991200,0.25603,21000200
2021-10-27,0.24721428972166667,21000100,0.23804,20991200,0.23804,21000200
2021-10-28,0.30459799624999995,21000100,0.3,20991200,0.3,21000200
2021-10-29,0.29869266884654166,21000100,0.28847,20991200,0.28847,21000200
2021-10-30,0.28024654947008326,21000100,0.26918,20991200,0.26918,21000200
2021-10-31,0.2919592006298333,21000100,0.28021,20991200,0.28021,21000200
2021-11-02,0.2881114561720417,21000100,0.27439,20991200,0.27439,21000200
2021-11-03,0.282055506467625,21000100,0.26919,20991200,0.26919,21000200
2021-11-04,0.28022426402291667,21000100,0.26311,20991200,0.26311,21000200
2021-11-05,0.273873229443,21000100,0.26106,20991200,0.26106,21000200
2021-11-06,0.27265883024612503,21000100,0.26207,20991200,0.26207,21000200
2021-11-07,0.279674372934375,21000100,0.26679,20991200,0.26679,21000200
2021-11-08,0.300010731013125,21000100,0.28215,20991200,0.28215,21000200
2021-11-09,0.287080063116,21000100,0.27396,20991200,0.27396,21000200
2021-11-10,0.2706713298943333,21000100,0.25532,20991200,0.25532,21000200
2021-11-11,0.26497241622637496,21000100,0.26071,20991200,0.26071,21000200
2021-11-12,0.26663025496708337,21000100,0.25945,20991200,0.25945,21000200
2021-11-13,0.26578013245283333,21000100,0.26132,20991200,0.26132,21000200
2021-11-14,0.2672924252,21000100,0.26304,20991200,0.26304,21000200
2021-11-15,0.26340678390975003,21000100,0.25698,20991200,0.25698,21000200
2021-11-16,0.24023076889875,21000100,0.23665,20991200,0.23665,21000200
2021-11-17,0.239727735,21000100,0.23756,20991200,0.23756,21000200
2021-11-18,0.22316799375000002,21000100,0.22115,20991200,0.22115,21000200
2021-11-19,0.23508576,21000100,0.23296,20991200,0.23296,21000200
2021-11-20,0.23539858875000003,21000100,0.23327,20991200,0.23327,21000200
2021-11-21,0.2278806075,21000100,0.22582,20991200,0.22582,21000200
2021-11-22,0.22157357625,21000100,0.21957,20991200,0.21957,21000200
2021-11-23,0.2289704625,21000100,0.2269,20991200,0.2269,21000200
2021-11-24,0.22005788517133332,21000100,0.21722,20991200,0.21722,21000200
2021-11-25,0.2240106032822917,21000100,0.22145,20991200,0.22145,21000200
2021-11-26,0.20528824939466667,21000100,0.20192,20991200,0.20192,21000200
2021-11-27,0.20683026000000002,21000100,0.20496,20991200,0.20496,21000200
2021-11-28,0.20916133875,21000100,0.20727,20991200,0.20727,21000200
2021-11-29,0.21700224,21000100,0.21504,20991200,0.21504,21000200
2021-11-30,0.21662886375,21000100,0.21467,20991200,0.21467,21000200
2021-12-02,0.21157314750000003,21000100,0.20966,20991200,0.20966,21000200
2021-12-03,0.20167363125,21000100,0.19985,20991200,0.19985,21000200
2021-12-04,0.17190188354533337,21000100,0.17816,20991200,0.17816,21000200
2021-12-05,0.172363574705625,21000100,0.17123,20991200,0.17123,21000200
2021-12-06,0.17740109921625,21000100,0.17745,20991200,0.17745,21000200
2021-12-07,0.17660560019849997,21000100,0.17622,20991200,0.17622,21000200
2021-12-08,0.17941537912854166,21000100,0.17905,20991200,0.17905,21000200
2021-12-09,0.16869692697291666,21000100,0.16886,20991200,0.16886,21000200
2021-12-10,0.16472158531616668,21000100,0.16394,20991200,0.16394,21000200
2021-12-11,0.17003186588533334,21000100,0.16886,20991200,0.16886,21000200
2021-12-12,0.17046322936358335,21000100,0.16954,20991200,0.16954,21000200
2021-12-13,0.157488467895,21000100,0.1572,20991200,0.1572,21000200
2021-12-14,0.19061168081666666,21000100,0.19075,20991200,0.19075,21000200
2021-12-15,0.18160259005266666,21000100,0.18092,20991200,0.18092,21000200
2021-12-16,0.17466944625,21000100,0.17309,20991200,0.17309,21000200
2021-12-17,0.16993665,21000100,0.1684,20991200,0.1684,21000200
2021-12-18,0.17384196375000002,21000100,0.17227,20991200,0.17227,21000200
2021-12-19,0.17089531875,21000100,0.16935,20991200,0.16935,21000200
2021-12-20,0.1682579367825,21000100,0.16714,20991200,0.16714,21000200
2021-12-21,0.17135243747474999,21000100,0.17073,20991200,0.17073,21000200
2021-12-22,0.17454835125,21000100,0.17297,20991200,0.17297,21000200
2021-12-23,0.18672849000000002,21000100,0.18504,20991200,0.18504,21000200
2021-12-24,0.18792934875,21000100,0.18623,20991200,0.18623,21000200
2021-12-25,0.19255114125000003,21000100,0.19081,20991200,0.19081,21000200
2021-12-26,0.19149156000000003,21000100,0.18976,20991200,0.18976,21000200
2021-12-27,0.18956413125,21000100,0.18785,20991200,0.18785,21000200
2021-12-28,0.17531528625,21000100,0.17373,20991200,0.17373,21000200
2021-12-29,0.1692621069080417,21000100,0.16789,20991200,0.16789,21000200
2021-12-30,0.17257046625,21000100,0.17101,20991200,0.17101,21000200
2021-12-31,0.171833805,21000100,0.17028,20991200,0.17028,21000200
2022-01-01,0.17474008500000002,21000100,0.17316,20991200,0.17316,21000200
2022-01-02,0.17598130875,21000100,0.17439,20991200,0.17439,21000200
2022-01-03,0.17177325750000003,21000100,0.17022,20991200,0.17022,21000200
2022-01-04,0.16988619375,21000100,0.16835,20991200,0.16835,21000200
2022-01-05,0.16031968875000002,21000100,0.15887,20991200,0.15887,21000200
2022-01-06,0.15859110606266666,21000100,0.15988,20991200,0.15988,21000200
2022-01-07,0.15382623474408333,21000100,0.15506,20991200,0.15506,21000200
2022-01-08,0.1517484912425,21000100,0.15094,20991200,0.15094,21000200
2022-01-09,0.14912043888899998,21000100,0.15042,20991200,0.15042,21000200
2022-01-10,0.139677778604375,21000100,0.14295,20991200,0.14295,21000200
2022-01-11,0.15298523287958335,21000100,0.1537,20991200,0.1537,21000200
2022-01-12,0.161959454790375,21000100,0.16269,20991200,0.16269,21000200
2022-01-13,0.17324658,21000100,0.17168,20991200,0.17168,21000200
2022-01-14,0.183302355081,21000100,0.18318,20991200,0.18318,21000200
2022-01-15,0.1861028325,21000100,0.18442,20991200,0.18442,21000200
2022-01-16,0.17820138375,21000100,0.17659,20991200,0.17659,21000200
2022-01-17,0.17242918875,21000100,0.17087,20991200,0.17087,21000200
2022-01-18,0.1664854425,21000100,0.16498,20991200,0.16498,21000200
2022-01-19,0.16274355774500002,21000100,0.16152,20991200,0.16152,21000200
2022-01-20,0.1566363825,21000100,0.15522,20991200,0.15522,21000200
2022-01-21,0.14044674635512497,21000100,0.14189,20991200,0.14189,21000200
2022-01-22,0.13033766539675,21000100,0.13314,20991200,0.13314,21000200
2022-01-23,0.1390343397525,21000100,0.14169,20991200,0.14169,21000200
2022-01-24,0.13661002853166665,21000100,0.13718,20991200,0.13718,21000200
2022-01-25,0.141967094626875,21000100,0.14265,20991200,0.14265,21000200
2022-01-26,0.14168145840870833,21000100,0.14309,20991200,0.14309,21000200
2022-01-27,0.14061160738891668,21000100,0.14141,20991200,0.14141,21000200
2022-01-28,0.14056020098541666,21000100,0.14135,20991200,0.14135,21000200
2022-01-29,0.143525898008625,21000100,0.14289,20991200,0.14289,21000200
2022-01-30,0.13994765659599998,21000100,0.13904,20991200,0.13904,21000200
2022-01-31,0.1400042521845,21000100,0.14148,20991200,0.14148,21000200
2022-02-01,0.143287789992875,21000100,0.14223,20991200,0.14223,21000200
2022-02-02,0.13796744715233333,21000100,0.13688,20991200,0.13688,21000200
2022-02-03,0.13652313579633332,21000100,0.13784,20991200,0.13784,21000200
2022-02-04,0.146271870253,21000100,0.14776,20991200,0.14776,21000200
2022-02-05,0.1482000975,21000100,0.14686,20991200,0.14686,21000200
2022-02-06,0.15519585085841664,21000100,0.15394,20991200,0.15394,21000200
2022-02-07,0.16652859596916667,21000100,0.16532,20991200,0.16532,21000200
2022-02-08,0.15941160434145835,21000100,0.15811,20991200,0.15811,21000200
2022-02-09,0.16002821534579167,21000100,0.15923,20991200,0.15923,21000200
2022-02-10,0.15245648021025,21000100,0.15138,20991200,0.15138,21000200
2022-02-11,0.14489890910833333,21000100,0.1445,20991200,0.1445,21000200
2022-02-12,0.14324842413,21000100,0.14427,20991200,0.14427,21000200
2022-02-13,0.147317271374375,21000100,0.14799,20991200,0.14799,21000200
2022-02-14,0.14503817672716665,21000100,0.14572,20991200,0.14572,21000200
2022-02-15,0.15116687311500002,21000100,0.1516,20991200,0.1516,21000200
2022-02-16,0.15000643125000002,21000100,0.14865,20991200,0.14865,21000200
2022-02-17,0.13957207875,21000100,0.13831,20991200,0.13831,21000200
2022-02-18,0.13772348593249997,21000100,0.13845,20991200,0.13845,21000200
2022-02-19,0.14129490024329167,21000100,0.14077,20991200,0.14077,21000200
2022-02-20,0.13689374371987498,21000100,0.13659,20991200,0.13659,21000200
2022-02-21,0.12919936541500002,21000100,0.12814,20991200,0.12814,21000200
2022-02-22,0.1295795898,21000100,0.1312,20991200,0.1312,21000200
2022-02-23,0.12637975209583333,21000100,0.12725,20991200,0.12725,21000200
2022-02-24,0.1205732789516534,21000100,0.12394,20991200,0.12394,21000200
2022-02-25,0.12467094058879165,21000100,0.12749,20991200,0.12749,21000200
2022-02-26,0.12681313227,21000100,0.1276,20991200,0.1276,21000200
2022-02-27,0.1219312591275,21000100,0.12282,20991200,0.12282,21000200
2022-02-28,0.13272520161358334,21000100,0.13343,20991200,0.13343,21000200
2022-03-01,0.1352832975,21000100,0.13406,20991200,0.13406,21000200
2022-03-02,0.1342338075,21000100,0.13302,20991200,0.13302,21000200
2022-03-03,0.13073214375,21000100,0.12955,20991200,0.12955,21000200
2022-03-04,0.12339460906500001,21000100,0.12249,20991200,0.12249,21000200
2022-03-05,0.12513609907054166,21000100,0.12491,20991200,0.12491,21000200
2022-03-06,0.12042221448854167,21000100,0.12055,20991200,0.12055,21000200
2022-03-07,0.116735932512,21000100,0.11664,20991200,0.11664,21000200
2022-03-08,0.11663063922445834,21000100,0.11693,20991200,0.11693,21000200
2022-03-09,0.12233300171895835,21000100,0.12145,20991200,0.12145,21000200
2022-03-10,0.11651764786645832,21000100,0.11677,20991200,0.11677,21000200
2022-03-11,0.115973565862,21000100,0.11542,20991200,0.11542,21000200
2022-03-12,0.11577691125,21000100,0.11473,20991200,0.11473,21000200
2022-03-13,0.11148990049575001,21000100,0.11133,20991200,0.11133,21000200
2022-03-14,0.11406775427812502,21000100,0.11379,20991200,0.11379,21000200
2022-03-15,0.11282365913699999,21000100,0.11256,20991200,0.11256,21000200
2022-03-16,0.11775976876825,21000100,0.11697,20991200,0.11697,21000200
2022-03-17,0.11740160250000001,21000100,0.11634,20991200,0.11634,21000200
2022-03-18,0.12017669625,21000100,0.11909,20991200,0.11909,21000200
2022-03-19,0.12463702875,21000100,0.12351,20991200,0.12351,21000200
2022-03-20,0.120116870438125,21000100,0.11913,20991200,0.11913,21000200
2022-03-21,0.1199566178655,21000100,0.11916,20991200,0.11916,21000200
2022-03-22,0.12333075274683332,21000100,0.12236,20991200,0.12236,21000200
2022-03-23,0.13099451625000003,21000100,0.12981,20991200,0.12981,21000200
2022-03-24,0.13797766125,21000100,0.13673,20991200,0.13673,21000200
2022-03-25,0.13203391500000003,21000100,0.13084,20991200,0.13084,21000200
2022-03-26,0.13725109125,21000100,0.13601,20991200,0.13601,21000200
2022-03-27,0.14603047875000003,21000100,0.14471,20991200,0.14471,21000200
2022-03-28,0.1437195825,21000100,0.14242,20991200,0.14242,21000200
2022-03-29,0.14571765,21000100,0.1444,20991200,0.1444,21000200
2022-03-30,0.14446633500000003,21000100,0.14316,20991200,0.14316,21000200
2022-03-31,0.13942071,21000100,0.13816,20991200,0.13816,21000200
2022-04-01,0.1426700925,21000100,0.14138,20991200,0.14138,21000200
2022-04-02,0.1400463675,21000100,0.13878,20991200,0.13878,21000200
2022-04-03,0.14794781625,21000100,0.14661,20991200,0.14661,21000200
2022-04-04,0.14988533625,21000100,0.14853,20991200,0.14853,21000200
2022-04-05,0.17423552250000002,21000100,0.17266,20991200,0.17266,21000200
2022-04-06,0.144547065,21000100,0.14324,20991200,0.14324,21000200
2022-04-07,0.1471506075,21000100,0.14582,20991200,0.14582,21000200
2022-04-08,0.14361867,21000100,0.14232,20991200,0.14232,21000200
2022-04-09,0.14521195988833333,21000100,0.14413,20991200,0.14413,21000200
2022-04-10,0.14956241625000002,21000100,0.14821,20991200,0.14821,21000200
2022-04-11,0.13503904576583334,21000100,0.13406,20991200,0.13406,21000200
2022-04-12,0.13717852196666666,21000100,0.13792,20991200,0.13792,21000200
2022-04-13,0.14118667875000002,21000100,0.13991,20991200,0.13991,21000200
2022-04-14,0.1452500229615,21000100,0.14409,20991200,0.14409,21000200
2022-04-15,0.14714051625,21000100,0.14581,20991200,0.14581,21000200
2022-04-16,0.14469246727424998,21000100,0.14343,20991200,0.14343,21000200
2022-04-17,0.13974357107208335,21000100,0.1391,20991200,0.1391,21000200
2022-04-18,0.1398362431455,21000100,0.14013,20991200,0.14013,21000200
2022-04-19,0.1433154639255,21000100,0.14254,20991200,0.14254,21000200
2022-04-20,0.141963705,21000100,0.14068,20991200,0.14068,21000200
2022-04-21,0.137442825,21000100,0.1362,20991200,0.1362,21000200
2022-04-22,0.13702250281270836,21000100,0.13627,20991200,0.13627,21000200
2022-04-23,0.134977397638875,21000100,0.13383,20991200,0.13383,21000200
2022-04-24,0.13241504747154165,21000100,0.13171,20991200,0.13171,21000200
2022-04-25,0.15837796746316665,21000100,0.15811,20991200,0.15811,21000200
2022-04-26,0.1388354175,21000100,0.13758,20991200,0.13758,21000200
2022-04-27,0.13947985585800002,21000100,0.13986,20991200,0.13986,21000200
2022-04-28,0.13808207521945834,21000100,0.13739,20991200,0.13739,21000200
2022-04-29,0.13611078000000001,21000100,0.13488,20991200,0.13488,21000200
2022-04-30,0.128178372733,21000100,0.12724,20991200,0.12724,21000200
2022-05-01,0.132606008773875,21000100,0.13257,20991200,0.13257,21000200
2022-05-02,0.1307779554926667,21000100,0.13066,20991200,0.13066,21000200
2022-05-03,0.13023371660775,21000100,0.12939,20991200,0.12939,21000200
2022-05-04,0.13641913471616665,21000100,0.13591,20991200,0.13591,21000200
2022-05-05,0.1285493681945,21000100,0.12804,20991200,0.12804,21000200
2022-05-06,0.12801695140000002,21000100,0.1277,20991200,0.1277,21000200
2022-05-07,0.12840701790583334,21000100,0.1274,20991200,0.1274,21000200
2022-05-08,0.12491990837812499,21000100,0.12405,20991200,0.12405,21000200
2022-05-09,0.10154329971333334,21000100,0.10168,20991200,0.10168,21000200
2022-05-10,0.10772371891825,21000100,0.10798,20991200,0.10798,21000200
2022-05-11,0.0835555589585,21000100,0.08513,20991200,0.08513,21000200
2022-05-12,0.08002009389878076,21000100,0.0826,20991200,0.0826,21000200
2022-05-13,0.08709595727933334,21000100,0.08806,20991200,0.08806,21000200
2022-05-14,0.08808959342499999,21000100,0.0894,20991200,0.0894,21000200
2022-05-15,0.09253148654099999,21000100,0.09308,20991200,0.09308,21000200
2022-05-16,0.08701265937233334,21000100,0.08792,20991200,0.08792,21000200
2022-05-17,0.08896940228750001,21000100,0.09012,20991200,0.09012,21000200
2022-05-18,0.08191991439179167,21000100,0.08333,20991200,0.08333,21000200
2022-05-19,0.08573815704675,21000100,0.08658,20991200,0.08658,21000200
2022-05-20,0.08410704996266666,21000100,0.08384,20991200,0.08384,21000200
2022-05-21,0.08401189280083333,21000100,0.08434,20991200,0.08434,21000200
2022-05-22,0.085938092611,21000100,0.08582,20991200,0.08582,21000200
2022-05-23,0.08394891308970834,21000100,0.08329,20991200,0.08329,21000200
2022-05-24,0.08228662614066667,21000100,0.08362,20991200,0.08362,21000200
2022-05-25,0.08321060402333334,21000100,0.08291,20991200,0.08291,21000200
2022-05-26,0.07716893536558334,21000100,0.07778,20991200,0.07778,21000200
2022-05-27,0.08090544663333334,21000100,0.0815,20991200,0.0815,21000200
2022-05-28,0.08123490183454167,21000100,0.08179,20991200,0.08179,21000200
2022-05-29,0.08233606831333333,21000100,0.08267,20991200,0.08267,21000200
2022-05-30,0.08875254375000001,21000100,0.08795,20991200,0.08795,21000200
2022-05-31,0.086663655,21000100,0.08588,20991200,0.08588,21000200
2022-06-01,0.08173912500000001,21000100,0.081,20991200,0.081,21000200
2022-06-02,0.08237544983066666,21000100,0.08272,20991200,0.08272,21000200
2022-06-03,0.08045786263708332,21000100,0.08026,20991200,0.08026,21000200
2022-06-04,0.082104139623,21000100,0.08184,20991200,0.08184,21000200
2022-06-05,0.0813651031125,21000100,0.081,20991200,0.081,21000200
2022-06-06,0.08318397367895833,21000100,0.08245,20991200,0.08245,21000200
2022-06-07,0.08022364834562501,21000100,0.08031,20991200,0.08031,21000200
2022-06-08,0.079697836313625,21000100,0.07923,20991200,0.07923,21000200
2022-06-09,0.08003370375,21000100,0.07931,20991200,0.07931,21000200
2022-06-10,0.07521749778374999,21000100,0.07533,20991200,0.07533,21000200
2022-06-11,0.06877640299541667,21000100,0.06986,20991200,0.06986,21000200
2022-06-12,0.061919892749,21000100,0.06344,20991200,0.06344,21000200
2022-06-13,0.053303673405,21000100,0.05415,20991200,0.05415,21000200
2022-06-14,0.05564372289487501,21000100,0.05553,20991200,0.05553,21000200
2022-06-15,0.06263688545020833,21000100,0.06283,20991200,0.06283,21000200
2022-06-16,0.05562731705154167,21000100,0.05519,20991200,0.05519,21000200
2022-06-17,0.057301123641,21000100,0.05688,20991200,0.05688,21000200
2022-06-18,0.05315894864866666,21000100,0.05287,20991200,0.05287,21000200
2022-06-19,0.05974770501333333,21000100,0.06043,20991200,0.06043,21000200
2022-06-20,0.060538959,21000100,0.06,20991200,0.06,21000200
2022-06-21,0.06633982360683333,21000100,0.06577,20991200,0.06577,21000200
2022-06-22,0.06192586346183334,21000100,0.06164,20991200,0.06164,21000200
2022-06-23,0.06430444387991666,21000100,0.06394,20991200,0.06394,21000200
2022-06-24,0.06732012029250001,21000100,0.0669,20991200,0.0669,21000200
2022-06-25,0.06901628828962499,21000100,0.06849,20991200,0.06849,21000200
2022-06-26,0.073585395,21000100,0.07292,20991200,0.07292,21000200
2022-06-27,0.072268510105,21000100,0.07212,20991200,0.07212,21000200
2022-06-28,0.0661537134505,21000100,0.06604,20991200,0.06604,21000200
2022-06-29,0.06964385016966666,21000100,0.06952,20991200,0.06952,21000200
2022-06-30,0.066470812905,21000100,0.06636,20991200,0.06636,21000200
2022-07-01,0.06657568239150001,21000100,0.06642,20991200,0.06642,21000200
2022-07-02,0.06720703764183333,21000100,0.06661,20991200,0.06661,21000200
2022-07-03,0.0673385188355,21000100,0.06716,20991200,0.06716,21000200
2022-07-04,0.06991356728479166,21000100,0.06935,20991200,0.06935,21000200
2022-07-05,0.06772237875,21000100,0.06711,20991200,0.06711,21000200
2022-07-06,0.0690039675,21000100,0.06838,20991200,0.06838,21000200
2022-07-07,0.07115340375000001,21000100,0.07051,20991200,0.07051,21000200
2022-07-08,0.06945958464141666,21000100,0.06902,20991200,0.06902,21000200
2022-07-09,0.0699117504695,21000100,0.06943,20991200,0.06943,21000200
2022-07-10,0.06779271902174999,21000100,0.06723,20991200,0.06723,21000200
2022-07-11,0.06174145648708333,21000100,0.0617,20991200,0.0617,21000200
2022-07-12,0.05940153033525,21000100,0.05974,20991200,0.05974,21000200
2022-07-13,0.060813253774,21000100,0.06188,20991200,0.06188,21000200
2022-07-14,0.061427635396333335,21000100,0.06242,20991200,0.06242,21000200
2022-07-15,0.063159163096,21000100,0.06288,20991200,0.06288,21000200
2022-07-16,0.06494728500000001,21000100,0.06436,20991200,0.06436,21000200
2022-07-17,0.06356998798975,21000100,0.06303,20991200,0.06303,21000200
2022-07-18,0.06814621125,21000100,0.06753,20991200,0.06753,21000200
2022-07-19,0.06961953375,21000100,0.06899,20991200,0.06899,21000200
2022-07-20,0.070759845,21000100,0.07012,20991200,0.07012,21000200
2022-07-21,0.07058829375,21000100,0.06995,20991200,0.06995,21000200
2022-07-22,0.06800493375000001,21000100,0.06739,20991200,0.06739,21000200
2022-07-23,0.06850298968425,21000100,0.06798,20991200,0.06798,21000200
2022-07-24,0.06797816736933333,21000100,0.06752,20991200,0.06752,21000200
2022-07-25,0.06199143766262499,21000100,0.06187,20991200,0.06187,21000200
2022-07-26,0.06212525083500001,21000100,0.06246,20991200,0.06246,21000200
2022-07-27,0.06735410527233332,21000100,0.06716,20991200,0.06716,21000200
2022-07-28,0.0697305375,21000100,0.0691,20991200,0.0691,21000200
2022-07-29,0.0694278,21000100,0.0688,20991200,0.0688,21000200
2022-07-30,0.0702552825,21000100,0.06962,20991200,0.06962,21000200
2022-07-31,0.06867095625,21000100,0.06805,20991200,0.06805,21000200
2022-08-01,0.0690443325,21000100,0.06842,20991200,0.06842,21000200
2022-08-02,0.06697459091866667,21000100,0.06646,20991200,0.06646,21000200
2022-08-03,0.06668683759333333,21000100,0.06616,20991200,0.06616,21000200
2022-08-04,0.06779132848125001,21000100,0.06723,20991200,0.06723,21000200
2022-08-05,0.07043692500000001,21000100,0.0698,20991200,0.0698,21000200
2022-08-06,0.06925624875,21000100,0.06863,20991200,0.06863,21000200
2022-08-07,0.0695287125,21000100,0.0689,20991200,0.0689,21000200
2022-08-08,0.07071948,21000100,0.07008,20991200,0.07008,21000200
2022-08-09,0.06961953375,21000100,0.06899,20991200,0.06899,21000200
2022-08-10,0.07174876937083334,21000100,0.07126,20991200,0.07126,21000200
2022-08-11,0.0714662325,21000100,0.07082,20991200,0.07082,21000200
2022-08-12,0.07295973750000001,21000100,0.0723,20991200,0.0723,21000200
2022-08-13,0.0735652125,21000100,0.0729,20991200,0.0729,21000200
2022-08-14,0.08237487375,21000100,0.08163,20991200,0.08163,21000200
2022-08-15,0.07719387245916666,21000100,0.0766,20991200,0.0766,21000200
2022-08-16,0.08751132,21000100,0.08672,20991200,0.08672,21000200
2022-08-17,0.080825218068375,21000100,0.08019,20991200,0.08019,21000200
2022-08-18,0.07534076307770833,21000100,0.07469,20991200,0.07469,21000200
2022-08-19,0.06765412542587501,21000100,0.06771,20991200,0.06771,21000200
2022-08-20,0.06941438883058335,21000100,0.06929,20991200,0.06929,21000200
2022-08-21,0.06905002936391667,21000100,0.06926,20991200,0.06926,21000200
2022-08-22,0.06820223165924999,21000100,0.06838,20991200,0.06838,21000200
2022-08-23,0.06940898732279166,21000100,0.06881,20991200,0.06881,21000200
2022-08-24,0.06843686768099999,21000100,0.06786,20991200,0.06786,21000200
2022-08-25,0.0691113727485,21000100,0.06892,20991200,0.06892,21000200
2022-08-26,0.06357461775016666,21000100,0.06346,20991200,0.06346,21000200
2022-08-27,0.06319835289579166,21000100,0.06347,20991200,0.06347,21000200
2022-08-28,0.06117604749583333,21000100,0.06172,20991200,0.06172,21000200
2022-08-29,0.06345894247916667,21000100,0.0638,20991200,0.0638,21000200
2022-08-30,0.061716926026708335,21000100,0.06149,20991200,0.06149,21000200
2022-08-31,0.061167873801375,21000100,0.06129,20991200,0.06129,21000200
2022-09-01,0.062053631556,21000100,0.06236,20991200,0.06236,21000200
2022-09-02,0.06203579613000001,21000100,0.0616,20991200,0.0616,21000200
2022-09-03,0.06285189154266667,21000100,0.06268,20991200,0.06268,21000200
2022-09-04,0.06370338220666667,21000100,0.0632,20991200,0.0632,21000200
2022-09-05,0.06325779002666666,21000100,0.06272,20991200,0.06272,21000200
2022-09-06,0.05938700625,21000100,0.05885,20991200,0.05885,21000200
2022-09-07,0.06062676154425,21000100,0.06094,20991200,0.06094,21000200
2022-09-08,0.061359319506833335,21000100,0.06094,20991200,0.06094,21000200
2022-09-09,0.06441244875,21000100,0.06383,20991200,0.06383,21000200
2022-09-10,0.0652500225,21000100,0.06466,20991200,0.06466,21000200
2022-09-11,0.06424089749999999,21000100,0.06366,20991200,0.06366,21000200
2022-09-12,0.06440145050033334,21000100,0.06392,20991200,0.06392,21000200
2022-09-13,0.05999441814833334,21000100,0.0596,20991200,0.0596,21000200
2022-09-14,0.06124509505458332,21000100,0.06113,20991200,0.06113,21000200
2022-09-15,0.058944097967999994,21000100,0.05856,20991200,0.05856,21000200
2022-09-16,0.06062595312833333,21000100,0.0604,20991200,0.0604,21000200
2022-09-17,0.06232576900458333,21000100,0.06215,20991200,0.06215,21000200
2022-09-18,0.05780307978083333,21000100,0.0574,20991200,0.0574,21000200
2022-09-19,0.0582425244375,21000100,0.0585,20991200,0.0585,21000200
2022-09-20,0.058404717469375,21000100,0.05835,20991200,0.05835,21000200
2022-09-21,0.05708234543433333,21000100,0.05711,20991200,0.05711,21000200
2022-09-22,0.059280105225000004,21000100,0.05956,20991200,0.05956,21000200
2022-09-23,0.06384233951116665,21000100,0.06334,20991200,0.06334,21000200
2022-09-24,0.06361524,21000100,0.06304,20991200,0.06304,21000200
2022-09-25,0.061281668878875005,21000100,0.06113,20991200,0.06113,21000200
2022-09-26,0.061491744432083335,21000100,0.0611,20991200,0.0611,21000200
2022-09-27,0.060673327612666667,21000100,0.06044,20991200,0.06044,21000200
2022-09-28,0.060660587834250004,21000100,0.06047,20991200,0.06047,21000200
2022-09-29,0.0613208573,21000100,0.06085,20991200,0.06085,21000200
2022-09-30,0.06218941643625,21000100,0.06165,20991200,0.06165,21000200
2022-10-01,0.061110510082000004,21000100,0.06056,20991200,0.06056,21000200
2022-10-02,0.05934339139275,21000100,0.05923,20991200,0.05923,21000200
2022-10-03,0.060654220751666675,21000100,0.06028,20991200,0.06028,21000200
2022-10-04,0.06641051625,21000100,0.06581,20991200,0.06581,21000200
2022-10-05,0.06532066125,21000100,0.06473,20991200,0.06473,21000200
2022-10-06,0.06394354883758334,21000100,0.06343,20991200,0.06343,21000200
2022-10-07,0.06289876125,21000100,0.06233,20991200,0.06233,21000200
2022-10-08,0.0620073102305,21000100,0.06159,20991200,0.06159,21000200
2022-10-09,0.062503200412625,21000100,0.06209,20991200,0.06209,21000200
2022-10-10,0.05981882855325,21000100,0.05934,20991200,0.05934,21000200
2022-10-11,0.0605964227625,21000100,0.06021,20991200,0.06021,21000200
2022-10-12,0.060220721573833326,21000100,0.05978,20991200,0.05978,21000200
2022-10-13,0.05968563459525001,21000100,0.05958,20991200,0.05958,21000200
2022-10-14,0.05908918425416666,21000100,0.0586,20991200,0.0586,21000200
2022-10-15,0.0588630561855,21000100,0.05853,20991200,0.05853,21000200
2022-10-16,0.05938250635125,21000100,0.05886,20991200,0.05886,21000200
2022-10-17,0.06035300383275,21000100,0.05994,20991200,0.05994,21000200
2022-10-18,0.06018770327487499,21000100,0.05973,20991200,0.05973,21000200
2022-10-19,0.05909829645625,21000100,0.05862,20991200,0.05862,21000200
2022-10-20,0.05968652808354167,21000100,0.05939,20991200,0.05939,21000200
2022-10-21,0.05959600814175,21000100,0.05931,20991200,0.05931,21000200
2022-10-22,0.060059732937666664,21000100,0.05966,20991200,0.05966,21000200
2022-10-23,0.060900693750000005,21000100,0.06035,20991200,0.06035,21000200
2022-10-24,0.059942025,21000100,0.0594,20991200,0.0594,21000200
2022-10-25,0.06344241228962501,21000100,0.06299,20991200,0.06299,21000200
2022-10-26,0.0732826575,21000100,0.07262,20991200,0.07262,21000200
2022-10-27,0.07754116500000001,21000100,0.07684,20991200,0.07684,21000200
2022-10-28,0.08391405919441666,21000100,0.08381,20991200,0.08381,21000200
2022-10-29,0.120962378575625,21000100,0.12171,20991200,0.12171,21000200
2022-10-30,0.11850488041166668,21000100,0.11768,20991200,0.11768,21000200
2022-10-31,0.12765712488600003,21000100,0.12676,20991200,0.12676,21000200
2022-11-01,0.14276704080833333,21000100,0.142,20991200,0.142,21000200
2022-11-02,0.12764024769833332,21000100,0.1276,20991200,0.1276,21000200
2022-11-03,0.12279115289583334,21000100,0.1225,20991200,0.1225,21000200
2022-11-04,0.12643181829825,21000100,0.12603,20991200,0.12603,21000200
2022-11-05,0.12544906372050002,21000100,0.12438,20991200,0.12438,21000200
2022-11-06,0.11561500266224999,21000100,0.11466,20991200,0.11466,21000200
2022-11-07,0.11158057710216665,21000100,0.11116,20991200,0.11116,21000200
2022-11-08,0.08829287179770832,21000100,0.08819,20991200,0.08819,21000200
2022-11-09,0.07369935377684089,21000100,0.07445,20991200,0.07445,21000200
2022-11-10,0.09001996984800001,21000100,0.08972,20991200,0.08972,21000200
2022-11-11,0.08549928261466667,21000100,0.08504,20991200,0.08504,21000200
2022-11-12,0.08836881879758335,21000100,0.08809,20991200,0.08809,21000200
2022-11-13,0.08484821889316667,21000100,0.08492,20991200,0.08492,21000200
2022-11-14,0.08644479619324999,21000100,0.08591,20991200,0.08591,21000200
2022-11-15,0.0878140575,21000100,0.08702,20991200,0.08702,21000200
2022-11-16,0.08581818929254167,21000100,0.08543,20991200,0.08543,21000200
2022-11-17,0.08462706266412501,21000100,0.08461,20991200,0.08461,21000200
2022-11-18,0.084823745271,21000100,0.08469,20991200,0.08469,21000200
2022-11-19,0.085070387157,21000100,0.08449,20991200,0.08449,21000200
2022-11-20,0.077484497435875,21000100,0.07701,20991200,0.07701,21000200
2022-11-21,0.074119715349,21000100,0.07464,20991200,0.07464,21000200
2022-11-22,0.078986688272,21000100,0.07872,20991200,0.07872,21000200
2022-11-23,0.08255457935862501,21000100,0.08193,20991200,0.08193,21000200
2022-11-24,0.08188048195833333,21000100,0.08141,20991200,0.08141,21000200
2022-11-25,0.0900762018035,21000100,0.08943,20991200,0.08943,21000200
2022-11-26,0.08954946362924998,21000100,0.08886,20991200,0.08886,21000200
2022-11-27,0.099337809774,21000100,0.09864,20991200,0.09864,21000200
2022-11-28,0.095102647434125,21000100,0.09507,20991200,0.09507,21000200
2022-11-29,0.10233536625,21000100,0.10141,20991200,0.10141,21000200
2022-11-30,0.10708598912799999,21000100,0.10671,20991200,0.10671,21000200
2022-12-01,0.10180364881133334,21000100,0.10168,20991200,0.10168,21000200
2022-12-02,0.1018205942585,21000100,0.10202,20991200,0.10202,21000200
2022-12-03,0.09958110489645833,21000100,0.09965,20991200,0.09965,21000200
2022-12-04,0.10461137479175,21000100,0.10398,20991200,0.10398,21000200
2022-12-05,0.10190147453325002,21000100,0.10143,20991200,0.10143,21000200
2022-12-06,0.10042319172733333,21000100,0.10012,20991200,0.10012,21000200
2022-12-07,0.0956310122625,21000100,0.0957,20991200,0.0957,21000200
2022-12-08,0.09876169556587501,21000100,0.09843,20991200,0.09843,21000200
2022-12-09,0.09710368671825,21000100,0.09666,20991200,0.09666,21000200
2022-12-10,0.096828615098625,21000100,0.09627,20991200,0.09627,21000200
2022-12-11,0.09324045829266665,21000100,0.09262,20991200,0.09262,21000200
2022-12-12,0.08992749661025,21000100,0.09022,20991200,0.09022,21000200
2022-12-13,0.09151170475416666,21000100,0.091,20991200,0.091,21000200
2022-12-14,0.08901491625,21000100,0.08821,20991200,0.08821,21000200
2022-12-15,0.08530547195333334,21000100,0.0848,20991200,0.0848,21000200
2022-12-16,0.07616437019708333,21000100,0.07565,20991200,0.07565,21000200
2022-12-17,0.07876227827408334,21000100,0.07913,20991200,0.07913,21000200
2022-12-18,0.07867409246033333,21000100,0.07843,20991200,0.07843,21000200
2022-12-19,0.07168177941500001,21000100,0.0713,20991200,0.0713,21000200
2022-12-20,0.07446078848349999,21000100,0.07478,20991200,0.07478,21000200
2022-12-21,0.07381463873483333,21000100,0.07366,20991200,0.07366,21000200
2022-12-22,0.07668791153091667,21000100,0.07682,20991200,0.07682,21000200
2022-12-23,0.07711512884291666,21000100,0.07715,20991200,0.07715,21000200
2022-12-24,0.07786181872783333,21000100,0.07747,20991200,0.07747,21000200
2022-12-25,0.07587900921854167,21000100,0.07595,20991200,0.07595,21000200
2022-12-26,0.07546229316925,21000100,0.07566,20991200,0.07566,21000200
2022-12-27,0.07379830766899999,21000100,0.07368,20991200,0.07368,21000200
2022-12-28,0.07042951702866666,21000100,0.07034,20991200,0.07034,21000200
2022-12-29,0.07143712370324999,21000100,0.07089,20991200,0.07089,21000200
2022-12-30,0.068372058791625,21000100,0.06837,20991200,0.06837,21000200
2022-12-31,0.06987555086195833,21000100,0.07021,20991200,0.07021,21000200
2023-01-01,0.07080801243750001,21000100,0.0702,20991200,0.0702,21000200
2023-01-02,0.07182677764562499,21000100,0.07135,20991200,0.07135,21000200
2023-01-03,0.0711029475,21000100,0.07046,20991200,0.07046,21000200
2023-01-04,0.073548443409,21000100,0.07308,20991200,0.07308,21000200
2023-01-05,0.072132255,21000100,0.07148,20991200,0.07148,21000200
2023-01-06,0.0730404675,21000100,0.07238,20991200,0.07238,21000200
2023-01-07,0.0728386425,21000100,0.07218,20991200,0.07218,21000200
2023-01-08,0.07428169125,21000100,0.07361,20991200,0.07361,21000200
2023-01-09,0.07635039750000001,21000100,0.07566,20991200,0.07566,21000200
2023-01-10,0.07856038125,21000100,0.07785,20991200,0.07785,21000200
2023-01-11,0.0788530275,21000100,0.07814,20991200,0.07814,21000200
2023-01-12,0.0809923725,21000100,0.08026,20991200,0.08026,21000200
2023-01-13,0.08530133625,21000100,0.08453,20991200,0.08453,21000200
2023-01-14,0.08918313719927014,21000100,0.08732,20991200,0.08732,21000200
2023-01-15,0.08814640377053322,21000100,0.08615,20991200,0.08615,21000200
2023-01-16,0.08539971133633334,21000100,0.08372,20991200,0.08372,21000200
2023-01-17,0.083793511181,21000100,0.08284,20991200,0.08284,21000200
2023-01-18,0.0807098175,21000100,0.07998,20991200,0.07998,21000200
2023-01-19,0.0823446,21000100,0.0816,20991200,0.0816,21000200
2023-01-20,0.08701684875,21000100,0.08623,20991200,0.08623,21000200
2023-01-21,0.086477497338,21000100,0.08472,20991200,0.08472,21000200
2023-01-22,0.08975344065049999,21000100,0.08828,20991200,0.08828,21000200
2023-01-23,0.0903088736075,21000100,0.0886,20991200,0.0886,21000200
2023-01-24,0.08505164775666667,21000100,0.0839,20991200,0.0839,21000200
2023-01-25,0.08738013375,21000100,0.08659,20991200,0.08659,21000200
2023-01-26,0.0871682175,21000100,0.08638,20991200,0.08638,21000200
2023-01-27,0.08808652125000001,21000100,0.08729,20991200,0.08729,21000200
2023-01-28,0.088801632065,21000100,0.08774,20991200,0.08774,21000200
2023-01-29,0.09099280125,21000100,0.09017,20991200,0.09017,21000200
2023-01-30,0.08928276960604167,21000100,0.08831,20991200,0.08831,21000200
2023-01-31,0.09704755125000002,21000100,0.09617,20991200,0.09617,21000200
2023-02-01,0.09522925557383333,21000100,0.09412,20991200,0.09412,21000200
2023-02-02,0.09328623150925,21000100,0.09102,20991200,0.09102,21000200
2023-02-03,0.09431775857908332,21000100,0.09301,20991200,0.09301,21000200
2023-02-04,0.09672227764008334,21000100,0.09574,20991200,0.09574,21000200
2023-02-05,0.092879865,21000100,0.09204,20991200,0.09204,21000200
2023-02-06,0.09035705249999999,21000100,0.08954,20991200,0.08954,21000200
2023-02-07,0.09337433625000001,21000100,0.09253,20991200,0.09253,21000200
2023-02-08,0.09099280125,21000100,0.09017,20991200,0.09017,21000200
2023-02-09,0.08218314,21000100,0.08144,20991200,0.08144,21000200
2023-02-10,0.08119020373666666,21000100,0.0808,20991200,0.0808,21000200
2023-02-11,0.08231823371533334,21000100,0.08222,20991200,0.08222,21000200
2023-02-12,0.082388897220875,21000100,0.08211,20991200,0.08211,21000200
2023-02-13,0.08240798740799998,21000100,0.08202,20991200,0.08202,21000200
2023-02-14,0.08434266750000001,21000100,0.08358,20991200,0.08358,21000200
2023-02-15,0.08983325060937498,21000100,0.08925,20991200,0.08925,21000200
2023-02-16,0.08581480634375,21000100,0.0849,20991200,0.0849,21000200
2023-02-17,0.08857090125,21000100,0.08777,20991200,0.08777,21000200
2023-02-18,0.08969103,21000100,0.08888,20991200,0.08888,21000200
2023-02-19,0.08787967052800001,21000100,0.08704,20991200,0.08704,21000200
2023-02-20,0.08915619375,21000100,0.08835,20991200,0.08835,21000200
2023-02-21,0.08664475833016666,21000100,0.08546,20991200,0.08546,21000200
2023-02-22,0.08628018750000001,21000100,0.0855,20991200,0.0855,21000200
2023-02-23,0.08499859875,21000100,0.08423,20991200,0.08423,21000200
2023-02-24,0.08161803,21000100,0.08088,20991200,0.08088,21000200
2023-02-25,0.08100353588045833,21000100,0.08071,20991200,0.08071,21000200
2023-02-26,0.08226829596933334,21000100,0.08213,20991200,0.08213,21000200
2023-02-27,0.08165992479341666,21000100,0.08134,20991200,0.08134,21000200
2023-02-28,0.08151009216908332,21000100,0.08083,20991200,0.08083,21000200
2023-03-01,0.0826473375,21000100,0.0819,20991200,0.0819,21000200
2023-03-02,0.08085355392666667,21000100,0.08056,20991200,0.08056,21000200
2023-03-03,0.07682600508341667,21000100,0.07682,20991200,0.07682,21000200
2023-03-04,0.07517576958925,21000100,0.07458,20991200,0.07458,21000200
2023-03-05,0.07514444300808333,21000100,0.07471,20991200,0.07471,21000200
2023-03-06,0.07514757203799999,21000100,0.07476,20991200,0.07476,21000200
2023-03-07,0.0746197902725,21000100,0.07404,20991200,0.07404,21000200
2023-03-08,0.07164599434316668,21000100,0.07108,20991200,0.07108,21000200
2023-03-09,0.06641997653625001,21000100,0.0659,20991200,0.0659,21000200
2023-03-10,0.06510769433162501,21000100,0.06567,20991200,0.06567,21000200
2023-03-11,0.06629440546020833,21000100,0.06601,20991200,0.06601,21000200
2023-03-12,0.0711433125,21000100,0.0705,20991200,0.0705,21000200
2023-03-13,0.07342393500000001,21000100,0.07276,20991200,0.07276,21000200
2023-03-14,0.07518692369025,21000100,0.07461,20991200,0.07461,21000200
2023-03-15,0.07088768642,21000100,0.0696,20991200,0.0696,21000200
2023-03-16,0.07319183625,21000100,0.07253,20991200,0.07253,21000200
2023-03-17,0.07711733250000001,21000100,0.07642,20991200,0.07642,21000200
2023-03-18,0.0736055775,21000100,0.07294,20991200,0.07294,21000200
2023-03-19,0.0751798125,21000100,0.0745,20991200,0.0745,21000200
2023-03-20,0.07198088625000001,21000100,0.07133,20991200,0.07133,21000200
2023-03-21,0.07713832724583333,21000100,0.0766,20991200,0.0766,21000200
2023-03-22,0.0744936075,21000100,0.07382,20991200,0.07382,21000200
2023-03-23,0.07803563625,21000100,0.07733,20991200,0.07733,21000200
2023-03-24,0.07515963,21000100,0.07448,20991200,0.07448,21000200
2023-03-25,0.07462183167675,21000100,0.07398,20991200,0.07398,21000200
2023-03-26,0.074663482452375,21000100,0.07431,20991200,0.07431,21000200
2023-03-27,0.07308455240900001,21000100,0.07284,20991200,0.07284,21000200
2023-03-28,0.07389806429308333,21000100,0.07378,20991200,0.07378,21000200
2023-03-29,0.07619564022525,21000100,0.07553,20991200,0.07553,21000200
2023-03-30,0.07484680125,21000100,0.07417,20991200,0.07417,21000200
2023-03-31,0.07725749912833334,21000100,0.0769,20991200,0.0769,21000200
2023-04-01,0.08257669875000001,21000100,0.08183,20991200,0.08183,21000200
2023-04-02,0.07972087500000001,21000100,0.079,20991200,0.079,21000200
2023-04-03,0.09637753195583333,21000100,0.09596,20991200,0.09596,21000200
2023-04-04,0.09600815250000001,21000100,0.09514,20991200,0.09514,21000200
2023-04-05,0.09353579625,21000100,0.09269,20991200,0.09269,21000200
2023-04-06,0.08616918375,21000100,0.08539,20991200,0.08539,21000200
2023-04-07,0.08247476921475,21000100,0.08217,20991200,0.08217,21000200
2023-04-08,0.08178141930499999,21000100,0.0813,20991200,0.0813,21000200
2023-04-09,0.08353894036987498,21000100,0.08313,20991200,0.08313,21000200
2023-04-10,0.08548297875,21000100,0.08471,20991200,0.08471,21000200
2023-04-11,0.0848270475,21000100,0.08406,20991200,0.08406,21000200
2023-04-12,0.08408941160062501,21000100,0.08343,20991200,0.08343,21000200
2023-04-13,0.08810670375,21000100,0.08731,20991200,0.08731,21000200
2023-04-14,0.08978530154474999,21000100,0.08869,20991200,0.08869,21000200
2023-04-15,0.08986090208191667,21000100,0.08891,20991200,0.08891,21000200
2023-04-16,0.09148329100125001,21000100,0.09045,20991200,0.09045,21000200
2023-04-17,0.09321477733012501,21000100,0.09141,20991200,0.09141,21000200
2023-04-18,0.09518933322645834,21000100,0.09415,20991200,0.09415,21000200
2023-04-19,0.0886213575,21000100,0.08782,20991200,0.08782,21000200
2023-04-20,0.08443679921308334,21000100,0.08386,20991200,0.08386,21000200
2023-04-21,0.07866515644091666,21000100,0.07837,20991200,0.07837,21000200
2023-04-22,0.07999809525,21000100,0.08025,20991200,0.08025,21000200
2023-04-23,0.07936330346391665,21000100,0.07873,20991200,0.07873,21000200
2023-04-24,0.07920115319049999,21000100,0.07869,20991200,0.07869,21000200
2023-04-25,0.08011206019500001,21000100,0.07974,20991200,0.07974,21000200
2023-04-26,0.07924658625,21000100,0.07853,20991200,0.07853,21000200
2023-04-27,0.08037002344125,21000100,0.0801,20991200,0.0801,21000200
2023-04-28,0.08090132003099999,21000100,0.08029,20991200,0.08029,21000200
2023-04-29,0.08215636577508334,21000100,0.08153,20991200,0.08153,21000200
2023-04-30,0.080048608156125,21000100,0.07947,20991200,0.07947,21000200
2023-05-01,0.07930834734375,21000100,0.07875,20991200,0.07875,21000200
2023-05-02,0.07932489957383335,21000100,0.07871,20991200,0.07871,21000200
2023-05-03,0.08007435062841667,21000100,0.07958,20991200,0.07958,21000200
2023-05-04,0.07894481380187499,21000100,0.07833,20991200,0.07833,21000200
2023-05-05,0.08089146,21000100,0.08016,20991200,0.08016,21000200
2023-05-06,0.0769556137995,21000100,0.07668,20991200,0.07668,21000200
2023-05-07,0.07659561545333333,21000100,0.07648,20991200,0.07648,21000200
2023-05-08,0.07249087742808334,21000100,0.07234,20991200,0.07234,21000200
2023-05-09,0.0726776275745251,21000100,0.07304,20991200,0.07304,21000200
2023-05-10,0.07314781915350001,21000100,0.07308,20991200,0.07308,21000200
2023-05-11,0.07224698280916667,21000100,0.0719,20991200,0.0719,21000200
2023-05-12,0.07291701574883333,21000100,0.07229,20991200,0.07229,21000200
2023-05-13,0.0721220712315,21000100,0.07164,20991200,0.07164,21000200
2023-05-14,0.07235967929737501,21000100,0.07191,20991200,0.07191,21000200
2023-05-15,0.07237360557683332,21000100,0.07186,20991200,0.07186,21000200
2023-05-16,0.073155393284875,21000100,0.07271,20991200,0.07271,21000200
2023-05-17,0.07547245875,21000100,0.07479,20991200,0.07479,21000200
2023-05-18,0.07405968375,21000100,0.07339,20991200,0.07339,21000200
2023-05-19,0.0741303225,21000100,0.07346,20991200,0.07346,21000200
2023-05-20,0.07417817682741666,21000100,0.07357,20991200,0.07357,21000200
2023-05-21,0.07257335669925,21000100,0.07207,20991200,0.07207,21000200
2023-05-22,0.07297514898100001,21000100,0.07287,20991200,0.07287,21000200
2023-05-23,0.07350466500000001,21000100,0.07284,20991200,0.07284,21000200
2023-05-24,0.07098609931399999,21000100,0.07059,20991200,0.07059,21000200
2023-05-25,0.0713400517375,21000100,0.07085,20991200,0.07085,21000200
2023-05-26,0.071567145,21000100,0.07092,20991200,0.07092,21000200
2023-05-27,0.0732019275,21000100,0.07254,20991200,0.07254,21000200
2023-05-28,0.07418077875000001,21000100,0.07351,20991200,0.07351,21000200
2023-05-29,0.07376703750000001,21000100,0.0731,20991200,0.0731,21000200
2023-05-30,0.07292946375,21000100,0.07227,20991200,0.07227,21000200
2023-05-31,0.0722192686215,21000100,0.07161,20991200,0.07161,21000200
2023-06-01,0.07204143375,21000100,0.07139,20991200,0.07139,21000200
2023-06-02,0.07323220125,21000100,0.07257,20991200,0.07257,21000200
2023-06-03,0.073343205,21000100,0.07268,20991200,0.07268,21000200
2023-06-04,0.0731211975,21000100,0.07246,20991200,0.07246,21000200
2023-06-05,0.06695544375000001,21000100,0.06635,20991200,0.06635,21000200
2023-06-06,0.06982484392033139,21000100,0.07021,20991200,0.07021,21000200
2023-06-07,0.06749988755175,21000100,0.06723,20991200,0.06723,21000200
2023-06-08,0.068424147458875,21000100,0.06791,20991200,0.06791,21000200
2023-06-09,0.07006354875000001,21000100,0.06943,20991200,0.06943,21000200
2023-06-10,0.061480026501,21000100,0.06168,20991200,0.06168,21000200
2023-06-11,0.06106247210462034,21000100,0.06147,20991200,0.06147,21000200
2023-06-12,0.06138337115895833,21000100,0.06139,20991200,0.06139,21000200
2023-06-13,0.06208502548166666,21000100,0.0617,20991200,0.0617,21000200
2023-06-14,0.06065573785266666,21000100,0.06032,20991200,0.06032,21000200
2023-06-15,0.061257118049999996,21000100,0.0615,20991200,0.0615,21000200
2023-06-16,0.06271711875,21000100,0.06215,20991200,0.06215,21000200
2023-06-17,0.062522856968,21000100,0.06214,20991200,0.06214,21000200
2023-06-18,0.06239914164729167,21000100,0.06205,20991200,0.06205,21000200
2023-06-19,0.06260390214,21000100,0.0624,20991200,0.0624,21000200
2023-06-20,0.06351550745291666,21000100,0.0631,20991200,0.0631,21000200
2023-06-21,0.065904878686875,21000100,0.06555,20991200,0.06555,21000200
2023-06-22,0.06612796125,21000100,0.06553,20991200,0.06553,21000200
2023-06-23,0.06884250750000001,21000100,0.06822,20991200,0.06822,21000200
2023-06-24,0.06718100304937501,21000100,0.06665,20991200,0.06665,21000200
2023-06-25,0.06726690184499999,21000100,0.06669,20991200,0.06669,21000200
2023-06-26,0.06526011375000002,21000100,0.06467,20991200,0.06467,21000200
2023-06-27,0.0655895569405,21000100,0.06553,20991200,0.06553,21000200
2023-06-28,0.06292483563391667,21000100,0.06251,20991200,0.06251,21000200
2023-06-29,0.06284210040601307,21000100,0.06338,20991200,0.06338,21000200
2023-06-30,0.06688145101275,21000100,0.06642,20991200,0.06642,21000200
2023-07-01,0.0691081858125,21000100,0.0685,20991200,0.0685,21000200
2023-07-02,0.0686406825,21000100,0.06802,20991200,0.06802,21000200
2023-07-03,0.06905442375000001,21000100,0.06843,20991200,0.06843,21000200
2023-07-04,0.06950853,21000100,0.06888,20991200,0.06888,21000200
2023-07-05,0.06722112574125,21000100,0.06695,20991200,0.06695,21000200
2023-07-06,0.06453260741720833,21000100,0.06479,20991200,0.06479,21000200
2023-07-07,0.06528906229725,21000100,0.06534,20991200,0.06534,21000200
2023-07-08,0.06550815211133333,21000100,0.06568,20991200,0.06568,21000200
2023-07-09,0.065255708613375,21000100,0.06531,20991200,0.06531,21000200
2023-07-10,0.06532138963166666,21000100,0.0652,20991200,0.0652,21000200
2023-07-11,0.06576185312900001,21000100,0.06524,20991200,0.06524,21000200
2023-07-12,0.06539531669175,21000100,0.06498,20991200,0.06498,21000200
2023-07-13,0.07056922907591666,21000100,0.07042,20991200,0.07042,21000200
2023-07-14,0.06907460625,21000100,0.06845,20991200,0.06845,21000200
2023-07-15,0.07258636125,21000100,0.07193,20991200,0.07193,21000200
2023-07-16,0.07011400500000001,21000100,0.06948,20991200,0.06948,21000200
2023-07-17,0.07025646291666666,21000100,0.0698,20991200,0.0698,21000200
2023-07-18,0.0692461575,21000100,0.06862,20991200,0.06862,21000200
2023-07-19,0.07063875000000001,21000100,0.07,20991200,0.07,21000200
2023-07-20,0.07120386000000001,21000100,0.07056,20991200,0.07056,21000200
2023-07-21,0.07369585039374998,21000100,0.07318,20991200,0.07318,21000200
2023-07-22,0.0709350790285,21000100,0.07044,20991200,0.07044,21000200
2023-07-23,0.07241481000000001,21000100,0.07176,20991200,0.07176,21000200
2023-07-24,0.07480147812629168,21000100,0.07417,20991200,0.07417,21000200
2023-07-25,0.08203593951525001,21000100,0.08183,20991200,0.08183,21000200
2023-07-26,0.07835147659083334,21000100,0.0779,20991200,0.0779,21000200
2023-07-27,0.07825801978424998,21000100,0.07758,20991200,0.07758,21000200
2023-07-28,0.07762299443208334,21000100,0.07714,20991200,0.07714,21000200
2023-07-29,0.08077753189583334,21000100,0.0802,20991200,0.0802,21000200
2023-07-30,0.0786915675,21000100,0.07798,20991200,0.07798,21000200
2023-07-31,0.07802369736749999,21000100,0.0778,20991200,0.0778,21000200
2023-08-01,0.0785795621705,21000100,0.07811,20991200,0.07811,21000200
2023-08-02,0.07484477612424999,21000100,0.07418,20991200,0.07418,21000200
2023-08-03,0.07412662433854168,21000100,0.07355,20991200,0.07355,21000200
2023-08-04,0.07399837430975,21000100,0.07342,20991200,0.07342,21000200
2023-08-05,0.07621781096924998,21000100,0.07569,20991200,0.07569,21000200
2023-08-06,0.074843675465625,21000100,0.07425,20991200,0.07425,21000200
2023-08-07,0.074093929285,21000100,0.07352,20991200,0.07352,21000200
2023-08-08,0.07557466030275001,21000100,0.07494,20991200,0.07494,21000200
2023-08-09,0.07607793375,21000100,0.07539,20991200,0.07539,21000200
2023-08-10,0.07653204000000001,21000100,0.07584,20991200,0.07584,21000200
2023-08-11,0.07638067125,21000100,0.07569,20991200,0.07569,21000200
2023-08-12,0.07735552819316667,21000100,0.07667,20991200,0.07667,21000200
2023-08-13,0.07541191125,21000100,0.07473,20991200,0.07473,21000200
2023-08-14,0.07534127250000001,21000100,0.07466,20991200,0.07466,21000200
2023-08-15,0.07139207394041668,21000100,0.07085,20991200,0.07085,21000200
2023-08-16,0.06655541232884823,21000100,0.06715,20991200,0.06715,21000200
2023-08-17,0.061359660717749995,21000100,0.06098,20991200,0.06098,21000200
2023-08-18,0.06256873356920856,21000100,0.0632,20991200,0.0632,21000200
2023-08-19,0.06379262059375,21000100,0.06375,20991200,0.06375,21000200
2023-08-20,0.06359597208333333,21000100,0.06379,20991200,0.06379,21000200
2023-08-21,0.062738782007,21000100,0.06248,20991200,0.06248,21000200
2023-08-22,0.06270034048874999,21000100,0.06255,20991200,0.06255,21000200
2023-08-23,0.06388720863291666,21000100,0.06373,20991200,0.06373,21000200
2023-08-24,0.06291715581525001,21000100,0.06303,20991200,0.06303,21000200
2023-08-25,0.06338936850066666,21000100,0.06308,20991200,0.06308,21000200
2023-08-26,0.06301961269183333,21000100,0.06284,20991200,0.06284,21000200
2023-08-27,0.06293037557483334,21000100,0.06313,20991200,0.06313,21000200
2023-08-28,0.06379936205650001,21000100,0.06342,20991200,0.06342,21000200
2023-08-29,0.06654965356200002,21000100,0.06636,20991200,0.06636,21000200
2023-08-30,0.06627952289791667,21000100,0.06583,20991200,0.06583,21000200
2023-08-31,0.06408323424233334,21000100,0.06376,20991200,0.06376,21000200
2023-09-01,0.06441848163799999,21000100,0.06384,20991200,0.06384,21000200
2023-09-02,0.06385138840125,21000100,0.06345,20991200,0.06345,21000200
2023-09-03,0.0629569512005,21000100,0.06313,20991200,0.06313,21000200
2023-09-04,0.06315162773229166,21000100,0.06323,20991200,0.06323,21000200
2023-09-05,0.0643231272,21000100,0.064,20991200,0.064,21000200
2023-09-06,0.063790722355,21000100,0.0636,20991200,0.0636,21000200
2023-09-07,0.06393039537412501,21000100,0.06363,20991200,0.06363,21000200
2023-09-08,0.06387599417237501,21000100,0.06369,20991200,0.06369,21000200
2023-09-09,0.06387278610854166,21000100,0.06335,20991200,0.06335,21000200
2023-09-10,0.06064566772629637,21000100,0.06126,20991200,0.06126,21000200
2023-09-11,0.060466693326,21000100,0.06044,20991200,0.06044,21000200
2023-09-12,0.06099535669733333,21000100,0.06086,20991200,0.06086,21000200
2023-09-13,0.061659830504708336,21000100,0.06121,20991200,0.06121,21000200
2023-09-14,0.06214997816754168,21000100,0.06203,20991200,0.06203,21000200
2023-09-15,0.06283379056874999,21000100,0.06246,20991200,0.06246,21000200
2023-09-16,0.06228837548033333,21000100,0.06209,20991200,0.06209,21000200
2023-09-17,0.061843051037999995,21000100,0.06141,20991200,0.06141,21000200
2023-09-18,0.062232628031874994,21000100,0.06195,20991200,0.06195,21000200
2023-09-19,0.063010447479,21000100,0.06264,20991200,0.06264,21000200
2023-09-20,0.062486072695291675,21000100,0.06259,20991200,0.06259,21000200
2023-09-21,0.06169146141666666,21000100,0.06125,20991200,0.06125,21000200
2023-09-22,0.06180556990166667,21000100,0.06148,20991200,0.06148,21000200
2023-09-23,0.061904165939625,21000100,0.06147,20991200,0.06147,21000200
2023-09-24,0.06108512514066666,21000100,0.06064,20991200,0.06064,21000200
2023-09-25,0.06096336974875,21000100,0.0609,20991200,0.0609,21000200
2023-09-26,0.06103029818904167,21000100,0.06059,20991200,0.06059,21000200
2023-09-27,0.06097972734,21000100,0.06048,20991200,0.06048,21000200
2023-09-28,0.062041005,21000100,0.06148,20991200,0.06148,21000200
2023-09-29,0.06255980856,21000100,0.06208,20991200,0.06208,21000200
2023-09-30,0.062486064202833334,21000100,0.06203,20991200,0.06203,21000200
2023-10-01,0.06333841253604167,21000100,0.06317,20991200,0.06317,21000200
2023-10-02,0.06240995222916666,21000100,0.06196,20991200,0.06196,21000200
2023-10-03,0.061707913897,21000100,0.06132,20991200,0.06132,21000200
2023-10-04,0.0612364358935,21000100,0.06141,20991200,0.06141,21000200
2023-10-05,0.060854034693375,21000100,0.06083,20991200,0.06083,21000200
2023-10-06,0.0617375884335,21000100,0.06132,20991200,0.06132,21000200
2023-10-07,0.06186682113000001,21000100,0.0614,20991200,0.0614,21000200
2023-10-08,0.06133632693125001,21000100,0.0609,20991200,0.0609,21000200
2023-10-09,0.05815153053481048,21000100,0.05869,20991200,0.05869,21000200
2023-10-10,0.05861854005012499,21000100,0.05907,20991200,0.05907,21000200
2023-10-11,0.0584350709965,21000100,0.05847,20991200,0.05847,21000200
2023-10-12,0.057620688385,21000100,0.05785,20991200,0.05785,21000200
2023-10-13,0.05865930242116666,21000100,0.05836,20991200,0.05836,21000200
2023-10-14,0.06015984403645834,21000100,0.05983,20991200,0.05983,21000200
2023-10-15,0.05976348376395834,21000100,0.05929,20991200,0.05929,21000200
2023-10-16,0.06044177409645834,21000100,0.05995,20991200,0.05995,21000200
2023-10-17,0.059394502295333336,21000100,0.05899,20991200,0.05899,21000200
2023-10-18,0.059036998746000005,21000100,0.05854,20991200,0.05854,21000200
2023-10-19,0.058938149930500006,21000100,0.05881,20991200,0.05881,21000200
2023-10-20,0.06035680197216667,21000100,0.05987,20991200,0.05987,21000200
2023-10-21,0.061683336091250006,21000100,0.06117,20991200,0.06117,21000200
2023-10-22,0.061974272842125006,21000100,0.06167,20991200,0.06167,21000200
2023-10-23,0.06806548125,21000100,0.06745,20991200,0.06745,21000200
2023-10-24,0.06721781625,21000100,0.06661,20991200,0.06661,21000200
2023-10-25,0.068983785,21000100,0.06836,20991200,0.06836,21000200
2023-10-26,0.07254599625,21000100,0.07189,20991200,0.07189,21000200
2023-10-27,0.06840858375,21000100,0.06779,20991200,0.06779,21000200
2023-10-28,0.06965989875,21000100,0.06903,20991200,0.06903,21000200
2023-10-29,0.070248238360875,21000100,0.06939,20991200,0.06939,21000200
2023-10-30,0.07027583623775,21000100,0.06963,20991200,0.06963,21000200
2023-10-31,0.06955704893158333,21000100,0.06826,20991200,0.06826,21000200
2023-11-01,0.06959935125000001,21000100,0.06897,20991200,0.06897,21000200
2023-11-02,0.06940610717473487,21000100,0.06793,20991200,0.06793,21000200
2023-11-03,0.06879706934625,21000100,0.06813,20991200,0.06813,21000200
2023-11-04,0.07019110459508333,21000100,0.06914,20991200,0.06914,21000200
2023-11-05,0.072220296429125,21000100,0.07111,20991200,0.07111,21000200
2023-11-06,0.077637170768875,21000100,0.07643,20991200,0.07643,21000200
2023-11-07,0.07407986625,21000100,0.07341,20991200,0.07341,21000200
2023-11-08,0.076088025,21000100,0.0754,20991200,0.0754,21000200
2023-11-09,0.07491567321333334,21000100,0.07358,20991200,0.07358,21000200
2023-11-10,0.07615866375,21000100,0.07547,20991200,0.07547,21000200
2023-11-11,0.08031549403125,21000100,0.0785,20991200,0.0785,21000200
2023-11-12,0.07918655494604167,21000100,0.07801,20991200,0.07801,21000200
2023-11-13,0.07613990144687502,21000100,0.07455,20991200,0.07455,21000200
2023-11-14,0.07356652696229167,21000100,0.07247,20991200,0.07247,21000200
2023-11-15,0.0773855485585,21000100,0.07629,20991200,0.07629,21000200
2023-11-16,0.08159305619211024,21000100,0.07949,20991200,0.07949,21000200
2023-11-17,0.08756943960916667,21000100,0.08645,20991200,0.08645,21000200
2023-11-18,0.08105292,21000100,0.08032,20991200,0.08032,21000200
2023-11-19,0.08123456250000001,21000100,0.0805,20991200,0.0805,21000200
2023-11-20,0.07868101289966667,21000100,0.07774,20991200,0.07774,21000200
2023-11-21,0.072467456724,21000100,0.07176,20991200,0.07176,21000200
2023-11-22,0.0764311275,21000100,0.07574,20991200,0.07574,21000200
2023-11-23,0.07689532500000001,21000100,0.0762,20991200,0.0762,21000200
2023-11-24,0.07887321,21000100,0.07816,20991200,0.07816,21000200
2023-11-25,0.07972531465875,21000100,0.07895,20991200,0.07895,21000200
2023-11-26,0.07936768125,21000100,0.07865,20991200,0.07865,21000200
2023-11-27,0.07954932375,21000100,0.07883,20991200,0.07883,21000200
2023-11-28,0.08160793875,21000100,0.08087,20991200,0.08087,21000200
2023-11-29,0.08120428875,21000100,0.08047,20991200,0.08047,21000200
2023-11-30,0.08423166375,21000100,0.08347,20991200,0.08347,21000200
2023-12-01,0.08461513125,21000100,0.08385,20991200,0.08385,21000200
2023-12-02,0.08701684875,21000100,0.08623,20991200,0.08623,21000200
2023-12-03,0.08679341914525,21000100,0.08574,20991200,0.08574,21000200
2023-12-04,0.09342961026820833,21000100,0.09197,20991200,0.09197,21000200
2023-12-05,0.09525130875000001,21000100,0.09439,20991200,0.09439,21000200
2023-12-06,0.0960742315,21000100,0.095,20991200,0.095,21000200
2023-12-07,0.09774387240458333,21000100,0.09595,20991200,0.09595,21000200
2023-12-08,0.10436467792208333,21000100,0.10174,20991200,0.10174,21000200
2023-12-09,0.10152122625262341,21000100,0.09856,20991200,0.09856,21000200
2023-12-10,0.10479709700625002,21000100,0.10197,20991200,0.10197,21000200
2023-12-11,0.09568725142125,21000100,0.09413,20991200,0.09413,21000200
2023-12-12,0.09491713667562501,21000100,0.09385,20991200,0.09385,21000200
2023-12-13,0.09735028875,21000100,0.09647,20991200,0.09647,21000200
2023-12-14,0.09926762625,21000100,0.09837,20991200,0.09837,21000200
2023-12-15,0.09414123922249999,21000100,0.09305,20991200,0.09305,21000200
2023-12-16,0.09803649375000001,21000100,0.09715,20991200,0.09715,21000200
2023-12-17,0.09385850257758334,21000100,0.09299,20991200,0.09299,21000200
2023-12-18,0.09299086875,21000100,0.09215,20991200,0.09215,21000200
2023-12-19,0.09107353125,21000100,0.09025,20991200,0.09025,21000200
2023-12-20,0.09245658735191666,21000100,0.09158,20991200,0.09158,21000200
2023-12-21,0.09753927512808332,21000100,0.09509,20991200,0.09509,21000200
2023-12-22,0.09789392134666666,21000100,0.09505,20991200,0.09505,21000200
2023-12-23,0.09606284540033334,21000100,0.09353,20991200,0.09353,21000200
2023-12-24,0.09497760179833152,21000100,0.09176,20991200,0.09176,21000200
2023-12-25,0.09703174785395835,21000100,0.09445,20991200,0.09445,21000200
2023-12-26,0.09485959554309092,21000100,0.09143,20991200,0.09143,21000200
2023-12-27,0.09579715622099999,21000100,0.09378,20991200,0.09378,21000200
2023-12-28,0.09550664753748742,21000100,0.0918,20991200,0.0918,21000200
2023-12-29,0.09473605015129166,21000100,0.09103,20991200,0.09103,21000200
2023-12-30,0.09217310372608332,21000100,0.09007,20991200,0.09007,21000200
2023-12-31,0.09188240667070834,21000100,0.08957,20991200,0.08957,21000200
2024-01-01,0.09441872625870834,21000100,0.09209,20991200,0.09209,21000200
2024-01-02,0.09534445701491168,21000100,0.09115,20991200,0.09115,21000200
2024-01-03,0.08408824380745834,21000100,0.08197,20991200,0.08197,21000200
2024-01-04,0.08476650000000001,21000100,0.084,20991200,0.084,21000200
2024-01-05,0.0834142725,21000100,0.08266,20991200,0.08266,21000200
2024-01-06,0.0813152925,21000100,0.08058,20991200,0.08058,21000200
2024-01-07,0.07892366625000001,21000100,0.07821,20991200,0.07821,21000200
2024-01-08,0.0820822275,21000100,0.08134,20991200,0.08134,21000200
2024-01-09,0.07995297375,21000100,0.07923,20991200,0.07923,21000200
2024-01-10,0.08384819625,21000100,0.08309,20991200,0.08309,21000200
2024-01-11,0.08534170125000001,21000100,0.08457,20991200,0.08457,21000200
2024-01-12,0.08081073,21000100,0.08008,20991200,0.08008,21000200
2024-01-13,0.08166848625,21000100,0.08093,20991200,0.08093,21000200
2024-01-14,0.08076027375000001,21000100,0.08003,20991200,0.08003,21000200
2024-01-15,0.081819855,21000100,0.08108,20991200,0.08108,21000200
2024-01-16,0.08210241,21000100,0.08136,20991200,0.08136,21000200
2024-01-17,0.081335475,21000100,0.0806,20991200,0.0806,21000200
2024-01-18,0.07880257125000001,21000100,0.07809,20991200,0.07809,21000200
2024-01-19,0.0792970425,21000100,0.07858,20991200,0.07858,21000200
2024-01-20,0.08856081,21000100,0.08776,20991200,0.08776,21000200
2024-01-21,0.08624991375,21000100,0.08547,20991200,0.08547,21000200
2024-01-22,0.08128501875000001,21000100,0.08055,20991200,0.08055,21000200
2024-01-23,0.07888330125000001,21000100,0.07817,20991200,0.07817,21000200
2024-01-24,0.07976124,21000100,0.07904,20991200,0.07904,21000200
2024-01-25,0.07864111125,21000100,0.07793,20991200,0.07793,21000200
2024-01-26,0.08056854,21000100,0.07984,20991200,0.07984,21000200
2024-01-27,0.0808309125,21000100,0.0801,20991200,0.0801,21000200
2024-01-28,0.07950895875,21000100,0.07879,20991200,0.07879,21000200
2024-01-29,0.08209231875,21000100,0.08135,20991200,0.08135,21000200
2024-01-30,0.0804272625,21000100,0.0797,20991200,0.0797,21000200
2024-01-31,0.07941813750000001,21000100,0.0787,20991200,0.0787,21000200
2024-02-01,0.08005388625,21000100,0.07933,20991200,0.07933,21000200
2024-02-02,0.07997315625000001,21000100,0.07925,20991200,0.07925,21000200
2024-02-03,0.07943832,21000100,0.07872,20991200,0.07872,21000200
2024-02-04,0.078994305,21000100,0.07828,20991200,0.07828,21000200
2024-02-05,0.07902457875,21000100,0.07831,20991200,0.07831,21000200
2024-02-06,0.07920622125000001,21000100,0.07849,20991200,0.07849,21000200
2024-02-07,0.08086118625000001,21000100,0.08013,20991200,0.08013,21000200
2024-02-08,0.0805887225,21000100,0.07986,20991200,0.07986,21000200
2024-02-09,0.08231432625000001,21000100,0.08157,20991200,0.08157,21000200
2024-02-10,0.08215286625,21000100,0.08141,20991200,0.08141,21000200
2024-02-11,0.08197122375,21000100,0.08123,20991200,0.08123,21000200
2024-02-12,0.08304089625000001,21000100,0.08229,20991200,0.08229,21000200
2024-02-13,0.08214283617708333,21000100,0.0811,20991200,0.0811,21000200
2024-02-14,0.08733427910258333,21000100,0.08558,20991200,0.08558,21000200
2024-02-15,0.08730581970099999,21000100,0.08534,20991200,0.08534,21000200
2024-02-16,0.08774098706437501,21000100,0.08595,20991200,0.08595,21000200
2024-02-17,0.0847962210555,21000100,0.08361,20991200,0.08361,21000200
2024-02-18,0.086511818360625,21000100,0.08523,20991200,0.08523,21000200
2024-02-19,0.09210849753525001,21000100,0.08949,20991200,0.08949,21000200
2024-02-20,0.08792238364916667,21000100,0.08618,20991200,0.08618,21000200
2024-02-21,0.08539215750000001,21000100,0.08462,20991200,0.08462,21000200
2024-02-22,0.08537701814108332,21000100,0.08417,20991200,0.08417,21000200
2024-02-23,0.086446545929625,21000100,0.08457,20991200,0.08457,21000200
2024-02-24,0.0884403870165,21000100,0.08622,20991200,0.08622,21000200
2024-02-25,0.08872382245900001,21000100,0.08618,20991200,0.08618,21000200
2024-02-26,0.09221903306845834,21000100,0.08933,20991200,0.08933,21000200
2024-02-27,0.102145325612,21000100,0.09768,20991200,0.09768,21000200
2024-02-28,0.1202971895515,21000100,0.11596,20991200,0.11596,21000200
2024-02-29,0.12347619192655748,21000100,0.11743,20991200,0.11743,21000200
2024-03-01,0.1470721315369542,21000100,0.13953,20991200,0.13953,21000200
2024-03-02,0.15045286341719336,21000100,0.14219,20991200,0.14219,21000200
2024-03-03,0.16266704436062498,21000100,0.15365,20991200,0.15365,21000200
2024-03-04,0.19314608295241667,21000100,0.18218,20991200,0.18218,21000200
2024-03-05,0.16320864302896218,21000100,0.15302,20991200,0.15302,21000200
2024-03-06,0.1614424201878333,21000100,0.15797,20991200,0.15797,21000200
2024-03-07,0.16262834237304166,21000100,0.15781,20991200,0.15781,21000200
2024-03-08,0.173329012082875,21000100,0.16467,20991200,0.16467,21000200
2024-03-09,0.1871566406775,21000100,0.17901,20991200,0.17901,21000200
2024-03-10,0.18133474659925,21000100,0.17007,20991200,0.17007,21000200
2024-03-11,0.19270308688166665,21000100,0.18236,20991200,0.18236,21000200
2024-03-12,0.1779469020095,21000100,0.16827,20991200,0.16827,21000200
2024-03-13,0.17869164647212502,21000100,0.16911,20991200,0.16911,21000200
2024-03-14,0.18678237725725,21000100,0.17742,20991200,0.17742,21000200
2024-03-15,0.16711528878791668,21000100,0.1637,20991200,0.1637,21000200
2024-03-16,0.14522182846816664,21000100,0.14261,20991200,0.14261,21000200
2024-03-17,0.15734464763108333,21000100,0.15439,20991200,0.15439,21000200
2024-03-18,0.14666633279625,21000100,0.14362,20991200,0.14362,21000200
2024-03-19,0.13118291472941668,21000100,0.12887,20991200,0.12887,21000200
2024-03-20,0.15523429647320833,21000100,0.15223,20991200,0.15223,21000200
2024-03-21,0.15773007445949996,21000100,0.15549,20991200,0.15549,21000200
2024-03-22,0.15530454818400002,21000100,0.15304,20991200,0.15304,21000200
2024-03-23,0.16412785049633333,21000100,0.16202,20991200,0.16202,21000200
2024-03-24,0.178942117765,21000100,0.1766,20991200,0.1766,21000200
2024-03-25,0.17817875580937498,21000100,0.17539,20991200,0.17539,21000200
2024-03-26,0.18764634932750002,21000100,0.18245,20991200,0.18245,21000200
2024-03-27,0.19861431936374999,21000100,0.1907,20991200,0.1907,21000200
2024-03-28,0.23092404360024998,21000100,0.22022,20991200,0.22022,21000200
2024-03-29,0.22275844154775,21000100,0.21319,20991200,0.21319,21000200
2024-03-30,0.208504022852125,21000100,0.19929,20991200,0.19929,21000200
2024-03-31,0.22665238487266665,21000100,0.22024,20991200,0.22024,21000200
2024-04-01,0.21454209090208337,21000100,0.20513,20991200,0.20513,21000200
2024-04-02,0.18496309583583334,21000100,0.1826,20991200,0.1826,21000200
2024-04-03,0.1773389921275,21000100,0.17535,20991200,0.17535,21000200
2024-04-04,0.18270547077975,21000100,0.18006,20991200,0.18006,21000200
2024-04-05,0.17939344734600002,21000100,0.17733,20991200,0.17733,21000200
2024-04-06,0.18796301150812497,21000100,0.18585,20991200,0.18585,21000200
2024-04-07,0.20099889732249998,21000100,0.19902,20991200,0.19902,21000200
2024-04-08,0.205941311816625,21000100,0.20277,20991200,0.20277,21000200
2024-04-09,0.19312192603912498,21000100,0.18927,20991200,0.18927,21000200
2024-04-10,0.20248011096583332,21000100,0.1999,20991200,0.1999,21000200
2024-04-11,0.197642467441375,21000100,0.19393,20991200,0.19393,21000200
2024-04-12,0.176305005573,21000100,0.17406,20991200,0.17406,21000200
2024-04-13,0.15395211,21000100,0.15256,20991200,0.15256,21000200
2024-04-14,0.16344797625000002,21000100,0.16197,20991200,0.16197,21000200
2024-04-15,0.162024208534375,21000100,0.16115,20991200,0.16115,21000200
2024-04-16,0.1560700578585,21000100,0.15594,20991200,0.15594,21000200
2024-04-17,0.147852572204125,21000100,0.14747,20991200,0.14747,21000200
2024-04-18,0.15248570756375002,21000100,0.15215,20991200,0.15215,21000200
2024-04-19,0.15713323092212497,21000100,0.15627,20991200,0.15627,21000200
2024-04-20,0.16274825320249997,21000100,0.16251,20991200,0.16251,21000200
2024-04-21,0.159023952715,21000100,0.15815,20991200,0.15815,21000200
2024-04-22,0.1614545882720833,21000100,0.16115,20991200,0.16115,21000200
2024-04-23,0.1604934660615,21000100,0.15972,20991200,0.15972,21000200
2024-04-24,0.15239224856916664,21000100,0.1513,20991200,0.1513,21000200
2024-04-25,0.1521181511055,21000100,0.15123,20991200,0.15123,21000200
2024-04-26,0.148025686991,21000100,0.14792,20991200,0.14792,21000200
2024-04-27,0.14856329520866668,21000100,0.14767,20991200,0.14767,21000200
2024-04-28,0.14765484564058334,21000100,0.14659,20991200,0.14659,21000200
2024-04-29,0.14415604716225,21000100,0.14334,20991200,0.14334,21000200
2024-04-30,0.13368249073237498,21000100,0.13329,20991200,0.13329,21000200
2024-05-01,0.13018453228125001,21000100,0.13014,20991200,0.13014,21000200
2024-05-02,0.131762387218,21000100,0.13188,20991200,0.13188,21000200
2024-05-03,0.14596129775516667,21000100,0.14597,20991200,0.14597,21000200
2024-05-04,0.16061753329875,21000100,0.16005,20991200,0.16005,21000200
2024-05-05,0.16110972881375002,21000100,0.16089,20991200,0.16089,21000200
2024-05-06,0.15748293451275,21000100,0.15642,20991200,0.15642,21000200
2024-05-07,0.15105574905674998,21000100,0.14997,20991200,0.14997,21000200
2024-05-08,0.14441587875,21000100,0.14311,20991200,0.14311,21000200
2024-05-09,0.153057034958625,21000100,0.15211,20991200,0.15211,21000200
2024-05-10,0.14451258735025,21000100,0.14381,20991200,0.14381,21000200
2024-05-11,0.14361898920416663,21000100,0.143,20991200,0.143,21000200
2024-05-12,0.14179068347820836,21000100,0.14111,20991200,0.14111,21000200
2024-05-13,0.149492298184,21000100,0.14856,20991200,0.14856,21000200
2024-05-14,0.14675704875,21000100,0.14543,20991200,0.14543,21000200
2024-05-15,0.1558859470325833,21000100,0.15527,20991200,0.15527,21000200
2024-05-16,0.15099537375000002,21000100,0.14963,20991200,0.14963,21000200
2024-05-17,0.156369826559625,21000100,0.15549,20991200,0.15549,21000200
2024-05-18,0.15434566875,21000100,0.15295,20991200,0.15295,21000200
2024-05-19,0.1499638793429167,21000100,0.14899,20991200,0.14899,21000200
2024-05-20,0.16659984545750003,21000100,0.16572,20991200,0.16572,21000200
2024-05-21,0.17190444375,21000100,0.17035,20991200,0.17035,21000200
2024-05-22,0.16788812625,21000100,0.16637,20991200,0.16637,21000200
2024-05-23,0.1616802320870417,21000100,0.15973,20991200,0.15973,21000200
2024-05-24,0.165375405,21000100,0.16388,20991200,0.16388,21000200
2024-05-25,0.1756886625,21000100,0.1741,20991200,0.1741,21000200
2024-05-26,0.16781122742708332,21000100,0.16625,20991200,0.16625,21000200
2024-05-27,0.170983809481625,21000100,0.16919,20991200,0.16919,21000200
2024-05-28,0.16661662875000002,21000100,0.16511,20991200,0.16511,21000200
2024-05-29,0.16662689882633333,21000100,0.16397,20991200,0.16397,21000200
2024-05-30,0.16102787868174998,21000100,0.15954,20991200,0.15954,21000200
2024-05-31,0.16058766663125,21000100,0.15909,20991200,0.15909,21000200
2024-06-01,0.16235096074475,21000100,0.16043,20991200,0.16043,21000200
2024-06-02,0.15923076348041665,21000100,0.15718,20991200,0.15718,21000200
2024-06-03,0.160572599459125,21000100,0.15841,20991200,0.15841,21000200
2024-06-04,0.16313396024566668,21000100,0.16148,20991200,0.16148,21000200
2024-06-05,0.166757903908375,21000100,0.16341,20991200,0.16341,21000200
2024-06-06,0.16351265766025,21000100,0.16026,20991200,0.16026,21000200
2024-06-07,0.14975369298829166,21000100,0.14821,20991200,0.14821,21000200
2024-06-08,0.14722124625,21000100,0.14589,20991200,0.14589,21000200
2024-06-09,0.14809918500000002,21000100,0.14676,20991200,0.14676,21000200
2024-06-10,0.146080935,21000100,0.14476,20991200,0.14476,21000200
2024-06-11,0.13926934125,21000100,0.13801,20991200,0.13801,21000200
2024-06-12,0.14757444000000003,21000100,0.14624,20991200,0.14624,21000200
2024-06-13,0.14239762875000003,21000100,0.14111,20991200,0.14111,21000200
2024-06-14,0.13611078000000001,21000100,0.13488,20991200,0.13488,21000200
2024-06-15,0.1373764998208333,21000100,0.1367,20991200,0.1367,21000200
2024-06-16,0.13776399852166665,21000100,0.13705,20991200,0.13705,21000200
2024-06-17,0.12947787449733333,21000100,0.12869,20991200,0.12869,21000200
2024-06-18,0.12235165580600002,21000100,0.12216,20991200,0.12216,21000200
2024-06-19,0.12249886602450001,21000100,0.12242,20991200,0.12242,21000200
2024-06-20,0.12397479610499999,21000100,0.12447,20991200,0.12447,21000200
2024-06-21,0.12473974758525001,21000100,0.12411,20991200,0.12411,21000200
2024-06-22,0.12452154448666666,21000100,0.12368,20991200,0.12368,21000200
2024-06-23,0.122041029958,21000100,0.12214,20991200,0.12214,21000200
2024-06-24,0.11951316145275,21000100,0.11894,20991200,0.11894,21000200
2024-06-25,0.12719788423679165,21000100,0.12611,20991200,0.12611,21000200
2024-06-26,0.12386000250000001,21000100,0.12274,20991200,0.12274,21000200
2024-06-27,0.12822951375,21000100,0.12707,20991200,0.12707,21000200
2024-06-28,0.12413246625,21000100,0.12301,20991200,0.12301,21000200
2024-06-29,0.12173716744,21000100,0.1218,20991200,0.1218,21000200
2024-06-30,0.12555267366875,21000100,0.12445,20991200,0.12445,21000200
2024-07-01,0.12457648125000001,21000100,0.12345,20991200,0.12345,21000200
2024-07-02,0.12643327125,21000100,0.12529,20991200,0.12529,21000200
2024-07-03,0.11892917047399999,21000100,0.11842,20991200,0.11842,21000200
2024-07-04,0.105185356889375,21000100,0.10497,20991200,0.10497,21000200
2024-07-05,0.10451886458740815,21000100,0.10537,20991200,0.10537,21000200
2024-07-06,0.11321558344674999,21000100,0.11337,20991200,0.11337,21000200
2024-07-07,0.10457665674779167,21000100,0.10409,20991200,0.10409,21000200
2024-07-08,0.107652712832,21000100,0.10752,20991200,0.10752,21000200
2024-07-09,0.10784704877754166,21000100,0.10751,20991200,0.10751,21000200
2024-07-10,0.1086770727875,21000100,0.10794,20991200,0.10794,21000200
2024-07-11,0.10707288748800001,21000100,0.10656,20991200,0.10656,21000200
2024-07-12,0.10822071454629167,21000100,0.10759,20991200,0.10759,21000200
2024-07-13,0.11312628095104167,21000100,0.11227,20991200,0.11227,21000200
2024-07-14,0.11617337258725001,21000100,0.11526,20991200,0.11526,21000200
2024-07-15,0.12557571488875,21000100,0.12482,20991200,0.12482,21000200
2024-07-16,0.12557870238375002,21000100,0.12474,20991200,0.12474,21000200
2024-07-17,0.12263950736733333,21000100,0.12172,20991200,0.12172,21000200
2024-07-18,0.12040079303116667,21000100,0.11948,20991200,0.11948,21000200
2024-07-19,0.12627792550954164,21000100,0.12541,20991200,0.12541,21000200
2024-07-20,0.13542457500000002,21000100,0.1342,20991200,0.1342,21000200
2024-07-21,0.141395532196875,21000100,0.14025,20991200,0.14025,21000200
2024-07-22,0.13879140675749999,21000100,0.1377,20991200,0.1377,21000200
2024-07-23,0.13142844,21000100,0.13024,20991200,0.13024,21000200
2024-07-24,0.1290267225,21000100,0.12786,20991200,0.12786,21000200
2024-07-25,0.12593821671900002,21000100,0.12516,20991200,0.12516,21000200
2024-07-26,0.13538421,21000100,0.13416,20991200,0.13416,21000200
2024-07-27,0.13257921828483332,21000100,0.13141,20991200,0.13141,21000200
2024-07-28,0.13067054276249998,21000100,0.12996,20991200,0.12996,21000200
2024-07-29,0.12927922224525,21000100,0.12837,20991200,0.12837,21000200
2024-07-30,0.12615966288225,21000100,0.12542,20991200,0.12542,21000200
2024-07-31,0.12211928762395835,21000100,0.12187,20991200,0.12187,21000200
2024-08-01,0.11913068604125,21000100,0.11895,20991200,0.11895,21000200
2024-08-02,0.11158722438995834,21000100,0.11149,20991200,0.11149,21000200
2024-08-03,0.10884431614649999,21000100,0.10807,20991200,0.10807,21000200
2024-08-04,0.104046050216625,21000100,0.10371,20991200,0.10371,21000200
2024-08-05,0.09414749293208333,21000100,0.0943,20991200,0.0943,21000200
2024-08-06,0.09587638759391666,21000100,0.09638,20991200,0.09638,21000200
2024-08-07,0.095802006356875,21000100,0.09555,20991200,0.09555,21000200
2024-08-08,0.10796905830900001,21000100,0.10741,20991200,0.10741,21000200
2024-08-09,0.10437139681624999,21000100,0.10378,20991200,0.10378,21000200
2024-08-10,0.10488022472245832,21000100,0.10511,20991200,0.10511,21000200
2024-08-11,0.100338246145875,21000100,0.10053,20991200,0.10053,21000200
2024-08-12,0.10816673408133334,21000100,0.10784,20991200,0.10784,21000200
2024-08-13,0.10666542662416668,21000100,0.1063,20991200,0.1063,21000200
2024-08-14,0.10215807455937499,21000100,0.10235,20991200,0.10235,21000200
2024-08-15,0.10068494257204166,21000100,0.10013,20991200,0.10013,21000200
2024-08-16,0.09988942402416666,21000100,0.10028,20991200,0.10028,21000200
2024-08-17,0.10313381484075,21000100,0.10271,20991200,0.10271,21000200
2024-08-18,0.10048548471616667,21000100,0.09998,20991200,0.09998,21000200
2024-08-19,0.10133647278408334,21000100,0.10127,20991200,0.10127,21000200
2024-08-20,0.10304703119516667,21000100,0.10286,20991200,0.10286,21000200
2024-08-21,0.10652047521383333,21000100,0.10612,20991200,0.10612,21000200
2024-08-22,0.10561304624108332,21000100,0.10522,20991200,0.10522,21000200
2024-08-23,0.11330945384133333,21000100,0.11288,20991200,0.11288,21000200
2024-08-24,0.11264354765625001,21000100,0.1125,20991200,0.1125,21000200
2024-08-25,0.10962053061308334,21000100,0.10954,20991200,0.10954,21000200
2024-08-26,0.10539422629529166,21000100,0.10513,20991200,0.10513,21000200
2024-08-27,0.09934801865566667,21000100,0.09884,20991200,0.09884,21000200
2024-08-28,0.09941215920766666,21000100,0.09956,20991200,0.09956,21000200
2024-08-29,0.099830642333625,21000100,0.10031,20991200,0.10031,21000200
2024-08-30,0.10229609436979167,21000100,0.10175,20991200,0.10175,21000200
2024-08-31,0.10161703969533332,21000100,0.10124,20991200,0.10124,21000200
2024-09-01,0.09521910530391667,21000100,0.09502,20991200,0.09502,21000200
2024-09-02,0.09826431281220833,21000100,0.09907,20991200,0.09907,21000200
2024-09-03,0.0976227525,21000100,0.09674,20991200,0.09674,21000200
2024-09-04,0.09794008159483333,21000100,0.09797,20991200,0.09797,21000200
2024-09-05,0.09907095633862499,21000100,0.09837,20991200,0.09837,21000200
2024-09-06,0.09255418381383332,21000100,0.09244,20991200,0.09244,21000200
2024-09-07,0.09486954516724999,21000100,0.09534,20991200,0.09534,21000200
2024-09-08,0.09696682125,21000100,0.09609,20991200,0.09609,21000200
2024-09-09,0.10383924402083332,21000100,0.10375,20991200,0.10375,21000200
2024-09-10,0.10322525129400001,21000100,0.10274,20991200,0.10274,21000200
2024-09-11,0.101318091890625,21000100,0.10125,20991200,0.10125,21000200
2024-09-12,0.10281855536195834,21000100,0.10267,20991200,0.10267,21000200
2024-09-13,0.10738226865999999,21000100,0.1069,20991200,0.1069,21000200
2024-09-14,0.10546560039333333,21000100,0.10534,20991200,0.10534,21000200
2024-09-15,0.103547548496875,21000100,0.10275,20991200,0.10275,21000200
2024-09-16,0.09956600901,21000100,0.0996,20991200,0.0996,21000200
2024-09-17,0.10094257753437501,21000100,0.10105,20991200,0.10105,21000200
2024-09-18,0.10438192778620833,21000100,0.10381,20991200,0.10381,21000200
2024-09-19,0.10565039367125,21000100,0.10497,20991200,0.10497,21000200
2024-09-20,0.106318277688,21000100,0.10548,20991200,0.10548,21000200
2024-09-21,0.1107337590975,21000100,0.1099,20991200,0.1099,21000200
2024-09-22,0.10710046285550001,21000100,0.10627,20991200,0.10627,21000200
2024-09-23,0.1087125165,21000100,0.108,20991200,0.108,21000200
2024-09-24,0.11054341157329166,21000100,0.10973,20991200,0.10973,21000200
2024-09-25,0.10921909842141667,21000100,0.10843,20991200,0.10843,21000200
2024-09-26,0.11920793625000001,21000100,0.11813,20991200,0.11813,21000200
2024-09-27,0.12450399494400001,21000100,0.12348,20991200,0.12348,21000200
2024-09-28,0.12896283697104166,21000100,0.12805,20991200,0.12805,21000200
2024-09-29,0.12548469375000001,21000100,0.12435,20991200,0.12435,21000200
2024-09-30,0.115026730501875,21000100,0.11415,20991200,0.11415,21000200
2024-10-01,0.10716994146662501,21000100,0.10679,20991200,0.10679,21000200
2024-10-02,0.10497200800233335,21000100,0.10459,20991200,0.10459,21000200
2024-10-03,0.10552774325708333,21000100,0.10502,20991200,0.10502,21000200
2024-10-04,0.10943766798441668,21000100,0.10918,20991200,0.10918,21000200
2024-10-05,0.10984029145570834,21000100,0.10937,20991200,0.10937,21000200
2024-10-06,0.11254771125000002,21000100,0.11153,20991200,0.11153,21000200
2024-10-07,0.10930804801074999,21000100,0.10837,20991200,0.10837,21000200
2024-10-08,0.107515574706,21000100,0.10704,20991200,0.10704,21000200
2024-10-09,0.108211350723,21000100,0.10788,20991200,0.10788,21000200
2024-10-10,0.10618676676199999,21000100,0.10596,20991200,0.10596,21000200
2024-10-11,0.11099058868541667,21000100,0.11075,20991200,0.11075,21000200
2024-10-12,0.112335795,21000100,0.11132,20991200,0.11132,21000200
2024-10-13,0.112056814784,21000100,0.11136,20991200,0.11136,21000200
2024-10-14,0.11770434,21000100,0.11664,20991200,0.11664,21000200
2024-10-15,0.11854191375,21000100,0.11747,20991200,0.11747,21000200
2024-10-16,0.12685710375,21000100,0.12571,20991200,0.12571,21000200
2024-10-17,0.1307826,21000100,0.1296,20991200,0.1296,21000200
2024-10-18,0.13842167625,21000100,0.13717,20991200,0.13717,21000200
2024-10-19,0.14533418250000002,21000100,0.14402,20991200,0.14402,21000200
2024-10-20,0.14339666250000002,21000100,0.1421,20991200,0.1421,21000200
2024-10-21,0.14494062375000002,21000100,0.14363,20991200,0.14363,21000200
2024-10-22,0.14091421499999998,21000100,0.13964,20991200,0.13964,21000200
2024-10-23,0.14112792523725,21000100,0.13998,20991200,0.13998,21000200
2024-10-24,0.143174655,21000100,0.14188,20991200,0.14188,21000200
2024-10-25,0.13242306254925,21000100,0.13154,20991200,0.13154,21000200
2024-10-26,0.13846018623845835,21000100,0.13739,20991200,0.13739,21000200
2024-10-27,0.14556628124999998,21000100,0.14425,20991200,0.14425,21000200
2024-10-28,0.162872775,21000100,0.1614,20991200,0.1614,21000200
2024-10-29,0.17747481375000002,21000100,0.17587,20991200,0.17587,21000200
2024-10-30,0.16982564625,21000100,0.16829,20991200,0.16829,21000200
2024-10-31,0.16309478250000004,21000100,0.16162,20991200,0.16162,21000200
2024-11-01,0.16058206125,21000100,0.15913,20991200,0.15913,21000200
2024-11-02,0.16089066031266666,21000100,0.15952,20991200,0.15952,21000200
2024-11-03,0.15267052125000002,21000100,0.15129,20991200,0.15129,21000200
2024-11-04,0.159193156256125,21000100,0.15817,20991200,0.15817,21000200
2024-11-05,0.1710130783746667,21000100,0.16991,20991200,0.16991,21000200
2024-11-06,0.19825269750000002,21000100,0.19646,20991200,0.19646,21000200
2024-11-07,0.19521284510641668,21000100,0.19334,20991200,0.19334,21000200
2024-11-08,0.20387352375,21000100,0.20203,20991200,0.20203,21000200
2024-11-09,0.22099837500000002,21000100,0.219,20991200,0.219,21000200
2024-11-10,0.2830077412702675,21000100,0.27794,20991200,0.27794,21000200
2024-11-11,0.35734297257799996,21000100,0.35184,20991200,0.35184,21000200
2024-11-12,0.38816152453686004,21000100,0.3802,20991200,0.3802,21000200
2024-11-13,0.405192765631,21000100,0.39903,20991200,0.39903,21000200
2024-11-14,0.36591881625,21000100,0.36261,20991200,0.36261,21000200
2024-11-15,0.38551602375,21000100,0.38203,20991200,0.38203,21000200
2024-11-16,0.371617669714375,21000100,0.36435,20991200,0.36435,21000200
2024-11-17,0.37501302110829166,21000100,0.36737,20991200,0.36737,21000200
2024-11-18,0.3803794071476576,21000100,0.37144,20991200,0.37144,21000200
2024-11-19,0.3998654934416666,21000100,0.3908,20991200,0.3908,21000200
2024-11-20,0.381878336857875,21000100,0.37791,20991200,0.37791,21000200
2024-11-21,0.390531375,21000100,0.387,20991200,0.387,21000200
2024-11-22,0.42408478772232694,21000100,0.41301,20991200,0.41301,21000200
2024-11-23,0.44379630849967117,21000100,0.43049,20991200,0.43049,21000200
2024-11-24,0.4386137643520834,21000100,0.43046,20991200,0.43046,21000200
2024-11-25,0.39966352931633337,21000100,0.39284,20991200,0.39284,21000200
2024-11-26,0.39202201555974997,21000100,0.38733,20991200,0.38733,21000200
2024-11-27,0.40617503754625,21000100,0.4013,20991200,0.4013,21000200
2024-11-28,0.40642200305066667,21000100,0.40192,20991200,0.40192,21000200
2024-11-29,0.4367002636386667,21000100,0.42664,20991200,0.42664,21000200
2024-11-30,0.43179837898904166,21000100,0.42179,20991200,0.42179,21000200
2024-12-01,0.4489299088791666,21000100,0.44092,20991200,0.44092,21000200
2024-12-02,0.43609852825554163,21000100,0.42497,20991200,0.42497,21000200
2024-12-03,0.4190567271245833,21000100,0.4067,20991200,0.4067,21000200
2024-12-04,0.44873058622995865,21000100,0.43318,20991200,0.43318,21000200
2024-12-05,0.44367493848716094,21000100,0.42718,20991200,0.42718,21000200
2024-12-06,0.4473280264177083,21000100,0.43505,20991200,0.43505,21000200
2024-12-07,0.47023612500783335,21000100,0.45332,20991200,0.45332,21000200
2024-12-08,0.4840545411464583,21000100,0.46673,20991200,0.46673,21000200
2024-12-09,0.4206439411505834,21000100,0.41393,20991200,0.41393,21000200
2024-12-10,0.39731269500000005,21000100,0.39372,20991200,0.39372,21000200
2024-12-11,0.41704246799050004,21000100,0.41404,20991200,0.41404,21000200
2024-12-12,0.40970475000000006,21000100,0.406,20991200,0.406,21000200
2024-12-13,0.41274221625,21000100,0.40901,20991200,0.40901,21000200
2024-12-14,0.40168220625000006,21000100,0.39805,20991200,0.39805,21000200
2024-12-15,0.4090277515945834,21000100,0.40642,20991200,0.40642,21000200
2024-12-16,0.40551688125,21000100,0.40185,20991200,0.40185,21000200
2024-12-17,0.39752461125000005,21000100,0.39393,20991200,0.39393,21000200
2024-12-18,0.36015746378400004,21000100,0.35808,20991200,0.35808,21000200
2024-12-19,0.31429473537,21000100,0.31416,20991200,0.31416,21000200
2024-12-20,0.316194028165125,21000100,0.31779,20991200,0.31779,21000200
2024-12-21,0.32054364002245833,21000100,0.32027,20991200,0.32027,21000200
2024-12-22,0.31330595029825004,21000100,0.31246,20991200,0.31246,21000200
2024-12-23,0.324552833035875,21000100,0.32481,20991200,0.32481,21000200
2024-12-24,0.338249759328,21000100,0.33696,20991200,0.33696,21000200
2024-12-25,0.3326366862025,21000100,0.3342,20991200,0.3342,21000200
2024-12-26,0.31308654667333335,21000100,0.31252,20991200,0.31252,21000200
2024-12-27,0.311367321393,21000100,0.31176,20991200,0.31176,21000200
2024-12-28,0.32573031511808337,21000100,0.32429,20991200,0.32429,21000200
2024-12-29,0.31701264106800003,21000100,0.31419,20991200,0.31419,21000200
2024-12-30,0.31531900307266664,21000100,0.31382,20991200,0.31382,21000200
2024-12-31,0.3182798575000833,21000100,0.31582,20991200,0.31582,21000200
2025-01-01,0.32653831928166666,21000100,0.32504,20991200,0.32504,21000200
2025-01-02,0.34188145875,21000100,0.33879,20991200,0.33879,21000200
2025-01-03,0.38180142928725,21000100,0.37981,20991200,0.37981,21000200
2025-01-04,0.39827136375000005,21000100,0.39467,20991200,0.39467,21000200
2025-01-05,0.3852524757303333,21000100,0.38219,20991200,0.38219,21000200
2025-01-06,0.38987267632833333,21000100,0.38767,20991200,0.38767,21000200
2025-01-07,0.35075871141333337,21000100,0.3478,20991200,0.3478,21000200
2025-01-08,0.34159856818625,21000100,0.34206,20991200,0.34206,21000200
2025-01-09,0.321492247769875,21000100,0.32071,20991200,0.32071,21000200
2025-01-10,0.32992869568283334,21000100,0.33364,20991200,0.33364,21000200
2025-01-11,0.3388777680291667,21000100,0.341,20991200,0.341,21000200
2025-01-12,0.334182199368625,21000100,0.33573,20991200,0.33573,21000200
2025-01-13,0.338246402076625,21000100,0.33791,20991200,0.33791,21000200
2025-01-14,0.3577989860245,21000100,0.35579,20991200,0.35579,21000200
2025-01-15,0.38577240836175003,21000100,0.38509,20991200,0.38509,21000200
2025-01-16,0.379238717536,21000100,0.37632,20991200,0.37632,21000200
2025-01-17,0.418856832405,21000100,0.41512,20991200,0.41512,21000200
2025-01-18,0.39986578125,21000100,0.39625,20991200,0.39625,21000200
2025-01-19,0.3614887575,21000100,0.35822,20991200,0.35822,21000200
2025-01-20,0.35683588127666666,21000100,0.3544,20991200,0.3544,21000200
2025-01-21,0.3737622142636667,21000100,0.37166,20991200,0.37166,21000200
2025-01-22,0.36469397664799996,21000100,0.36272,20991200,0.36272,21000200
2025-01-23,0.35418458968825,21000100,0.35193,20991200,0.35193,21000200
2025-01-24,0.3516429677479167,21000100,0.35065,20991200,0.35065,21000200
2025-01-25,0.35326122375708335,21000100,0.35335,20991200,0.35335,21000200
2025-01-26,0.335705839833,21000100,0.33579,20991200,0.33579,21000200
2025-01-27,0.331225358380625,21000100,0.33377,20991200,0.33377,21000200
2025-01-28,0.3185024843168333,21000100,0.31853,20991200,0.31853,21000200
2025-01-29,0.326259495079,21000100,0.32388,20991200,0.32388,21000200
2025-01-30,0.3328911484621666,21000100,0.33137,20991200,0.33137,21000200
2025-01-31,0.3300595079763333,21000100,0.32872,20991200,0.32872,21000200
2025-02-01,0.30923981231812503,21000100,0.30771,20991200,0.30771,21000200
2025-02-02,0.268564115512875,21000100,0.26793,20991200,0.26793,21000200
2025-02-03,0.283497871300875,21000100,0.28469,20991200,0.28469,21000200
2025-02-04,0.262737435696375,21000100,0.26331,20991200,0.26331,21000200
2025-02-05,0.25682540803416665,21000100,0.25604,20991200,0.25604,21000200
2025-02-06,0.248580187683625,21000100,0.24773,20991200,0.24773,21000200
2025-02-07,0.245874288161875,21000100,0.24637,20991200,0.24637,21000200
2025-02-08,0.2538875143689167,21000100,0.25274,20991200,0.25274,21000200
2025-02-09,0.24900924398912502,21000100,0.24873,20991200,0.24873,21000200
2025-02-10,0.25678947064,21000100,0.25528,20991200,0.25528,21000200
2025-02-11,0.2543168149838333,21000100,0.25292,20991200,0.25292,21000200
2025-02-12,0.2636096028880417,21000100,0.26411,20991200,0.26411,21000200
2025-02-13,0.26333191224416663,21000100,0.2623,20991200,0.2623,21000200
2025-02-14,0.27316226150533335,21000100,0.27164,20991200,0.27164,21000200
2025-02-15,0.2715939727465833,21000100,0.27161,20991200,0.27161,21000200
2025-02-16,0.26448110750000003,21000100,0.26545,20991200,0.26545,21000200
2025-02-17,0.2581624686315834,21000100,0.25807,20991200,0.25807,21000200
2025-02-18,0.25097797994062504,21000100,0.25119,20991200,0.25119,21000200
2025-02-19,0.2548035447035,21000100,0.25467,20991200,0.25467,21000200
2025-02-20,0.25507240757525,21000100,0.25458,20991200,0.25458,21000200
2025-02-21,0.239221467617625,21000100,0.23941,20991200,0.23941,21000200
2025-02-22,0.24669774208783332,21000100,0.24643,20991200,0.24643,21000200
2025-02-23,0.243334211504125,21000100,0.24269,20991200,0.24269,21000200
2025-02-24,0.20998293936045834,21000100,0.21037,20991200,0.21037,21000200
2025-02-25,0.21177488687249998,21000100,0.21147,20991200,0.21147,21000200
2025-02-26,0.2032093862982917,21000100,0.20347,20991200,0.20347,21000200
2025-02-27,0.20856522823733334,21000100,0.20678,20991200,0.20678,21000200
2025-02-28,0.201286111156,21000100,0.20176,20991200,0.20176,21000200
2025-03-01,0.20808931318254167,21000100,0.20663,20991200,0.20663,21000200
2025-03-02,0.23991077960958335,21000100,0.23918,20991200,0.23918,21000200
2025-03-03,0.19811805117433334,21000100,0.19903,20991200,0.19903,21000200
2025-03-04,0.19792659573458332,21000100,0.19898,20991200,0.19898,21000200
2025-03-05,0.20478242973962502,21000100,0.20463,20991200,0.20463,21000200
2025-03-06,0.20176590100249997,21000100,0.2014,20991200,0.2014,21000200
2025-03-07,0.19824108598804166,21000100,0.19829,20991200,0.19829,21000200
2025-03-08,0.19266476362499999,21000100,0.1922,20991200,0.1922,21000200
2025-03-09,0.168146203401625,21000100,0.16799,20991200,0.16799,21000200
2025-03-10,0.15355771434104168,21000100,0.15401,20991200,0.15401,21000200
2025-03-11,0.16469929106458334,21000100,0.1645,20991200,0.1645,21000200
2025-03-12,0.17275245331025,21000100,0.17231,20991200,0.17231,21000200
2025-03-13,0.165618357526125,21000100,0.16513,20991200,0.16513,21000200
2025-03-14,0.17297581369541665,21000100,0.17185,20991200,0.17185,21000200
2025-03-15,0.17646102206699998,21000100,0.17586,20991200,0.17586,21000200
2025-03-16,0.16820016448625,21000100,0.1681,20991200,0.1681,21000200
2025-03-17,0.17353082164687497,21000100,0.17325,20991200,0.17325,21000200
2025-03-18,0.16731496370700003,21000100,0.16794,20991200,0.16794,21000200
2025-03-19,0.17839760705500002,21000100,0.1779,20991200,0.1779,21000200
2025-03-20,0.17016603682575,21000100,0.16938,20991200,0.16938,21000200
2025-03-21,0.1666799862140833,21000100,0.16718,20991200,0.16718,21000200
2025-03-22,0.167328620987625,21000100,0.16729,20991200,0.16729,21000200
2025-03-23,0.17340596087645835,21000100,0.17255,20991200,0.17255,21000200
2025-03-24,0.18448540311083336,21000100,0.1829,20991200,0.1829,21000200
2025-03-25,0.191394420952,21000100,0.19056,20991200,0.19056,21000200
2025-03-26,0.19595598605916667,21000100,0.19481,20991200,0.19481,21000200
2025-03-27,0.19025228932641666,21000100,0.19039,20991200,0.19039,21000200
2025-03-28,0.18037693646429168,21000100,0.18013,20991200,0.18013,21000200
2025-03-29,0.16979776837808333,21000100,0.16946,20991200,0.16946,21000200
2025-03-30,0.16586665794291666,21000100,0.16645,20991200,0.16645,21000200
2025-03-31,0.16648352796933333,21000100,0.16658,20991200,0.16658,21000200
2025-04-01,0.174092761294375,21000100,0.17391,20991200,0.17391,21000200
2025-04-02,0.16444195327366665,21000100,0.16376,20991200,0.16376,21000200
2025-04-03,0.16228177607966665,21000100,0.16222,20991200,0.16222,21000200
2025-04-04,0.17144156819333334,21000100,0.1712,20991200,0.1712,21000200
2025-04-05,0.17031694148625,21000100,0.16887,20991200,0.16887,21000200
2025-04-06,0.14943871214083335,21000100,0.14915,20991200,0.14915,21000200
2025-04-07,0.14943473728895834,21000100,0.14951,20991200,0.14951,21000200
2025-04-08,0.1424454579375,21000100,0.1422,20991200,0.1422,21000200
2025-04-09,0.16053570336583334,21000100,0.16028,20991200,0.16028,21000200
2025-04-10,0.1540597625545,21000100,0.15349,20991200,0.15349,21000200
2025-04-11,0.16089329061899998,21000100,0.15996,20991200,0.15996,21000200
2025-04-12,0.16850610048024997,21000100,0.16757,20991200,0.16757,21000200
2025-04-13,0.16348073359416665,21000100,0.16252,20991200,0.16252,21000200
2025-04-14,0.158969785321875,21000100,0.15845,20991200,0.15845,21000200
2025-04-15,0.15236905613458332,21000100,0.15349,20991200,0.15349,21000200
2025-04-16,0.15441272043733334,21000100,0.15464,20991200,0.15464,21000200
2025-04-17,0.15613771938525,21000100,0.15579,20991200,0.15579,21000200
2025-04-18,0.15775338147825,21000100,0.15753,20991200,0.15753,21000200
2025-04-19,0.15858024553325,21000100,0.15726,20991200,0.15726,21000200
2025-04-20,0.155675630894,21000100,0.15519,20991200,0.15519,21000200
2025-04-21,0.160322213921125,21000100,0.15931,20991200,0.15931,21000200
2025-04-22,0.18009793643712502,21000100,0.17857,20991200,0.17857,21000200
2025-04-23,0.1802095425,21000100,0.17858,20991200,0.17858,21000200
2025-04-24,0.18393408901825,21000100,0.18246,20991200,0.18246,21000200
2025-04-25,0.18301322735666664,21000100,0.18154,20991200,0.18154,21000200
2025-04-26,0.18253336092141667,21000100,0.18182,20991200,0.18182,21000200
2025-04-27,0.1795852132526667,21000100,0.17924,20991200,0.17924,21000200
2025-04-28,0.1792971659835,21000100,0.17898,20991200,0.17898,21000200
2025-04-29,0.17532294869387496,21000100,0.17453,20991200,0.17453,21000200
2025-04-30,0.17091802925887498,21000100,0.17217,20991200,0.17217,21000200
2025-05-01,0.18164331259425,21000100,0.18057,20991200,0.18057,21000200
2025-05-02,0.18272588005791665,21000100,0.18142,20991200,0.18142,21000200
2025-05-03,0.17612107512187503,21000100,0.17555,20991200,0.17555,21000200
2025-05-04,0.17031676102,21000100,0.1704,20991200,0.1704,21000200
2025-05-05,0.16947051886875,21000100,0.1705,20991200,0.1705,21000200
2025-05-06,0.1722316616905,21000100,0.17211,20991200,0.17211,21000200
2025-05-07,0.172894065238125,21000100,0.17193,20991200,0.17193,21000200
2025-05-08,0.1995203692255833,21000100,0.19807,20991200,0.19807,21000200
2025-05-09,0.20708254125,21000100,0.20521,20991200,0.20521,21000200
2025-05-10,0.25285645125,21000100,0.25057,20991200,0.25057,21000200
2025-05-11,0.2335373654775,21000100,0.23172,20991200,0.23172,21000200
2025-05-12,0.2324772721275,21000100,0.2309,20991200,0.2309,21000200
2025-05-13,0.24206060766983334,21000100,0.24068,20991200,0.24068,21000200
2025-05-14,0.23449594859545833,21000100,0.23267,20991200,0.23267,21000200
2025-05-15,0.2202479691155,21000100,0.21926,20991200,0.21926,21000200
2025-05-16,0.22145696722500002,21000100,0.221,20991200,0.221,21000200
2025-05-17,0.21445653151662497,21000100,0.21449,20991200,0.21449,21000200
2025-05-18,0.23377218203733333,21000100,0.23296,20991200,0.23296,21000200
2025-05-19,0.22407149254275,21000100,0.22437,20991200,0.22437,21000200
2025-05-20,0.22698781564200005,21000100,0.22617,20991200,0.22617,21000200
2025-05-21,0.23576890188933333,21000100,0.23398,20991200,0.23398,21000200
2025-05-22,0.24770991375,21000100,0.24547,20991200,0.24547,21000200
2025-05-23,0.22657368883479165,21000100,0.22505,20991200,0.22505,21000200
2025-05-24,0.22462057331791666,21000100,0.22501,20991200,0.22501,21000200
2025-05-25,0.22443589085408333,21000100,0.22478,20991200,0.22478,21000200
2025-05-26,0.226815522865625,21000100,0.22585,20991200,0.22585,21000200
2025-05-27,0.22771495872154168,21000100,0.22589,20991200,0.22589,21000200
2025-05-28,0.22113818513325,21000100,0.22086,20991200,0.22086,21000200
2025-05-29,0.21628190205099998,21000100,0.21477,20991200,0.21477,21000200
2025-05-30,0.1936613762136667,21000100,0.19348,20991200,0.19348,21000200
2025-05-31,0.19312809817124998,21000100,0.19241,20991200,0.19241,21000200
2025-06-01,0.193635781078875,21000100,0.19353,20991200,0.19353,21000200
2025-06-02,0.19616784821941666,21000100,0.19498,20991200,0.19498,21000200
2025-06-03,0.1938484016275,21000100,0.19302,20991200,0.19302,21000200
2025-06-04,0.18902558308333334,21000100,0.188,20991200,0.188,21000200
2025-06-05,0.17191449776312498,21000100,0.17095,20991200,0.17095,21000200
2025-06-06,0.17852015143229166,21000100,0.17869,20991200,0.17869,21000200
2025-06-07,0.18597400629133332,21000100,0.18502,20991200,0.18502,21000200
2025-06-08,0.18438335278429166,21000100,0.18409,20991200,0.18409,21000200
2025-06-09,0.19573381376274998,21000100,0.19482,20991200,0.19482,21000200
2025-06-10,0.19983668202224997,21000100,0.19838,20991200,0.19838,21000200
2025-06-11,0.1944893340045,21000100,0.19284,20991200,0.19284,21000200
2025-06-12,0.1812463436729583,21000100,0.18103,20991200,0.18103,21000200
2025-06-13,0.18037007561533333,21000100,0.18032,20991200,0.18032,21000200
2025-06-14,0.17924395011237498,21000100,0.17817,20991200,0.17817,21000200
2025-06-15,0.17614849183895834,21000100,0.17543,20991200,0.17543,21000200
2025-06-16,0.17333127533808335,21000100,0.17261,20991200,0.17261,21000200
2025-06-17,0.16980675211500001,21000100,0.16926,20991200,0.16926,21000200
2025-06-18,0.17182880588929167,21000100,0.17057,20991200,0.17057,21000200
2025-06-19,0.17168146999999997,21000100,0.17085,20991200,0.17085,21000200
2025-06-20,0.162767174320125,21000100,0.16227,20991200,0.16227,21000200
2025-06-21,0.15450360111333336,21000100,0.1544,20991200,0.1544,21000200
2025-06-22,0.15175820176816668,21000100,0.15118,20991200,0.15118,21000200
2025-06-23,0.1639496141415,21000100,0.16371,20991200,0.16371,21000200
2025-06-24,0.16615465383250003,21000100,0.16564,20991200,0.16564,21000200
2025-06-25,0.16523290560754167,21000100,0.16451,20991200,0.16451,21000200
2025-06-26,0.159985893535875,21000100,0.15993,20991200,0.15993,21000200
2025-06-27,0.16148243323941666,21000100,0.16097,20991200,0.16097,21000200
2025-06-28,0.16460037513791664,21000100,0.16357,20991200,0.16357,21000200
2025-06-29,0.1695808239855,21000100,0.16938,20991200,0.16938,21000200
2025-06-30,0.16598312176675,21000100,0.16509,20991200,0.16509,21000200
2025-07-01,0.15841862175695834,21000100,0.15769,20991200,0.15769,21000200
2025-07-02,0.168831549708,21000100,0.16866,20991200,0.16866,21000200
2025-07-03,0.1735089525,21000100,0.17194,20991200,0.17194,21000200
2025-07-04,0.1634763809730833,21000100,0.16279,20991200,0.16279,21000200
2025-07-05,0.163905147371,21000100,0.16413,20991200,0.16413,21000200
2025-07-06,0.1723676171145,21000100,0.17188,20991200,0.17188,21000200
2025-07-07,0.1688934816075,21000100,0.16782,20991200,0.16782,21000200
2025-07-08,0.17151839794625,21000100,0.17085,20991200,0.17085,21000200
2025-07-09,0.18199694059524998,21000100,0.18051,20991200,0.18051,21000200
2025-07-10,0.196779375,21000100,0.195,20991200,0.195,21000200
2025-07-11,0.20286439875,21000100,0.20103,20991200,0.20103,21000200
2025-07-12,0.199120545,21000100,0.19732,20991200,0.19732,21000200
2025-07-13,0.20000631221095835,21000100,0.19843,20991200,0.19843,21000200
2025-07-14,0.19912729301333335,21000100,0.19736,20991200,0.19736,21000200
2025-07-15,0.20074877483483333,21000100,0.19916,20991200,0.19916,21000200
2025-07-16,0.21464088750000002,21000100,0.2127,20991200,0.2127,21000200
2025-07-17,0.22025162250000002,21000100,0.21826,20991200,0.21826,21000200
2025-07-18,0.23791131000000001,21000100,0.23576,20991200,0.23576,21000200
2025-07-19,0.24356241,21000100,0.24136,20991200,0.24136,21000200
2025-07-20,0.27628833375,21000100,0.27379,20991200,0.27379,21000200
2025-07-21,0.273876525,21000100,0.2714,20991200,0.2714,21000200
2025-07-22,0.27354351374999997,21000100,0.27107,20991200,0.27107,21000200
2025-07-23,0.24291657,21000100,0.24072,20991200,0.24072,21000200
2025-07-24,0.23419773000000002,21000100,0.23208,20991200,0.23208,21000200
2025-07-25,0.2387791575,21000100,0.23662,20991200,0.23662,21000200
2025-07-26,0.23751775125000002,21000100,0.23537,20991200,0.23537,21000200
2025-07-27,0.24268944548012497,21000100,0.24059,20991200,0.24059,21000200
2025-07-28,0.22812279750000003,21000100,0.22606,20991200,0.22606,21000200
2025-07-29,0.22458490389079167,21000100,0.22381,20991200,0.22381,21000200
2025-07-30,0.22110210128549998,21000100,0.21988,20991200,0.21988,21000200
2025-07-31,0.21115697414716667,21000100,0.20966,20991200,0.20966,21000200
2025-08-01,0.202176915525,21000100,0.20085,20991200,0.20085,21000200
2025-08-02,0.19198056845875,21000100,0.19093,20991200,0.19093,21000200
2025-08-03,0.19962862477249999,21000100,0.19866,20991200,0.19866,21000200
2025-08-04,0.211324808843,21000100,0.21031,20991200,0.21031,21000200
2025-08-05,0.2004105127815,21000100,0.19971,20991200,0.19971,21000200
2025-08-06,0.20567069690308334,21000100,0.20519,20991200,0.20519,21000200
2025-08-07,0.22418721,21000100,0.22216,20991200,0.22216,21000200
2025-08-08,0.23201955047333334,21000100,0.23032,20991200,0.23032,21000200
2025-08-09,0.24118581281345833,21000100,0.23989,20991200,0.23989,21000200
2025-08-10,0.23588843250637498,21000100,0.23377,20991200,0.23377,21000200
2025-08-11,0.22383217892200002,21000100,0.22198,20991200,0.22198,21000200
2025-08-12,0.237480511111875,21000100,0.23571,20991200,0.23571,21000200
2025-08-13,0.2470136175,21000100,0.24478,20991200,0.24478,21000200
2025-08-14,0.22572108,21000100,0.22368,20991200,0.22368,21000200
2025-08-15,0.228785067375,21000100,0.22875,20991200,0.22875,21000200
2025-08-16,0.23252580180975,21000100,0.23103,20991200,0.23103,21000200
2025-08-17,0.235615295092875,21000100,0.23447,20991200,0.23447,21000200
2025-08-18,0.22251571821004168,21000100,0.22253,20991200,0.22253,21000200
2025-08-19,0.2101693775394583,21000100,0.20933,20991200,0.20933,21000200
2025-08-20,0.22266086106333335,21000100,0.2216,20991200,0.2216,21000200
2025-08-21,0.21616268952937498,21000100,0.21465,20991200,0.21465,21000200
2025-08-22,0.2423628178020833,21000100,0.2405,20991200,0.2405,21000200
2025-08-23,0.23840578125,21000100,0.23625,20991200,0.23625,21000200
2025-08-24,0.23367277277812504,21000100,0.23175,20991200,0.23175,21000200
2025-08-25,0.21032760650145832,21000100,0.20953,20991200,0.20953,21000200
2025-08-26,0.2174200664092205,21000100,0.21833,20991200,0.21833,21000200
2025-08-27,0.22063958824304164,21000100,0.21883,20991200,0.21883,21000200
2025-08-28,0.2263467375,21000100,0.2243,20991200,0.2243,21000200
2025-08-29,0.21553931466833331,21000100,0.2138,20991200,0.2138,21000200
2025-08-30,0.21726708403,21000100,0.21585,20991200,0.21585,21000200
2025-08-31,0.21553900875,21000100,0.21359,20991200,0.21359,21000200
2025-09-01,0.21228234232537502,21000100,0.21063,20991200,0.21063,21000200
2025-09-02,0.21617647980341664,21000100,0.21481,20991200,0.21481,21000200
2025-09-03,0.2222295075,21000100,0.22022,20991200,0.22022,21000200
2025-09-04,0.21349178851,21000100,0.2123,20991200,0.2123,21000200
2025-09-05,0.21913033127875,21000100,0.21778,20991200,0.21778,21000200
2025-09-06,0.21692291275966666,21000100,0.21583,20991200,0.21583,21000200
2025-09-07,0.230067241484,21000100,0.22868,20991200,0.22868,21000200
2025-09-08,0.24360929569141668,21000100,0.24157,20991200,0.24157,21000200
2025-09-09,0.24270465375000003,21000100,0.24051,20991200,0.24051,21000200
2025-09-10,0.24672836086875002,21000100,0.24525,20991200,0.24525,21000200
2025-09-11,0.25731904685775003,21000100,0.25591,20991200,0.25591,21000200
2025-09-12,0.27763170172499996,21000100,0.27545,20991200,0.27545,21000200
2025-09-13,0.29197013625,21000100,0.28933,20991200,0.28933,21000200
2025-09-14,0.28038538125,21000100,0.27785,20991200,0.27785,21000200
2025-09-15,0.27027238840891665,21000100,0.26818,20991200,0.26818,21000200
2025-09-16,0.27087801938766665,21000100,0.26984,20991200,0.26984,21000200
2025-09-17,0.2829793432668333,21000100,0.28241,20991200,0.28241,21000200
2025-09-18,0.2797747487553333,21000100,0.27838,20991200,0.27838,21000200
2025-09-19,0.26743987773779165,21000100,0.26513,20991200,0.26513,21000200
2025-09-20,0.2679457667203333,21000100,0.26747,20991200,0.26747,21000200
2025-09-21,0.2616675522433333,21000100,0.2606,20991200,0.2606,21000200
2025-09-22,0.24103426802833333,21000100,0.24109,20991200,0.24109,21000200
2025-09-23,0.23778471693566666,21000100,0.23698,20991200,0.23698,21000200
2025-09-24,0.24221858103479166,21000100,0.24097,20991200,0.24097,21000200
2025-09-25,0.223196025752,21000100,0.22281,20991200,0.22281,21000200
2025-09-26,0.233701975848,21000100,0.23232,20991200,0.23232,21000200
2025-09-27,0.2325287350155,21000100,0.23067,20991200,0.23067,21000200
2025-09-28,0.23807033980041667,21000100,0.23722,20991200,0.23722,21000200
2025-09-29,0.23585614331800003,21000100,0.23469,20991200,0.23469,21000200
2025-09-30,0.23251740287591666,21000100,0.23282,20991200,0.23282,21000200
2025-10-01,0.2507141020275,21000100,0.24894,20991200,0.24894,21000200
2025-10-02,0.2635176254058333,21000100,0.26191,20991200,0.26191,21000200
2025-10-03,0.25990462484904164,21000100,0.25811,20991200,0.25811,21000200
2025-10-04,0.25158089294666663,21000100,0.2507,20991200,0.2507,21000200
2025-10-05,0.2543095954371667,21000100,0.25268,20991200,0.25268,21000200
2025-10-06,0.26708345121212507,21000100,0.26601,20991200,0.26601,21000200
2025-10-07,0.24857161609433337,21000100,0.24671,20991200,0.24671,21000200
2025-10-08,0.256371068191875,21000100,0.25557,20991200,0.25557,21000200
2025-10-09,0.24945124914937503,21000100,0.24843,20991200,0.24843,21000200
2025-10-10,0.194864950244,21000100,0.19312,20991200,0.19312,21000200
2025-10-11,0.18554584489450002,21000100,0.18516,20991200,0.18516,21000200
2025-10-12,0.2062692384723211,21000100,0.20704,20991200,0.20704,21000200
2025-10-13,0.21315334649583334,21000100,0.2137,20991200,0.2137,21000200
2025-10-14,0.20497336613483333,21000100,0.20426,20991200,0.20426,21000200
2025-10-15,0.196244153131125,21000100,0.19611,20991200,0.19611,21000200
2025-10-16,0.18795146140225,21000100,0.18838,20991200,0.18838,21000200
2025-10-17,0.18445467381341665,21000100,0.18463,20991200,0.18463,21000200
2025-10-18,0.18854898215600002,21000100,0.18951,20991200,0.18951,21000200
2025-10-19,0.1952725316240833,21000100,0.19526,20991200,0.19526,21000200
2025-10-20,0.20119014784079167,21000100,0.19991,20991200,0.19991,21000200
2025-10-21,0.19550903750116666,21000100,0.19418,20991200,0.19418,21000200
2025-10-22,0.18941728500625,21000100,0.18982,20991200,0.18982,21000200
2025-10-23,0.19599837088633337,21000100,0.19484,20991200,0.19484,21000200
2025-10-24,0.19920265970675,21000100,0.19766,20991200,0.19766,21000200
2025-10-25,0.19806490734999999,21000100,0.1964,20991200,0.1964,21000200
2025-10-26,0.20653871175208335,21000100,0.2057,20991200,0.2057,21000200
2025-10-27,0.20176554085208334,21000100,0.2003,20991200,0.2003,21000200
2025-10-28,0.19409859291666665,21000100,0.19351,20991200,0.19351,21000200
2025-10-29,0.19098853054966666,21000100,0.19228,20991200,0.19228,21000200
2025-10-30,0.182229160204,21000100,0.18256,20991200,0.18256,21000200
2025-10-31,0.18594291376625,21000100,0.18635,20991200,0.18635,21000200
2025-11-01,0.18849622185800002,21000100,0.18726,20991200,0.18726,21000200
2025-11-02,0.18700695957504165,21000100,0.18629,20991200,0.18629,21000200
2025-11-03,0.1664966965025,21000100,0.1673,20991200,0.1673,21000200
2025-11-04,0.16287828220495834,21000100,0.16217,20991200,0.16217,21000200
2025-11-05,0.16803526085179166,21000100,0.16709,20991200,0.16709,21000200
2025-11-06,0.161507692074375,21000100,0.16155,20991200,0.16155,21000200
2025-11-07,0.17996324072354167,21000100,0.17873,20991200,0.17873,21000200
2025-11-08,0.17750903508641663,21000100,0.17597,20991200,0.17597,21000200
2025-11-09,0.17950853598575,21000100,0.17922,20991200,0.17922,21000200
2025-11-10,0.18235309112375,21000100,0.1817,20991200,0.1817,21000200
2025-11-11,0.1721685594281667,21000100,0.17197,20991200,0.17197,21000200
2025-11-12,0.17046204574333335,21000100,0.17008,20991200,0.17008,21000200
2025-11-13,0.16437878931049998,21000100,0.16374,20991200,0.16374,21000200
2025-11-14,0.1574893113625,21000100,0.15756,20991200,0.15756,21000200
2025-11-15,0.16390384492258336,21000100,0.16309,20991200,0.16309,21000200
2025-11-16,0.159254030089,21000100,0.15851,20991200,0.15851,21000200
2025-11-17,0.15283812139854167,21000100,0.15205,20991200,0.15205,21000200
2025-11-18,0.16215402352900002,21000100,0.16168,20991200,0.16168,21000200
2025-11-19,0.15565698793387497,21000100,0.15453,20991200,0.15453,21000200
2025-11-20,0.149574490785,21000100,0.14886,20991200,0.14886,21000200
2025-11-21,0.13963884769350002,21000100,0.14022,20991200,0.14022,21000200
2025-11-22,0.14035783546800001,21000100,0.14019,20991200,0.14019,21000200
2025-11-23,0.14485654535975,21000100,0.14494,20991200,0.14494,21000200
2025-11-24,0.15200903020558332,21000100,0.15173,20991200,0.15173,21000200
2025-11-25,0.153332552804375,21000100,0.15295,20991200,0.15295,21000200
2025-11-26,0.1550837648060417,21000100,0.15467,20991200,0.15467,21000200
2025-11-27,0.15285266792566665,21000100,0.15256,20991200,0.15256,21000200
2025-11-28,0.14988805423404167,21000100,0.15011,20991200,0.15011,21000200
2025-11-29,0.14839202722725,21000100,0.14829,20991200,0.14829,21000200
2025-11-30,0.14649186827458335,21000100,0.1459,20991200,0.1459,21000200
2025-12-01,0.134526843408,21000100,0.13536,20991200,0.13536,21000200
2025-12-02,0.1449833927625,21000100,0.1457,20991200,0.1457,21000200
2025-12-03,0.15265012950600002,21000100,0.15159,20991200,0.15159,21000200
2025-12-04,0.14848222326808333,21000100,0.14734,20991200,0.14734,21000200
2025-12-05,0.14012817926937501,21000100,0.13947,20991200,0.13947,21000200
2025-12-06,0.13895983040041665,21000100,0.1397,20991200,0.1397,21000200
2025-12-07,0.13862687266408333,21000100,0.13862,20991200,0.13862,21000200
2025-12-08,0.143210423373125,21000100,0.14253,20991200,0.14253,21000200
2025-12-09,0.14885627271625,21000100,0.1479,20991200,0.1479,21000200
2025-12-10,0.14358528300416668,21000100,0.14324,20991200,0.14324,21000200
2025-12-11,0.13978816020049997,21000100,0.14028,20991200,0.14028,21000200
2025-12-12,0.13734974667516667,21000100,0.13684,20991200,0.13684,21000200
2025-12-13,0.13916757017475,21000100,0.13897,20991200,0.13897,21000200
2025-12-14,0.13453776545,21000100,0.134,20991200,0.134,21000200
2025-12-15,0.12955026758766666,21000100,0.12968,20991200,0.12968,21000200
2025-12-16,0.13141254119687498,21000100,0.13171,20991200,0.13171,21000200
2025-12-17,0.126901501808,21000100,0.12626,20991200,0.12626,21000200
2025-12-18,0.12205494293200002,21000100,0.12203,20991200,0.12203,21000200
2025-12-19,0.13266096678499997,21000100,0.13215,20991200,0.13215,21000200
2025-12-20,0.132597871196,21000100,0.13188,20991200,0.13188,21000200
2025-12-21,0.13149249742354166,21000100,0.13105,20991200,0.13105,21000200
2025-12-22,0.13271269250425,21000100,0.13249,20991200,0.13249,21000200
2025-12-23,0.12949076567858336,21000100,0.12923,20991200,0.12923,21000200
2025-12-24,0.128861399809625,21000100,0.12849,20991200,0.12849,21000200
2025-12-25,0.12409390173033334,21000100,0.12356,20991200,0.12356,21000200
2025-12-26,0.12232356337854168,21000100,0.12205,20991200,0.12205,21000200
2025-12-27,0.12426374220791667,21000100,0.1243,20991200,0.1243,21000200
2025-12-28,0.12442997971266667,21000100,0.12388,20991200,0.12388,21000200
2025-12-29,0.12311801209000002,21000100,0.1228,20991200,0.1228,21000200
2025-12-30,0.12308562664591666,21000100,0.12326,20991200,0.12326,21000200
2025-12-31,0.11712837352508333,21000100,0.11741,20991200,0.11741,21000200
2026-01-01,0.1267085886692917,21000100,0.12679,20991200,0.12679,21000200
2026-01-02,0.14310401625,21000100,0.14181,20991200,0.14181,21000200
2026-01-03,0.14437551375000002,21000100,0.14307,20991200,0.14307,21000200
2026-01-04,0.15080364,21000100,0.14944,20991200,0.14944,21000200
2026-01-05,0.1525343444475,21000100,0.15165,20991200,0.15165,21000200
2026-01-06,0.151294128777,21000100,0.15048,20991200,0.15048,21000200
2026-01-07,0.1471356030195,21000100,0.14634,20991200,0.14634,21000200
2026-01-08,0.14254988900541665,21000100,0.14189,20991200,0.14189,21000200
2026-01-09,0.14096953160020834,21000100,0.14065,20991200,0.14065,21000200
2026-01-10,0.13984560212933336,21000100,0.13958,20991200,0.13958,21000200
2026-01-11,0.1383656931855,21000100,0.13794,20991200,0.13794,21000200
2026-01-12,0.13665657696300001,21000100,0.13653,20991200,0.13653,21000200
2026-01-13,0.14898029121545833,21000100,0.14821,20991200,0.14821,21000200
2026-01-14,0.148412574865,21000100,0.14712,20991200,0.14712,21000200
2026-01-15,0.14021974030608333,21000100,0.13997,20991200,0.13997,21000200
2026-01-16,0.1380020855885,21000100,0.13804,20991200,0.13804,21000200
2026-01-17,0.13753330450779166,21000100,0.13781,20991200,0.13781,21000200
2026-01-18,0.13163979223633335,21000100,0.13156,20991200,0.13156,21000200
2026-01-19,0.12902580192937502,21000100,0.12909,20991200,0.12909,21000200
2026-01-20,0.12378478434575,21000100,0.12329,20991200,0.12329,21000200
2026-01-21,0.12640234880216666,21000100,0.12644,20991200,0.12644,21000200
2026-01-22,0.124800370318625,21000100,0.12431,20991200,0.12431,21000200
2026-01-23,0.1245413784825,21000100,0.1247,20991200,0.1247,21000200
2026-01-24,0.12444144936708335,21000100,0.12415,20991200,0.12415,21000200
2026-01-25,0.11939957185358334,21000100,0.11938,20991200,0.11938,21000200
2026-01-26,0.12209845852649999,21000100,0.12228,20991200,0.12228,21000200
2026-01-27,0.126164082019375,21000100,0.12615,20991200,0.12615,21000200
2026-01-28,0.1258230652175,21000100,0.12495,20991200,0.12495,21000200
2026-01-29,0.11716944937833333,21000100,0.1172,20991200,0.1172,21000200
2026-01-30,0.1147608600702473,21000100,0.11577,20991200,0.11577,21000200
2026-01-31,0.10362774219691667,21000100,0.10417,20991200,0.10417,21000200
2026-02-01,0.103214483557577,21000100,0.10421,20991200,0.10421,21000200
2026-02-02,0.10757864220999999,21000100,0.10785,20991200,0.10785,21000200
2026-02-03,0.10523934214083333,21000100,0.10595,20991200,0.10595,21000200
2026-02-04,0.103647786612,21000100,0.10377,20991200,0.10377,21000200
2026-02-05,0.088343981674375,21000100,0.08841,20991200,0.08841,21000200
2026-02-06,0.09754311224699999,21000100,0.09842,20991200,0.09842,21000200
2026-02-07,0.09839488161749999,21000100,0.09819,20991200,0.09819,21000200
2026-02-08,0.09639381849675,21000100,0.09657,20991200,0.09657,21000200
2026-02-09,0.09572425042708334,21000100,0.09605,20991200,0.09605,21000200
2026-02-10,0.09241638897516667,21000100,0.09271,20991200,0.09271,21000200
2026-02-11,0.09064632148979167,21000100,0.09107,20991200,0.09107,21000200
2026-02-12,0.09293763421133333,21000100,0.09296,20991200,0.09296,21000200
2026-02-13,0.0969327337375,21000100,0.09663,20991200,0.09663,21000200
2026-02-14,0.11140800961308334,21000100,0.11099,20991200,0.11099,21000200
2026-02-15,0.10317684585775,21000100,0.10261,20991200,0.10261,21000200
2026-02-16,0.100284606805125,21000100,0.10097,20991200,0.10097,21000200
2026-02-17,0.10028182191783334,21000100,0.10061,20991200,0.10061,21000200
2026-02-18,0.09797371459925,21000100,0.09849,20991200,0.09849,21000200
2026-02-19,0.09822364121899999,21000100,0.09831,20991200,0.09831,21000200
2026-02-20,0.09998410223316667,21000100,0.10004,20991200,0.10004,21000200
2026-02-21,0.09808762804533334,21000100,0.09836,20991200,0.09836,21000200
2026-02-22,0.09478377164,21000100,0.09552,20991200,0.09552,21000200
2026-02-23,0.09244601752208334,21000100,0.09263,20991200,0.09263,21000200
2026-02-24,0.091015063336125,21000100,0.09133,20991200,0.09133,21000200
2026-02-25,0.10100106749087501,21000100,0.10091,20991200,0.10091,21000200
2026-02-26,0.09873099412650001,21000100,0.09852,20991200,0.09852,21000200
