DATETIME,CARRY,CARRY_CONTRACT,PRICE,PRICE_CONTRACT,FORWARD,FORWARD_CONTRACT
2020-08-23,4.4984479986874994,21000100,3.993,20991200,3.993,21000200
2020-08-24,5.083297350025,21000100,4.594,20991200,4.594,21000200
2020-08-25,5.816993069,21000100,5.56,20991200,5.56,21000200
2020-08-26,6.615506704316665,21000100,6.092,20991200,6.092,21000200
2020-08-27,6.2026313604666665,21000100,5.668,20991200,5.668,21000200
2020-08-28,6.376864298441666,21000100,6.179,20991200,6.179,21000200
2020-08-29,6.567686860799999,21000100,6.144,20991200,6.144,21000200
2020-08-30,6.863627805629166,21000100,5.899,20991200,5.899,21000200
2020-08-31,7.114096059062501,21000100,6.275,20991200,6.275,21000200
2020-09-02,6.579469250033333,21000100,6.136,20991200,6.136,21000200
2020-09-03,5.750969091333333,21000100,5.68,20991200,5.68,21000200
2020-09-04,5.151583125000001,21000100,5.105,20991200,5.105,21000200
2020-09-05,4.182823125,21000100,4.145,20991200,4.145,21000200
2020-09-06,4.832699625,21000100,4.789,20991200,4.789,21000200
2020-09-07,4.6399567500000005,21000100,4.598,20991200,4.598,21000200
2020-09-08,4.31300025,21000100,4.274,20991200,4.274,21000200
2020-09-09,4.748942250000001,21000100,4.706,20991200,4.706,21000200
2020-09-10,4.618765125,21000100,4.577,20991200,4.577,21000200
2020-09-11,4.693440375,21000100,4.651,20991200,4.651,21000200
2020-09-12,5.189929875,21000100,5.143,20991200,5.143,21000200
2020-09-13,5.37996888325,21000100,5.33,20991200,5.33,21000200
2020-09-14,5.467788862104167,21000100,5.365,20991200,5.365,21000200
2020-09-15,5.1273044823500005,21000100,5.062,20991200,5.062,21000200
2020-09-16,5.139949558974999,21000100,5.082,20991200,5.082,21000200
2020-09-17,5.49517272375,21000100,5.34,20991200,5.34,21000200
2020-09-18,5.52001280095,21000100,5.268,20991200,5.268,21000200
2020-09-19,5.0556121061125,21000100,4.929,20991200,4.929,21000200
2020-09-20,4.704427624566666,21000100,4.661,20991200,4.661,21000200
2020-09-21,4.106129625,21000100,4.069,20991200,4.069,21000200
2020-09-22,4.2019965,21000100,4.164,20991200,4.164,21000200
2020-09-23,4.053655125000001,21000100,4.017,20991200,4.017,21000200
2020-09-24,4.4199675,21000100,4.38,20991200,4.38,21000200
2020-09-25,4.456296000000001,21000100,4.416,20991200,4.416,21000200
2020-09-26,4.370520375000001,21000100,4.331,20991200,4.331,21000200
2020-09-27,4.340246625000001,21000100,4.301,20991200,4.301,21000200
2020-09-28,4.4966610000000005,21000100,4.456,20991200,4.456,21000200
2020-09-29,4.540053375,21000100,4.499,20991200,4.499,21000200
2020-09-30,4.38969375,21000100,4.35,20991200,4.35,21000200
2020-10-02,4.162640625,21000100,4.125,20991200,4.125,21000200
2020-10-03,4.098056625,21000100,4.061,20991200,4.061,21000200
2020-10-04,4.206994762933333,21000100,4.178,20991200,4.178,21000200
2020-10-05,4.124732629333334,21000100,4.16,20991200,4.16,21000200
2020-10-06,3.6455458951625,21000100,3.743,20991200,3.743,21000200
2020-10-07,3.697639281875,21000100,3.85,20991200,3.85,21000200
2020-10-08,4.1533253888666675,21000100,4.117,20991200,4.117,21000200
2020-10-09,4.295845125,21000100,4.257,20991200,4.257,21000200
2020-10-10,4.30089075,21000100,4.262,20991200,4.262,21000200
2020-10-11,4.2867630000000005,21000100,4.248,20991200,4.248,21000200
2020-10-12,4.350337875,21000100,4.311,20991200,4.311,21000200
2020-10-13,4.29281775,21000100,4.254,20991200,4.254,21000200
2020-10-14,4.226102019533333,21000100,4.186,20991200,4.186,21000200
2020-10-15,4.140439875,21000100,4.103,20991200,4.103,21000200
2020-10-16,3.9517335,21000100,3.916,20991200,3.916,21000200
2020-10-17,4.003198875000001,21000100,3.967,20991200,3.967,21000200
2020-10-18,4.148512875,21000100,4.111,20991200,4.111,21000200
2020-10-19,4.025399625,21000100,3.989,20991200,3.989,21000200
2020-10-20,3.9386148750000003,21000100,3.903,20991200,3.903,21000200
2020-10-21,4.173741000000001,21000100,4.136,20991200,4.136,21000200
2020-10-22,4.31300025,21000100,4.274,20991200,4.274,21000200
2020-10-23,4.329058252275,21000100,4.266,20991200,4.266,21000200
2020-10-24,4.391712000000001,21000100,4.352,20991200,4.352,21000200
2020-10-25,4.36951125,21000100,4.33,20991200,4.33,21000200
2020-10-26,4.74490575,21000100,4.702,20991200,4.702,21000200
2020-10-27,4.719677625,21000100,4.677,20991200,4.677,21000200
2020-10-28,4.39776675,21000100,4.358,20991200,4.358,21000200
2020-10-29,4.092001875,21000100,4.055,20991200,4.055,21000200
2020-10-30,4.110250091383334,21000100,4.081,20991200,4.081,21000200
2020-10-31,4.2181425,21000100,4.18,20991200,4.18,21000200
2020-11-02,4.06273725,21000100,4.026,20991200,4.026,21000200
2020-11-03,4.0613405463625005,21000100,4.033,20991200,4.033,21000200
2020-11-04,4.063646088533333,21000100,4.096,20991200,4.096,21000200
2020-11-05,4.262544,21000100,4.224,20991200,4.224,21000200
2020-11-06,4.628856375,21000100,4.587,20991200,4.587,21000200
2020-11-07,4.3164005115,21000100,4.235,20991200,4.235,21000200
2020-11-08,4.412903625,21000100,4.373,20991200,4.373,21000200
2020-11-09,4.388684625000001,21000100,4.349,20991200,4.349,21000200
2020-11-10,4.46235075,21000100,4.422,20991200,4.422,21000200
2020-11-11,4.490606250000001,21000100,4.45,20991200,4.45,21000200
2020-11-12,4.445195625,21000100,4.405,20991200,4.405,21000200
2020-11-13,4.5844548750000005,21000100,4.543,20991200,4.543,21000200
2020-11-14,4.505743125,21000100,4.465,20991200,4.465,21000200
2020-11-15,4.40583975,21000100,4.366,20991200,4.366,21000200
2020-11-16,4.54308075,21000100,4.502,20991200,4.502,21000200
2020-11-17,4.968638238933334,21000100,4.864,20991200,4.864,21000200
2020-11-18,4.785240733625001,21000100,4.682,20991200,4.682,21000200
2020-11-19,4.802425875000001,21000100,4.759,20991200,4.759,21000200
2020-11-20,5.311685230641666,21000100,5.234,20991200,5.234,21000200
2020-11-21,5.937589566300001,21000100,5.796,20991200,5.796,21000200
2020-11-22,5.765329603854167,21000100,5.525,20991200,5.525,21000200
2020-11-23,6.5550896756,21000100,5.919,20991200,5.919,21000200
2020-11-24,6.2789181107625005,21000100,5.747,20991200,5.747,21000200
2020-11-25,5.628223254383333,21000100,5.306,20991200,5.306,21000200
2020-11-26,4.8478365000000005,21000100,4.804,20991200,4.804,21000200
2020-11-27,4.85389125,21000100,4.81,20991200,4.81,21000200
2020-11-28,4.932603,21000100,4.888,20991200,4.888,21000200
2020-11-29,5.23735875,21000100,5.19,20991200,5.19,21000200
2020-11-30,5.405210374566667,21000100,5.381,20991200,5.381,21000200
2020-12-02,5.506795125,21000100,5.457,20991200,5.457,21000200
2020-12-03,5.4523023749999995,21000100,5.403,20991200,5.403,21000200
2020-12-04,5.044615875,21000100,4.999,20991200,4.999,21000200
2020-12-05,5.232313125,21000100,5.185,20991200,5.185,21000200
2020-12-06,5.1788295,21000100,5.132,20991200,5.132,21000200
2020-12-07,5.1061725,21000100,5.06,20991200,5.06,21000200
2020-12-08,4.783252500000001,21000100,4.74,20991200,4.74,21000200
2020-12-09,4.91443875,21000100,4.87,20991200,4.87,21000200
2020-12-10,4.8438,21000100,4.8,20991200,4.8,21000200
2020-12-11,4.654084500000001,21000100,4.612,20991200,4.612,21000200
2020-12-12,4.781234250000001,21000100,4.738,20991200,4.738,21000200
2020-12-13,4.941685125,21000100,4.897,20991200,4.897,21000200
2020-12-14,4.940676,21000100,4.896,20991200,4.896,21000200
2020-12-15,5.288824125,21000100,5.241,20991200,5.241,21000200
2020-12-16,5.4210195,21000100,5.372,20991200,5.372,21000200
2020-12-17,5.621804899791666,21000100,5.35,20991200,5.35,21000200
2020-12-18,5.483312690791666,21000100,5.365,20991200,5.365,21000200
2020-12-19,5.5142872520125,21000100,5.343,20991200,5.343,21000200
2020-12-20,5.323179119500001,21000100,5.19,20991200,5.19,21000200
2020-12-21,4.960679769208332,21000100,4.877,20991200,4.877,21000200
2020-12-22,5.2010302500000005,21000100,5.154,20991200,5.154,21000200
2020-12-23,4.760042625,21000100,4.717,20991200,4.717,21000200
2020-12-24,5.1616743750000005,21000100,5.115,20991200,5.115,21000200
2020-12-25,5.2595595,21000100,5.212,20991200,5.212,21000200
2020-12-26,5.240386125,21000100,5.193,20991200,5.193,21000200
2020-12-27,5.195984625,21000100,5.149,20991200,5.149,21000200
2020-12-28,6.738748173266667,21000100,6.608,20991200,6.608,21000200
2020-12-29,8.078695041339406,21000100,7.554,20991200,7.554,21000200
2020-12-30,7.446797198616666,21000100,7.244,20991200,7.244,21000200
2020-12-31,9.583566697999998,21000100,9.264,20991200,9.264,21000200
2021-01-02,9.901269250142608,21000100,9.213,20991200,9.213,21000200
2021-01-03,11.02695960734449,21000100,10.187,20991200,10.187,21000200
2021-01-04,10.55312990999435,21000100,9.524,20991200,9.524,21000200
2021-01-05,9.925121643516668,21000100,9.727,20991200,9.727,21000200
2021-01-06,11.2827122985919,21000100,10.082,20991200,10.082,21000200
2021-01-07,10.5751532215,21000100,9.66,20991200,9.66,21000200
2021-01-08,10.244264593325001,21000100,9.303,20991200,9.303,21000200
2021-01-09,10.468306698000001,21000100,9.756,20991200,9.756,21000200
2021-01-10,10.565885631980848,21000100,9.306,20991200,9.306,21000200
2021-01-11,8.4617790214125,21000100,8.269,20991200,8.269,21000200
2021-01-12,8.352964040025,21000100,8.299,20991200,8.299,21000200
2021-01-13,11.054964375,21000100,10.955,20991200,10.955,21000200
2021-01-14,15.231771922916668,21000100,14.5,20991200,14.5,21000200
2021-01-15,13.762572106274998,21000100,13.158,20991200,13.158,21000200
2021-01-16,18.344727621300002,21000100,17.943,20991200,17.943,21000200
2021-01-17,17.246955375000002,21000100,17.091,20991200,17.091,21000200
2021-01-18,17.4005786569875,21000100,16.601,20991200,16.601,21000200
2021-01-19,18.369155870216666,21000100,16.411,20991200,16.411,21000200
2021-01-20,18.251178660049998,21000100,18.017,20991200,18.017,21000200
2021-01-21,16.246536342875004,21000100,16.01,20991200,16.01,21000200
2021-01-22,17.290347750000002,21000100,17.134,20991200,17.134,21000200
2021-01-23,18.942285375,21000100,18.771,20991200,18.771,21000200
2021-01-24,18.455002553024997,21000100,18.002,20991200,18.002,21000200
2021-01-25,18.674060341333334,21000100,17.216,20991200,17.216,21000200
2021-01-26,17.451096024875003,21000100,17.117,20991200,17.117,21000200
2021-01-27,15.848357873541666,21000100,15.451,20991200,15.451,21000200
2021-01-28,17.5595529472,21000100,16.896,20991200,16.896,21000200
2021-01-29,18.106039908820833,21000100,16.831,20991200,16.831,21000200
2021-01-30,17.169710474583333,21000100,16.55,20991200,16.55,21000200
2021-01-31,17.27846020353333,21000100,16.144,20991200,16.144,21000200
2021-02-02,19.215316067120835,21000100,17.213,20991200,17.213,21000200
2021-02-03,24.21159984150925,21000100,20.88,20991200,20.88,21000200
2021-02-04,23.084783061584588,21000100,19.695,20991200,19.695,21000200
2021-02-05,24.698075104175643,21000100,20.881,20991200,20.881,21000200
2021-02-06,22.900555135791667,21000100,20.405,20991200,20.405,21000200
2021-02-07,21.639688508499997,21000100,19.765,20991200,19.765,21000200
2021-02-08,26.501980031999995,21000100,23.04,20991200,23.04,21000200
2021-02-09,27.789991648758335,21000100,23.126,20991200,23.126,21000200
2021-02-10,27.57722899958333,21000100,23.615,20991200,23.615,21000200
2021-02-11,28.40870295725,21000100,25.06,20991200,25.06,21000200
2021-02-12,33.66623142703333,21000100,28.702,20991200,28.702,21000200
2021-02-13,34.411702680062504,21000100,28.073,20991200,28.073,21000200
2021-02-14,33.44002158318898,21000100,26.931,20991200,26.931,21000200
2021-02-15,30.010034754862495,21000100,27.831,20991200,27.831,21000200
2021-02-16,32.4446481715,21000100,30.12,20991200,30.12,21000200
2021-02-17,34.77645913555,21000100,31.988,20991200,31.988,21000200
2021-02-18,36.677740233166666,21000100,31.156,20991200,31.156,21000200
2021-02-19,40.3349459553,21000100,34.872,20991200,34.872,21000200
2021-02-20,46.90386271725,21000100,38.979,20991200,38.979,21000200
2021-02-21,42.53734744486666,21000100,39.632,20991200,39.632,21000200
2021-02-22,39.219285848120826,21000100,37.663,20991200,37.663,21000200
2021-02-23,35.16684184973333,21000100,34.544,20991200,34.544,21000200
2021-02-24,33.948983250000005,21000100,33.642,20991200,33.642,21000200
2021-02-25,31.525065,21000100,31.24,20991200,31.24,21000200
2021-02-26,31.735972125000004,21000100,31.449,20991200,31.449,21000200
2021-02-27,34.2243612183875,21000100,33.491,20991200,33.491,21000200
2021-02-28,34.113470625,21000100,33.805,20991200,33.805,21000200
2021-03-02,36.48805347433334,21000100,36.136,20991200,36.136,21000200
2021-03-03,37.381017375,21000100,37.043,20991200,37.043,21000200
2021-03-04,35.598902625,21000100,35.277,20991200,35.277,21000200
2021-03-05,34.396730118,21000100,33.64,20991200,33.64,21000200
2021-03-06,34.26824265464584,21000100,33.395,20991200,33.395,21000200
2021-03-07,37.09417094565,21000100,35.132,20991200,35.132,21000200
2021-03-08,36.901104434912504,21000100,35.023,20991200,35.023,21000200
2021-03-09,43.23304785822916,21000100,38.291,20991200,38.291,21000200
2021-03-10,41.8523368932,21000100,37.584,20991200,37.584,21000200
2021-03-11,39.7338183986,21000100,36.957,20991200,36.957,21000200
2021-03-12,39.27310720742917,21000100,35.957,20991200,35.957,21000200
2021-03-13,40.4824233165,21000100,37.242,20991200,37.242,21000200
2021-03-14,40.90005864413333,21000100,36.454,20991200,36.454,21000200
2021-03-15,36.947141113125,21000100,34.33,20991200,34.33,21000200
2021-03-16,36.17570147033333,21000100,35.44,20991200,35.44,21000200
2021-03-17,37.695020413275,21000100,36.154,20991200,36.154,21000200
2021-03-18,38.16907292423333,21000100,35.386,20991200,35.386,21000200
2021-03-19,40.23122701483334,21000100,38.252,20991200,38.252,21000200
2021-03-20,42.302182529999996,21000100,37.272,20991200,37.272,21000200
2021-03-21,39.134606448575,21000100,36.723,20991200,36.723,21000200
2021-03-22,37.72226518735833,21000100,35.278,20991200,35.278,21000200
2021-03-23,35.42742748005417,21000100,34.237,20991200,34.237,21000200
2021-03-24,30.91239628219167,21000100,30.193,20991200,30.193,21000200
2021-03-25,30.078988875,21000100,29.807,20991200,29.807,21000200
2021-03-26,33.497904375000005,21000100,33.195,20991200,33.195,21000200
2021-03-27,33.93202981695,21000100,32.628,20991200,32.628,21000200
2021-03-28,33.852871427874994,21000100,32.269,20991200,32.269,21000200
2021-03-29,36.242337171775,21000100,34.391,20991200,34.391,21000200
2021-03-30,36.66627014721667,21000100,34.039,20991200,34.039,21000200
2021-03-31,40.74281831935,21000100,37.122,20991200,37.122,21000200
2021-04-02,45.51227424539584,21000100,41.135,20991200,41.135,21000200
2021-04-03,48.2029181468125,21000100,41.421,20991200,41.421,21000200
2021-04-04,47.17291168968333,21000100,44.372,20991200,44.372,21000200
2021-04-05,51.483461558875,21000100,45.93,20991200,45.93,21000200
2021-04-06,51.200200805833326,21000100,43.4,20991200,43.4,21000200
2021-04-07,42.98559181250833,21000100,39.571,20991200,39.571,21000200
2021-04-08,44.14128170826667,21000100,41.372,20991200,41.372,21000200
2021-04-09,44.205709589808336,21000100,40.847,20991200,40.847,21000200
2021-04-10,47.006417848454156,21000100,41.657,20991200,41.657,21000200
2021-04-11,47.61340394249999,21000100,41.4,20991200,41.4,21000200
2021-04-12,47.497830486825,21000100,40.539,20991200,40.539,21000200
2021-04-13,52.2619005825125,21000100,43.021,20991200,43.021,21000200
2021-04-14,51.96697825510001,21000100,42.584,20991200,42.584,21000200
2021-04-15,49.692078218475,21000100,43.494,20991200,43.494,21000200
2021-04-16,49.919978508425,21000100,41.451,20991200,41.451,21000200
2021-04-17,49.614775139500004,21000100,42.09,20991200,42.09,21000200
2021-04-18,39.209011070900004,21000100,37.356,20991200,37.356,21000200
2021-04-19,35.1807454078125,21000100,34.767,20991200,34.767,21000200
2021-04-20,35.9467635835,21000100,35.42,20991200,35.42,21000200
2021-04-21,34.22246399824583,21000100,33.817,20991200,33.817,21000200
2021-04-22,34.06558625429167,21000100,32.963,20991200,32.963,21000200
2021-04-23,32.63085755476666,21000100,32.257,20991200,32.257,21000200
2021-04-24,29.264625000000002,21000100,29.0,20991200,29.0,21000200
2021-04-25,30.1624403086,21000100,29.831,20991200,29.831,21000200
2021-04-26,33.71486625,21000100,33.41,20991200,33.41,21000200
2021-04-27,35.5189078415,21000100,34.824,20991200,34.824,21000200
2021-04-28,35.1207471,21000100,34.0,20991200,34.0,21000200
2021-04-29,37.2558015534375,21000100,35.989,20991200,35.989,21000200
2021-04-30,37.56720258408333,21000100,36.553,20991200,36.553,21000200
2021-05-02,38.38686291584167,21000100,36.658,20991200,36.658,21000200
2021-05-03,39.170651738400004,21000100,37.296,20991200,37.296,21000200
2021-05-04,36.6646939529,21000100,34.796,20991200,34.796,21000200
2021-05-05,42.840068847733335,21000100,40.477,20991200,40.477,21000200
2021-05-06,46.580685053562505,21000100,41.637,20991200,41.637,21000200
2021-05-07,43.739227536083334,21000100,39.865,20991200,39.865,21000200
2021-05-08,41.919678933812506,21000100,39.953,20991200,39.953,21000200
2021-05-09,42.272006980537505,21000100,40.347,20991200,40.347,21000200
2021-05-10,38.23473852588333,21000100,36.479,20991200,36.479,21000200
2021-05-11,39.2006131955625,21000100,38.665,20991200,38.665,21000200
2021-05-12,36.41316877013333,21000100,35.072,20991200,35.072,21000200
2021-05-13,40.493322221841666,21000100,40.027,20991200,40.027,21000200
2021-05-14,49.3494132041875,21000100,48.063,20991200,48.063,21000200
2021-05-15,45.808438198249995,21000100,43.66,20991200,43.66,21000200
2021-05-16,43.84454303177083,21000100,42.461,20991200,42.461,21000200
2021-05-17,39.986721848933335,21000100,38.732,20991200,38.732,21000200
2021-05-18,42.064238619600005,21000100,40.616,20991200,40.616,21000200
2021-05-19,25.070078660512497,21000100,25.061,20991200,25.061,21000200
2021-05-20,29.206095750000003,21000100,28.942,20991200,28.942,21000200
2021-05-21,24.62265,21000100,24.4,20991200,24.4,21000200
2021-05-22,22.2532245,21000100,22.052,20991200,22.052,21000200
2021-05-23,18.06939225,21000100,17.906,20991200,17.906,21000200
2021-05-24,23.4803205,21000100,23.268,20991200,23.268,21000200
2021-05-25,22.343036625,21000100,22.141,20991200,22.141,21000200
2021-05-26,24.752827125,21000100,24.529,20991200,24.529,21000200
2021-05-27,24.213954375000004,21000100,23.995,20991200,23.995,21000200
2021-05-28,21.543809625,21000100,21.349,20991200,21.349,21000200
2021-05-29,20.057368500000003,21000100,19.876,20991200,19.876,21000200
2021-05-30,20.64467925,21000100,20.458,20991200,20.458,21000200
2021-05-31,23.46215625,21000100,23.25,20991200,23.25,21000200
2021-06-02,25.795350571608335,21000100,25.886,20991200,25.886,21000200
2021-06-03,26.90791066089583,21000100,26.987,20991200,26.987,21000200
2021-06-04,25.00419604465833,21000100,24.967,20991200,24.967,21000200
2021-06-05,23.598237150983334,21000100,23.746,20991200,23.746,21000200
2021-06-06,24.120733298841667,21000100,24.178,20991200,24.178,21000200
2021-06-07,21.821224818950004,21000100,21.687,20991200,21.687,21000200
2021-06-08,21.832215374979167,21000100,21.635,20991200,21.635,21000200
2021-06-09,23.18573184815417,21000100,23.207,20991200,23.207,21000200
2021-06-10,22.881909375000003,21000100,22.675,20991200,22.675,21000200
2021-06-11,21.128050125,21000100,20.937,20991200,20.937,21000200
2021-06-12,20.917143000000003,21000100,20.728,20991200,20.728,21000200
2021-06-13,22.231023750000002,21000100,22.03,20991200,22.03,21000200
2021-06-14,26.07579,21000100,25.84,20991200,25.84,21000200
2021-06-15,24.152397750000002,21000100,23.934,20991200,23.934,21000200
2021-06-16,23.23611225,21000100,23.026,20991200,23.026,21000200
2021-06-17,22.732558875000002,21000100,22.527,20991200,22.527,21000200
2021-06-18,21.61343925,21000100,21.418,20991200,21.418,21000200
2021-06-19,20.365541025995835,21000100,20.213,20991200,20.213,21000200
2021-06-20,20.793020625,21000100,20.605,20991200,20.605,21000200
2021-06-21,15.790265164391666,21000100,15.697,20991200,15.697,21000200
2021-06-22,14.58329597065,21000100,14.674,20991200,14.674,21000200
2021-06-23,15.829346798500001,21000100,15.788,20991200,15.788,21000200
2021-06-24,16.3061876213375,21000100,16.217,20991200,16.217,21000200
2021-06-25,14.483396174975002,21000100,14.406,20991200,14.406,21000200
2021-06-26,14.5359419909,21000100,14.498,20991200,14.498,21000200
2021-06-27,14.936083816199998,21000100,14.988,20991200,14.988,21000200
2021-06-28,15.909895133437502,21000100,15.795,20991200,15.795,21000200
2021-06-29,16.452773999999998,21000100,16.304,20991200,16.304,21000200
2021-06-30,16.537540500000002,21000100,16.388,20991200,16.388,21000200
2021-07-02,15.320732013437501,21000100,15.275,20991200,15.275,21000200
2021-07-03,15.5878653685125,21000100,15.519,20991200,15.519,21000200
2021-07-04,16.11572625,21000100,15.97,20991200,15.97,21000200
2021-07-05,15.312033207075,21000100,15.213,20991200,15.213,21000200
2021-07-06,16.246172295833336,21000100,16.126,20991200,16.126,21000200
2021-07-07,17.01586575,21000100,16.862,20991200,16.862,21000200
2021-07-08,15.450712875,21000100,15.311,20991200,15.311,21000200
2021-07-09,15.791007371941665,21000100,15.673,20991200,15.673,21000200
2021-07-10,15.411357,21000100,15.272,20991200,15.272,21000200
2021-07-11,15.63538275,21000100,15.494,20991200,15.494,21000200
2021-07-12,14.971378500000002,21000100,14.836,20991200,14.836,21000200
2021-07-13,14.31544725,21000100,14.186,20991200,14.186,21000200
2021-07-14,13.781731233941665,21000100,13.793,20991200,13.793,21000200
2021-07-15,13.200747634858331,21000100,13.091,20991200,13.091,21000200
2021-07-16,12.114170682966666,21000100,12.013,20991200,12.013,21000200
2021-07-17,12.288186968958332,21000100,12.29,20991200,12.29,21000200
2021-07-18,12.747402398249998,21000100,12.636,20991200,12.636,21000200
2021-07-19,11.4933388225,21000100,11.45,20991200,11.45,21000200
2021-07-20,10.8001657159,21000100,10.952,20991200,10.952,21000200
2021-07-21,12.077976214800001,21000100,12.336,20991200,12.336,21000200
2021-07-22,13.1072267026,21000100,13.144,20991200,13.144,21000200
2021-07-23,13.446674610649998,21000100,13.386,20991200,13.386,21000200
2021-07-24,13.8204952583,21000100,13.749,20991200,13.749,21000200
2021-07-25,13.827573205362501,21000100,13.723,20991200,13.723,21000200
2021-07-26,13.999730000437498,21000100,13.915,20991200,13.915,21000200
2021-07-27,14.287567367174999,21000100,14.346,20991200,14.346,21000200
2021-07-28,14.534285408050001,21000100,14.529,20991200,14.529,21000200
2021-07-29,15.37546169895,21000100,15.252,20991200,15.252,21000200
2021-07-30,15.922983375000001,21000100,15.779,20991200,15.779,21000200
2021-07-31,16.858523101141667,21000100,16.766,20991200,16.766,21000200
2021-08-02,18.150122250000003,21000100,17.986,20991200,17.986,21000200
2021-08-03,17.5870305,21000100,17.428,20991200,17.428,21000200
2021-08-04,19.327771124999998,21000100,19.153,20991200,19.153,21000200
2021-08-05,19.307588625,21000100,19.133,20991200,19.133,21000200
2021-08-06,20.612387249999998,21000100,20.426,20991200,20.426,21000200
2021-08-07,21.196817780937497,21000100,20.985,20991200,20.985,21000200
2021-08-08,19.864049484841665,21000100,19.666,20991200,19.666,21000200
2021-08-09,20.76577425,21000100,20.578,20991200,20.578,21000200
2021-08-10,20.87948800825,21000100,20.62,20991200,20.62,21000200
2021-08-11,21.935244997599998,21000100,21.362,20991200,21.362,21000200
2021-08-12,21.109652992125,21000100,20.763,20991200,20.763,21000200
2021-08-13,22.999040930283336,21000100,22.747,20991200,22.747,21000200
2021-08-14,23.278144802645834,21000100,22.855,20991200,22.855,21000200
2021-08-15,23.543203766808332,21000100,23.162,20991200,23.162,21000200
2021-08-16,25.302902847912357,21000100,24.445,20991200,24.445,21000200
2021-08-17,24.064318021000002,21000100,23.568,20991200,23.568,21000200
2021-08-18,24.099923250000003,21000100,23.882,20991200,23.882,21000200
2021-08-19,26.85281625,21000100,26.61,20991200,26.61,21000200
2021-08-20,28.803907819883335,21000100,28.186,20991200,28.186,21000200
2021-08-21,28.84030208108526,21000100,27.887,20991200,27.887,21000200
2021-08-22,28.71200369059222,21000100,27.712,20991200,27.712,21000200
2021-08-23,29.05430014051887,21000100,27.901,20991200,27.901,21000200
2021-08-24,26.211448405767555,21000100,25.09,20991200,25.09,21000200
2021-08-25,26.242295625,21000100,26.005,20991200,26.005,21000200
2021-08-26,24.145333875000002,21000100,23.927,20991200,23.927,21000200
2021-08-27,26.797314375000003,21000100,26.555,20991200,26.555,21000200
2021-08-28,26.5651298567,21000100,25.973,20991200,25.973,21000200
2021-08-29,26.045776109449996,21000100,25.726,20991200,25.726,21000200
2021-08-30,26.4889646224125,21000100,26.073,20991200,26.073,21000200
2021-08-31,32.210813924700005,21000100,31.359,20991200,31.359,21000200
2021-09-02,33.37856986393335,21000100,31.817,20991200,31.817,21000200
2021-09-03,34.97585575710833,21000100,33.601,20991200,33.601,21000200
2021-09-04,34.040368539566664,21000100,32.438,20991200,32.438,21000200
2021-09-05,36.37675290671816,21000100,34.463,20991200,34.463,21000200
2021-09-06,36.12463992675,21000100,34.371,20991200,34.371,21000200
2021-09-07,27.7826338464,21000100,27.982,20991200,27.982,21000200
2021-09-08,28.032483375,21000100,27.779,20991200,27.779,21000200
2021-09-09,30.116326500000003,21000100,29.844,20991200,29.844,21000200
2021-09-10,29.465440875000002,21000100,29.199,20991200,29.199,21000200
2021-09-11,31.881286125000003,21000100,31.593,20991200,31.593,21000200
2021-09-12,36.137775375000004,21000100,35.811,20991200,35.811,21000200
2021-09-13,35.1942435,21000100,34.876,20991200,34.876,21000200
2021-09-14,37.720083375,21000100,37.379,20991200,37.379,21000200
2021-09-15,36.825998625000004,21000100,36.493,20991200,36.493,21000200
2021-09-16,35.983203273300006,21000100,35.514,20991200,35.514,21000200
2021-09-17,33.352590375000005,21000100,33.051,20991200,33.051,21000200
2021-09-18,35.22048075,21000100,34.902,20991200,34.902,21000200
2021-09-19,34.176036375,21000100,33.867,20991200,33.867,21000200
2021-09-20,28.57236525,21000100,28.314,20991200,28.314,21000200
2021-09-21,26.61466275,21000100,26.374,20991200,26.374,21000200
2021-09-22,31.71504807531667,21000100,31.564,20991200,31.564,21000200
2021-09-23,33.5946306449,21000100,33.384,20991200,33.384,21000200
2021-09-24,30.948690804916666,21000100,30.761,20991200,30.761,21000200
2021-09-25,30.079998,21000100,29.808,20991200,29.808,21000200
2021-09-26,29.05244125715,21000100,28.822,20991200,28.822,21000200
2021-09-27,27.917240488666664,21000100,27.688,20991200,27.688,21000200
2021-09-28,26.492152573333335,21000100,26.29,20991200,26.29,21000200
2021-09-29,27.43422404699167,21000100,27.253,20991200,27.253,21000200
2021-09-30,28.846596637450002,21000100,28.596,20991200,28.596,21000200
2021-10-02,32.30612775,21000100,32.014,20991200,32.014,21000200
2021-10-03,32.424195375000004,21000100,32.131,20991200,32.131,21000200
2021-10-04,31.453417125,21000100,31.169,20991200,31.169,21000200
2021-10-05,31.707716625,21000100,31.421,20991200,31.421,21000200
2021-10-06,32.5549359703875,21000100,32.223,20991200,32.223,21000200
2021-10-07,34.93421449052083,21000100,34.025,20991200,34.025,21000200
2021-10-08,34.57048910883333,21000100,33.385,20991200,33.385,21000200
2021-10-09,36.91144214465,21000100,36.371,20991200,36.371,21000200
2021-10-10,35.28015152331667,21000100,34.442,20991200,34.442,21000200
2021-10-11,34.84129553429167,21000100,34.135,20991200,34.135,21000200
2021-10-12,35.506063125000004,21000100,35.185,20991200,35.185,21000200
2021-10-13,42.137023500000005,21000100,41.756,20991200,41.756,21000200
2021-10-14,41.98733634143333,21000100,40.699,20991200,40.699,21000200
2021-10-15,44.1922143834,21000100,43.308,20991200,43.308,21000200
2021-10-16,43.254628376875004,21000100,41.775,20991200,41.775,21000200
2021-10-17,43.48901780969167,21000100,42.151,20991200,42.151,21000200
2021-10-18,42.530298243562505,21000100,41.185,20991200,41.185,21000200
2021-10-19,41.93767334893334,21000100,41.387,20991200,41.387,21000200
2021-10-20,45.282863240475,21000100,44.457,20991200,44.457,21000200
2021-10-21,44.702078830287505,21000100,42.873,20991200,42.873,21000200
2021-10-22,44.213381002333335,21000100,43.532,20991200,43.532,21000200
2021-10-23,44.785074285520835,21000100,43.975,20991200,43.975,21000200
2021-10-24,43.246469587825,21000100,42.333,20991200,42.333,21000200
2021-10-25,45.254469764350006,21000100,44.583,20991200,44.583,21000200
2021-10-26,46.70197415602083,21000100,44.965,20991200,44.965,21000200
2021-10-27,41.1592061215,21000100,40.445,20991200,40.445,21000200
2021-10-28,42.234908625,21000100,41.853,20991200,41.853,21000200
2021-10-29,44.958459688941666,21000100,44.207,20991200,44.207,21000200
2021-10-30,43.49996394951667,21000100,42.778,20991200,42.778,21000200
2021-10-31,44.107308161041665,21000100,42.811,20991200,42.811,21000200
2021-11-02,54.093760176083336,21000100,51.74,20991200,51.74,21000200
2021-11-03,55.6889124582,21000100,53.406,20991200,53.406,21000200
2021-11-04,55.713822405500004,21000100,53.879,20991200,53.879,21000200
2021-11-05,53.6636562799125,21000100,51.789,20991200,51.789,21000200
2021-11-06,53.17420008915,21000100,52.059,20991200,52.059,21000200
2021-11-07,52.88533211230834,21000100,52.267,20991200,52.267,21000200
2021-11-08,55.7560737972,21000100,53.424,20991200,53.424,21000200
2021-11-09,51.42133826998334,21000100,50.779,20991200,50.779,21000200
2021-11-10,47.17905568290001,21000100,46.737,20991200,46.737,21000200
2021-11-11,47.750334825483336,21000100,47.437,20991200,47.437,21000200
2021-11-12,46.309755375,21000100,45.891,20991200,45.891,21000200
2021-11-13,47.47428562500001,21000100,47.045,20991200,47.045,21000200
2021-11-14,46.832482125,21000100,46.409,20991200,46.409,21000200
2021-11-15,45.4300866404,21000100,44.808,20991200,44.808,21000200
2021-11-16,41.32703809225001,21000100,40.828,20991200,40.828,21000200
2021-11-17,43.139084625,21000100,42.749,20991200,42.749,21000200
2021-11-18,39.300669028483334,21000100,39.011,20991200,39.011,21000200
2021-11-19,41.58604125,21000100,41.21,20991200,41.21,21000200
2021-11-20,42.15304922845833,21000100,42.11,20991200,42.11,21000200
2021-11-21,42.342885,21000100,41.96,20991200,41.96,21000200
2021-11-22,39.847318875000006,21000100,39.487,20991200,39.487,21000200
2021-11-23,41.156154,21000100,40.784,20991200,40.784,21000200
2021-11-24,38.750862492850004,21000100,38.316,20991200,38.316,21000200
2021-11-25,40.24452838584166,21000100,39.518,20991200,39.518,21000200
2021-11-26,35.0142175462625,21000100,34.527,20991200,34.527,21000200
2021-11-27,34.694793677899995,21000100,35.132,20991200,35.132,21000200
2021-11-28,34.937013478649995,21000100,35.733,20991200,35.733,21000200
2021-11-29,36.7180634319,21000100,37.084,20991200,37.084,21000200
2021-11-30,37.57603048074583,21000100,37.931,20991200,37.931,21000200
2021-12-02,36.07520962500001,21000100,35.749,20991200,35.749,21000200
2021-12-03,33.996412125,21000100,33.689,20991200,33.689,21000200
2021-12-04,28.43706258648916,21000100,29.365,20991200,29.365,21000200
2021-12-05,28.070038768383334,21000100,28.292,20991200,28.292,21000200
2021-12-06,28.116497805816664,21000100,28.124,20991200,28.124,21000200
2021-12-07,30.399051340233335,21000100,30.454,20991200,30.454,21000200
2021-12-08,30.027878191266662,21000100,29.813,20991200,29.813,21000200
2021-12-09,27.039931344616665,21000100,26.884,20991200,26.884,21000200
2021-12-10,26.443794678583334,21000100,26.404,20991200,26.404,21000200
2021-12-11,27.839600795966668,21000100,27.803,20991200,27.803,21000200
2021-12-12,29.348537016,21000100,29.52,20991200,29.52,21000200
2021-12-13,25.895239327612497,21000100,25.953,20991200,25.953,21000200
2021-12-14,26.054553979399998,21000100,26.119,20991200,26.119,21000200
2021-12-15,27.152207768833332,21000100,27.116,20991200,27.116,21000200
2021-12-16,26.120197542375003,21000100,26.01,20991200,26.01,21000200
2021-12-17,24.8527305,21000100,24.628,20991200,24.628,21000200
2021-12-18,25.698833630141664,21000100,25.474,20991200,25.474,21000200
2021-12-19,24.992998875,21000100,24.767,20991200,24.767,21000200
2021-12-20,24.278538375000004,21000100,24.059,20991200,24.059,21000200
2021-12-21,25.286179323354165,21000100,25.141,20991200,25.141,21000200
2021-12-22,27.2539798006125,21000100,27.207,20991200,27.207,21000200
2021-12-23,29.252972937566664,21000100,29.144,20991200,29.144,21000200
2021-12-24,28.133207580225,21000100,28.131,20991200,28.131,21000200
2021-12-25,29.094303740666668,21000100,28.834,20991200,28.834,21000200
2021-12-26,31.435684987924997,21000100,31.298,20991200,31.298,21000200
2021-12-27,30.894559949733335,21000100,30.974,20991200,30.974,21000200
2021-12-28,28.076884875,21000100,27.823,20991200,27.823,21000200
2021-12-29,27.03445875,21000100,26.79,20991200,26.79,21000200
2021-12-30,27.590759561775,21000100,27.523,20991200,27.523,21000200
2021-12-31,26.824377359604167,21000100,26.645,20991200,26.645,21000200
2022-01-01,28.597706860766667,21000100,28.579,20991200,28.579,21000200
2022-01-02,29.204980752937498,21000100,29.673,20991200,29.673,21000200
2022-01-03,30.30967473193333,21000100,30.089,20991200,30.089,21000200
2022-01-04,28.938677625,21000100,28.677,20991200,28.677,21000200
2022-01-05,26.927491500000002,21000100,26.684,20991200,26.684,21000200
2022-01-06,26.646783113008333,21000100,26.698,20991200,26.698,21000200
2022-01-07,24.967048746874998,21000100,24.897,20991200,24.897,21000200
2022-01-08,24.19276275,21000100,23.974,20991200,23.974,21000200
2022-01-09,24.80811806666667,21000100,24.625,20991200,24.625,21000200
2022-01-10,23.526553007145832,21000100,23.705,20991200,23.705,21000200
2022-01-11,25.474483776000003,21000100,25.536,20991200,25.536,21000200
2022-01-12,27.07468821855,21000100,27.303,20991200,27.303,21000200
2022-01-13,25.834724326458335,21000100,25.775,20991200,25.775,21000200
2022-01-14,27.897434086624997,21000100,27.73,20991200,27.73,21000200
2022-01-15,27.418295198675,21000100,27.582,20991200,27.582,21000200
2022-01-16,27.6270437221875,21000100,27.675,20991200,27.675,21000200
2022-01-17,25.417047000041666,21000100,25.669,20991200,25.669,21000200
2022-01-18,24.8754489984,21000100,25.116,20991200,25.116,21000200
2022-01-19,23.779329976458335,21000100,24.05,20991200,24.05,21000200
2022-01-20,22.77689668533333,21000100,22.976,20991200,22.976,21000200
2022-01-21,18.960390218933334,21000100,19.628,20991200,19.628,21000200
2022-01-22,17.522396426680963,21000100,18.253,20991200,18.253,21000200
2022-01-23,18.673487349666665,21000100,18.791,20991200,18.791,21000200
2022-01-24,17.89866518365,21000100,18.006,20991200,18.006,21000200
2022-01-25,18.062118911279168,21000100,18.299,20991200,18.299,21000200
2022-01-26,17.65881147275,21000100,18.06,20991200,18.06,21000200
2022-01-27,17.66922514455417,21000100,18.091,20991200,18.091,21000200
2022-01-28,17.956935504825,21000100,18.318,20991200,18.318,21000200
2022-01-29,18.519547416883334,21000100,18.724,20991200,18.724,21000200
2022-01-30,17.80379100073333,21000100,18.118,20991200,18.118,21000200
2022-01-31,18.791349676499998,21000100,19.368,20991200,19.368,21000200
2022-02-01,19.265361357016666,21000100,19.553,20991200,19.553,21000200
2022-02-02,18.664102575562502,21000100,18.753,20991200,18.753,21000200
2022-02-03,18.581731113125,21000100,18.897,20991200,18.897,21000200
2022-02-04,20.1906567646875,21000100,20.475,20991200,20.475,21000200
2022-02-05,21.2884559232,21000100,21.312,20991200,21.312,21000200
2022-02-06,21.836202850424996,21000100,21.894,20991200,21.894,21000200
2022-02-07,22.075843284475,21000100,22.346,20991200,22.346,21000200
2022-02-08,21.357081277683335,21000100,21.646,20991200,21.646,21000200
2022-02-09,21.74850788325,21000100,21.929,20991200,21.929,21000200
2022-02-10,20.2672609678,21000100,20.496,20991200,20.496,21000200
2022-02-11,18.983787037479164,21000100,18.955,20991200,18.955,21000200
2022-02-12,18.696464688075,21000100,18.806,20991200,18.806,21000200
2022-02-13,18.532711219,21000100,18.722,20991200,18.722,21000200
2022-02-14,18.544821362025,21000100,18.687,20991200,18.687,21000200
2022-02-15,19.866839239887497,21000100,20.153,20991200,20.153,21000200
2022-02-16,19.740271847162496,21000100,19.749,20991200,19.749,21000200
2022-02-17,18.1382255569,21000100,18.142,20991200,18.142,21000200
2022-02-18,17.501793597275,21000100,17.797,20991200,17.797,21000200
2022-02-19,17.637847982491664,21000100,17.833,20991200,17.833,21000200
2022-02-20,16.6213755155,21000100,16.898,20991200,16.898,21000200
2022-02-21,15.958238361041667,21000100,16.163,20991200,16.163,21000200
2022-02-22,16.2498907895,21000100,16.584,20991200,16.584,21000200
2022-02-23,15.779828198591668,21000100,15.958,20991200,15.958,21000200
2022-02-24,15.6057936038,21000100,16.152,20991200,16.152,21000200
2022-02-25,17.007388073179165,21000100,17.239,20991200,17.239,21000200
2022-02-26,17.8703448266625,21000100,18.019,20991200,18.019,21000200
2022-02-27,17.48415244683333,21000100,17.48,20991200,17.48,21000200
2022-02-28,18.845401034675,21000100,18.923,20991200,18.923,21000200
2022-03-01,18.737531902008335,21000100,18.887,20991200,18.887,21000200
2022-03-02,18.5952120663375,21000100,18.601,20991200,18.601,21000200
2022-03-03,17.936428756516666,21000100,18.011,20991200,18.011,21000200
2022-03-04,16.73025456188333,21000100,16.772,20991200,16.772,21000200
2022-03-05,17.06765023066667,21000100,17.306,20991200,17.306,21000200
2022-03-06,16.7584331541375,21000100,16.983,20991200,16.983,21000200
2022-03-07,16.105585899675003,21000100,16.382,20991200,16.382,21000200
2022-03-08,16.583638690666668,21000100,16.952,20991200,16.952,21000200
2022-03-09,17.6242913832,21000100,17.848,20991200,17.848,21000200
2022-03-10,16.64366998545,21000100,16.956,20991200,16.956,21000200
2022-03-11,17.450873056000002,21000100,17.678,20991200,17.678,21000200
2022-03-12,17.928161547704164,21000100,18.133,20991200,18.133,21000200
2022-03-13,17.133945286733333,21000100,17.206,20991200,17.206,21000200
2022-03-14,17.492400098333334,21000100,17.68,20991200,17.68,21000200
2022-03-15,17.4986230442625,21000100,17.793,20991200,17.793,21000200
2022-03-16,18.895237064266666,21000100,19.034,20991200,19.034,21000200
2022-03-17,18.769977776624998,21000100,18.735,20991200,18.735,21000200
2022-03-18,18.8621836848,21000100,18.936,20991200,18.936,21000200
2022-03-19,19.228228560666665,21000100,19.384,20991200,19.384,21000200
2022-03-20,18.547417118174998,21000100,18.639,20991200,18.639,21000200
2022-03-21,18.388019780833336,21000100,18.731,20991200,18.731,21000200
2022-03-22,20.089629434454167,21000100,20.203,20991200,20.203,21000200
2022-03-23,20.769091794749997,21000100,21.005,20991200,21.005,21000200
2022-03-24,20.991412777300003,21000100,21.236,20991200,21.236,21000200
2022-03-25,20.3305018185,21000100,20.52,20991200,20.52,21000200
2022-03-26,20.852824356133333,21000100,20.899,20991200,20.899,21000200
2022-03-27,22.247316135000002,21000100,22.44,20991200,22.44,21000200
2022-03-28,21.852305941058333,21000100,21.962,20991200,21.962,21000200
2022-03-29,22.2203790238,21000100,22.416,20991200,22.416,21000200
2022-03-30,22.512854679112504,21000100,22.443,20991200,22.443,21000200
2022-03-31,21.3073756245,21000100,21.315,20991200,21.315,21000200
2022-04-01,21.919405144749998,21000100,22.051,20991200,22.051,21000200
2022-04-02,22.78034151283333,21000100,22.595,20991200,22.595,21000200
2022-04-03,23.37437819173333,21000100,23.194,20991200,23.194,21000200
2022-04-04,22.83202065889167,21000100,22.882,20991200,22.882,21000200
2022-04-05,21.712941280000003,21000100,21.76,20991200,21.76,21000200
2022-04-06,19.591045784016664,21000100,19.822,20991200,19.822,21000200
2022-04-07,20.0632764534,21000100,20.376,20991200,20.376,21000200
2022-04-08,19.3011657853375,21000100,19.407,20991200,19.407,21000200
2022-04-09,19.6603459677625,21000100,19.747,20991200,19.747,21000200
2022-04-10,19.290912185187498,21000100,19.217,20991200,19.217,21000200
2022-04-11,17.037698254691666,21000100,17.191,20991200,17.191,21000200
2022-04-12,17.323170422100002,21000100,17.756,20991200,17.756,21000200
2022-04-13,17.813008961641664,21000100,18.182,20991200,18.182,21000200
2022-04-14,17.580875147366665,21000100,17.897,20991200,17.897,21000200
2022-04-15,18.133922696470833,21000100,18.329,20991200,18.329,21000200
2022-04-16,18.499154491125,21000100,18.585,20991200,18.585,21000200
2022-04-17,17.721443714775,21000100,17.718,20991200,17.718,21000200
2022-04-18,17.89129199800833,21000100,18.142,20991200,18.142,21000200
2022-04-19,18.7681146393375,21000100,18.873,20991200,18.873,21000200
2022-04-20,19.068165268541666,21000100,19.075,20991200,19.075,21000200
2022-04-21,18.23366589916667,21000100,18.158,20991200,18.158,21000200
2022-04-22,18.205930083541663,21000100,18.269,20991200,18.269,21000200
2022-04-23,18.534234955183333,21000100,18.686,20991200,18.686,21000200
2022-04-24,18.092306305041667,21000100,18.149,20991200,18.149,21000200
2022-04-25,17.834971343733333,21000100,18.091,20991200,18.091,21000200
2022-04-26,16.549079385395835,21000100,16.661,20991200,16.661,21000200
2022-04-27,16.604014740104166,21000100,16.933,20991200,16.933,21000200
2022-04-28,16.6673084806,21000100,16.971,20991200,16.971,21000200
2022-04-29,15.9871817107625,21000100,16.177,20991200,16.177,21000200
2022-04-30,14.418444598958333,21000100,14.479,20991200,14.479,21000200
2022-05-01,14.839601448766668,21000100,15.332,20991200,15.332,21000200
2022-05-02,14.545193716525,21000100,14.954,20991200,14.954,21000200
2022-05-03,14.592859703229166,21000100,14.719,20991200,14.719,21000200
2022-05-04,16.12529135515,21000100,16.318,20991200,16.318,21000200
2022-05-05,14.476122200070835,21000100,14.569,20991200,14.569,21000200
2022-05-06,14.033897970750001,21000100,14.319,20991200,14.319,21000200
2022-05-07,13.6047012997375,21000100,13.737,20991200,13.737,21000200
2022-05-08,13.129541995875002,21000100,13.246,20991200,13.246,21000200
2022-05-09,10.4041954601375,21000100,10.613,20991200,10.613,21000200
2022-05-10,11.24540431875,21000100,11.34,20991200,11.34,21000200
2022-05-11,8.720549602451188,21000100,9.068,20991200,9.068,21000200
2022-05-12,8.308302606465322,21000100,8.692,20991200,8.692,21000200
2022-05-13,10.247024467066666,21000100,10.456,20991200,10.456,21000200
2022-05-14,11.175806501783335,21000100,11.294,20991200,11.294,21000200
2022-05-15,11.587374191583335,21000100,11.797,20991200,11.797,21000200
2022-05-16,10.47048787875,21000100,10.62,20991200,10.62,21000200
2022-05-17,10.8482019256,21000100,11.024,20991200,11.024,21000200
2022-05-18,9.3629341736125,21000100,9.481,20991200,9.481,21000200
2022-05-19,9.874157669191666,21000100,10.022,20991200,10.022,21000200
2022-05-20,9.5167053201,21000100,9.656,20991200,9.656,21000200
2022-05-21,9.811970230475,21000100,9.982,20991200,9.982,21000200
2022-05-22,10.007388941375002,21000100,10.146,20991200,10.146,21000200
2022-05-23,9.729390724316668,21000100,9.884,20991200,9.884,21000200
2022-05-24,9.9900411580125,21000100,10.179,20991200,10.179,21000200
2022-05-25,9.714549056400001,21000100,9.864,20991200,9.864,21000200
2022-05-26,8.899436003924999,21000100,9.129,20991200,9.129,21000200
2022-05-27,8.857559956633333,21000100,9.116,20991200,9.116,21000200
2022-05-28,9.382649670449998,21000100,9.639,20991200,9.639,21000200
2022-05-29,9.781146883679167,21000100,9.971,20991200,9.971,21000200
2022-05-30,10.398746572583333,21000100,10.459,20991200,10.459,21000200
2022-05-31,10.333856080741667,21000100,10.346,20991200,10.346,21000200
2022-06-01,9.422153054999999,21000100,9.45,20991200,9.45,21000200
2022-06-02,9.702084328866666,21000100,9.872,20991200,9.872,21000200
2022-06-03,9.2225551950625,21000100,9.363,20991200,9.363,21000200
2022-06-04,9.2781436941,21000100,9.441,20991200,9.441,21000200
2022-06-05,9.1837156914,21000100,9.342,20991200,9.342,21000200
2022-06-06,9.4187464858125,21000100,9.495,20991200,9.495,21000200
2022-06-07,8.9931399936,21000100,9.216,20991200,9.216,21000200
2022-06-08,8.6660504888125,21000100,8.995,20991200,8.995,21000200
2022-06-09,8.996214929579168,21000100,9.227,20991200,9.227,21000200
2022-06-10,8.432057219599999,21000100,8.652,20991200,8.652,21000200
2022-06-11,7.819186905733333,21000100,8.032,20991200,8.032,21000200
2022-06-12,7.132250913870833,21000100,7.391,20991200,7.391,21000200
2022-06-13,6.653558907642209,21000100,7.031,20991200,7.031,21000200
2022-06-14,6.929988962131125,21000100,7.355,20991200,7.355,21000200
2022-06-15,8.11277107945,21000100,8.493,20991200,8.493,21000200
2022-06-16,6.8758510646875,21000100,7.115,20991200,7.115,21000200
2022-06-17,6.938783889,21000100,7.27,20991200,7.27,21000200
2022-06-18,6.62732330365,21000100,7.044,20991200,7.044,21000200
2022-06-19,7.0763670656875,21000100,7.511,20991200,7.511,21000200
2022-06-20,7.561918529666667,21000100,7.864,20991200,7.864,21000200
2022-06-21,7.567235279916667,21000100,7.756,20991200,7.756,21000200
2022-06-22,7.210224405270833,21000100,7.385,20991200,7.385,21000200
2022-06-23,7.624758156333334,21000100,7.769,20991200,7.769,21000200
2022-06-24,8.043298253800002,21000100,8.178,20991200,8.178,21000200
2022-06-25,7.974470025900001,21000100,8.127,20991200,8.127,21000200
2022-06-26,7.716335080366667,21000100,7.828,20991200,7.828,21000200
2022-06-27,7.5567367008375,21000100,7.737,20991200,7.737,21000200
2022-06-28,7.1434735344,21000100,7.308,20991200,7.308,21000200
2022-06-29,6.8985485197916665,21000100,7.03,20991200,7.03,21000200
2022-06-30,6.916764589783333,21000100,7.057,20991200,7.057,21000200
2022-07-01,6.6024470678875,21000100,6.749,20991200,6.749,21000200
2022-07-02,6.6389440502,21000100,6.817,20991200,6.817,21000200
2022-07-03,6.629477764175,21000100,6.846,20991200,6.846,21000200
2022-07-04,6.987003809166667,21000100,7.16,20991200,7.16,21000200
2022-07-05,6.6840956830666665,21000100,6.832,20991200,6.832,21000200
2022-07-06,6.778954106604166,21000100,6.919,20991200,6.919,21000200
2022-07-07,7.243810038966666,21000100,7.298,20991200,7.298,21000200
2022-07-08,6.9343827429,21000100,7.032,20991200,7.032,21000200
2022-07-09,7.164265910416667,21000100,7.25,20991200,7.25,21000200
2022-07-10,6.7679292565499996,21000100,6.853,20991200,6.853,21000200
2022-07-11,6.376869108425,21000100,6.521,20991200,6.521,21000200
2022-07-12,6.1331357598750005,21000100,6.274,20991200,6.274,21000200
2022-07-13,6.317225878983334,21000100,6.458,20991200,6.458,21000200
2022-07-14,6.562538498824999,21000100,6.717,20991200,6.717,21000200
2022-07-15,6.7352208044,21000100,6.792,20991200,6.792,21000200
2022-07-16,7.134659689333334,21000100,7.184,20991200,7.184,21000200
2022-07-17,6.914496309966665,21000100,6.914,20991200,6.914,21000200
2022-07-18,7.5804309532500005,21000100,7.647,20991200,7.647,21000200
2022-07-19,7.6367000598,21000100,7.784,20991200,7.784,21000200
2022-07-20,7.2984367285,21000100,7.46,20991200,7.46,21000200
2022-07-21,7.445968492266666,21000100,7.523,20991200,7.523,21000200
2022-07-22,7.237367998833334,21000100,7.285,20991200,7.285,21000200
2022-07-23,7.23193793335,21000100,7.319,20991200,7.319,21000200
2022-07-24,7.305821076400001,21000100,7.392,20991200,7.392,21000200
2022-07-25,6.680249736225,21000100,6.747,20991200,6.747,21000200
2022-07-26,6.5611786338,21000100,6.768,20991200,6.768,21000200
2022-07-27,7.379469699875,21000100,7.67,20991200,7.67,21000200
2022-07-28,7.790070908541666,21000100,7.85,20991200,7.85,21000200
2022-07-29,8.158274323250001,21000100,8.178,20991200,8.178,21000200
2022-07-30,8.1671855832,21000100,8.208,20991200,8.208,21000200
2022-07-31,8.564136347,21000100,8.616,20991200,8.616,21000200
2022-08-01,8.189553968795833,21000100,8.173,20991200,8.173,21000200
2022-08-02,7.68121992,21000100,7.92,20991200,7.92,21000200
2022-08-03,7.803729499225,21000100,7.986,20991200,7.986,21000200
2022-08-04,7.9624285596125,21000100,8.087,20991200,8.087,21000200
2022-08-05,8.637614663333334,21000100,8.8,20991200,8.8,21000200
2022-08-06,8.437686019466668,21000100,8.512,20991200,8.512,21000200
2022-08-07,8.556459718400001,21000100,8.646,20991200,8.646,21000200
2022-08-08,9.146575437175,21000100,9.263,20991200,9.263,21000200
2022-08-09,8.77336873225,21000100,8.895,20991200,8.895,21000200
2022-08-10,9.420571493666666,21000100,9.52,20991200,9.52,21000200
2022-08-11,9.1104496713,21000100,9.189,20991200,9.189,21000200
2022-08-12,9.3678139680125,21000100,9.471,20991200,9.471,21000200
2022-08-13,9.308158646775002,21000100,9.297,20991200,9.297,21000200
2022-08-14,8.7749479532875,21000100,8.949,20991200,8.949,21000200
2022-08-15,8.5770009365625,21000100,8.775,20991200,8.775,21000200
2022-08-16,8.6917957581375,21000100,8.829,20991200,8.829,21000200
2022-08-17,8.299946324175,21000100,8.371,20991200,8.371,21000200
2022-08-18,7.95026978515,21000100,8.074,20991200,8.074,21000200
2022-08-19,7.077335513008333,21000100,7.298,20991200,7.298,21000200
2022-08-20,7.008751473225,21000100,7.218,20991200,7.218,21000200
2022-08-21,7.164998123295833,21000100,7.427,20991200,7.427,21000200
2022-08-22,7.219721423925,21000100,7.398,20991200,7.398,21000200
2022-08-23,7.4814742386083335,21000100,7.634,20991200,7.634,21000200
2022-08-24,7.44502426415,21000100,7.559,20991200,7.559,21000200
2022-08-25,7.432088486666667,21000100,7.574,20991200,7.574,21000200
2022-08-26,6.8217155293791665,21000100,6.917,20991200,6.917,21000200
2022-08-27,6.850768404554167,21000100,7.037,20991200,7.037,21000200
2022-08-28,6.699498559916666,21000100,6.854,20991200,6.854,21000200
2022-08-29,7.11076875215,21000100,7.266,20991200,7.266,21000200
2022-08-30,6.878763132604167,21000100,7.003,20991200,7.003,21000200
2022-08-31,6.986237951666666,21000100,7.024,20991200,7.024,21000200
2022-09-01,7.0397523450375,21000100,7.177,20991200,7.177,21000200
2022-09-02,7.267194661512501,21000100,7.293,20991200,7.293,21000200
2022-09-03,7.255230215016667,21000100,7.282,20991200,7.282,21000200
2022-09-04,7.342053839108333,21000100,7.369,20991200,7.369,21000200
2022-09-05,7.385562681062501,21000100,7.365,20991200,7.365,21000200
2022-09-06,6.836574725466667,21000100,6.872,20991200,6.872,21000200
2022-09-07,7.0775618309583335,21000100,7.195,20991200,7.195,21000200
2022-09-08,7.35925885605,21000100,7.383,20991200,7.383,21000200
2022-09-09,7.785314807354167,21000100,7.751,20991200,7.751,21000200
2022-09-10,7.780647743825001,21000100,7.766,20991200,7.766,21000200
2022-09-11,7.6921184323,21000100,7.694,20991200,7.694,21000200
2022-09-12,7.621625557283333,21000100,7.654,20991200,7.654,21000200
2022-09-13,6.9922794045500005,21000100,7.062,20991200,7.062,21000200
2022-09-14,7.08713578335,21000100,7.203,20991200,7.203,21000200
2022-09-15,6.78081176655,21000100,6.924,20991200,6.924,21000200
2022-09-16,6.8140745814625,21000100,6.897,20991200,6.897,21000200
2022-09-17,6.96779776165,21000100,7.053,20991200,7.053,21000200
2022-09-18,6.431601243075,21000100,6.442,20991200,6.442,21000200
2022-09-19,6.30745589085,21000100,6.381,20991200,6.381,21000200
2022-09-20,6.19768514235,21000100,6.282,20991200,6.282,21000200
2022-09-21,6.0573270180000005,21000100,6.12,20991200,6.12,21000200
2022-09-22,6.3293291625,21000100,6.441,20991200,6.441,21000200
2022-09-23,6.4086414196375,21000100,6.429,20991200,6.429,21000200
2022-09-24,6.192353796091667,21000100,6.266,20991200,6.266,21000200
2022-09-25,6.071034838066667,21000100,6.196,20991200,6.196,21000200
2022-09-26,6.4926238525875,21000100,6.553,20991200,6.553,21000200
2022-09-27,6.369144591799999,21000100,6.366,20991200,6.366,21000200
2022-09-28,6.289252525733334,21000100,6.386,20991200,6.386,21000200
2022-09-29,6.4029959272250005,21000100,6.429,20991200,6.429,21000200
2022-09-30,6.2916678905625005,21000100,6.315,20991200,6.315,21000200
2022-10-01,6.2378292301125,21000100,6.267,20991200,6.267,21000200
2022-10-02,6.129332536775,21000100,6.153,20991200,6.153,21000200
2022-10-03,6.298799255516666,21000100,6.364,20991200,6.364,21000200
2022-10-04,6.5038444797375,21000100,6.489,20991200,6.489,21000200
2022-10-05,6.414762427125,21000100,6.43,20991200,6.43,21000200
2022-10-06,6.325152296025,21000100,6.339,20991200,6.339,21000200
2022-10-07,6.2477418643750005,21000100,6.325,20991200,6.325,21000200
2022-10-08,6.29178341645,21000100,6.307,20991200,6.307,21000200
2022-10-09,6.4646658667,21000100,6.476,20991200,6.476,21000200
2022-10-10,6.2517731760125,21000100,6.249,20991200,6.249,21000200
2022-10-11,6.119833731866667,21000100,6.176,20991200,6.176,21000200
2022-10-12,6.1369618016,21000100,6.168,20991200,6.168,21000200
2022-10-13,5.9568655216,21000100,6.104,20991200,6.104,21000200
2022-10-14,5.9963618590375,21000100,6.037,20991200,6.037,21000200
2022-10-15,5.993053453208333,21000100,6.047,20991200,6.047,21000200
2022-10-16,6.1574375439499995,21000100,6.177,20991200,6.177,21000200
2022-10-17,6.234770755208333,21000100,6.25,20991200,6.25,21000200
2022-10-18,6.133427460825,21000100,6.153,20991200,6.153,21000200
2022-10-19,6.0417535248,21000100,6.096,20991200,6.096,21000200
2022-10-20,5.853116123783333,21000100,5.878,20991200,5.878,21000200
2022-10-21,5.6844274851,21000100,5.832,20991200,5.832,21000200
2022-10-22,5.7608718721125,21000100,5.841,20991200,5.841,21000200
2022-10-23,5.891711667216667,21000100,5.959,20991200,5.959,21000200
2022-10-24,5.833306127,21000100,5.91,20991200,5.91,21000200
2022-10-25,6.3684913432000005,21000100,6.432,20991200,6.432,21000200
2022-10-26,6.4862864964625,21000100,6.461,20991200,6.461,21000200
2022-10-27,6.32324075695,21000100,6.326,20991200,6.326,21000200
2022-10-28,6.4865436152,21000100,6.512,20991200,6.512,21000200
2022-10-29,6.623353821529167,21000100,6.631,20991200,6.631,21000200
2022-10-30,6.639931820999999,21000100,6.648,20991200,6.648,21000200
2022-10-31,6.625189557620834,21000100,6.617,20991200,6.617,21000200
2022-11-01,6.41910831625,21000100,6.45,20991200,6.45,21000200
2022-11-02,6.245647711479167,21000100,6.251,20991200,6.251,21000200
2022-11-03,6.322800622600001,21000100,6.416,20991200,6.416,21000200
2022-11-04,7.06985698625,21000100,7.052,20991200,7.052,21000200
2022-11-05,6.998941273433333,21000100,7.022,20991200,7.022,21000200
2022-11-06,6.810062459337501,21000100,6.809,20991200,6.809,21000200
2022-11-07,7.0874225186625,21000100,7.119,20991200,7.119,21000200
2022-11-08,6.240849544437499,21000100,6.295,20991200,6.295,21000200
2022-11-09,5.19351583104406,21000100,5.412,20991200,5.412,21000200
2022-11-10,5.727121851262499,21000100,5.967,20991200,5.967,21000200
2022-11-11,5.683850306333334,21000100,5.746,20991200,5.746,21000200
2022-11-12,5.675041657,21000100,5.776,20991200,5.776,21000200
2022-11-13,5.7203492932249995,21000100,5.747,20991200,5.747,21000200
2022-11-14,5.857323860433333,21000100,5.864,20991200,5.864,21000200
2022-11-15,5.919271854737499,21000100,5.919,20991200,5.919,21000200
2022-11-16,5.684084301604166,21000100,5.701,20991200,5.701,21000200
2022-11-17,5.617237884616666,21000100,5.666,20991200,5.666,21000200
2022-11-18,5.593616888774999,21000100,5.638,20991200,5.638,21000200
2022-11-19,5.518174510575,21000100,5.597,20991200,5.597,21000200
2022-11-20,5.2378538739666665,21000100,5.288,20991200,5.288,21000200
2022-11-21,5.0765505408000005,21000100,5.184,20991200,5.184,21000200
2022-11-22,5.2133896625541665,21000100,5.279,20991200,5.279,21000200
2022-11-23,5.4446466104999995,21000100,5.43,20991200,5.43,21000200
2022-11-24,5.241813364124999,21000100,5.382,20991200,5.382,21000200
2022-11-25,5.089039265875,21000100,5.262,20991200,5.262,21000200
2022-11-26,5.1569081068000004,21000100,5.296,20991200,5.296,21000200
2022-11-27,5.204149195258333,21000100,5.294,20991200,5.294,21000200
2022-11-28,4.9337706828125,21000100,5.125,20991200,5.125,21000200
2022-11-29,5.2632577218000005,21000100,5.304,20991200,5.304,21000200
2022-11-30,5.4210674533833325,21000100,5.462,20991200,5.462,21000200
2022-12-01,5.404110670575,21000100,5.406,20991200,5.406,21000200
2022-12-02,5.5893717791208335,21000100,5.617,20991200,5.617,21000200
2022-12-03,5.471953276783333,21000100,5.491,20991200,5.491,21000200
2022-12-04,5.537779267145833,21000100,5.585,20991200,5.585,21000200
2022-12-05,5.445299917575,21000100,5.481,20991200,5.481,21000200
2022-12-06,5.436976722420833,21000100,5.497,20991200,5.497,21000200
2022-12-07,5.324242015708333,21000100,5.29,20991200,5.29,21000200
2022-12-08,5.424711031091666,21000100,5.426,20991200,5.426,21000200
2022-12-09,5.3178522713125,21000100,5.295,20991200,5.295,21000200
2022-12-10,5.2312341282000006,21000100,5.272,20991200,5.272,21000200
2022-12-11,5.1935683429749995,21000100,5.158,20991200,5.158,21000200
2022-12-12,5.157219014891667,21000100,5.174,20991200,5.174,21000200
2022-12-13,5.327401278866667,21000100,5.284,20991200,5.284,21000200
2022-12-14,5.260568625,21000100,5.213,20991200,5.213,21000200
2022-12-15,5.2599534254875,21000100,5.227,20991200,5.227,21000200
2022-12-16,4.665369537266667,21000100,4.648,20991200,4.648,21000200
2022-12-17,4.6155574206875,21000100,4.705,20991200,4.705,21000200
2022-12-18,4.5739972364625,21000100,4.653,20991200,4.653,21000200
2022-12-19,4.4373834205,21000100,4.478,20991200,4.478,21000200
2022-12-20,4.5750823267500005,21000100,4.602,20991200,4.602,21000200
2022-12-21,4.471555928466667,21000100,4.484,20991200,4.484,21000200
2022-12-22,4.468415876875,21000100,4.53,20991200,4.53,21000200
2022-12-23,4.490041728191667,21000100,4.471,20991200,4.471,21000200
2022-12-24,4.443573202133334,21000100,4.448,20991200,4.448,21000200
2022-12-25,4.501421081704167,21000100,4.489,20991200,4.489,21000200
2022-12-26,4.566656949791667,21000100,4.57,20991200,4.57,21000200
2022-12-27,4.4437785628499995,21000100,4.476,20991200,4.476,21000200
2022-12-28,4.29451952265,21000100,4.284,20991200,4.284,21000200
2022-12-29,4.3159259465,21000100,4.305,20991200,4.305,21000200
2022-12-30,4.336549532595833,21000100,4.321,20991200,4.321,21000200
2022-12-31,4.323224412658333,21000100,4.306,20991200,4.306,21000200
2023-01-01,4.395093456875,21000100,4.367,20991200,4.367,21000200
2023-01-02,4.4617858315416665,21000100,4.49,20991200,4.49,21000200
2023-01-03,4.507390058616667,21000100,4.522,20991200,4.522,21000200
2023-01-04,4.643692924295833,21000100,4.627,20991200,4.627,21000200
2023-01-05,4.639987080858333,21000100,4.619,20991200,4.619,21000200
2023-01-06,4.725732375,21000100,4.683,20991200,4.683,21000200
2023-01-07,4.6941238152333336,21000100,4.663,20991200,4.663,21000200
2023-01-08,4.8595071927,21000100,4.824,20991200,4.824,21000200
2023-01-09,4.9267332452,21000100,4.888,20991200,4.888,21000200
2023-01-10,4.961867625,21000100,4.917,20991200,4.917,21000200
2023-01-11,5.172831750133333,21000100,5.129,20991200,5.129,21000200
2023-01-12,5.268192792974999,21000100,5.229,20991200,5.229,21000200
2023-01-13,5.434074490766666,21000100,5.396,20991200,5.396,21000200
2023-01-14,6.0830055,21000100,6.028,20991200,6.028,21000200
2023-01-15,5.987138625,21000100,5.933,20991200,5.933,21000200
2023-01-16,5.86301625,21000100,5.81,20991200,5.81,21000200
2023-01-17,6.00833025,21000100,5.954,20991200,5.954,21000200
2023-01-18,5.693483250000001,21000100,5.642,20991200,5.642,21000200
2023-01-19,5.84320651215,21000100,5.796,20991200,5.796,21000200
2023-01-20,6.282302790125,21000100,6.245,20991200,6.245,21000200
2023-01-21,6.295930875,21000100,6.239,20991200,6.239,21000200
2023-01-22,6.26262975,21000100,6.206,20991200,6.206,21000200
2023-01-23,6.5490042229875,21000100,6.561,20991200,6.561,21000200
2023-01-24,6.147549997983333,21000100,6.188,20991200,6.188,21000200
2023-01-25,6.321325656416666,21000100,6.395,20991200,6.395,21000200
2023-01-26,6.485870666825,21000100,6.469,20991200,6.469,21000200
2023-01-27,6.641051625000001,21000100,6.581,20991200,6.581,21000200
2023-01-28,6.411258796825001,21000100,6.389,20991200,6.389,21000200
2023-01-29,6.596533975074999,21000100,6.611,20991200,6.611,21000200
2023-01-30,6.208791517975,21000100,6.186,20991200,6.186,21000200
2023-01-31,6.225171370983333,21000100,6.257,20991200,6.257,21000200
2023-02-01,6.4322760559541665,21000100,6.463,20991200,6.463,21000200
2023-02-02,6.580419036704167,21000100,6.541,20991200,6.541,21000200
2023-02-03,7.0304340166875,21000100,7.005,20991200,7.005,21000200
2023-02-04,6.930670500000001,21000100,6.868,20991200,6.868,21000200
2023-02-05,6.6534927940666675,21000100,6.631,20991200,6.631,21000200
2023-02-06,6.531068241075,21000100,6.489,20991200,6.489,21000200
2023-02-07,6.918678833820834,21000100,6.937,20991200,6.937,21000200
2023-02-08,6.81159375,21000100,6.75,20991200,6.75,21000200
2023-02-09,6.257475000875001,21000100,6.23,20991200,6.23,21000200
2023-02-10,6.110461769358333,21000100,6.178,20991200,6.178,21000200
2023-02-11,6.250350171841667,21000100,6.271,20991200,6.271,21000200
2023-02-12,6.139869601666667,21000100,6.175,20991200,6.175,21000200
2023-02-13,6.091650366391667,21000100,6.142,20991200,6.142,21000200
2023-02-14,6.249154062600001,21000100,6.224,20991200,6.224,21000200
2023-02-15,6.636963374291666,21000100,6.61,20991200,6.61,21000200
2023-02-16,6.3817065,21000100,6.324,20991200,6.324,21000200
2023-02-17,7.339321072125001,21000100,7.29,20991200,7.29,21000200
2023-02-18,7.30040034885,21000100,7.233,20991200,7.233,21000200
2023-02-19,7.51394475,21000100,7.446,20991200,7.446,21000200
2023-02-20,7.6229302500000005,21000100,7.554,20991200,7.554,21000200
2023-02-21,7.3181745000000005,21000100,7.252,20991200,7.252,21000200
2023-02-22,7.248544875,21000100,7.183,20991200,7.183,21000200
2023-02-23,7.160751,21000100,7.096,20991200,7.096,21000200
2023-02-24,6.6693071250000004,21000100,6.609,20991200,6.609,21000200
2023-02-25,6.567019919574999,21000100,6.537,20991200,6.537,21000200
2023-02-26,6.650219476979166,21000100,6.685,20991200,6.685,21000200
2023-02-27,6.5517556379208335,21000100,6.577,20991200,6.577,21000200
2023-02-28,6.358620831766667,21000100,6.344,20991200,6.344,21000200
2023-03-01,6.565894798275,21000100,6.533,20991200,6.533,21000200
2023-03-02,6.388770375000001,21000100,6.331,20991200,6.331,21000200
2023-03-03,5.985858988083334,21000100,6.034,20991200,6.034,21000200
2023-03-04,5.934977825533334,21000100,5.912,20991200,5.912,21000200
2023-03-05,5.943392260487499,21000100,5.971,20991200,5.971,21000200
2023-03-06,5.9254831015,21000100,5.916,20991200,5.916,21000200
2023-03-07,5.841951424958333,21000100,5.843,20991200,5.843,21000200
2023-03-08,5.6109272631875,21000100,5.595,20991200,5.595,21000200
2023-03-09,5.358376390166666,21000100,5.38,20991200,5.38,21000200
2023-03-10,5.436961501622022,21000100,5.545,20991200,5.545,21000200
2023-03-11,5.433444607499999,21000100,5.46,20991200,5.46,21000200
2023-03-12,5.89096234515,21000100,5.892,20991200,5.892,21000200
2023-03-13,6.1153189098,21000100,6.096,20991200,6.096,21000200
2023-03-14,6.2204224926,21000100,6.219,20991200,6.219,21000200
2023-03-15,5.924572875000001,21000100,5.871,20991200,5.871,21000200
2023-03-16,6.06437121615,21000100,6.084,20991200,6.084,21000200
2023-03-17,6.6349150289250005,21000100,6.618,20991200,6.618,21000200
2023-03-18,6.368587875,21000100,6.311,20991200,6.311,21000200
2023-03-19,6.508856250000001,21000100,6.45,20991200,6.45,21000200
2023-03-20,6.137798362316667,21000100,6.089,20991200,6.089,21000200
2023-03-21,6.3529061885,21000100,6.36,20991200,6.36,21000200
2023-03-22,6.0812213364,21000100,6.048,20991200,6.048,21000200
2023-03-23,6.302343401883334,21000100,6.317,20991200,6.317,21000200
2023-03-24,6.070896,21000100,6.016,20991200,6.016,21000200
2023-03-25,5.85830824,21000100,5.9,20991200,5.9,21000200
2023-03-26,5.982843907833333,21000100,6.04,20991200,6.04,21000200
2023-03-27,5.879999191,21000100,5.864,20991200,5.864,21000200
2023-03-28,6.07275675505,21000100,6.054,20991200,6.054,21000200
2023-03-29,6.2353833750000005,21000100,6.179,20991200,6.179,21000200
2023-03-30,6.170421188300001,21000100,6.117,20991200,6.117,21000200
2023-03-31,6.3901973384333335,21000100,6.338,20991200,6.338,21000200
2023-04-01,6.372276047375,21000100,6.342,20991200,6.342,21000200
2023-04-02,6.3147970424875,21000100,6.261,20991200,6.261,21000200
2023-04-03,6.453128969145833,21000100,6.415,20991200,6.415,21000200
2023-04-04,6.4947285,21000100,6.436,20991200,6.436,21000200
2023-04-05,6.457717379575,21000100,6.402,20991200,6.402,21000200
2023-04-06,6.293356173399999,21000100,6.276,20991200,6.276,21000200
2023-04-07,6.1971522887,21000100,6.172,20991200,6.172,21000200
2023-04-08,6.126753095233332,21000100,6.124,20991200,6.124,21000200
2023-04-09,6.2125600495625,21000100,6.207,20991200,6.207,21000200
2023-04-10,6.3034344025625,21000100,6.285,20991200,6.285,21000200
2023-04-11,6.463661524283333,21000100,6.413,20991200,6.413,21000200
2023-04-12,6.4594091250000005,21000100,6.401,20991200,6.401,21000200
2023-04-13,6.695544375,21000100,6.635,20991200,6.635,21000200
2023-04-14,6.7934295,21000100,6.732,20991200,6.732,21000200
2023-04-15,6.870123,21000100,6.808,20991200,6.808,21000200
2023-04-16,6.8903055,21000100,6.828,20991200,6.828,21000200
2023-04-17,6.76315575,21000100,6.702,20991200,6.702,21000200
2023-04-18,6.9811267500000005,21000100,6.918,20991200,6.918,21000200
2023-04-19,6.362533125,21000100,6.305,20991200,6.305,21000200
2023-04-20,6.162726375,21000100,6.107,20991200,6.107,21000200
2023-04-21,5.880267352650001,21000100,5.844,20991200,5.844,21000200
2023-04-22,5.879890130875,21000100,5.942,20991200,5.942,21000200
2023-04-23,5.836545516641666,21000100,5.902,20991200,5.902,21000200
2023-04-24,5.8706640299999995,21000100,5.88,20991200,5.88,21000200
2023-04-25,6.007745164666667,21000100,5.996,20991200,5.996,21000200
2023-04-26,5.886918245541667,21000100,5.845,20991200,5.845,21000200
2023-04-27,5.950820383041667,21000100,5.966,20991200,5.966,21000200
2023-04-28,5.958246777333333,21000100,5.944,20991200,5.944,21000200
2023-04-29,6.069917547275001,21000100,6.038,20991200,6.038,21000200
2023-04-30,5.915983654991666,21000100,5.873,20991200,5.873,21000200
2023-05-01,5.666995612275,21000100,5.661,20991200,5.661,21000200
2023-05-02,5.71684197755,21000100,5.709,20991200,5.709,21000200
2023-05-03,5.809127477866666,21000100,5.776,20991200,5.776,21000200
2023-05-04,5.7025084775,21000100,5.667,20991200,5.667,21000200
2023-05-05,5.850384456437499,21000100,5.843,20991200,5.843,21000200
2023-05-06,5.680364625,21000100,5.629,20991200,5.629,21000200
2023-05-07,5.634710513979167,21000100,5.627,20991200,5.627,21000200
2023-05-08,5.375494454145834,21000100,5.365,20991200,5.365,21000200
2023-05-09,5.338162864625001,21000100,5.318,20991200,5.318,21000200
2023-05-10,5.4317255167416665,21000100,5.459,20991200,5.459,21000200
2023-05-11,5.286172591154166,21000100,5.273,20991200,5.273,21000200
2023-05-12,5.357501560058334,21000100,5.338,20991200,5.338,21000200
2023-05-13,5.393724351875,21000100,5.345,20991200,5.345,21000200
2023-05-14,5.39215385725,21000100,5.345,20991200,5.345,21000200
2023-05-15,5.347112919020833,21000100,5.311,20991200,5.311,21000200
2023-05-16,5.2922092545,21000100,5.292,20991200,5.292,21000200
2023-05-17,5.44487188035,21000100,5.418,20991200,5.418,21000200
2023-05-18,5.384691000000001,21000100,5.336,20991200,5.336,21000200
2023-05-19,5.4140115051,21000100,5.371,20991200,5.371,21000200
2023-05-20,5.432004999875001,21000100,5.406,20991200,5.406,21000200
2023-05-21,5.291268444525,21000100,5.271,20991200,5.271,21000200
2023-05-22,5.312052485125,21000100,5.307,20991200,5.307,21000200
2023-05-23,5.44725675,21000100,5.398,20991200,5.398,21000200
2023-05-24,5.2974463499999995,21000100,5.25,20991200,5.25,21000200
2023-05-25,5.268951298945834,21000100,5.243,20991200,5.243,21000200
2023-05-26,5.2825767001375,21000100,5.241,20991200,5.241,21000200
2023-05-27,5.370547230929167,21000100,5.333,20991200,5.333,21000200
2023-05-28,5.5501875,21000100,5.5,20991200,5.5,21000200
2023-05-29,5.506795125,21000100,5.457,20991200,5.457,21000200
2023-05-30,5.4896400000000005,21000100,5.44,20991200,5.44,21000200
2023-05-31,5.3624902500000005,21000100,5.314,20991200,5.314,21000200
2023-06-01,5.245626769854167,21000100,5.203,20991200,5.203,21000200
2023-06-02,5.2998400509,21000100,5.274,20991200,5.274,21000200
2023-06-03,5.387718375,21000100,5.339,20991200,5.339,21000200
2023-06-04,5.35845375,21000100,5.31,20991200,5.31,21000200
2023-06-05,5.107181625,21000100,5.061,20991200,5.061,21000200
2023-06-06,5.1678803673625,21000100,5.199,20991200,5.199,21000200
2023-06-07,5.06144691655,21000100,5.021,20991200,5.021,21000200
2023-06-08,5.0426670735875,21000100,5.019,20991200,5.019,21000200
2023-06-09,5.013414259441666,21000100,4.978,20991200,4.978,21000200
2023-06-10,4.446882345498152,21000100,4.513,20991200,4.513,21000200
2023-06-11,4.438067578556756,21000100,4.519,20991200,4.519,21000200
2023-06-12,4.436803453056156,21000100,4.53,20991200,4.53,21000200
2023-06-13,4.530109911199999,21000100,4.624,20991200,4.624,21000200
2023-06-14,4.5292643061875,21000100,4.567,20991200,4.567,21000200
2023-06-15,4.366896075495833,21000100,4.373,20991200,4.373,21000200
2023-06-16,4.375766621437499,21000100,4.419,20991200,4.419,21000200
2023-06-17,4.4959729039875,21000100,4.527,20991200,4.527,21000200
2023-06-18,4.5197383645,21000100,4.535,20991200,4.535,21000200
2023-06-19,4.512881822741667,21000100,4.526,20991200,4.526,21000200
2023-06-20,4.5665773398625,21000100,4.659,20991200,4.659,21000200
2023-06-21,4.718697948525,21000100,4.818,20991200,4.818,21000200
2023-06-22,4.766528254475,21000100,4.822,20991200,4.822,21000200
2023-06-23,5.1182693289,21000100,5.096,20991200,5.096,21000200
2023-06-24,4.9701808586,21000100,5.007,20991200,5.007,21000200
2023-06-25,5.217591281895833,21000100,5.189,20991200,5.189,21000200
2023-06-26,5.034961049625001,21000100,5.022,20991200,5.022,21000200
2023-06-27,5.1102805291374995,21000100,5.091,20991200,5.091,21000200
2023-06-28,4.886124521545834,21000100,4.877,20991200,4.877,21000200
2023-06-29,4.958725611358333,21000100,4.982,20991200,4.982,21000200
2023-06-30,5.191093453233333,21000100,5.176,20991200,5.176,21000200
2023-07-01,5.391697594383333,21000100,5.348,20991200,5.348,21000200
2023-07-02,5.54413275,21000100,5.494,20991200,5.494,21000200
2023-07-03,5.4666842158249995,21000100,5.426,20991200,5.426,21000200
2023-07-04,5.390686167075001,21000100,5.346,20991200,5.346,21000200
2023-07-05,5.23468102765,21000100,5.204,20991200,5.204,21000200
2023-07-06,4.983220463525,21000100,5.007,20991200,5.007,21000200
2023-07-07,5.073284569375,21000100,5.114,20991200,5.114,21000200
2023-07-08,5.119587658333333,21000100,5.125,20991200,5.125,21000200
2023-07-09,5.061664011870833,21000100,5.077,20991200,5.077,21000200
2023-07-10,5.0970193334375,21000100,5.127,20991200,5.127,21000200
2023-07-11,5.242827051,21000100,5.211,20991200,5.211,21000200
2023-07-12,5.1745948402,21000100,5.144,20991200,5.144,21000200
2023-07-13,5.550241965750001,21000100,5.545,20991200,5.545,21000200
2023-07-14,5.499731250000001,21000100,5.45,20991200,5.45,21000200
2023-07-15,5.478539625000001,21000100,5.429,20991200,5.429,21000200
2023-07-16,5.343854219958334,21000100,5.306,20991200,5.306,21000200
2023-07-17,5.330993816458334,21000100,5.299,20991200,5.299,21000200
2023-07-18,5.209795132429168,21000100,5.179,20991200,5.179,21000200
2023-07-19,5.236349625,21000100,5.189,20991200,5.189,21000200
2023-07-20,5.389227343337501,21000100,5.351,20991200,5.351,21000200
2023-07-21,5.52233679315,21000100,5.484,20991200,5.484,21000200
2023-07-22,5.290893071249999,21000100,5.31,20991200,5.31,21000200
2023-07-23,5.3856072360416665,21000100,5.387,20991200,5.387,21000200
2023-07-24,5.169587262,21000100,5.205,20991200,5.205,21000200
2023-07-25,5.131592347645833,21000100,5.171,20991200,5.171,21000200
2023-07-26,5.179707843620833,21000100,5.231,20991200,5.231,21000200
2023-07-27,5.1945536701875,21000100,5.235,20991200,5.235,21000200
2023-07-28,5.2525000437291665,21000100,5.215,20991200,5.215,21000200
2023-07-29,5.2835421613125,21000100,5.245,20991200,5.245,21000200
2023-07-30,5.2099849264166656,21000100,5.18,20991200,5.18,21000200
2023-07-31,5.082376128958334,21000100,5.105,20991200,5.105,21000200
2023-08-01,5.1376281189499995,21000100,5.204,20991200,5.204,21000200
2023-08-02,5.063830817066666,21000100,5.056,20991200,5.056,21000200
2023-08-03,4.926555481458333,21000100,4.975,20991200,4.975,21000200
2023-08-04,4.904384407666667,21000100,4.99,20991200,4.99,21000200
2023-08-05,4.9341794716,21000100,4.971,20991200,4.971,21000200
2023-08-06,4.984456256141667,21000100,5.002,20991200,5.002,21000200
2023-08-07,4.984424008345833,21000100,4.967,20991200,4.967,21000200
2023-08-08,4.9694765456,21000100,5.056,20991200,5.056,21000200
2023-08-09,5.0941052950125005,21000100,5.057,20991200,5.057,21000200
2023-08-10,5.0496615,21000100,5.004,20991200,5.004,21000200
2023-08-11,5.033581041749999,21000100,5.004,20991200,5.004,21000200
2023-08-12,5.0529720121874995,21000100,5.037,20991200,5.037,21000200
2023-08-13,5.012334443116666,21000100,4.982,20991200,4.982,21000200
2023-08-14,4.980118722149999,21000100,4.986,20991200,4.986,21000200
2023-08-15,4.8195612159,21000100,4.812,20991200,4.812,21000200
2023-08-16,4.55393351055,21000100,4.668,20991200,4.668,21000200
2023-08-17,4.313615006400001,21000100,4.424,20991200,4.424,21000200
2023-08-18,4.358336612175001,21000100,4.509,20991200,4.509,21000200
2023-08-19,4.452038879933333,21000100,4.514,20991200,4.514,21000200
2023-08-20,4.3989907998749995,21000100,4.515,20991200,4.515,21000200
2023-08-21,4.345374245054167,21000100,4.421,20991200,4.421,21000200
2023-08-22,4.389560426916667,21000100,4.421,20991200,4.421,21000200
2023-08-23,4.426752407341667,21000100,4.486,20991200,4.486,21000200
2023-08-24,4.378900824870834,21000100,4.421,20991200,4.421,21000200
2023-08-25,4.4596687146,21000100,4.488,20991200,4.488,21000200
2023-08-26,4.501608363516667,21000100,4.502,20991200,4.502,21000200
2023-08-27,4.463603233783333,21000100,4.486,20991200,4.486,21000200
2023-08-28,4.599909443083334,21000100,4.607,20991200,4.607,21000200
2023-08-29,4.655120156000001,21000100,4.674,20991200,4.674,21000200
2023-08-30,4.481318298375,21000100,4.53,20991200,4.53,21000200
2023-08-31,4.1865493813,21000100,4.268,20991200,4.268,21000200
2023-09-01,4.1389248509000005,21000100,4.214,20991200,4.214,21000200
2023-09-02,4.174364931733333,21000100,4.258,20991200,4.258,21000200
2023-09-03,4.196995170666667,21000100,4.256,20991200,4.256,21000200
2023-09-04,4.1937519073416665,21000100,4.258,20991200,4.258,21000200
2023-09-05,4.223898128799999,21000100,4.254,20991200,4.254,21000200
2023-09-06,4.21074985075,21000100,4.269,20991200,4.269,21000200
2023-09-07,4.282853199625,21000100,4.29,20991200,4.29,21000200
2023-09-08,4.218853380408333,21000100,4.249,20991200,4.249,21000200
2023-09-09,4.213219386866666,21000100,4.234,20991200,4.234,21000200
2023-09-10,4.071879073979166,21000100,4.145,20991200,4.145,21000200
2023-09-11,3.900963606020833,21000100,3.985,20991200,3.985,21000200
2023-09-12,3.9023828464,21000100,3.984,20991200,3.984,21000200
2023-09-13,3.9284258052291667,21000100,3.995,20991200,3.995,21000200
2023-09-14,3.9943452931041663,21000100,4.055,20991200,4.055,21000200
2023-09-15,4.135032700958333,21000100,4.135,20991200,4.135,21000200
2023-09-16,4.1348200013791665,21000100,4.181,20991200,4.181,21000200
2023-09-17,4.002297910233333,21000100,4.066,20991200,4.066,21000200
2023-09-18,4.0566831306374995,21000100,4.103,20991200,4.103,21000200
2023-09-19,4.147872569983333,21000100,4.148,20991200,4.148,21000200
2023-09-20,4.0968160357666665,21000100,4.136,20991200,4.136,21000200
2023-09-21,3.9792882391374995,21000100,4.007,20991200,4.007,21000200
2023-09-22,3.9384179401874997,21000100,4.015,20991200,4.015,21000200
2023-09-23,3.9613372797916666,21000100,4.03,20991200,4.03,21000200
2023-09-24,3.960997018575,21000100,3.987,20991200,3.987,21000200
2023-09-25,4.061514337975,21000100,4.066,20991200,4.066,21000200
2023-09-26,3.9957769811249997,21000100,4.01,20991200,4.01,21000200
2023-09-27,3.9524511365374995,21000100,3.989,20991200,3.989,21000200
2023-09-28,4.027471179416667,21000100,4.07,20991200,4.07,21000200
2023-09-29,4.062889167333334,21000100,4.07,20991200,4.07,21000200
2023-09-30,4.0835203589625,21000100,4.101,20991200,4.101,21000200
2023-10-01,4.2524965886125,21000100,4.261,20991200,4.261,21000200
2023-10-02,4.0859503579375005,21000100,4.117,20991200,4.117,21000200
2023-10-03,4.024047257891667,21000100,4.073,20991200,4.073,21000200
2023-10-04,3.9638385462750003,21000100,4.038,20991200,4.038,21000200
2023-10-05,3.9809820474999995,21000100,4.02,20991200,4.02,21000200
2023-10-06,4.058232977562501,21000100,4.065,20991200,4.065,21000200
2023-10-07,4.017613569933333,21000100,4.048,20991200,4.048,21000200
2023-10-08,3.9414688366,21000100,4.008,20991200,4.008,21000200
2023-10-09,3.8080069494791666,21000100,3.875,20991200,3.875,21000200
2023-10-10,3.6915869560375003,21000100,3.809,20991200,3.809,21000200
2023-10-11,3.679932304141667,21000100,3.737,20991200,3.737,21000200
2023-10-12,3.6236507536874996,21000100,3.671,20991200,3.671,21000200
2023-10-13,3.6377146079083333,21000100,3.718,20991200,3.718,21000200
2023-10-14,3.672998029458333,21000100,3.731,20991200,3.731,21000200
2023-10-15,3.7224779117624998,21000100,3.751,20991200,3.751,21000200
2023-10-16,3.7174735136000003,21000100,3.773,20991200,3.773,21000200
2023-10-17,3.6075057407875,21000100,3.669,20991200,3.669,21000200
2023-10-18,3.6367763085416667,21000100,3.65,20991200,3.65,21000200
2023-10-19,3.6213881479416665,21000100,3.646,20991200,3.646,21000200
2023-10-20,3.70474796175,21000100,3.714,20991200,3.714,21000200
2023-10-21,3.847486118175,21000100,3.906,20991200,3.906,21000200
2023-10-22,3.8750308458333333,21000100,3.965,20991200,3.965,21000200
2023-10-23,4.281178233362501,21000100,4.357,20991200,4.357,21000200
2023-10-24,4.199691167641666,21000100,4.186,20991200,4.186,21000200
2023-10-25,4.272289752195833,21000100,4.289,20991200,4.289,21000200
2023-10-26,4.243510710708333,21000100,4.234,20991200,4.234,21000200
2023-10-27,4.171722750000001,21000100,4.134,20991200,4.134,21000200
2023-10-28,4.217133375,21000100,4.179,20991200,4.179,21000200
2023-10-29,4.352356125,21000100,4.313,20991200,4.313,21000200
2023-10-30,4.55485588525,21000100,4.521,20991200,4.521,21000200
2023-10-31,4.489597125,21000100,4.449,20991200,4.449,21000200
2023-11-01,4.7751795,21000100,4.732,20991200,4.732,21000200
2023-11-02,4.691067666891667,21000100,4.633,20991200,4.633,21000200
2023-11-03,4.6561027500000005,21000100,4.614,20991200,4.614,21000200
2023-11-04,4.729768875,21000100,4.687,20991200,4.687,21000200
2023-11-05,4.80545325,21000100,4.762,20991200,4.762,21000200
2023-11-06,5.01535125,21000100,4.97,20991200,4.97,21000200
2023-11-07,4.973977125,21000100,4.929,20991200,4.929,21000200
2023-11-08,5.078926125000001,21000100,5.033,20991200,5.033,21000200
2023-11-09,5.139473625,21000100,5.093,20991200,5.093,21000200
2023-11-10,5.351389875000001,21000100,5.303,20991200,5.303,21000200
2023-11-11,5.610735,21000100,5.56,20991200,5.56,21000200
2023-11-12,5.764122,21000100,5.712,20991200,5.712,21000200
2023-11-13,5.4130592732,21000100,5.352,20991200,5.352,21000200
2023-11-14,5.247450000000001,21000100,5.2,20991200,5.2,21000200
2023-11-15,5.617798875,21000100,5.567,20991200,5.567,21000200
2023-11-16,5.407141545750001,21000100,5.355,20991200,5.355,21000200
2023-11-17,5.292860625,21000100,5.245,20991200,5.245,21000200
2023-11-18,5.3402895,21000100,5.292,20991200,5.292,21000200
2023-11-19,5.4856035,21000100,5.436,20991200,5.436,21000200
2023-11-20,5.35038075,21000100,5.302,20991200,5.302,21000200
2023-11-21,4.899301875000001,21000100,4.855,20991200,4.855,21000200
2023-11-22,5.22121275,21000100,5.174,20991200,5.174,21000200
2023-11-23,5.1848842500000005,21000100,5.138,20991200,5.138,21000200
2023-11-24,5.28983325,21000100,5.242,20991200,5.242,21000200
2023-11-25,5.379645375000001,21000100,5.331,20991200,5.331,21000200
2023-11-26,5.377627125,21000100,5.329,20991200,5.329,21000200
2023-11-27,5.202039375000001,21000100,5.155,20991200,5.155,21000200
2023-11-28,5.323134375,21000100,5.275,20991200,5.275,21000200
2023-11-29,5.207085,21000100,5.16,20991200,5.16,21000200
2023-11-30,5.524959375,21000100,5.475,20991200,5.475,21000200
2023-12-01,5.520922875,21000100,5.471,20991200,5.471,21000200
2023-12-02,5.614771500000001,21000100,5.564,20991200,5.564,21000200
2023-12-03,5.59257075,21000100,5.542,20991200,5.542,21000200
2023-12-04,5.696460656916666,21000100,5.638,20991200,5.638,21000200
2023-12-05,5.961910500000001,21000100,5.908,20991200,5.908,21000200
2023-12-06,6.10520625,21000100,6.05,20991200,6.05,21000200
2023-12-07,6.3114105784916665,21000100,6.247,20991200,6.247,21000200
2023-12-08,6.992939263625,21000100,6.846,20991200,6.846,21000200
2023-12-09,7.279097811375,21000100,7.11,20991200,7.11,21000200
2023-12-10,7.470666928999999,21000100,7.351,20991200,7.351,21000200
2023-12-11,6.78248297675,21000100,6.708,20991200,6.708,21000200
2023-12-12,7.200106875,21000100,7.135,20991200,7.135,21000200
2023-12-13,7.676413875000001,21000100,7.607,20991200,7.607,21000200
2023-12-14,7.5815561250000005,21000100,7.513,20991200,7.513,21000200
2023-12-15,7.038106632074999,21000100,6.953,20991200,6.953,21000200
2023-12-16,7.154696250000001,21000100,7.09,20991200,7.09,21000200
2023-12-17,6.8519587500000005,21000100,6.79,20991200,6.79,21000200
2023-12-18,6.945807375,21000100,6.883,20991200,6.883,21000200
2023-12-19,6.768201375,21000100,6.707,20991200,6.707,21000200
2023-12-20,7.0225008749999995,21000100,6.959,20991200,6.959,21000200
2023-12-21,8.612708545933334,21000100,8.432,20991200,8.432,21000200
2023-12-22,8.262688933115923,21000100,7.958,20991200,7.958,21000200
2023-12-23,8.409038625,21000100,8.333,20991200,8.333,21000200
2023-12-24,8.697648375,21000100,8.619,20991200,8.619,21000200
2023-12-25,9.325223406875,21000100,9.202,20991200,9.202,21000200
2023-12-26,8.9668019753125,21000100,8.825,20991200,8.825,21000200
2023-12-27,8.89045087095,21000100,8.703,20991200,8.703,21000200
2023-12-28,8.654408900375001,21000100,8.435,20991200,8.435,21000200
2023-12-29,8.66889051513728,21000100,8.298,20991200,8.298,21000200
2023-12-30,8.654422521375,21000100,8.355,20991200,8.355,21000200
2023-12-31,8.503442619095834,21000100,8.207,20991200,8.207,21000200
2024-01-01,8.796461946125,21000100,8.607,20991200,8.607,21000200
2024-01-02,8.85458391596425,21000100,8.418,20991200,8.418,21000200
2024-01-03,7.777019334466667,21000100,7.624,20991200,7.624,21000200
2024-01-04,7.94585025,21000100,7.874,20991200,7.874,21000200
2024-01-05,7.512935625000001,21000100,7.445,20991200,7.445,21000200
2024-01-06,7.199097750000001,21000100,7.134,20991200,7.134,21000200
2024-01-07,6.959935125,21000100,6.897,20991200,6.897,21000200
2024-01-08,7.5492641250000005,21000100,7.481,20991200,7.481,21000200
2024-01-09,7.190015625,21000100,7.125,20991200,7.125,21000200
2024-01-10,8.060890500000001,21000100,7.988,20991200,7.988,21000200
2024-01-11,8.223359624999999,21000100,8.149,20991200,8.149,21000200
2024-01-12,7.63503975,21000100,7.566,20991200,7.566,21000200
2024-01-13,7.683477750000001,21000100,7.614,20991200,7.614,21000200
2024-01-14,7.387804125,21000100,7.321,20991200,7.321,21000200
2024-01-15,7.575501375,21000100,7.507,20991200,7.507,21000200
2024-01-16,7.556328000000001,21000100,7.488,20991200,7.488,21000200
2024-01-17,7.418077875000001,21000100,7.351,20991200,7.351,21000200
2024-01-18,7.081030125000001,21000100,7.017,20991200,7.017,21000200
2024-01-19,6.95287125,21000100,6.89,20991200,6.89,21000200
2024-01-20,6.97305375,21000100,6.91,20991200,6.91,21000200
2024-01-21,6.875168625,21000100,6.813,20991200,6.813,21000200
2024-01-22,6.398861625,21000100,6.341,20991200,6.341,21000200
2024-01-23,6.402744585416667,21000100,6.355,20991200,6.355,21000200
2024-01-24,6.519956625000001,21000100,6.461,20991200,6.461,21000200
2024-01-25,6.498765000000001,21000100,6.44,20991200,6.44,21000200
2024-01-26,6.729854625,21000100,6.669,20991200,6.669,21000200
2024-01-27,6.7288455,21000100,6.668,20991200,6.668,21000200
2024-01-28,6.92865225,21000100,6.866,20991200,6.866,21000200
2024-01-29,7.0855944173,21000100,7.032,20991200,7.032,21000200
2024-01-30,6.864677475733333,21000100,6.836,20991200,6.836,21000200
2024-01-31,6.711690375,21000100,6.651,20991200,6.651,21000200
2024-02-01,6.850949625,21000100,6.789,20991200,6.789,21000200
2024-02-02,7.008373125,21000100,6.945,20991200,6.945,21000200
2024-02-03,6.887278125000001,21000100,6.825,20991200,6.825,21000200
2024-02-04,6.725818125,21000100,6.665,20991200,6.665,21000200
2024-02-05,6.794438625,21000100,6.733,20991200,6.733,21000200
2024-02-06,6.870123,21000100,6.808,20991200,6.808,21000200
2024-02-07,7.002318375000001,21000100,6.939,20991200,6.939,21000200
2024-02-08,7.074975375,21000100,7.011,20991200,7.011,21000200
2024-02-09,7.257627,21000100,7.192,20991200,7.192,21000200
2024-02-10,7.26330414,21000100,7.2,20991200,7.2,21000200
2024-02-11,7.16276925,21000100,7.098,20991200,7.098,21000200
2024-02-12,7.40899575,21000100,7.342,20991200,7.342,21000200
2024-02-13,7.427160000000001,21000100,7.36,20991200,7.36,21000200
2024-02-14,7.722833625,21000100,7.653,20991200,7.653,21000200
2024-02-15,7.855029,21000100,7.784,20991200,7.784,21000200
2024-02-16,7.79992867025,21000100,7.655,20991200,7.655,21000200
2024-02-17,7.874765744533334,21000100,7.712,20991200,7.712,21000200
2024-02-18,8.076697332225,21000100,7.866,20991200,7.866,21000200
2024-02-19,8.230352203725,21000100,8.037,20991200,8.037,21000200
2024-02-20,7.9453269293124995,21000100,7.735,20991200,7.735,21000200
2024-02-21,7.5579681478,21000100,7.474,20991200,7.474,21000200
2024-02-22,7.55430975,21000100,7.486,20991200,7.486,21000200
2024-02-23,7.781636702683333,21000100,7.571,20991200,7.571,21000200
2024-02-24,8.034816560225,21000100,7.826,20991200,7.826,21000200
2024-02-25,8.158985980016666,21000100,7.931,20991200,7.931,21000200
2024-02-26,8.418279770179167,21000100,8.119,20991200,8.119,21000200
2024-02-27,8.77664423825734,21000100,8.376,20991200,8.376,21000200
2024-02-28,8.684038479583334,21000100,8.35,20991200,8.35,21000200
2024-02-29,8.702941704297663,21000100,8.27,20991200,8.27,21000200
2024-03-01,9.134771849200002,21000100,8.672,20991200,8.672,21000200
2024-03-02,10.042297045718913,21000100,9.476,20991200,9.476,21000200
2024-03-03,10.370967154166665,21000100,9.79,20991200,9.79,21000200
2024-03-04,10.361391372016667,21000100,9.878,20991200,9.878,21000200
2024-03-05,9.951675172889528,21000100,9.32,20991200,9.32,21000200
2024-03-06,10.721494006099999,21000100,10.552,20991200,10.552,21000200
2024-03-07,10.755694525291666,21000100,10.415,20991200,10.415,21000200
2024-03-08,11.006719318466667,21000100,10.648,20991200,10.648,21000200
2024-03-09,11.010440556266666,21000100,10.504,20991200,10.504,21000200
2024-03-10,10.69990814635,21000100,10.268,20991200,10.268,21000200
2024-03-11,11.455298808916666,21000100,11.062,20991200,11.062,21000200
2024-03-12,11.1958301851,21000100,10.747,20991200,10.747,21000200
2024-03-13,11.97983570025,21000100,11.385,20991200,11.385,21000200
2024-03-14,12.062872133045833,21000100,11.567,20991200,11.567,21000200
2024-03-15,11.01014945685,21000100,10.821,20991200,10.821,21000200
2024-03-16,9.798775441470832,21000100,9.689,20991200,9.689,21000200
2024-03-17,10.179043875,21000100,10.087,20991200,10.087,21000200
2024-03-18,10.001437875,21000100,9.911,20991200,9.911,21000200
2024-03-19,8.871037837800001,21000100,8.769,20991200,8.769,21000200
2024-03-20,9.575587125000002,21000100,9.489,20991200,9.489,21000200
2024-03-21,9.292518270520834,21000100,9.185,20991200,9.185,21000200
2024-03-22,9.0794079888875,21000100,8.943,20991200,8.943,21000200
2024-03-23,9.081672391,21000100,8.976,20991200,8.976,21000200
2024-03-24,9.5229171399,21000100,9.378,20991200,9.378,21000200
2024-03-25,9.846051745658334,21000100,9.746,20991200,9.746,21000200
2024-03-26,9.934097922233333,21000100,9.694,20991200,9.694,21000200
2024-03-27,9.715499923441667,21000100,9.457,20991200,9.457,21000200
2024-03-28,9.887742512370833,21000100,9.533,20991200,9.533,21000200
2024-03-29,9.927960848633335,21000100,9.611,20991200,9.611,21000200
2024-03-30,9.867021641254167,21000100,9.439,20991200,9.439,21000200
2024-03-31,10.132429129166667,21000100,9.658,20991200,9.658,21000200
2024-04-01,9.5499842592375,21000100,9.153,20991200,9.153,21000200
2024-04-02,8.699367824233333,21000100,8.588,20991200,8.588,21000200
2024-04-03,8.497841625,21000100,8.421,20991200,8.421,21000200
2024-04-04,8.597039600233336,21000100,8.492,20991200,8.492,21000200
2024-04-05,8.46252225,21000100,8.386,20991200,8.386,21000200
2024-04-06,8.59720908125,21000100,8.5,20991200,8.5,21000200
2024-04-07,8.7921727245,21000100,8.712,20991200,8.712,21000200
2024-04-08,9.197501123333334,21000100,9.05,20991200,9.05,21000200
2024-04-09,8.817216683041664,21000100,8.665,20991200,8.665,21000200
2024-04-10,8.5698304951875,21000100,8.415,20991200,8.415,21000200
2024-04-11,8.489104897799999,21000100,8.388,20991200,8.388,21000200
2024-04-12,7.325089744316667,21000100,7.234,20991200,7.234,21000200
2024-04-13,6.422580583999999,21000100,6.389,20991200,6.389,21000200
2024-04-14,6.623454835649716,21000100,6.849,20991200,6.849,21000200
2024-04-15,6.637140896266666,21000100,6.704,20991200,6.704,21000200
2024-04-16,6.716916909,21000100,6.696,20991200,6.696,21000200
2024-04-17,6.5709974998,21000100,6.576,20991200,6.576,21000200
2024-04-18,6.80060094455,21000100,6.779,20991200,6.779,21000200
2024-04-19,6.707235421425,21000100,6.678,20991200,6.678,21000200
2024-04-20,7.25631696945,21000100,7.236,20991200,7.236,21000200
2024-04-21,7.123972776575,21000100,7.134,20991200,7.134,21000200
2024-04-22,7.46696381675,21000100,7.46,20991200,7.46,21000200
2024-04-23,7.228984618625001,21000100,7.238,20991200,7.238,21000200
2024-04-24,6.944788593533333,21000100,6.928,20991200,6.928,21000200
2024-04-25,6.8498269599375,21000100,6.855,20991200,6.855,21000200
2024-04-26,6.723517739749999,21000100,6.762,20991200,6.762,21000200
2024-04-27,6.821035160229167,21000100,6.805,20991200,6.805,21000200
2024-04-28,6.718767031125,21000100,6.723,20991200,6.723,21000200
2024-04-29,6.615790142433333,21000100,6.583,20991200,6.583,21000200
2024-04-30,6.385348478483333,21000100,6.418,20991200,6.418,21000200
2024-05-01,6.7806570099000005,21000100,6.894,20991200,6.894,21000200
2024-05-02,7.249120984083333,21000100,7.27,20991200,7.27,21000200
2024-05-03,7.274061390125,21000100,7.242,20991200,7.242,21000200
2024-05-04,7.149689952670832,21000100,7.117,20991200,7.117,21000200
2024-05-05,7.324986209908334,21000100,7.298,20991200,7.298,21000200
2024-05-06,7.1596742721,21000100,7.116,20991200,7.116,21000200
2024-05-07,7.0246077603999995,21000100,6.987,20991200,6.987,21000200
2024-05-08,7.026480201620833,21000100,6.979,20991200,6.979,21000200
2024-05-09,7.099024969099999,21000100,7.044,20991200,7.044,21000200
2024-05-10,6.789637567416667,21000100,6.742,20991200,6.742,21000200
2024-05-11,6.691331119812499,21000100,6.657,20991200,6.657,21000200
2024-05-12,6.622490040758334,21000100,6.613,20991200,6.613,21000200
2024-05-13,6.707907947675,21000100,6.666,20991200,6.666,21000200
2024-05-14,6.5115800398250006,21000100,6.482,20991200,6.482,21000200
2024-05-15,6.9651702138375,21000100,6.957,20991200,6.957,21000200
2024-05-16,7.074104264041667,21000100,7.022,20991200,7.022,21000200
2024-05-17,7.2606543750000005,21000100,7.195,20991200,7.195,21000200
2024-05-18,7.220289375000001,21000100,7.155,20991200,7.155,21000200
2024-05-19,6.985378764066667,21000100,6.928,20991200,6.928,21000200
2024-05-20,7.6241735527416665,21000100,7.574,20991200,7.574,21000200
2024-05-21,7.682468625000001,21000100,7.613,20991200,7.613,21000200
2024-05-22,7.53816375,21000100,7.47,20991200,7.47,21000200
2024-05-23,7.268727375000001,21000100,7.203,20991200,7.203,21000200
2024-05-24,7.314138000000001,21000100,7.248,20991200,7.248,21000200
2024-05-25,7.4937622500000005,21000100,7.426,20991200,7.426,21000200
2024-05-26,7.6299941250000005,21000100,7.561,20991200,7.561,21000200
2024-05-27,7.721788553766666,21000100,7.646,20991200,7.646,21000200
2024-05-28,7.453443480729167,21000100,7.375,20991200,7.375,21000200
2024-05-29,7.246526625,21000100,7.181,20991200,7.181,21000200
2024-05-30,7.064884125000001,21000100,7.001,20991200,7.001,21000200
2024-05-31,7.051765500000001,21000100,6.988,20991200,6.988,21000200
2024-06-01,7.131486375000001,21000100,7.067,20991200,7.067,21000200
2024-06-02,7.070717696175,21000100,6.993,20991200,6.993,21000200
2024-06-03,7.094896185383333,21000100,7.012,20991200,7.012,21000200
2024-06-04,7.251572250000001,21000100,7.186,20991200,7.186,21000200
2024-06-05,7.394865885574999,21000100,7.257,20991200,7.257,21000200
2024-06-06,7.300528205208334,21000100,7.15,20991200,7.15,21000200
2024-06-07,6.780719968175,21000100,6.654,20991200,6.654,21000200
2024-06-08,6.3435685621374995,21000100,6.379,20991200,6.379,21000200
2024-06-09,6.513478404079166,21000100,6.523,20991200,6.523,21000200
2024-06-10,6.558698328916668,21000100,6.506,20991200,6.506,21000200
2024-06-11,6.433171875,21000100,6.375,20991200,6.375,21000200
2024-06-12,6.769508606466666,21000100,6.734,20991200,6.734,21000200
2024-06-13,6.4015962621,21000100,6.357,20991200,6.357,21000200
2024-06-14,6.21621,21000100,6.16,20991200,6.16,21000200
2024-06-15,6.2232466700625,21000100,6.219,20991200,6.219,21000200
2024-06-16,6.392463307649999,21000100,6.393,20991200,6.393,21000200
2024-06-17,6.093125376125,21000100,6.065,20991200,6.065,21000200
2024-06-18,5.714269123120833,21000100,5.767,20991200,5.767,21000200
2024-06-19,5.79108995135,21000100,5.793,20991200,5.793,21000200
2024-06-20,5.626359006708333,21000100,5.639,20991200,5.639,21000200
2024-06-21,5.614968056833333,21000100,5.608,20991200,5.608,21000200
2024-06-22,5.734322657950001,21000100,5.748,20991200,5.748,21000200
2024-06-23,5.6972824737500005,21000100,5.649,20991200,5.649,21000200
2024-06-24,5.757646907916667,21000100,5.725,20991200,5.725,21000200
2024-06-25,5.864132588737501,21000100,5.839,20991200,5.839,21000200
2024-06-26,5.809635479358333,21000100,5.797,20991200,5.797,21000200
2024-06-27,6.271186146125,21000100,6.285,20991200,6.285,21000200
2024-06-28,6.22293748465,21000100,6.189,20991200,6.189,21000200
2024-06-29,6.13548,21000100,6.08,20991200,6.08,21000200
2024-06-30,6.2686845,21000100,6.212,20991200,6.212,21000200
2024-07-01,6.365323746225,21000100,6.327,20991200,6.327,21000200
2024-07-02,6.5748164768,21000100,6.528,20991200,6.528,21000200
2024-07-03,6.106250205,21000100,6.075,20991200,6.075,21000200
2024-07-04,5.5968592858749995,21000100,5.555,20991200,5.555,21000200
2024-07-05,5.606206141941667,21000100,5.683,20991200,5.683,21000200
2024-07-06,6.191411090287501,21000100,6.237,20991200,6.237,21000200
2024-07-07,5.9516033878125,21000100,5.907,20991200,5.907,21000200
2024-07-08,5.966065982250001,21000100,5.94,20991200,5.94,21000200
2024-07-09,6.126469674599999,21000100,6.116,20991200,6.116,21000200
2024-07-10,6.1475895,21000100,6.092,20991200,6.092,21000200
2024-07-11,5.953837500000001,21000100,5.9,20991200,5.9,21000200
2024-07-12,6.10391864,21000100,6.1,20991200,6.1,21000200
2024-07-13,6.287857875,21000100,6.231,20991200,6.231,21000200
2024-07-14,6.3736335,21000100,6.316,20991200,6.316,21000200
2024-07-15,6.519539538624999,21000100,6.483,20991200,6.483,21000200
2024-07-16,6.39179775,21000100,6.334,20991200,6.334,21000200
2024-07-17,6.3070312500000005,21000100,6.25,20991200,6.25,21000200
2024-07-18,6.121674376833333,21000100,6.088,20991200,6.088,21000200
2024-07-19,6.3379060008,21000100,6.336,20991200,6.336,21000200
2024-07-20,6.386690522733334,21000100,6.329,20991200,6.329,21000200
2024-07-21,6.473639507158333,21000100,6.427,20991200,6.427,21000200
2024-07-22,6.1377483055166655,21000100,6.092,20991200,6.092,21000200
2024-07-23,5.886867250125,21000100,5.913,20991200,5.913,21000200
2024-07-24,5.7336917805750005,21000100,5.742,20991200,5.742,21000200
2024-07-25,5.742066516412501,21000100,5.751,20991200,5.751,21000200
2024-07-26,5.8629610504750005,21000100,5.862,20991200,5.862,21000200
2024-07-27,5.869892082758334,21000100,5.821,20991200,5.821,21000200
2024-07-28,5.7537418906,21000100,5.716,20991200,5.716,21000200
2024-07-29,5.668078745133333,21000100,5.647,20991200,5.647,21000200
2024-07-30,5.542498909966667,21000100,5.516,20991200,5.516,21000200
2024-07-31,5.411710564716667,21000100,5.386,20991200,5.386,21000200
2024-08-01,5.353164813166667,21000100,5.338,20991200,5.338,21000200
2024-08-02,5.133905429333334,21000100,5.12,20991200,5.12,21000200
2024-08-03,5.075672607120834,21000100,5.041,20991200,5.041,21000200
2024-08-04,4.6795368313125,21000100,4.687,20991200,4.687,21000200
2024-08-05,4.1416168658668715,21000100,4.195,20991200,4.195,21000200
2024-08-06,4.437289386140746,21000100,4.505,20991200,4.505,21000200
2024-08-07,4.492083084912705,21000100,4.575,20991200,4.575,21000200
2024-08-08,4.776982066256227,21000100,4.876,20991200,4.876,21000200
2024-08-09,4.714111658549999,21000100,4.781,20991200,4.781,21000200
2024-08-10,4.732495547854167,21000100,4.751,20991200,4.751,21000200
2024-08-11,4.422517897141667,21000100,4.493,20991200,4.493,21000200
2024-08-12,4.5590685216999995,21000100,4.584,20991200,4.584,21000200
2024-08-13,4.476810382916667,21000100,4.543,20991200,4.543,21000200
2024-08-14,4.37130973325,21000100,4.38,20991200,4.38,21000200
2024-08-15,4.296401743600001,21000100,4.274,20991200,4.274,21000200
2024-08-16,4.260864320837499,21000100,4.289,20991200,4.289,21000200
2024-08-17,4.364677320299999,21000100,4.366,20991200,4.366,21000200
2024-08-18,4.340482603966667,21000100,4.388,20991200,4.388,21000200
2024-08-19,4.438943817775,21000100,4.479,20991200,4.479,21000200
2024-08-20,4.530384116166666,21000100,4.52,20991200,4.52,21000200
2024-08-21,4.695983679283333,21000100,4.661,20991200,4.661,21000200
2024-08-22,4.7218031756,21000100,4.688,20991200,4.688,21000200
2024-08-23,4.911125187124999,21000100,4.89,20991200,4.89,21000200
2024-08-24,4.9944036842125,21000100,4.981,20991200,4.981,21000200
2024-08-25,4.836147776133333,21000100,4.816,20991200,4.816,21000200
2024-08-26,4.5653475083499995,21000100,4.553,20991200,4.553,21000200
2024-08-27,4.345157716425,21000100,4.374,20991200,4.374,21000200
2024-08-28,4.2215477612750005,21000100,4.251,20991200,4.251,21000200
2024-08-29,4.210840474575,21000100,4.249,20991200,4.249,21000200
2024-08-30,4.265955337483333,21000100,4.276,20991200,4.276,21000200
2024-08-31,4.290215975624999,21000100,4.255,20991200,4.255,21000200
2024-09-01,4.0690258405,21000100,4.065,20991200,4.065,21000200
2024-09-02,4.1921653794500005,21000100,4.206,20991200,4.206,21000200
2024-09-03,4.07107451025,21000100,4.059,20991200,4.059,21000200
2024-09-04,4.110644764216667,21000100,4.109,20991200,4.109,21000200
2024-09-05,4.027729485695834,21000100,4.019,20991200,4.019,21000200
2024-09-06,3.9723441975166667,21000100,3.956,20991200,3.956,21000200
2024-09-07,4.058136458866667,21000100,4.079,20991200,4.079,21000200
2024-09-08,4.199649105166667,21000100,4.162,20991200,4.162,21000200
2024-09-09,4.3167301571875,21000100,4.285,20991200,4.285,21000200
2024-09-10,4.2793941537,21000100,4.248,20991200,4.248,21000200
2024-09-11,4.189423944833334,21000100,4.19,20991200,4.19,21000200
2024-09-12,4.3240568499,21000100,4.293,20991200,4.293,21000200
2024-09-13,4.454551586666667,21000100,4.418,20991200,4.418,21000200
2024-09-14,4.467739724374999,21000100,4.435,20991200,4.435,21000200
2024-09-15,4.4320770000000005,21000100,4.392,20991200,4.392,21000200
2024-09-16,4.209768054,21000100,4.192,20991200,4.192,21000200
2024-09-17,4.132179211083334,21000100,4.154,20991200,4.154,21000200
2024-09-18,4.121807086583334,21000100,4.174,20991200,4.174,21000200
2024-09-19,4.231372892483333,21000100,4.252,20991200,4.252,21000200
2024-09-20,4.376575125,21000100,4.337,20991200,4.337,21000200
2024-09-21,4.495964380749999,21000100,4.46,20991200,4.46,21000200
2024-09-22,4.346301375,21000100,4.307,20991200,4.307,21000200
2024-09-23,4.4806581084375,21000100,4.455,20991200,4.455,21000200
2024-09-24,4.67628525,21000100,4.634,20991200,4.634,21000200
2024-09-25,4.677294375,21000100,4.635,20991200,4.635,21000200
2024-09-26,4.8559095,21000100,4.812,20991200,4.812,21000200
2024-09-27,4.9285665000000005,21000100,4.884,20991200,4.884,21000200
2024-09-28,4.83774525,21000100,4.794,20991200,4.794,21000200
2024-09-29,4.808480625,21000100,4.765,20991200,4.765,21000200
2024-09-30,4.469414625000001,21000100,4.429,20991200,4.429,21000200
2024-10-01,4.162409589375001,21000100,4.15,20991200,4.15,21000200
2024-10-02,4.105681489554167,21000100,4.099,20991200,4.099,21000200
2024-10-03,4.139771250000001,21000100,4.128,20991200,4.128,21000200
2024-10-04,4.215093248945833,21000100,4.193,20991200,4.193,21000200
2024-10-05,4.152385590270833,21000100,4.135,20991200,4.135,21000200
2024-10-06,4.212303005554167,21000100,4.189,20991200,4.189,21000200
2024-10-07,4.1531521792,21000100,4.128,20991200,4.128,21000200
2024-10-08,4.133728799083333,21000100,4.102,20991200,4.102,21000200
2024-10-09,4.057691625,21000100,4.021,20991200,4.021,21000200
2024-10-10,4.0787527615125,21000100,4.071,20991200,4.071,21000200
2024-10-11,4.2100695,21000100,4.172,20991200,4.172,21000200
2024-10-12,4.2423615,21000100,4.204,20991200,4.204,21000200
2024-10-13,4.198969125,21000100,4.161,20991200,4.161,21000200
2024-10-14,4.416940125,21000100,4.377,20991200,4.377,21000200
2024-10-15,4.447213875,21000100,4.407,20991200,4.407,21000200
2024-10-16,4.3513470000000005,21000100,4.312,20991200,4.312,21000200
2024-10-17,4.22823375,21000100,4.19,20991200,4.19,21000200
2024-10-18,4.347316428958333,21000100,4.31,20991200,4.31,21000200
2024-10-19,4.469414625000001,21000100,4.429,20991200,4.429,21000200
2024-10-20,4.619774250000001,21000100,4.578,20991200,4.578,21000200
2024-10-21,4.4159310000000005,21000100,4.376,20991200,4.376,21000200
2024-10-22,4.362447375,21000100,4.323,20991200,4.323,21000200
2024-10-23,4.246398,21000100,4.208,20991200,4.208,21000200
2024-10-24,4.245388875,21000100,4.207,20991200,4.207,21000200
2024-10-25,4.029436125,21000100,3.993,20991200,3.993,21000200
2024-10-26,4.053989192758333,21000100,4.034,20991200,4.034,21000200
2024-10-27,4.16364975,21000100,4.126,20991200,4.126,21000200
2024-10-28,4.165034394208334,21000100,4.13,20991200,4.13,21000200
2024-10-29,4.233279375,21000100,4.195,20991200,4.195,21000200
2024-10-30,4.229242875,21000100,4.191,20991200,4.191,21000200
2024-10-31,3.993107625,21000100,3.957,20991200,3.957,21000200
2024-11-01,3.9436605,21000100,3.908,20991200,3.908,21000200
2024-11-02,3.9410897951250004,21000100,3.906,20991200,3.906,21000200
2024-11-03,3.7986075861499997,21000100,3.783,20991200,3.783,21000200
2024-11-04,3.7624991180250005,21000100,3.749,20991200,3.749,21000200
2024-11-05,3.886368392,21000100,3.855,20991200,3.855,21000200
2024-11-06,4.15154025,21000100,4.114,20991200,4.114,21000200
2024-11-07,4.204014750000001,21000100,4.166,20991200,4.166,21000200
2024-11-08,4.36547475,21000100,4.326,20991200,4.326,21000200
2024-11-09,4.677294375,21000100,4.635,20991200,4.635,21000200
2024-11-10,5.29472099495,21000100,5.244,20991200,5.244,21000200
2024-11-11,5.774880693908335,21000100,5.714,20991200,5.714,21000200
2024-11-12,5.437456983977963,21000100,5.312,20991200,5.312,21000200
2024-11-13,5.136124819200001,21000100,5.078,20991200,5.078,21000200
2024-11-14,4.838150851,21000100,4.78,20991200,4.78,21000200
2024-11-15,5.2111215,21000100,5.164,20991200,5.164,21000200
2024-11-16,5.837788125,21000100,5.785,20991200,5.785,21000200
2024-11-17,5.474503125,21000100,5.425,20991200,5.425,21000200
2024-11-18,6.063832125,21000100,6.009,20991200,6.009,21000200
2024-11-19,5.859988875000001,21000100,5.807,20991200,5.807,21000200
2024-11-20,5.777240625,21000100,5.725,20991200,5.725,21000200
2024-11-21,5.993193375000001,21000100,5.939,20991200,5.939,21000200
2024-11-22,6.7442286367249995,21000100,6.634,20991200,6.634,21000200
2024-11-23,8.6674362624375,21000100,8.523,20991200,8.523,21000200
2024-11-24,8.9760868358625,21000100,8.829,20991200,8.829,21000200
2024-11-25,8.335711986441668,21000100,8.242,20991200,8.242,21000200
2024-11-26,8.186210088966666,21000100,8.072,20991200,8.072,21000200
2024-11-27,8.544034012800001,21000100,8.462,20991200,8.462,21000200
2024-11-28,8.70067575,21000100,8.622,20991200,8.622,21000200
2024-11-29,9.146865472250001,21000100,9.031,20991200,9.031,21000200
2024-11-30,9.057728985841667,21000100,8.953,20991200,8.953,21000200
2024-12-01,9.491687872395833,21000100,9.299,20991200,9.299,21000200
2024-12-02,10.200508815641667,21000100,10.022,20991200,10.022,21000200
2024-12-03,10.030811354474698,21000100,9.783,20991200,9.783,21000200
2024-12-04,10.804852496048872,21000100,10.526,20991200,10.526,21000200
2024-12-05,10.671644255972563,21000100,10.381,20991200,10.381,21000200
2024-12-06,10.991868812613399,21000100,10.682,20991200,10.682,21000200
2024-12-07,10.926084854896086,21000100,10.604,20991200,10.604,21000200
2024-12-08,10.667897657666664,21000100,10.402,20991200,10.402,21000200
2024-12-09,8.671047291375,21000100,8.467,20991200,8.467,21000200
2024-12-10,8.465549625,21000100,8.389,20991200,8.389,21000200
2024-12-11,9.046608341066667,21000100,8.992,20991200,8.992,21000200
2024-12-12,9.142672500000002,21000100,9.06,20991200,9.06,21000200
2024-12-13,9.170928,21000100,9.088,20991200,9.088,21000200
2024-12-14,8.62801875,21000100,8.55,20991200,8.55,21000200
2024-12-15,9.109371375,21000100,9.027,20991200,9.027,21000200
2024-12-16,8.83388025,21000100,8.754,20991200,8.754,21000200
2024-12-17,8.562425625,21000100,8.485,20991200,8.485,21000200
2024-12-18,7.746043500000001,21000100,7.676,20991200,7.676,21000200
2024-12-19,6.999637583691667,21000100,6.937,20991200,6.937,21000200
2024-12-20,7.320531050833334,21000100,7.288,20991200,7.288,21000200
2024-12-21,7.03360125,21000100,6.97,20991200,6.97,21000200
2024-12-22,6.901405875000001,21000100,6.839,20991200,6.839,21000200
2024-12-23,7.44361845975,21000100,7.38,20991200,7.38,21000200
2024-12-24,7.615866375,21000100,7.547,20991200,7.547,21000200
2024-12-25,7.566419250000001,21000100,7.498,20991200,7.498,21000200
2024-12-26,6.976628302875,21000100,6.93,20991200,6.93,21000200
2024-12-27,6.9666985824,21000100,6.907,20991200,6.907,21000200
2024-12-28,7.135888783875,21000100,7.11,20991200,7.11,21000200
2024-12-29,6.922733103116667,21000100,6.862,20991200,6.862,21000200
2024-12-30,6.708849188429166,21000100,6.701,20991200,6.701,21000200
2024-12-31,6.679559375341666,21000100,6.637,20991200,6.637,21000200
2025-01-01,7.092280642016665,21000100,7.052,20991200,7.052,21000200
2025-01-02,7.240471875,21000100,7.175,20991200,7.175,21000200
2025-01-03,7.819709625,21000100,7.749,20991200,7.749,21000200
2025-01-04,7.746043500000001,21000100,7.676,20991200,7.676,21000200
2025-01-05,7.73998875,21000100,7.67,20991200,7.67,21000200
2025-01-06,7.838883,21000100,7.768,20991200,7.768,21000200
2025-01-07,7.071948000000001,21000100,7.008,20991200,7.008,21000200
2025-01-08,6.7640794799375,21000100,6.755,20991200,6.755,21000200
2025-01-09,6.515240740266667,21000100,6.553,20991200,6.553,21000200
2025-01-10,6.760300752187501,21000100,6.727,20991200,6.727,21000200
2025-01-11,6.799484250000001,21000100,6.738,20991200,6.738,21000200
2025-01-12,6.689489625,21000100,6.629,20991200,6.629,21000200
2025-01-13,6.4081274155,21000100,6.392,20991200,6.392,21000200
2025-01-14,6.679026686895833,21000100,6.665,20991200,6.665,21000200
2025-01-15,7.226344125,21000100,7.161,20991200,7.161,21000200
2025-01-16,7.2142346250000005,21000100,7.149,20991200,7.149,21000200
2025-01-17,7.57045575,21000100,7.502,20991200,7.502,21000200
2025-01-18,7.103230875,21000100,7.039,20991200,7.039,21000200
2025-01-19,6.298551947816667,21000100,6.242,20991200,6.242,21000200
2025-01-20,6.435013614954166,21000100,6.377,20991200,6.377,21000200
2025-01-21,6.6764895696,21000100,6.624,20991200,6.624,21000200
2025-01-22,6.505828875000001,21000100,6.447,20991200,6.447,21000200
2025-01-23,6.40794375,21000100,6.35,20991200,6.35,21000200
2025-01-24,6.374642625000001,21000100,6.317,20991200,6.317,21000200
2025-01-25,6.378679125,21000100,6.321,20991200,6.321,21000200
2025-01-26,6.2283195000000005,21000100,6.172,20991200,6.172,21000200
2025-01-27,5.964858348449999,21000100,5.949,20991200,5.949,21000200
2025-01-28,5.696063458399999,21000100,5.646,20991200,5.646,21000200
2025-01-29,5.804584877283333,21000100,5.762,20991200,5.762,21000200
2025-01-30,6.1574639433125,21000100,6.123,20991200,6.123,21000200
2025-01-31,6.37565175,21000100,6.318,20991200,6.318,21000200
2025-02-01,5.957874,21000100,5.904,20991200,5.904,21000200
2025-02-02,5.161560462500001,21000100,5.15,20991200,5.15,21000200
2025-02-03,5.114003807735881,21000100,5.174,20991200,5.174,21000200
2025-02-04,4.7271856729333335,21000100,4.738,20991200,4.738,21000200
2025-02-05,4.690294504225,21000100,4.686,20991200,4.686,21000200
2025-02-06,4.473397079929167,21000100,4.487,20991200,4.487,21000200
2025-02-07,4.578049966166667,21000100,4.588,20991200,4.588,21000200
2025-02-08,4.747567114674999,21000100,4.741,20991200,4.741,21000200
2025-02-09,4.790466389025,21000100,4.759,20991200,4.759,21000200
2025-02-10,4.876361313525,21000100,4.842,20991200,4.842,21000200
2025-02-11,4.8374877105000005,21000100,4.806,20991200,4.806,21000200
2025-02-12,5.219623496770833,21000100,5.225,20991200,5.225,21000200
2025-02-13,5.1566700711,21000100,5.128,20991200,5.128,21000200
2025-02-14,5.17655302895,21000100,5.169,20991200,5.169,21000200
2025-02-15,5.0081644691,21000100,5.018,20991200,5.018,21000200
2025-02-16,4.8987665187500005,21000100,4.875,20991200,4.875,21000200
2025-02-17,4.8976356391875,21000100,4.887,20991200,4.887,21000200
2025-02-18,4.784275842608333,21000100,4.766,20991200,4.766,21000200
2025-02-19,4.897231541787501,21000100,4.881,20991200,4.881,21000200
2025-02-20,5.0900265,21000100,5.044,20991200,5.044,21000200
2025-02-21,5.10415425,21000100,5.058,20991200,5.058,21000200
2025-02-22,5.066584713325001,21000100,5.041,20991200,5.041,21000200
2025-02-23,4.951183723358333,21000100,4.951,20991200,4.951,21000200
2025-02-24,4.3688525518666665,21000100,4.412,20991200,4.412,21000200
2025-02-25,4.618194831725,21000100,4.638,20991200,4.638,21000200
2025-02-26,4.7857582107125,21000100,4.753,20991200,4.753,21000200
2025-02-27,4.9770045000000005,21000100,4.932,20991200,4.932,21000200
2025-02-28,4.703385414408333,21000100,4.711,20991200,4.711,21000200
2025-03-01,4.641008718529166,21000100,4.661,20991200,4.661,21000200
2025-03-02,5.191700972025,21000100,5.202,20991200,5.202,21000200
2025-03-03,4.509779625,21000100,4.469,20991200,4.469,21000200
2025-03-04,4.261556154799999,21000100,4.326,20991200,4.326,21000200
2025-03-05,4.482080858475,21000100,4.521,20991200,4.521,21000200
2025-03-06,4.454279737199999,21000100,4.428,20991200,4.428,21000200
2025-03-07,4.405467493875,21000100,4.41,20991200,4.41,21000200
2025-03-08,4.2689010005,21000100,4.287,20991200,4.287,21000200
2025-03-09,3.965370467895833,21000100,4.015,20991200,4.015,21000200
2025-03-10,3.81187764305,21000100,3.866,20991200,3.866,21000200
2025-03-11,3.9752346828540497,21000100,4.041,20991200,4.041,21000200
2025-03-12,3.9599575180750004,21000100,3.966,20991200,3.966,21000200
2025-03-13,3.9719351082208334,21000100,3.977,20991200,3.977,21000200
2025-03-14,4.2007529452000005,21000100,4.184,20991200,4.184,21000200
2025-03-15,4.375205437050001,21000100,4.347,20991200,4.347,21000200
2025-03-16,4.319438277900001,21000100,4.296,20991200,4.296,21000200
2025-03-17,4.402067122379166,21000100,4.369,20991200,4.369,21000200
2025-03-18,4.470852396933333,21000100,4.448,20991200,4.448,21000200
2025-03-19,4.561127136479167,21000100,4.535,20991200,4.535,21000200
2025-03-20,4.39703091695,21000100,4.396,20991200,4.396,21000200
2025-03-21,4.509046544862501,21000100,4.497,20991200,4.497,21000200
2025-03-22,4.435515877575,21000100,4.443,20991200,4.443,21000200
2025-03-23,4.5141419250000006,21000100,4.5,20991200,4.5,21000200
2025-03-24,4.658386251491667,21000100,4.619,20991200,4.619,21000200
2025-03-25,4.677294375,21000100,4.635,20991200,4.635,21000200
2025-03-26,4.733805375,21000100,4.691,20991200,4.691,21000200
2025-03-27,4.641203435591668,21000100,4.621,20991200,4.621,21000200
2025-03-28,4.2632532170749995,21000100,4.278,20991200,4.278,21000200
2025-03-29,4.0309580967,21000100,4.047,20991200,4.047,21000200
2025-03-30,3.9896785928250003,21000100,4.041,20991200,4.041,21000200
2025-03-31,4.001688944554167,21000100,4.019,20991200,4.019,21000200
2025-04-01,4.154836916862499,21000100,4.169,20991200,4.169,21000200
2025-04-02,3.9551780782875,21000100,3.963,20991200,3.963,21000200
2025-04-03,4.0551292496833335,21000100,4.057,20991200,4.057,21000200
2025-04-04,4.0253317589624995,21000100,4.031,20991200,4.031,21000200
2025-04-05,3.9501706828000005,21000100,3.954,20991200,3.954,21000200
2025-04-06,3.7005141619874995,21000100,3.681,20991200,3.681,21000200
2025-04-07,3.5411195771666666,21000100,3.59,20991200,3.59,21000200
2025-04-08,3.3465590859375,21000100,3.375,20991200,3.375,21000200
2025-04-09,3.6480822759791667,21000100,3.641,20991200,3.641,21000200
2025-04-10,3.4511749564625,21000100,3.461,20991200,3.461,21000200
2025-04-11,3.5595771958125004,21000100,3.555,20991200,3.555,21000200
2025-04-12,3.729148243475,21000100,3.711,20991200,3.711,21000200
2025-04-13,3.6792166724374997,21000100,3.665,20991200,3.665,21000200
2025-04-14,3.6733038795333335,21000100,3.673,20991200,3.673,21000200
2025-04-15,3.5012532186666667,21000100,3.517,20991200,3.517,21000200
2025-04-16,3.5154964104375,21000100,3.555,20991200,3.555,21000200
2025-04-17,3.6586291347374997,21000100,3.633,20991200,3.633,21000200
2025-04-18,3.7065161250000003,21000100,3.673,20991200,3.673,21000200
2025-04-19,3.8953406870583334,21000100,3.878,20991200,3.878,21000200
2025-04-20,3.910028547425,21000100,3.878,20991200,3.878,21000200
2025-04-21,3.7970514674666664,21000100,3.776,20991200,3.776,21000200
2025-04-22,3.9605916391999996,21000100,4.008,20991200,4.008,21000200
2025-04-23,4.130348625,21000100,4.093,20991200,4.093,21000200
2025-04-24,4.307954625000001,21000100,4.269,20991200,4.269,21000200
2025-04-25,4.289790375000001,21000100,4.251,20991200,4.251,21000200
2025-04-26,4.298517117891667,21000100,4.262,20991200,4.262,21000200
2025-04-27,4.1100971339250005,21000100,4.086,20991200,4.086,21000200
2025-04-28,4.257430147575,21000100,4.239,20991200,4.239,21000200
2025-04-29,4.180804875,21000100,4.143,20991200,4.143,21000200
2025-04-30,4.0514585914125,21000100,4.063,20991200,4.063,21000200
2025-05-01,4.188990068808334,21000100,4.174,20991200,4.174,21000200
2025-05-02,4.193382227720833,21000100,4.159,20991200,4.159,21000200
2025-05-03,4.017413835366667,21000100,4.024,20991200,4.024,21000200
2025-05-04,3.888146170258333,21000100,3.917,20991200,3.917,21000200
2025-05-05,3.919384571625,21000100,3.915,20991200,3.915,21000200
2025-05-06,3.966230635733333,21000100,3.968,20991200,3.968,21000200
2025-05-07,3.9829323315166665,21000100,3.967,20991200,3.967,21000200
2025-05-08,4.495651875,21000100,4.455,20991200,4.455,21000200
2025-05-09,4.8438,21000100,4.8,20991200,4.8,21000200
2025-05-10,5.35441725,21000100,5.306,20991200,5.306,21000200
2025-05-11,5.141491875,21000100,5.095,20991200,5.095,21000200
2025-05-12,5.1142455,21000100,5.068,20991200,5.068,21000200
2025-05-13,5.23735875,21000100,5.19,20991200,5.19,21000200
2025-05-14,5.014478701033333,21000100,4.978,20991200,4.978,21000200
2025-05-15,4.7918968961,21000100,4.776,20991200,4.776,21000200
2025-05-16,4.782266676,21000100,4.752,20991200,4.752,21000200
2025-05-17,4.631574377416667,21000100,4.61,20991200,4.61,21000200
2025-05-18,4.803962349937501,21000100,4.791,20991200,4.791,21000200
2025-05-19,4.6107270088375,21000100,4.593,20991200,4.593,21000200
2025-05-20,4.698484086850001,21000100,4.674,20991200,4.674,21000200
2025-05-21,4.779216,21000100,4.736,20991200,4.736,21000200
2025-05-22,4.99113225,21000100,4.946,20991200,4.946,21000200
2025-05-23,4.599265947958333,21000100,4.558,20991200,4.558,21000200
2025-05-24,4.51007295725,21000100,4.542,20991200,4.542,21000200
2025-05-25,4.5203688118875,21000100,4.521,20991200,4.521,21000200
2025-05-26,4.477659468000001,21000100,4.464,20991200,4.464,21000200
2025-05-27,4.54384806425,21000100,4.532,20991200,4.532,21000200
2025-05-28,4.615414922270833,21000100,4.585,20991200,4.585,21000200
2025-05-29,4.3328126678666665,21000100,4.331,20991200,4.331,21000200
2025-05-30,4.000097866825,21000100,4.047,20991200,4.047,21000200
2025-05-31,4.044013204175,21000100,4.074,20991200,4.074,21000200
2025-06-01,4.088600201187499,21000100,4.063,20991200,4.063,21000200
2025-06-02,4.17232872385,21000100,4.146,20991200,4.146,21000200
2025-06-03,4.172838990100001,21000100,4.136,20991200,4.136,21000200
2025-06-04,4.036045508437501,21000100,4.005,20991200,4.005,21000200
2025-06-05,3.8147421165,21000100,3.81,20991200,3.81,21000200
2025-06-06,3.8563654837125,21000100,3.883,20991200,3.883,21000200
2025-06-07,4.0536163674125,21000100,4.029,20991200,4.029,21000200
2025-06-08,4.038318376808333,21000100,4.022,20991200,4.022,21000200
2025-06-09,4.1690185051375,21000100,4.151,20991200,4.151,21000200
2025-06-10,4.332173625,21000100,4.293,20991200,4.293,21000200
2025-06-11,4.2241972500000005,21000100,4.186,20991200,4.186,21000200
2025-06-12,3.9420698771750002,21000100,3.917,20991200,3.917,21000200
2025-06-13,3.8028001540500003,21000100,3.834,20991200,3.834,21000200
2025-06-14,3.8032188237083333,21000100,3.779,20991200,3.779,21000200
2025-06-15,3.8232247846625,21000100,3.819,20991200,3.819,21000200
2025-06-16,3.862563552175,21000100,3.846,20991200,3.846,21000200
2025-06-17,3.7475445299791663,21000100,3.715,20991200,3.715,21000200
2025-06-18,3.6223106511250003,21000100,3.621,20991200,3.621,21000200
2025-06-19,3.54194671515,21000100,3.546,20991200,3.546,21000200
2025-06-20,3.4507305572249996,21000100,3.437,20991200,3.437,21000200
2025-06-21,3.3291064362416662,21000100,3.322,20991200,3.322,21000200
2025-06-22,3.146105302245833,21000100,3.151,20991200,3.151,21000200
2025-06-23,3.40234264095,21000100,3.414,20991200,3.414,21000200
2025-06-24,3.4354944429,21000100,3.438,20991200,3.438,21000200
2025-06-25,3.3639048825125,21000100,3.351,20991200,3.351,21000200
2025-06-26,3.310821106425,21000100,3.297,20991200,3.297,21000200
2025-06-27,3.359511659666667,21000100,3.358,20991200,3.358,21000200
2025-06-28,3.4100261914375,21000100,3.405,20991200,3.405,21000200
2025-06-29,3.5504554585291666,21000100,3.541,20991200,3.541,21000200
2025-06-30,3.413804480625,21000100,3.395,20991200,3.395,21000200
2025-07-01,3.269790354675,21000100,3.279,20991200,3.279,21000200
2025-07-02,3.5609303732916664,21000100,3.545,20991200,3.545,21000200
2025-07-03,3.57028425,21000100,3.538,20991200,3.538,21000200
2025-07-04,3.3745819747291663,21000100,3.355,20991200,3.355,21000200
2025-07-05,3.324776550433333,21000100,3.352,20991200,3.352,21000200
2025-07-06,3.4146934282499997,21000100,3.393,20991200,3.393,21000200
2025-07-07,3.3967652901,21000100,3.367,20991200,3.367,21000200
2025-07-08,3.4681443432375,21000100,3.447,20991200,3.447,21000200
2025-07-09,3.652023375,21000100,3.619,20991200,3.619,21000200
2025-07-10,3.9154050000000002,21000100,3.88,20991200,3.88,21000200
2025-07-11,3.94164225,21000100,3.906,20991200,3.906,21000200
2025-07-12,3.92549625,21000100,3.89,20991200,3.89,21000200
2025-07-13,4.019344875000001,21000100,3.983,20991200,3.983,21000200
2025-07-14,3.983389043791667,21000100,3.949,20991200,3.949,21000200
2025-07-15,4.11924825,21000100,4.082,20991200,4.082,21000200
2025-07-16,4.1939234999999995,21000100,4.156,20991200,4.156,21000200
2025-07-17,4.2988725,21000100,4.26,20991200,4.26,21000200
2025-07-18,4.267589625,21000100,4.229,20991200,4.229,21000200
2025-07-19,4.4482230000000005,21000100,4.408,20991200,4.408,21000200
2025-07-20,4.521889125,21000100,4.481,20991200,4.481,21000200
2025-07-21,4.541062500000001,21000100,4.5,20991200,4.5,21000200
2025-07-22,4.5935369999999995,21000100,4.552,20991200,4.552,21000200
2025-07-23,4.1505311250000005,21000100,4.113,20991200,4.113,21000200
2025-07-24,4.035490875000001,21000100,3.999,20991200,3.999,21000200
2025-07-25,4.121565923025,21000100,4.086,20991200,4.086,21000200
2025-07-26,4.160622375,21000100,4.123,20991200,4.123,21000200
2025-07-27,4.277680875,21000100,4.239,20991200,4.239,21000200
2025-07-28,3.9991623750000005,21000100,3.963,20991200,3.963,21000200
2025-07-29,3.921487026975,21000100,3.902,20991200,3.902,21000200
2025-07-30,3.80774768495,21000100,3.804,20991200,3.804,21000200
2025-07-31,3.6710213220416663,21000100,3.679,20991200,3.679,21000200
2025-08-01,3.5659734459791665,21000100,3.545,20991200,3.545,21000200
2025-08-02,3.528812607066666,21000100,3.506,20991200,3.506,21000200
2025-08-03,3.6104189250000003,21000100,3.6,20991200,3.6,21000200
2025-08-04,3.7206202759916667,21000100,3.718,20991200,3.718,21000200
2025-08-05,3.639614291454167,21000100,3.619,20991200,3.619,21000200
2025-08-06,3.682869381608333,21000100,3.673,20991200,3.673,21000200
2025-08-07,3.8992590000000003,21000100,3.864,20991200,3.864,21000200
2025-08-08,4.009329662691667,21000100,3.977,20991200,3.977,21000200
2025-08-09,4.160575677375,21000100,4.134,20991200,4.134,21000200
2025-08-10,4.073487851075,21000100,4.047,20991200,4.047,21000200
2025-08-11,3.8816778944999997,21000100,3.852,20991200,3.852,21000200
2025-08-12,4.1807779835625,21000100,4.155,20991200,4.155,21000200
2025-08-13,4.31703675,21000100,4.278,20991200,4.278,21000200
2025-08-14,4.019344875000001,21000100,3.983,20991200,3.983,21000200
2025-08-15,3.9141657832666663,21000100,3.892,20991200,3.892,21000200
2025-08-16,3.9683978371750004,21000100,3.963,20991200,3.963,21000200
2025-08-17,4.060166664375,21000100,4.05,20991200,4.05,21000200
2025-08-18,3.9168655011,21000100,3.912,20991200,3.912,21000200
2025-08-19,3.7144313052,21000100,3.717,20991200,3.717,21000200
2025-08-20,3.8798843131583336,21000100,3.883,20991200,3.883,21000200
2025-08-21,3.8306385,21000100,3.796,20991200,3.796,21000200
2025-08-22,4.2159837684041666,21000100,4.181,20991200,4.181,21000200
2025-08-23,4.2665805,21000100,4.228,20991200,4.228,21000200
2025-08-24,4.14750375,21000100,4.11,20991200,4.11,21000200
2025-08-25,3.7469432452499998,21000100,3.73,20991200,3.73,21000200
2025-08-26,3.8602987732000003,21000100,3.886,20991200,3.886,21000200
2025-08-27,3.8720126250000004,21000100,3.837,20991200,3.837,21000200
2025-08-28,4.015308375,21000100,3.979,20991200,3.979,21000200
2025-08-29,3.7949048875124998,21000100,3.771,20991200,3.771,21000200
2025-08-30,3.8271565723999994,21000100,3.808,20991200,3.808,21000200
2025-08-31,3.7665318560833336,21000100,3.74,20991200,3.74,21000200
2025-09-01,3.709222205554167,21000100,3.691,20991200,3.691,21000200
2025-09-02,3.828504033875,21000100,3.818,20991200,3.818,21000200
2025-09-03,3.90127725,21000100,3.866,20991200,3.866,21000200
2025-09-04,3.794372684025,21000100,3.762,20991200,3.762,21000200
2025-09-05,3.8525263610791667,21000100,3.827,20991200,3.827,21000200
2025-09-06,3.8568757500000004,21000100,3.822,20991200,3.822,21000200
2025-09-07,4.029436125,21000100,3.993,20991200,3.993,21000200
2025-09-08,4.0678949513000005,21000100,4.044,20991200,4.044,21000200
2025-09-09,4.174750125,21000100,4.137,20991200,4.137,21000200
2025-09-10,4.255480125,21000100,4.217,20991200,4.217,21000200
2025-09-11,4.28070825,21000100,4.242,20991200,4.242,21000200
2025-09-12,4.35740175,21000100,4.318,20991200,4.318,21000200
2025-09-13,4.5329895,21000100,4.492,20991200,4.492,21000200
2025-09-14,4.35336525,21000100,4.314,20991200,4.314,21000200
2025-09-15,4.173797639116667,21000100,4.148,20991200,4.148,21000200
2025-09-16,4.2645093946,21000100,4.251,20991200,4.251,21000200
2025-09-17,4.418700619408334,21000100,4.402,20991200,4.402,21000200
2025-09-18,4.573354500000001,21000100,4.532,20991200,4.532,21000200
2025-09-19,4.394739375,21000100,4.355,20991200,4.355,21000200
2025-09-20,4.3687533981749995,21000100,4.353,20991200,4.353,21000200
2025-09-21,4.2817389607125005,21000100,4.259,20991200,4.259,21000200
2025-09-22,4.0375233545,21000100,4.035,20991200,4.035,21000200
2025-09-23,3.9672891950666664,21000100,3.964,20991200,3.964,21000200
2025-09-24,4.025399625,21000100,3.989,20991200,3.989,21000200
2025-09-25,3.8287912332250005,21000100,3.801,20991200,3.801,21000200
2025-09-26,3.9463658335416665,21000100,3.922,20991200,3.922,21000200
2025-09-27,3.9224688750000003,21000100,3.887,20991200,3.887,21000200
2025-09-28,4.013756970025001,21000100,3.994,20991200,3.994,21000200
2025-09-29,4.013290125,21000100,3.977,20991200,3.977,21000200
2025-09-30,3.9177286764000003,21000100,3.906,20991200,3.906,21000200
2025-10-01,4.1596132500000005,21000100,4.122,20991200,4.122,21000200
2025-10-02,4.332370338716667,21000100,4.306,20991200,4.306,21000200
2025-10-03,4.358410875000001,21000100,4.319,20991200,4.319,21000200
2025-10-04,4.2262155,21000100,4.188,20991200,4.188,21000200
2025-10-05,4.168695375,21000100,4.131,20991200,4.131,21000200
2025-10-06,4.419778163,21000100,4.398,20991200,4.398,21000200
2025-10-07,4.172259036733333,21000100,4.136,20991200,4.136,21000200
2025-10-08,4.208533789466666,21000100,4.192,20991200,4.192,21000200
2025-10-09,4.085858322433333,21000100,4.072,20991200,4.072,21000200
2025-10-10,2.9580086179875003,21000100,2.937,20991200,2.937,21000200
2025-10-11,2.8900123395443016,21000100,2.994,20991200,2.994,21000200
2025-10-12,3.158356735375,21000100,3.238,20991200,3.238,21000200
2025-10-13,3.3113976080166667,21000100,3.373,20991200,3.373,21000200
2025-10-14,3.217435700425,21000100,3.246,20991200,3.246,21000200
2025-10-15,3.1104383137749996,21000100,3.134,20991200,3.134,21000200
2025-10-16,2.9215550064249998,21000100,3.014,20991200,3.014,21000200
2025-10-17,2.8169197990874997,21000100,2.889,20991200,2.889,21000200
2025-10-18,2.8562835110124998,21000100,2.929,20991200,2.929,21000200
2025-10-19,2.9545899194916667,21000100,3.007,20991200,3.007,21000200
2025-10-20,3.0654069504208334,21000100,3.083,20991200,3.083,21000200
2025-10-21,2.9769832255999997,21000100,3.004,20991200,3.004,21000200
2025-10-22,2.87420425515,21000100,2.916,20991200,2.916,21000200
2025-10-23,2.9679336690625,21000100,3.001,20991200,3.001,21000200
2025-10-24,3.0709270864333336,21000100,3.076,20991200,3.076,21000200
2025-10-25,3.0754636078,21000100,3.088,20991200,3.088,21000200
2025-10-26,3.190510803720833,21000100,3.193,20991200,3.193,21000200
2025-10-27,3.1445371992749998,21000100,3.138,20991200,3.138,21000200
2025-10-28,3.043175113595834,21000100,3.047,20991200,3.047,21000200
2025-10-29,3.02638165765,21000100,3.077,20991200,3.077,21000200
2025-10-30,2.8465474809458335,21000100,2.869,20991200,2.869,21000200
2025-10-31,2.8466777947041666,21000100,2.881,20991200,2.881,21000200
2025-11-01,2.9786868539999998,21000100,2.97,20991200,2.97,21000200
2025-11-02,2.9738780730666665,21000100,2.984,20991200,2.984,21000200
2025-11-03,2.522154124283333,21000100,2.582,20991200,2.582,21000200
2025-11-04,2.4391491191083334,21000100,2.506,20991200,2.506,21000200
2025-11-05,2.6576767347374997,21000100,2.667,20991200,2.667,21000200
2025-11-06,2.5712255118,21000100,2.664,20991200,2.664,21000200
2025-11-07,3.164722212195833,21000100,3.251,20991200,3.251,21000200
2025-11-08,3.2468530094,21000100,3.248,20991200,3.248,21000200
2025-11-09,3.217982194558333,21000100,3.229,20991200,3.229,21000200
2025-11-10,3.2152058655999998,21000100,3.264,20991200,3.264,21000200
2025-11-11,3.0708341631041667,21000100,3.053,20991200,3.053,21000200
2025-11-12,2.9248959065625,21000100,2.925,20991200,2.925,21000200
2025-11-13,2.8487774197958333,21000100,2.851,20991200,2.851,21000200
2025-11-14,2.817380103275,21000100,2.811,20991200,2.811,21000200
2025-11-15,2.8272953925833333,21000100,2.83,20991200,2.83,21000200
2025-11-16,2.787672657,21000100,2.783,20991200,2.783,21000200
2025-11-17,2.674249222133333,21000100,2.663,20991200,2.663,21000200
2025-11-18,2.763108040275,21000100,2.754,20991200,2.754,21000200
2025-11-19,2.689087697708333,21000100,2.69,20991200,2.69,21000200
2025-11-20,2.552029104625,21000100,2.541,20991200,2.541,21000200
2025-11-21,2.302468373479167,21000100,2.345,20991200,2.345,21000200
2025-11-22,2.27619653895,21000100,2.308,20991200,2.308,21000200
2025-11-23,2.22586840905,21000100,2.257,20991200,2.257,21000200
2025-11-24,2.3236043592416666,21000100,2.338,20991200,2.338,21000200
2025-11-25,2.2513313801583332,21000100,2.294,20991200,2.294,21000200
2025-11-26,2.3232870425875,21000100,2.343,20991200,2.343,21000200
2025-11-27,2.329507087625,21000100,2.335,20991200,2.335,21000200
2025-11-28,2.25410100965,21000100,2.282,20991200,2.282,21000200
2025-11-29,2.2322192590958334,21000100,2.257,20991200,2.257,21000200
2025-11-30,2.1817604260416665,21000100,2.206,20991200,2.206,21000200
2025-12-01,1.9911661559625002,21000100,2.039,20991200,2.039,21000200
2025-12-02,2.1935947376333336,21000100,2.248,20991200,2.248,21000200
2025-12-03,2.35850142465,21000100,2.364,20991200,2.364,21000200
2025-12-04,2.271571483166667,21000100,2.27,20991200,2.27,21000200
2025-12-05,2.1031904550708336,21000100,2.123,20991200,2.123,21000200
2025-12-06,2.0473527668416667,21000100,2.126,20991200,2.126,21000200
2025-12-07,2.0666871501625,21000100,2.091,20991200,2.091,21000200
2025-12-08,2.1242422970875,21000100,2.129,20991200,2.129,21000200
2025-12-09,2.301816441025,21000100,2.291,20991200,2.291,21000200
2025-12-10,2.1931673725958336,21000100,2.189,20991200,2.189,21000200
2025-12-11,2.0335740642291666,21000100,2.065,20991200,2.065,21000200
2025-12-12,1.9817073991249998,21000100,2.01,20991200,2.01,21000200
2025-12-13,2.023060520425,21000100,2.037,20991200,2.037,21000200
2025-12-14,1.92219494825,21000100,1.951,20991200,1.951,21000200
2025-12-15,1.8732858467250002,21000100,1.899,20991200,1.899,21000200
2025-12-16,1.86778743305,21000100,1.897,20991200,1.897,21000200
2025-12-17,1.8088410595833335,21000100,1.814,20991200,1.814,21000200
2025-12-18,1.7347095178999998,21000100,1.758,20991200,1.758,21000200
2025-12-19,1.8296026802916667,21000100,1.849,20991200,1.849,21000200
2025-12-20,1.8342336897500002,21000100,1.83,20991200,1.83,21000200
2025-12-21,1.7683799052875,21000100,1.801,20991200,1.801,21000200
2025-12-22,1.7808681040458334,21000100,1.783,20991200,1.783,21000200
2025-12-23,1.7444524103999999,21000100,1.764,20991200,1.764,21000200
2025-12-24,1.7115261830333333,21000100,1.736,20991200,1.736,21000200
2025-12-25,1.6828692225583333,21000100,1.682,20991200,1.682,21000200
2025-12-26,1.7087602449625001,21000100,1.723,20991200,1.723,21000200
2025-12-27,1.926419625,21000100,1.909,20991200,1.909,21000200
2025-12-28,1.8668812500000003,21000100,1.85,20991200,1.85,21000200
2025-12-29,1.8172554231666667,21000100,1.823,20991200,1.823,21000200
2025-12-30,1.817406528525,21000100,1.809,20991200,1.809,21000200
2025-12-31,1.7980661525708335,21000100,1.789,20991200,1.789,21000200
2026-01-01,2.0152226250000003,21000100,1.997,20991200,1.997,21000200
2026-01-02,2.1836392106833333,21000100,2.164,20991200,2.164,21000200
2026-01-03,2.1260266588500003,21000100,2.124,20991200,2.124,21000200
2026-01-04,2.1560523183416667,21000100,2.141,20991200,2.141,21000200
2026-01-05,2.2224661355,21000100,2.206,20991200,2.206,21000200
2026-01-06,2.2449373661333336,21000100,2.234,20991200,2.234,21000200
2026-01-07,2.156540524,21000100,2.144,20991200,2.144,21000200
2026-01-08,2.128773048041667,21000100,2.11,20991200,2.11,21000200
2026-01-09,2.0859670512375,21000100,2.083,20991200,2.083,21000200
2026-01-10,2.0960232267250003,21000100,2.091,20991200,2.091,21000200
2026-01-11,2.0709217709999996,21000100,2.07,20991200,2.07,21000200
2026-01-12,2.04603499845,21000100,2.052,20991200,2.052,21000200
2026-01-13,2.2920395829333335,21000100,2.282,20991200,2.282,21000200
2026-01-14,2.243284875,21000100,2.223,20991200,2.223,21000200
2026-01-15,2.124853590866667,21000100,2.116,20991200,2.116,21000200
2026-01-16,2.1160724787999996,21000100,2.118,20991200,2.118,21000200
2026-01-17,2.196173156479167,21000100,2.177,20991200,2.177,21000200
2026-01-18,2.0711387138,21000100,2.064,20991200,2.064,21000200
2026-01-19,2.0028756995,21000100,2.028,20991200,2.028,21000200
2026-01-20,1.9031150901583334,21000100,1.897,20991200,1.897,21000200
2026-01-21,1.9642195862625003,21000100,1.953,20991200,1.953,21000200
2026-01-22,1.9141251215625,21000100,1.925,20991200,1.925,21000200
2026-01-23,1.9186774544166665,21000100,1.924,20991200,1.924,21000200
2026-01-24,1.9206495519000002,21000100,1.929,20991200,1.929,21000200
2026-01-25,1.8191664180083333,21000100,1.822,20991200,1.822,21000200
2026-01-26,1.8767502890625,21000100,1.875,20991200,1.875,21000200
2026-01-27,1.8801117109374998,21000100,1.875,20991200,1.875,21000200
2026-01-28,1.868932378041667,21000100,1.87,20991200,1.87,21000200
2026-01-29,1.7099698056250001,21000100,1.735,20991200,1.735,21000200
2026-01-30,1.677480977775,21000100,1.689,20991200,1.689,21000200
2026-01-31,1.5379499329083333,21000100,1.546,20991200,1.546,21000200
2026-02-01,1.481940014925,21000100,1.494,20991200,1.494,21000200
2026-02-02,1.5266407372708333,21000100,1.541,20991200,1.541,21000200
2026-02-03,1.4945043740833335,21000100,1.499,20991200,1.499,21000200
2026-02-04,1.4743316250000003,21000100,1.461,20991200,1.461,21000200
2026-02-05,1.2519742876875002,21000100,1.245,20991200,1.245,21000200
2026-02-06,1.3455399454499999,21000100,1.367,20991200,1.367,21000200
2026-02-07,1.3786067250125,21000100,1.371,20991200,1.371,21000200
2026-02-08,1.3235282153041665,21000100,1.337,20991200,1.337,21000200
2026-02-09,1.3069982266458333,21000100,1.319,20991200,1.319,21000200
2026-02-10,1.2795437574416668,21000100,1.282,20991200,1.282,21000200
2026-02-11,1.2453850057499998,21000100,1.255,20991200,1.255,21000200
2026-02-12,1.2701746290166667,21000100,1.282,20991200,1.282,21000200
2026-02-13,1.319740535825,21000100,1.329,20991200,1.329,21000200
2026-02-14,1.4225984106666667,21000100,1.42,20991200,1.42,21000200
2026-02-15,1.3633642947500002,21000100,1.356,20991200,1.356,21000200
2026-02-16,1.3585150791666667,21000100,1.375,20991200,1.375,21000200
2026-02-17,1.3451886610375,21000100,1.347,20991200,1.347,21000200
2026-02-18,1.3020133011666668,21000100,1.31,20991200,1.31,21000200
2026-02-19,1.2586357138958333,21000100,1.285,20991200,1.285,21000200
2026-02-20,1.3126902863333334,21000100,1.34,20991200,1.34,21000200
2026-02-21,1.369382625,21000100,1.357,20991200,1.357,21000200
2026-02-22,1.27852318695,21000100,1.311,20991200,1.311,21000200
2026-02-23,1.2186313925501897,21000100,1.264,20991200,1.264,21000200
2026-02-24,1.2254151277499998,21000100,1.236,20991200,1.236,21000200
2026-02-25,1.6496945104499998,21000100,1.662,20991200,1.662,21000200
2026-02-26,1.5825690833333335,21000100,1.573,20991200,1.573,21000200
