DATETIME,CARRY,CARRY_CONTRACT,PRICE,PRICE_CONTRACT,FORWARD,FORWARD_CONTRACT
2020-01-02,128.078382768375,21000100,127.11,20991200,127.11,21000200
2020-01-03,135.51539625,21000100,134.29,20991200,134.29,21000200
2020-01-04,135.3640275,21000100,134.14,20991200,134.14,21000200
2020-01-05,136.56488625000003,21000100,135.33,20991200,135.33,21000200
2020-01-06,145.354365,21000100,144.04,20991200,144.04,21000200
2020-01-07,144.1635975,21000100,142.86,20991200,142.86,21000200
2020-01-08,142.03434375,21000100,140.75,20991200,140.75,21000200
2020-01-09,138.98678625,21000100,137.73,20991200,137.73,21000200
2020-01-10,146.12130000000002,21000100,144.8,20991200,144.8,21000200
2020-01-11,143.69940000000003,21000100,142.4,20991200,142.4,21000200
2020-01-12,147.90745125,21000100,146.57,20991200,146.57,21000200
2020-01-13,144.89016750000002,21000100,143.58,20991200,143.58,21000200
2020-01-14,167.28265125000001,21000100,165.77,20991200,165.77,21000200
2020-01-15,169.82444789916667,21000100,166.6,20991200,166.6,21000200
2020-01-16,169.260146529625,21000100,164.37,20991200,164.37,21000200
2020-01-17,172.59972351508333,21000100,170.06,20991200,170.06,21000200
2020-01-18,176.07547232275002,21000100,174.43,20991200,174.43,21000200
2020-01-19,171.52964892,21000100,167.04,20991200,167.04,21000200
2020-01-20,174.15011169058334,21000100,167.03,20991200,167.03,21000200
2020-01-21,172.463538923,21000100,169.52,20991200,169.52,21000200
2020-01-22,169.99842793541666,21000100,168.19,20991200,168.19,21000200
2020-01-23,165.05164432975,21000100,162.97,20991200,162.97,21000200
2020-01-24,165.63682880062498,21000100,162.63,20991200,162.63,21000200
2020-01-25,162.85348525950002,21000100,160.52,20991200,160.52,21000200
2020-01-26,171.39040174250002,21000100,167.9,20991200,167.9,21000200
2020-01-27,171.76316625,21000100,170.21,20991200,170.21,21000200
2020-01-28,183.96695580449997,21000100,175.88,20991200,175.88,21000200
2020-01-29,188.81115017416667,21000100,173.8,20991200,173.8,21000200
2020-01-30,194.0876950875833,21000100,185.14,20991200,185.14,21000200
2020-01-31,195.82122267946565,21000100,180.14,20991200,180.14,21000200
2020-02-02,192.10794528733334,21000100,188.59,20991200,188.59,21000200
2020-02-03,191.65302,21000100,189.92,20991200,189.92,21000200
2020-02-04,194.22312733725,21000100,189.01,20991200,189.01,21000200
2020-02-05,211.27121933125002,21000100,204.1,20991200,204.1,21000200
2020-02-06,229.04739558362502,21000100,213.27,20991200,213.27,21000200
2020-02-07,229.92184540691665,21000100,223.57,20991200,223.57,21000200
2020-02-08,229.26738894591668,21000100,223.57,20991200,223.57,21000200
2020-02-09,249.26096729199998,21000100,228.64,20991200,228.64,21000200
2020-02-10,253.17875271426743,21000100,223.03,20991200,223.03,21000200
2020-02-11,264.32171937966666,21000100,237.16,20991200,237.16,21000200
2020-02-12,315.58874145723104,21000100,266.24,20991200,266.24,21000200
2020-02-13,304.40602027200003,21000100,268.48,20991200,268.48,21000200
2020-02-14,312.5932318858333,21000100,285.4,20991200,285.4,21000200
2020-02-15,289.29362546349995,21000100,265.08,20991200,265.08,21000200
2020-02-16,282.229133371375,21000100,258.87,20991200,258.87,21000200
2020-02-17,284.7870532333333,21000100,268.0,20991200,268.0,21000200
2020-02-18,288.145192482,21000100,282.96,20991200,282.96,21000200
2020-02-19,276.957463701625,21000100,258.43,20991200,258.43,21000200
2020-02-20,263.6276238717917,21000100,257.11,20991200,257.11,21000200
2020-02-21,280.041386562,21000100,265.44,20991200,265.44,21000200
2020-02-22,274.087545267,21000100,261.83,20991200,261.83,21000200
2020-02-23,288.7712201847917,21000100,274.67,20991200,274.67,21000200
2020-02-24,274.76961636,21000100,265.7,20991200,265.7,21000200
2020-02-25,256.35098021954167,21000100,247.03,20991200,247.03,21000200
2020-02-26,237.62559658499998,21000100,224.1,20991200,224.1,21000200
2020-02-27,231.12062737866665,21000100,227.92,20991200,227.92,21000200
2020-02-28,231.8060423721667,21000100,227.09,20991200,227.09,21000200
2020-02-29,226.84271966083335,21000100,217.31,20991200,217.31,21000200
2020-03-02,235.07253726291668,21000100,232.22,20991200,232.22,21000200
2020-03-03,227.60382124125,21000100,224.1,20991200,224.1,21000200
2020-03-04,230.886878996,21000100,224.47,20991200,224.47,21000200
2020-03-05,235.93753050733332,21000100,228.64,20991200,228.64,21000200
2020-03-06,249.21495823166666,21000100,244.94,20991200,244.94,21000200
2020-03-07,239.77564933741667,21000100,237.34,20991200,237.34,21000200
2020-03-08,206.586505675,21000100,199.54,20991200,199.54,21000200
2020-03-09,205.34310710500003,21000100,203.02,20991200,203.02,21000200
2020-03-10,204.64343671854166,21000100,200.95,20991200,200.95,21000200
2020-03-11,198.57569596929167,21000100,194.81,20991200,194.81,21000200
2020-03-12,109.98552614212498,21000100,106.71,20991200,106.71,21000200
2020-03-13,121.900061809125,21000100,134.13,20991200,134.13,21000200
2020-03-14,123.66826875000001,21000100,122.55,20991200,122.55,21000200
2020-03-15,125.02049625000001,21000100,123.89,20991200,123.89,21000200
2020-03-16,110.960954841,21000100,111.06,20991200,111.06,21000200
2020-03-17,116.73558000000001,21000100,115.68,20991200,115.68,21000200
2020-03-18,119.23821000000001,21000100,118.16,20991200,118.16,21000200
2020-03-19,137.6648325,21000100,136.42,20991200,136.42,21000200
2020-03-20,134.73837,21000100,133.52,20991200,133.52,21000200
2020-03-21,133.88061374999998,21000100,132.67,20991200,132.67,21000200
2020-03-22,123.36553125,21000100,122.25,20991200,122.25,21000200
2020-03-23,137.200635,21000100,135.96,20991200,135.96,21000200
2020-03-24,139.6427175,21000100,138.38,20991200,138.38,21000200
2020-03-25,137.3419125,21000100,136.1,20991200,136.1,21000200
2020-03-26,139.67299125,21000100,138.41,20991200,138.41,21000200
2020-03-27,132.46783875000003,21000100,131.27,20991200,131.27,21000200
2020-03-28,131.638472353125,21000100,130.95,20991200,130.95,21000200
2020-03-29,125.53515000000002,21000100,124.4,20991200,124.4,21000200
2020-03-30,132.44523626166668,21000100,132.04,20991200,132.04,21000200
2020-03-31,133.82006625000002,21000100,132.61,20991200,132.61,21000200
2020-04-02,141.9373748625,21000100,141.3,20991200,141.3,21000200
2020-04-03,142.51872375,21000100,141.23,20991200,141.23,21000200
2020-04-04,145.10993915941668,21000100,144.02,20991200,144.02,21000200
2020-04-05,143.61156347825002,21000100,142.59,20991200,142.59,21000200
2020-04-06,172.324795706875,21000100,171.15,20991200,171.15,21000200
2020-04-07,163.84053239062501,21000100,164.55,20991200,164.55,21000200
2020-04-08,174.77035875,21000100,173.19,20991200,173.19,21000200
2020-04-09,171.0063225,21000100,169.46,20991200,169.46,21000200
2020-04-10,159.12892125000002,21000100,157.69,20991200,157.69,21000200
2020-04-11,159.083853254125,21000100,158.19,20991200,158.19,21000200
2020-04-12,159.78137717333334,21000100,158.72,20991200,158.72,21000200
2020-04-13,157.79687625000003,21000100,156.37,20991200,156.37,21000200
2020-04-14,159.87567375,21000100,158.43,20991200,158.43,21000200
2020-04-15,154.03284,21000100,152.64,20991200,152.64,21000200
2020-04-16,173.18561648558335,21000100,172.27,20991200,172.27,21000200
2020-04-17,172.11636000000001,21000100,170.56,20991200,170.56,21000200
2020-04-18,189.15961925899998,21000100,187.48,20991200,187.48,21000200
2020-04-19,181.61222625000002,21000100,179.97,20991200,179.97,21000200
2020-04-20,171.74298375,21000100,170.19,20991200,170.19,21000200
2020-04-21,172.2172725,21000100,170.66,20991200,170.66,21000200
2020-04-22,184.29649875,21000100,182.63,20991200,182.63,21000200
2020-04-23,187.22296125,21000100,185.53,20991200,185.53,21000200
2020-04-24,189.36230625000002,21000100,187.65,20991200,187.65,21000200
2020-04-25,196.02253125000001,21000100,194.25,20991200,194.25,21000200
2020-04-26,199.26182250000002,21000100,197.46,20991200,197.46,21000200
2020-04-27,198.16187625,21000100,196.37,20991200,196.37,21000200
2020-04-28,198.10132875000002,21000100,196.31,20991200,196.31,21000200
2020-04-29,217.4664375,21000100,215.5,20991200,215.5,21000200
2020-04-30,210.01757481075,21000100,206.22,20991200,206.22,21000200
2020-05-02,221.44772447525003,21000100,213.99,20991200,213.99,21000200
2020-05-03,215.34787661020832,21000100,209.95,20991200,209.95,21000200
2020-05-04,209.7867407895,21000100,206.73,20991200,206.73,21000200
2020-05-05,209.43492584204168,21000100,205.39,20991200,205.39,21000200
2020-05-06,204.58779749941664,21000100,199.06,20991200,199.06,21000200
2020-05-07,214.19394734062502,21000100,212.25,20991200,212.25,21000200
2020-05-08,219.039491992125,21000100,211.47,20991200,211.47,21000200
2020-05-09,215.400740200125,21000100,210.31,20991200,210.31,21000200
2020-05-10,189.52856969333334,21000100,187.52,20991200,187.52,21000200
2020-05-11,187.38442125,21000100,185.69,20991200,185.69,21000200
2020-05-12,191.370465,21000100,189.64,20991200,189.64,21000200
2020-05-13,201.3608025,21000100,199.54,20991200,199.54,21000200
2020-05-14,204.98356125,21000100,203.13,20991200,203.13,21000200
2020-05-15,195.33357256695837,21000100,194.71,20991200,194.71,21000200
2020-05-16,201.2756319545833,21000100,200.39,20991200,200.39,21000200
2020-05-17,207.93347168445834,21000100,206.93,20991200,206.93,21000200
2020-05-18,216.79032375000003,21000100,214.83,20991200,214.83,21000200
2020-05-19,216.65913749999999,21000100,214.7,20991200,214.7,21000200
2020-05-20,211.875885,21000100,209.96,20991200,209.96,21000200
2020-05-21,200.49295500000002,21000100,198.68,20991200,198.68,21000200
2020-05-22,208.76275502466666,21000100,207.28,20991200,207.28,21000200
2020-05-23,208.39440375,21000100,206.51,20991200,206.51,21000200
2020-05-24,201.5222625,21000100,199.7,20991200,199.7,21000200
2020-05-25,205.9624125,21000100,204.1,20991200,204.1,21000200
2020-05-26,202.74330375,21000100,200.91,20991200,200.91,21000200
2020-05-27,210.17046375,21000100,208.27,20991200,208.27,21000200
2020-05-28,222.33042,21000100,220.32,20991200,220.32,21000200
2020-05-29,222.66343125000003,21000100,220.65,20991200,220.65,21000200
2020-05-30,245.96412750000002,21000100,243.74,20991200,243.74,21000200
2020-05-31,233.66289375000002,21000100,231.55,20991200,231.55,21000200
2020-06-02,242.28448879141666,21000100,237.73,20991200,237.73,21000200
2020-06-03,246.751245,21000100,244.52,20991200,244.52,21000200
2020-06-04,245.49993,21000100,243.28,20991200,243.28,21000200
2020-06-05,242.32118625,21000100,240.13,20991200,240.13,21000200
2020-06-06,244.25870625000002,21000100,242.05,20991200,242.05,21000200
2020-06-07,246.8925225,21000100,244.66,20991200,244.66,21000200
2020-06-08,250.75756830395835,21000100,246.65,20991200,246.65,21000200
2020-06-09,247.23799302950002,21000100,243.98,20991200,243.98,21000200
2020-06-10,250.21254375,21000100,247.95,20991200,247.95,21000200
2020-06-11,233.5265240136667,21000100,230.48,20991200,230.48,21000200
2020-06-12,239.62682250000003,21000100,237.46,20991200,237.46,21000200
2020-06-13,240.34330125,21000100,238.17,20991200,238.17,21000200
2020-06-14,234.03627,21000100,231.92,20991200,231.92,21000200
2020-06-15,232.96659750000003,21000100,230.86,20991200,230.86,21000200
2020-06-16,237.36638250000001,21000100,235.22,20991200,235.22,21000200
2020-06-17,235.88296875,21000100,233.75,20991200,233.75,21000200
2020-06-18,233.3702475,21000100,231.26,20991200,231.26,21000200
2020-06-19,231.05935125000002,21000100,228.97,20991200,228.97,21000200
2020-06-20,230.93825625,21000100,228.85,20991200,228.85,21000200
2020-06-21,230.16123000000002,21000100,228.08,20991200,228.08,21000200
2020-06-22,245.3586525,21000100,243.14,20991200,243.14,21000200
2020-06-23,245.33847000000003,21000100,243.12,20991200,243.12,21000200
2020-06-24,236.6801775,21000100,234.54,20991200,234.54,21000200
2020-06-25,234.6215625,21000100,232.5,20991200,232.5,21000200
2020-06-26,231.7556475,21000100,229.66,20991200,229.66,21000200
2020-06-27,222.95607750000002,21000100,220.94,20991200,220.94,21000200
2020-06-28,227.01276000000001,21000100,224.96,20991200,224.96,21000200
2020-06-29,230.03004375,21000100,227.95,20991200,227.95,21000200
2020-06-30,227.61823500000003,21000100,225.56,20991200,225.56,21000200
2020-07-02,228.6071775,21000100,226.54,20991200,226.54,21000200
2020-07-03,226.88157375000003,21000100,224.83,20991200,224.83,21000200
2020-07-04,231.29145,21000100,229.2,20991200,229.2,21000200
2020-07-05,229.68694125000002,21000100,227.61,20991200,227.61,21000200
2020-07-06,243.83487375,21000100,241.63,20991200,241.63,21000200
2020-07-07,241.63498125,21000100,239.45,20991200,239.45,21000200
2020-07-08,249.3951525,21000100,247.14,20991200,247.14,21000200
2020-07-09,244.43674619962502,21000100,242.01,20991200,242.01,21000200
2020-07-10,243.57250125000002,21000100,241.37,20991200,241.37,21000200
2020-07-11,241.43315625000002,21000100,239.25,20991200,239.25,21000200
2020-07-12,245.0357325,21000100,242.82,20991200,242.82,21000200
2020-07-13,241.99762428833333,21000100,239.6,20991200,239.6,21000200
2020-07-14,242.75511,21000100,240.56,20991200,240.56,21000200
2020-07-15,240.76713375000003,21000100,238.59,20991200,238.59,21000200
2020-07-16,235.87287750000002,21000100,233.74,20991200,233.74,21000200
2020-07-17,234.84357,21000100,232.72,20991200,232.72,21000200
2020-07-18,237.84067125,21000100,235.69,20991200,235.69,21000200
2020-07-19,241.37260875,21000100,239.19,20991200,239.19,21000200
2020-07-20,238.18377375,21000100,236.03,20991200,236.03,21000200
2020-07-21,247.800735,21000100,245.56,20991200,245.56,21000200
2020-07-22,266.68146375,21000100,264.27,20991200,264.27,21000200
2020-07-23,284.5145138506491,21000100,275.56,20991200,275.56,21000200
2020-07-24,290.05256081125634,21000100,279.45,20991200,279.45,21000200
2020-07-25,312.633236772,21000100,305.64,20991200,305.64,21000200
2020-07-26,325.2106367844386,21000100,311.41,20991200,311.41,21000200
2020-07-27,338.5097421488831,21000100,322.33,20991200,322.33,21000200
2020-07-28,336.7119844643036,21000100,317.21,20991200,317.21,21000200
2020-07-29,339.1840552602383,21000100,318.12,20991200,318.12,21000200
2020-07-30,354.86193848000005,21000100,335.3,20991200,335.3,21000200
2020-07-31,371.4355443306151,21000100,346.42,20991200,346.42,21000200
2020-08-02,401.7424322001041,21000100,372.85,20991200,372.85,21000200
2020-08-03,401.9634224133333,21000100,386.2,20991200,386.2,21000200
2020-08-04,408.42193885375,21000100,390.1,20991200,390.1,21000200
2020-08-05,425.83748439374995,21000100,400.95,20991200,400.95,21000200
2020-08-06,417.7806245046666,21000100,395.09,20991200,395.09,21000200
2020-08-07,394.4857792310833,21000100,379.63,20991200,379.63,21000200
2020-08-08,406.52732217216663,21000100,397.48,20991200,397.48,21000200
2020-08-09,404.05548449725,21000100,390.54,20991200,390.54,21000200
2020-08-10,419.239401043625,21000100,395.83,20991200,395.83,21000200
2020-08-11,396.90425650875005,21000100,379.3,20991200,379.3,21000200
2020-08-12,398.3918723175833,21000100,387.46,20991200,387.46,21000200
2020-08-13,443.9608358025,21000100,425.34,20991200,425.34,21000200
2020-08-14,480.6340917459042,21000100,438.84,20991200,438.84,21000200
2020-08-15,464.23228842500004,21000100,432.75,20991200,432.75,21000200
2020-08-16,463.939083251375,21000100,434.19,20991200,434.19,21000200
2020-08-17,462.77090893466664,21000100,431.33,20991200,431.33,21000200
2020-08-18,457.5443847898333,21000100,422.36,20991200,422.36,21000200
2020-08-19,419.5693751668749,21000100,407.65,20991200,407.65,21000200
2020-08-20,425.4522081334583,21000100,416.29,20991200,416.29,21000200
2020-08-21,393.1026655708333,21000100,388.25,20991200,388.25,21000200
2020-08-22,399.04839000000004,21000100,395.44,20991200,395.44,21000200
2020-08-23,398.29903974583334,21000100,391.0,20991200,391.0,21000200
2020-08-24,418.61574560649996,21000100,407.94,20991200,407.94,21000200
2020-08-25,388.39996372449997,21000100,383.11,20991200,383.11,21000200
2020-08-26,391.4122570854167,21000100,386.02,20991200,386.02,21000200
2020-08-27,387.24981494499997,21000100,383.6,20991200,383.6,21000200
2020-08-28,399.01319191550004,21000100,395.14,20991200,395.14,21000200
2020-08-29,402.29777250000006,21000100,398.66,20991200,398.66,21000200
2020-08-30,433.02562875,21000100,429.11,20991200,429.11,21000200
2020-08-31,437.99052374999997,21000100,434.03,20991200,434.03,21000200
2020-09-02,455.2538076770834,21000100,439.75,20991200,439.75,21000200
2020-09-03,385.6662961889167,21000100,381.62,20991200,381.62,21000200
2020-09-04,390.20774926499996,21000100,385.2,20991200,385.2,21000200
2020-09-05,337.90550625000003,21000100,334.85,20991200,334.85,21000200
2020-09-06,355.90829625000003,21000100,352.69,20991200,352.69,21000200
2020-09-07,356.33712629,21000100,353.49,20991200,353.49,21000200
2020-09-08,340.398045,21000100,337.32,20991200,337.32,21000200
2020-09-09,353.84968125,21000100,350.65,20991200,350.65,21000200
2020-09-10,370.65798448775,21000100,367.69,20991200,367.69,21000200
2020-09-11,375.71864028416667,21000100,373.45,20991200,373.45,21000200
2020-09-12,390.4481271539583,21000100,387.65,20991200,387.65,21000200
2020-09-13,369.58194000000003,21000100,366.24,20991200,366.24,21000200
2020-09-14,380.57131125,21000100,377.13,20991200,377.13,21000200
2020-09-15,367.3820475,21000100,364.06,20991200,364.06,21000200
2020-09-16,368.28016875000003,21000100,364.95,20991200,364.95,21000200
2020-09-17,392.79181500000004,21000100,389.24,20991200,389.24,21000200
2020-09-18,387.948015,21000100,384.44,20991200,384.44,21000200
2020-09-19,388.47276,21000100,384.96,20991200,384.96,21000200
2020-09-20,373.09698015000004,21000100,370.85,20991200,370.85,21000200
2020-09-21,341.5966317865833,21000100,340.19,20991200,340.19,21000200
2020-09-22,341.79429322083337,21000100,344.06,20991200,344.06,21000200
2020-09-23,322.749725696,21000100,320.64,20991200,320.64,21000200
2020-09-24,349.52139444762497,21000100,348.77,20991200,348.77,21000200
2020-09-25,354.5943920568333,21000100,351.88,20991200,351.88,21000200
2020-09-26,357.109155,21000100,353.88,20991200,353.88,21000200
2020-09-27,360.661275,21000100,357.4,20991200,357.4,21000200
2020-09-28,357.07888125000005,21000100,353.85,20991200,353.85,21000200
2020-09-29,361.4354415925,21000100,359.7,20991200,359.7,21000200
2020-09-30,361.86760053166665,21000100,359.71,20991200,359.71,21000200
2020-10-02,346.5508705202917,21000100,345.41,20991200,345.41,21000200
2020-10-03,344.74519924500004,21000100,345.72,20991200,345.72,21000200
2020-10-04,352.54562449725,21000100,352.23,20991200,352.23,21000200
2020-10-05,354.40284081895834,21000100,353.45,20991200,353.45,21000200
2020-10-06,341.1741851231249,21000100,340.65,20991200,340.65,21000200
2020-10-07,341.69173295454175,21000100,341.41,20991200,341.41,21000200
2020-10-08,354.283605,21000100,351.08,20991200,351.08,21000200
2020-10-09,368.37099000000006,21000100,365.04,20991200,365.04,21000200
2020-10-10,376.90901637950003,21000100,370.68,20991200,370.68,21000200
2020-10-11,378.38958653058336,21000100,374.39,20991200,374.39,21000200
2020-10-12,390.25891125000004,21000100,386.73,20991200,386.73,21000200
2020-10-13,385.97837484,21000100,381.12,20991200,381.12,21000200
2020-10-14,382.20609375000004,21000100,378.75,20991200,378.75,21000200
2020-10-15,381.07587375,21000100,377.63,20991200,377.63,21000200
2020-10-16,368.74436625000004,21000100,365.41,20991200,365.41,21000200
2020-10-17,371.62037250000003,21000100,368.26,20991200,368.26,21000200
2020-10-18,381.74189625,21000100,378.29,20991200,378.29,21000200
2020-10-19,382.9326637500001,21000100,379.47,20991200,379.47,21000200
2020-10-20,375.3876293558334,21000100,368.74,20991200,368.74,21000200
2020-10-21,401.98479506999996,21000100,390.96,20991200,390.96,21000200
2020-10-22,440.93100611625,21000100,414.39,20991200,414.39,21000200
2020-10-23,423.22647685249996,21000100,409.4,20991200,409.4,21000200
2020-10-24,428.4263798883334,21000100,412.34,20991200,412.34,21000200
2020-10-25,413.52673047875004,21000100,406.14,20991200,406.14,21000200
2020-10-26,397.36331928625003,21000100,392.43,20991200,392.43,21000200
2020-10-27,408.315152855,21000100,403.6,20991200,403.6,21000200
2020-10-28,392.332264423875,21000100,388.17,20991200,388.17,21000200
2020-10-29,390.47082750000004,21000100,386.94,20991200,386.94,21000200
2020-10-30,385.8894,21000100,382.4,20991200,382.4,21000200
2020-10-31,389.81489625000006,21000100,386.29,20991200,386.29,21000200
2020-11-02,388.9982967275,21000100,383.16,20991200,383.16,21000200
2020-11-03,391.65150375,21000100,388.11,20991200,388.11,21000200
2020-11-04,406.596645,21000100,402.92,20991200,402.92,21000200
2020-11-05,444.93587361600004,21000100,417.14,20991200,417.14,21000200
2020-11-06,482.04019939475,21000100,456.38,20991200,456.38,21000200
2020-11-07,463.40346743349994,21000100,435.58,20991200,435.58,21000200
2020-11-08,470.60075652604166,21000100,454.75,20991200,454.75,21000200
2020-11-09,458.85439307900003,21000100,444.72,20991200,444.72,21000200
2020-11-10,462.57200316525,21000100,450.67,20991200,450.67,21000200
2020-11-11,477.818028455625,21000100,463.35,20991200,463.35,21000200
2020-11-12,471.01005794683334,21000100,462.68,20991200,462.68,21000200
2020-11-13,487.10153418666664,21000100,476.8,20991200,476.8,21000200
2020-11-14,472.3071275583333,21000100,461.0,20991200,461.0,21000200
2020-11-15,452.24946000000006,21000100,448.16,20991200,448.16,21000200
2020-11-16,464.92407000000003,21000100,460.72,20991200,460.72,21000200
2020-11-17,493.06562995725005,21000100,482.49,20991200,482.49,21000200
2020-11-18,498.64681022337504,21000100,478.61,20991200,478.61,21000200
2020-11-19,480.42572327749997,21000100,471.38,20991200,471.38,21000200
2020-11-20,537.4709043115416,21000100,510.37,20991200,510.37,21000200
2020-11-21,570.7944373425,21000100,554.1,20991200,554.1,21000200
2020-11-22,595.5723879016982,21000100,560.42,20991200,560.42,21000200
2020-11-23,653.1285147117324,21000100,609.12,20991200,609.12,21000200
2020-11-24,652.2243676854856,21000100,605.72,20991200,605.72,21000200
2020-11-25,612.018295473,21000100,569.79,20991200,569.79,21000200
2020-11-26,531.6611981833333,21000100,520.25,20991200,520.25,21000200
2020-11-27,525.9832579583333,21000100,518.92,20991200,518.92,21000200
2020-11-28,542.3643225000001,21000100,537.46,20991200,537.46,21000200
2020-11-29,581.6394675,21000100,576.38,20991200,576.38,21000200
2020-11-30,643.1636176019166,21000100,617.42,20991200,617.42,21000200
2020-12-02,610.620638628,21000100,596.96,20991200,596.96,21000200
2020-12-03,634.4425060025001,21000100,616.2,20991200,616.2,21000200
2020-12-04,578.4300473546667,21000100,567.68,20991200,567.68,21000200
2020-12-05,606.748903385625,21000100,596.97,20991200,596.97,21000200
2020-12-06,607.3519725,21000100,601.86,20991200,601.86,21000200
2020-12-07,597.24054,21000100,591.84,20991200,591.84,21000200
2020-12-08,564.8138349379166,21000100,555.17,20991200,555.17,21000200
2020-12-09,579.17101684925,21000100,573.27,20991200,573.27,21000200
2020-12-10,564.81735375,21000100,559.71,20991200,559.71,21000200
2020-12-11,551.3315491984999,21000100,544.74,20991200,544.74,21000200
2020-12-12,573.5261025000001,21000100,568.34,20991200,568.34,21000200
2020-12-13,596.30205375,21000100,590.91,20991200,590.91,21000200
2020-12-14,591.6802612500001,21000100,586.33,20991200,586.33,21000200
2020-12-15,594.1727999999999,21000100,588.8,20991200,588.8,21000200
2020-12-16,661.55693385,21000100,637.8,20991200,637.8,21000200
2020-12-17,693.4260897653334,21000100,643.12,20991200,643.12,21000200
2020-12-18,682.156655119,21000100,654.51,20991200,654.51,21000200
2020-12-19,699.8486693811667,21000100,658.81,20991200,658.81,21000200
2020-12-20,669.74521594775,21000100,638.27,20991200,638.27,21000200
2020-12-21,622.733382492,21000100,608.18,20991200,608.18,21000200
2020-12-22,644.1190016850001,21000100,637.2,20991200,637.2,21000200
2020-12-23,596.530939858,21000100,585.34,20991200,585.34,21000200
2020-12-24,617.8973287499999,21000100,612.31,20991200,612.31,21000200
2020-12-25,633.0726095852499,21000100,627.18,20991200,627.18,21000200
2020-12-26,643.7208375,21000100,637.9,20991200,637.9,21000200
2020-12-27,718.2945613026251,21000100,685.97,20991200,685.97,21000200
2020-12-28,784.806349959,21000100,731.07,20991200,731.07,21000200
2020-12-29,778.8786980877085,21000100,733.45,20991200,733.45,21000200
2020-12-30,803.778395011,21000100,753.04,20991200,753.04,21000200
2020-12-31,771.279702087375,21000100,737.19,20991200,737.19,21000200
2021-01-02,818.39316438275,21000100,775.02,20991200,775.02,21000200
2021-01-03,1072.0441239713334,21000100,980.24,20991200,980.24,21000200
2021-01-04,1174.226712723393,21000100,1043.11,20991200,1043.11,21000200
2021-01-05,1184.4936112657915,21000100,1101.29,20991200,1101.29,21000200
2021-01-06,1385.9054100480016,21000100,1212.64,20991200,1212.64,21000200
2021-01-07,1397.7209204299998,21000100,1227.12,20991200,1227.12,21000200
2021-01-08,1361.6440775246251,21000100,1218.39,20991200,1218.39,21000200
2021-01-09,1394.1128592783332,21000100,1279.96,20991200,1279.96,21000200
2021-01-10,1468.9899832989945,21000100,1257.96,20991200,1257.96,21000200
2021-01-11,1180.6609214348334,21000100,1086.94,20991200,1086.94,21000200
2021-01-12,1086.9832653749168,21000100,1050.82,20991200,1050.82,21000200
2021-01-13,1161.23295525,21000100,1130.4,20991200,1130.4,21000200
2021-01-14,1301.996827318,21000100,1234.86,20991200,1234.86,21000200
2021-01-15,1229.4124685628333,21000100,1168.79,20991200,1168.79,21000200
2021-01-16,1313.0845847518751,21000100,1230.19,20991200,1230.19,21000200
2021-01-17,1311.6325063832917,21000100,1233.71,20991200,1233.71,21000200
2021-01-18,1357.860867351625,21000100,1262.99,20991200,1262.99,21000200
2021-01-19,1583.408513021,21000100,1367.51,20991200,1367.51,21000200
2021-01-20,1494.6664118033334,21000100,1379.24,20991200,1379.24,21000200
2021-01-21,1157.9539850426252,21000100,1111.23,20991200,1111.23,21000200
2021-01-22,1252.1944149341666,21000100,1234.55,20991200,1234.55,21000200
2021-01-23,1259.8679025859167,21000100,1235.66,20991200,1235.66,21000200
2021-01-24,1498.5962381813333,21000100,1394.24,20991200,1394.24,21000200
2021-01-25,1418.775423086375,21000100,1318.61,20991200,1318.61,21000200
2021-01-26,1400.0278520066668,21000100,1368.4,20991200,1368.4,21000200
2021-01-27,1259.7754751637501,21000100,1238.55,20991200,1238.55,21000200
2021-01-28,1362.8986761284998,21000100,1329.86,20991200,1329.86,21000200
2021-01-29,1556.6997477436666,21000100,1381.99,20991200,1381.99,21000200
2021-01-30,1466.43691016,21000100,1380.48,20991200,1380.48,21000200
2021-01-31,1433.2792997893334,21000100,1313.12,20991200,1313.12,21000200
2021-02-02,1671.65944676675,21000100,1516.26,20991200,1516.26,21000200
2021-02-03,1906.8948535,21000100,1666.0,20991200,1666.0,21000200
2021-02-04,1803.1075335,21000100,1596.0,20991200,1596.0,21000200
2021-02-05,1954.4565183045004,21000100,1721.16,20991200,1721.16,21000200
2021-02-06,1867.36162833025,21000100,1679.34,20991200,1679.34,21000200
2021-02-07,1753.191008041125,21000100,1611.99,20991200,1611.99,21000200
2021-02-08,1934.1175353585415,21000100,1755.61,20991200,1755.61,21000200
2021-02-09,2074.6212701832915,21000100,1770.79,20991200,1770.79,21000200
2021-02-10,1987.2307754506248,21000100,1743.31,20991200,1743.31,21000200
2021-02-11,1962.612943109,21000100,1789.32,20991200,1789.32,21000200
2021-02-12,2009.2905286975,21000100,1843.08,20991200,1843.08,21000200
2021-02-13,2092.3207365766666,21000100,1818.02,20991200,1818.02,21000200
2021-02-14,2029.536924102875,21000100,1803.59,20991200,1803.59,21000200
2021-02-15,1875.85202940025,21000100,1781.34,20991200,1781.34,21000200
2021-02-16,1964.4212178153748,21000100,1784.31,20991200,1784.31,21000200
2021-02-17,2092.4398341345,21000100,1849.86,20991200,1849.86,21000200
2021-02-18,2245.947842599,21000100,1941.26,20991200,1941.26,21000200
2021-02-19,2191.42113983325,21000100,1958.58,20991200,1958.58,21000200
2021-02-20,2247.6762750620833,21000100,1914.58,20991200,1914.58,21000200
2021-02-21,2053.800222034375,21000100,1934.75,20991200,1934.75,21000200
2021-02-22,1864.5994467216665,21000100,1778.3,20991200,1778.3,21000200
2021-02-23,1601.9340606416667,21000100,1579.75,20991200,1579.75,21000200
2021-02-24,1664.2496425956667,21000100,1623.98,20991200,1623.98,21000200
2021-02-25,1514.9751316514999,21000100,1482.09,20991200,1482.09,21000200
2021-02-26,1472.7940603280001,21000100,1445.28,20991200,1445.28,21000200
2021-02-27,1498.643101601875,21000100,1458.65,20991200,1458.65,21000200
2021-02-28,1432.72540125,21000100,1419.77,20991200,1419.77,21000200
2021-03-02,1542.5206184508334,21000100,1486.28,20991200,1486.28,21000200
2021-03-03,1619.725788912875,21000100,1568.63,20991200,1568.63,21000200
2021-03-04,1585.9312063325,21000100,1540.69,20991200,1540.69,21000200
2021-03-05,1556.6118354710002,21000100,1529.88,20991200,1529.88,21000200
2021-03-06,1712.962156870458,21000100,1651.73,20991200,1651.73,21000200
2021-03-07,1804.2938065164165,21000100,1727.23,20991200,1727.23,21000200
2021-03-08,1896.9575403404165,21000100,1834.3,20991200,1834.3,21000200
2021-03-09,1988.2560127980416,21000100,1873.31,20991200,1873.31,21000200
2021-03-10,1914.64809166,21000100,1796.8,20991200,1796.8,21000200
2021-03-11,1937.0881310291668,21000100,1829.0,20991200,1829.0,21000200
2021-03-12,1896.1120695943332,21000100,1767.44,20991200,1767.44,21000200
2021-03-13,2056.9831280959165,21000100,1924.94,20991200,1924.94,21000200
2021-03-14,2036.7827175007499,21000100,1850.54,20991200,1850.54,21000200
2021-03-15,1888.7304240225833,21000100,1794.89,20991200,1794.89,21000200
2021-03-16,1859.6484501635416,21000100,1807.25,20991200,1807.25,21000200
2021-03-17,1898.5215484785,21000100,1825.77,20991200,1825.77,21000200
2021-03-18,1888.5608526783335,21000100,1777.54,20991200,1777.54,21000200
2021-03-19,1842.858659796,21000100,1811.04,20991200,1811.04,21000200
2021-03-20,1925.8493621181249,21000100,1807.35,20991200,1807.35,21000200
2021-03-21,1837.5032517020002,21000100,1784.67,20991200,1784.67,21000200
2021-03-22,1754.0037630985,21000100,1681.69,20991200,1681.69,21000200
2021-03-23,1701.3129508250415,21000100,1669.33,20991200,1669.33,21000200
2021-03-24,1631.6535702941248,21000100,1582.11,20991200,1582.11,21000200
2021-03-25,1614.5104790625,21000100,1587.5,20991200,1587.5,21000200
2021-03-26,1731.3955087799584,21000100,1699.13,20991200,1699.13,21000200
2021-03-27,1745.620969104083,21000100,1714.34,20991200,1714.34,21000200
2021-03-28,1732.8307977683335,21000100,1688.3,20991200,1688.3,21000200
2021-03-29,1901.4455957271668,21000100,1818.44,20991200,1818.44,21000200
2021-03-30,1937.2423831287501,21000100,1843.43,20991200,1843.43,21000200
2021-03-31,2053.0364391704165,21000100,1923.07,20991200,1923.07,21000200
2021-04-02,2325.8322810161253,21000100,2138.01,20991200,2138.01,21000200
2021-04-03,2203.9383475289164,21000100,2012.63,20991200,2012.63,21000200
2021-04-04,2207.1479838711252,21000100,2077.73,20991200,2077.73,21000200
2021-04-05,2259.7209774837497,21000100,2110.35,20991200,2110.35,21000200
2021-04-06,2299.116806383625,21000100,2114.47,20991200,2114.47,21000200
2021-04-07,2056.0565645066667,21000100,1965.4,20991200,1965.4,21000200
2021-04-08,2132.742680068,21000100,2082.08,20991200,2082.08,21000200
2021-04-09,2160.0196093695,21000100,2068.02,20991200,2068.02,21000200
2021-04-10,2356.8018883066666,21000100,2135.96,20991200,2135.96,21000200
2021-04-11,2308.008956911875,21000100,2155.05,20991200,2155.05,21000200
2021-04-12,2355.298767178125,21000100,2139.25,20991200,2139.25,21000200
2021-04-13,2536.1234684662504,21000100,2303.15,20991200,2303.15,21000200
2021-04-14,2772.1430709495,21000100,2437.08,20991200,2437.08,21000200
2021-04-15,2771.6463577293753,21000100,2519.85,20991200,2519.85,21000200
2021-04-16,2715.6968355005,21000100,2427.29,20991200,2427.29,21000200
2021-04-17,2488.134972446667,21000100,2319.8,20991200,2319.8,21000200
2021-04-18,2316.0626922575,21000100,2235.32,20991200,2235.32,21000200
2021-04-19,2210.061598083333,21000100,2162.75,20991200,2162.75,21000200
2021-04-20,2359.2142690638334,21000100,2329.96,20991200,2329.96,21000200
2021-04-21,2380.4249625,21000100,2358.9,20991200,2358.9,21000200
2021-04-22,2431.3858434205,21000100,2398.94,20991200,2398.94,21000200
2021-04-23,2433.687415571375,21000100,2368.67,20991200,2368.67,21000200
2021-04-24,2249.49816315925,21000100,2215.54,20991200,2215.54,21000200
2021-04-25,2341.88647875,21000100,2320.71,20991200,2320.71,21000200
2021-04-26,2557.37503125,21000100,2534.25,20991200,2534.25,21000200
2021-04-27,2717.626231698375,21000100,2668.39,20991200,2668.39,21000200
2021-04-28,2801.291636008125,21000100,2748.33,20991200,2748.33,21000200
2021-04-29,2784.3171525,21000100,2759.14,20991200,2759.14,21000200
2021-04-30,2838.51279885625,21000100,2773.15,20991200,2773.15,21000200
2021-05-02,3016.65933477675,21000100,2950.98,20991200,2950.98,21000200
2021-05-03,3518.6041916690006,21000100,3433.36,20991200,3433.36,21000200
2021-05-04,3415.371819855042,21000100,3243.67,20991200,3243.67,21000200
2021-05-05,3748.140075618458,21000100,3528.49,20991200,3528.49,21000200
2021-05-06,3754.294508856833,21000100,3493.16,20991200,3493.16,21000200
2021-05-07,3600.840178225667,21000100,3480.98,20991200,3480.98,21000200
2021-05-08,4090.0720151001665,21000100,3914.47,20991200,3914.47,21000200
2021-05-09,4112.794277860542,21000100,3928.01,20991200,3928.01,21000200
2021-05-10,4203.757956526833,21000100,3950.33,20991200,3950.33,21000200
2021-05-11,4320.737623047749,21000100,4175.91,20991200,4175.91,21000200
2021-05-12,3959.248075773375,21000100,3828.99,20991200,3828.99,21000200
2021-05-13,3793.7446189562493,21000100,3719.45,20991200,3719.45,21000200
2021-05-14,4117.21990875,21000100,4079.99,20991200,4079.99,21000200
2021-05-15,3800.9716633278335,21000100,3648.98,20991200,3648.98,21000200
2021-05-16,3649.6534571564584,21000100,3581.39,20991200,3581.39,21000200
2021-05-17,3402.5497675754996,21000100,3283.58,20991200,3283.58,21000200
2021-05-18,3468.694396426875,21000100,3376.35,20991200,3376.35,21000200
2021-05-19,2277.923162535639,21000100,2442.98,20991200,2442.98,21000200
2021-05-20,2795.2211201603336,21000100,2768.42,20991200,2768.42,21000200
2021-05-21,2453.19296625,21000100,2431.01,20991200,2431.01,21000200
2021-05-22,2316.09324375,21000100,2295.15,20991200,2295.15,21000200
2021-05-23,2115.76174875,21000100,2096.63,20991200,2096.63,21000200
2021-05-24,2673.44458875,21000100,2649.27,20991200,2649.27,21000200
2021-05-25,2731.52982375,21000100,2706.83,20991200,2706.83,21000200
2021-05-26,2910.58896375,21000100,2884.27,20991200,2884.27,21000200
2021-05-27,2767.79777625,21000100,2742.77,20991200,2742.77,21000200
2021-05-28,2433.6663975,21000100,2411.66,20991200,2411.66,21000200
2021-05-29,2298.77665875,21000100,2277.99,20991200,2277.99,21000200
2021-05-30,2407.88325375,21000100,2386.11,20991200,2386.11,21000200
2021-05-31,2731.02526125,21000100,2706.33,20991200,2706.33,21000200
2021-06-02,2731.9233825,21000100,2707.22,20991200,2707.22,21000200
2021-06-03,2884.4223525,21000100,2858.34,20991200,2858.34,21000200
2021-06-04,2713.74904125,21000100,2689.21,20991200,2689.21,21000200
2021-06-05,2651.42548125,21000100,2627.45,20991200,2627.45,21000200
2021-06-06,2736.141525,21000100,2711.4,20991200,2711.4,21000200
2021-06-07,2616.6207600000002,21000100,2592.96,20991200,2592.96,21000200
2021-06-08,2529.05898375,21000100,2506.19,20991200,2506.19,21000200
2021-06-09,2634.018075,21000100,2610.2,20991200,2610.2,21000200
2021-06-10,2493.6588787500004,21000100,2471.11,20991200,2471.11,21000200
2021-06-11,2374.7894481281246,21000100,2354.25,20991200,2354.25,21000200
2021-06-12,2392.2216337500004,21000100,2370.59,20991200,2370.59,21000200
2021-06-13,2531.60197875,21000100,2508.71,20991200,2508.71,21000200
2021-06-14,2598.48397652125,21000100,2579.82,20991200,2579.82,21000200
2021-06-15,2567.3855512500004,21000100,2544.17,20991200,2544.17,21000200
2021-06-16,2388.4374150000003,21000100,2366.84,20991200,2366.84,21000200
2021-06-17,2394.1591537500003,21000100,2372.51,20991200,2372.51,21000200
2021-06-18,2244.5575653893334,21000100,2231.68,20991200,2231.68,21000200
2021-06-19,2157.846433662,21000100,2163.36,20991200,2163.36,21000200
2021-06-20,2229.715869660833,21000100,2242.7,20991200,2242.7,21000200
2021-06-21,1878.8961300014166,21000100,1884.77,20991200,1884.77,21000200
2021-06-22,1886.2734152354165,21000100,1878.46,20991200,1878.46,21000200
2021-06-23,1959.4805789043332,21000100,1966.51,20991200,1966.51,21000200
2021-06-24,1998.9208130333334,21000100,1989.5,20991200,1989.5,21000200
2021-06-25,1822.9620362000003,21000100,1808.0,20991200,1808.0,21000200
2021-06-26,1819.6896265290002,21000100,1828.88,20991200,1828.88,21000200
2021-06-27,1952.4581592370832,21000100,1980.83,20991200,1980.83,21000200
2021-06-28,2085.6710195845003,21000100,2083.56,20991200,2083.56,21000200
2021-06-29,2166.9505206970834,21000100,2165.15,20991200,2165.15,21000200
2021-06-30,2295.759375,21000100,2275.0,20991200,2275.0,21000200
2021-07-02,2141.3604265106665,21000100,2152.64,20991200,2152.64,21000200
2021-07-03,2230.775549011625,21000100,2226.63,20991200,2226.63,21000200
2021-07-04,2343.13779375,21000100,2321.95,20991200,2321.95,21000200
2021-07-05,2208.616366801167,21000100,2195.38,20991200,2195.38,21000200
2021-07-06,2328.0780489878334,21000100,2322.04,20991200,2322.04,21000200
2021-07-07,2330.8724752787502,21000100,2314.65,20991200,2314.65,21000200
2021-07-08,2126.178499664,21000100,2114.88,20991200,2114.88,21000200
2021-07-09,2162.208215433292,21000100,2147.53,20991200,2147.53,21000200
2021-07-10,2130.4041525,21000100,2111.14,20991200,2111.14,21000200
2021-07-11,2159.79996375,21000100,2140.27,20991200,2140.27,21000200
2021-07-12,2049.38150625,21000100,2030.85,20991200,2030.85,21000200
2021-07-13,1951.276113896,21000100,1940.32,20991200,1940.32,21000200
2021-07-14,2005.0090686125,21000100,1993.82,20991200,1993.82,21000200
2021-07-15,1934.327447792708,21000100,1919.35,20991200,1919.35,21000200
2021-07-16,1891.3847821270833,21000100,1876.1,20991200,1876.1,21000200
2021-07-17,1913.167640495625,21000100,1898.55,20991200,1898.55,21000200
2021-07-18,1907.9122725000002,21000100,1890.66,20991200,1890.66,21000200
2021-07-19,1819.0631629033337,21000100,1818.4,20991200,1818.4,21000200
2021-07-20,1758.4935619476666,21000100,1785.04,20991200,1785.04,21000200
2021-07-21,1962.6036097494168,21000100,1995.49,20991200,1995.49,21000200
2021-07-22,2042.01489375,21000100,2023.55,20991200,2023.55,21000200
2021-07-23,2142.837685191125,21000100,2124.33,20991200,2124.33,21000200
2021-07-24,2195.0770343264167,21000100,2183.53,20991200,2183.53,21000200
2021-07-25,2197.0603180810003,21000100,2188.11,20991200,2188.11,21000200
2021-07-26,2247.73511625,21000100,2227.41,20991200,2227.41,21000200
2021-07-27,2319.009615,21000100,2298.04,20991200,2298.04,21000200
2021-07-28,2318.0025492046666,21000100,2300.08,20991200,2300.08,21000200
2021-07-29,2401.0904774106248,21000100,2382.45,20991200,2382.45,21000200
2021-07-30,2484.183195,21000100,2461.72,20991200,2461.72,21000200
2021-07-31,2553.58072125,21000100,2530.49,20991200,2530.49,21000200
2021-08-02,2630.87969625,21000100,2607.09,20991200,2607.09,21000200
2021-08-03,2522.698868108708,21000100,2506.87,20991200,2506.87,21000200
2021-08-04,2741.297759479167,21000100,2725.0,20991200,2725.0,21000200
2021-08-05,2852.5945500000003,21000100,2826.8,20991200,2826.8,21000200
2021-08-06,2918.6922375000004,21000100,2892.3,20991200,2892.3,21000200
2021-08-07,3200.0163694665002,21000100,3163.26,20991200,3163.26,21000200
2021-08-08,3044.88844616775,21000100,3014.06,20991200,3014.06,21000200
2021-08-09,3207.1095210585418,21000100,3163.43,20991200,3163.43,21000200
2021-08-10,3206.841024318167,21000100,3143.98,20991200,3143.98,21000200
2021-08-11,3237.35406294,21000100,3161.52,20991200,3161.52,21000200
2021-08-12,3085.8353995322495,21000100,3046.74,20991200,3046.74,21000200
2021-08-13,3387.005535954,21000100,3324.12,20991200,3324.12,21000200
2021-08-14,3352.4377360638746,21000100,3266.31,20991200,3266.31,21000200
2021-08-15,3375.543364227875,21000100,3312.31,20991200,3312.31,21000200
2021-08-16,3190.6612641327915,21000100,3146.83,20991200,3146.83,21000200
2021-08-17,3042.1485900000002,21000100,3014.64,20991200,3014.64,21000200
2021-08-18,3041.7550312500002,21000100,3014.25,20991200,3014.25,21000200
2021-08-19,3215.8795500000006,21000100,3186.8,20991200,3186.8,21000200
2021-08-20,3361.6460027625,21000100,3286.62,20991200,3286.62,21000200
2021-08-21,3282.0884437133336,21000100,3226.4,20991200,3226.4,21000200
2021-08-22,3291.24122307175,21000100,3241.29,20991200,3241.29,21000200
2021-08-23,3431.1710901704155,21000100,3323.01,20991200,3323.01,21000200
2021-08-24,3283.212487094888,21000100,3173.98,20991200,3173.98,21000200
2021-08-25,3273.5163196612502,21000100,3227.9,20991200,3227.9,21000200
2021-08-26,3122.00065125,21000100,3093.77,20991200,3093.77,21000200
2021-08-27,3303.78442875,21000100,3273.91,20991200,3273.91,21000200
2021-08-28,3282.3529790951247,21000100,3247.29,20991200,3247.29,21000200
2021-08-29,3261.5531581770415,21000100,3225.47,20991200,3225.47,21000200
2021-08-30,3259.90767375,21000100,3230.43,20991200,3230.43,21000200
2021-08-31,3472.965340914125,21000100,3430.49,20991200,3430.49,21000200
2021-09-02,3928.971944961223,21000100,3788.95,20991200,3788.95,21000200
2021-09-03,4096.332471365885,21000100,3942.79,20991200,3942.79,21000200
2021-09-04,4064.5687888155226,21000100,3889.71,20991200,3889.71,21000200
2021-09-05,4148.1137459658,21000100,3952.56,20991200,3952.56,21000200
2021-09-06,4133.739535166667,21000100,3929.0,20991200,3929.0,21000200
2021-09-07,3575.6484795,21000100,3435.0,20991200,3435.0,21000200
2021-09-08,3529.9091587499997,21000100,3497.99,20991200,3497.99,21000200
2021-09-09,3457.6860825000003,21000100,3426.42,20991200,3426.42,21000200
2021-09-10,3239.1297900000004,21000100,3209.84,20991200,3209.84,21000200
2021-09-11,3297.04347375,21000100,3267.23,20991200,3267.23,21000200
2021-09-12,3436.28254125,21000100,3405.21,20991200,3405.21,21000200
2021-09-13,3314.38024125,21000100,3284.41,20991200,3284.41,21000200
2021-09-14,3466.7682075000002,21000100,3435.42,20991200,3435.42,21000200
2021-09-15,3647.70432,21000100,3614.72,20991200,3614.72,21000200
2021-09-16,3603.0404475,21000100,3570.46,20991200,3570.46,21000200
2021-09-17,3432.02403375,21000100,3400.99,20991200,3400.99,21000200
2021-09-18,3466.6975687500003,21000100,3435.35,20991200,3435.35,21000200
2021-09-19,3359.0945699999997,21000100,3328.72,20991200,3328.72,21000200
2021-09-20,3005.5173525000005,21000100,2978.34,20991200,2978.34,21000200
2021-09-21,2790.715005,21000100,2765.48,20991200,2765.48,21000200
2021-09-22,3104.6941575,21000100,3076.62,20991200,3076.62,21000200
2021-09-23,3179.4501375,21000100,3150.7,20991200,3150.7,21000200
2021-09-24,2917.21082769625,21000100,2926.37,20991200,2926.37,21000200
2021-09-25,2921.740151908833,21000100,2921.08,20991200,2921.08,21000200
2021-09-26,3072.009180301625,21000100,3057.63,20991200,3057.63,21000200
2021-09-27,2950.27785,21000100,2923.6,20991200,2923.6,21000200
2021-09-28,2806.4623883625,21000100,2803.5,20991200,2803.5,21000200
2021-09-29,2847.84890768075,21000100,2848.38,20991200,2848.38,21000200
2021-09-30,3005.8810332610415,21000100,2999.45,20991200,2999.45,21000200
2021-10-02,3418.15865625,21000100,3387.25,20991200,3387.25,21000200
2021-10-03,3449.44153125,21000100,3418.25,20991200,3418.25,21000200
2021-10-04,3417.018345,21000100,3386.12,20991200,3386.12,21000200
2021-10-05,3549.738465,21000100,3517.64,20991200,3517.64,21000200
2021-10-06,3614.1920010256254,21000100,3576.85,20991200,3576.85,21000200
2021-10-07,3673.097424883333,21000100,3589.85,20991200,3589.85,21000200
2021-10-08,3623.760189081875,21000100,3563.81,20991200,3563.81,21000200
2021-10-09,3610.4474250000003,21000100,3577.8,20991200,3577.8,21000200
2021-10-10,3446.1719662500004,21000100,3415.01,20991200,3415.01,21000200
2021-10-11,3600.2931630875,21000100,3543.1,20991200,3543.1,21000200
2021-10-12,3524.78280375,21000100,3492.91,20991200,3492.91,21000200
2021-10-13,3642.9917062500003,21000100,3610.05,20991200,3610.05,21000200
2021-10-14,3885.858626374875,21000100,3794.19,20991200,3794.19,21000200
2021-10-15,3994.6890050506668,21000100,3872.71,20991200,3872.71,21000200
2021-10-16,3959.2297348104166,21000100,3833.3,20991200,3833.3,21000200
2021-10-17,3996.8616765195,21000100,3851.01,20991200,3851.01,21000200
2021-10-18,3841.655444602583,21000100,3748.31,20991200,3748.31,21000200
2021-10-19,3991.1250659285,21000100,3881.48,20991200,3881.48,21000200
2021-10-20,4322.878248691417,21000100,4164.14,20991200,4164.14,21000200
2021-10-21,4282.5517699535,21000100,4057.26,20991200,4057.26,21000200
2021-10-22,4098.676831693,21000100,3975.56,20991200,3975.56,21000200
2021-10-23,4251.236674745834,21000100,4170.5,20991200,4170.5,21000200
2021-10-24,4214.63733031975,21000100,4084.61,20991200,4084.61,21000200
2021-10-25,4372.7294750773335,21000100,4224.14,20991200,4224.14,21000200
2021-10-26,4284.241133647583,21000100,4133.39,20991200,4133.39,21000200
2021-10-27,4046.382383891167,21000100,3923.57,20991200,3923.57,21000200
2021-10-28,4340.563122618667,21000100,4288.96,20991200,4288.96,21000200
2021-10-29,4560.972749608167,21000100,4421.53,20991200,4421.53,21000200
2021-10-30,4435.258639560167,21000100,4324.82,20991200,4324.82,21000200
2021-10-31,4348.1651587732495,21000100,4288.86,20991200,4288.86,21000200
2021-11-02,4758.736858173666,21000100,4593.88,20991200,4593.88,21000200
2021-11-03,4718.93309846025,21000100,4606.59,20991200,4606.59,21000200
2021-11-04,4683.595415877,21000100,4535.37,20991200,4535.37,21000200
2021-11-05,4572.782387335,21000100,4477.29,20991200,4477.29,21000200
2021-11-06,4649.836828834166,21000100,4521.4,20991200,4521.4,21000200
2021-11-07,4720.33108645,21000100,4616.5,20991200,4616.5,21000200
2021-11-08,4920.786037350416,21000100,4814.3,20991200,4814.3,21000200
2021-11-09,4778.1866924999995,21000100,4734.98,20991200,4734.98,21000200
2021-11-10,4730.0061825637495,21000100,4632.21,20991200,4632.21,21000200
2021-11-11,4782.9018941307495,21000100,4721.19,20991200,4721.19,21000200
2021-11-12,4708.56715875,21000100,4665.99,20991200,4665.99,21000200
2021-11-13,4686.8003325,21000100,4644.42,20991200,4644.42,21000200
2021-11-14,4671.68364,21000100,4629.44,20991200,4629.44,21000200
2021-11-15,4646.930943342042,21000100,4567.01,20991200,4567.01,21000200
2021-11-16,4255.19689878325,21000100,4209.42,20991200,4209.42,21000200
2021-11-17,4327.11790875,21000100,4287.99,20991200,4287.99,21000200
2021-11-18,4034.199195,21000100,3997.72,20991200,3997.72,21000200
2021-11-19,4332.6176399999995,21000100,4293.44,20991200,4293.44,21000200
2021-11-20,4452.81451875,21000100,4412.55,20991200,4412.55,21000200
2021-11-21,4298.09547375,21000100,4259.23,20991200,4259.23,21000200
2021-11-22,4123.85995125,21000100,4086.57,20991200,4086.57,21000200
2021-11-23,4380.97491,21000100,4341.36,20991200,4341.36,21000200
2021-11-24,4310.26552125,21000100,4271.29,20991200,4271.29,21000200
2021-11-25,4603.79600428275,21000100,4527.86,20991200,4527.86,21000200
2021-11-26,4118.390260600416,21000100,4040.66,20991200,4040.66,21000200
2021-11-27,4132.69988625,21000100,4095.33,20991200,4095.33,21000200
2021-11-28,4335.806475,21000100,4296.6,20991200,4296.6,21000200
2021-11-29,4485.661537500001,21000100,4445.1,20991200,4445.1,21000200
2021-11-30,4686.735855068584,21000100,4631.51,20991200,4631.51,21000200
2021-12-02,4555.51317,21000100,4514.32,20991200,4514.32,21000200
2021-12-03,4255.3932473965,21000100,4213.66,20991200,4213.66,21000200
2021-12-04,4149.068888860876,21000100,4115.79,20991200,4115.79,21000200
2021-12-05,4235.83246125,21000100,4197.53,20991200,4197.53,21000200
2021-12-06,4384.84995,21000100,4345.2,20991200,4345.2,21000200
2021-12-07,4341.260127965,21000100,4305.82,20991200,4305.82,21000200
2021-12-08,4475.80238625,21000100,4435.33,20991200,4435.33,21000200
2021-12-09,4141.247175,21000100,4103.8,20991200,4103.8,21000200
2021-12-10,3918.421498704375,21000100,3895.95,20991200,3895.95,21000200
2021-12-11,4125.535972906125,21000100,4089.81,20991200,4089.81,21000200
2021-12-12,4166.677125,21000100,4129.0,20991200,4129.0,21000200
2021-12-13,3790.0468719671253,21000100,3780.63,20991200,3780.63,21000200
2021-12-14,3873.94280224975,21000100,3856.66,20991200,3856.66,21000200
2021-12-15,4055.6834662500005,21000100,4019.01,20991200,4019.01,21000200
2021-12-16,3986.6459538789168,21000100,3958.67,20991200,3958.67,21000200
2021-12-17,3909.27961125,21000100,3873.93,20991200,3873.93,21000200
2021-12-18,3988.2425502409997,21000100,3957.64,20991200,3957.64,21000200
2021-12-19,3951.5654861674584,21000100,3922.51,20991200,3922.51,21000200
2021-12-20,3979.4642550000003,21000100,3943.48,20991200,3943.48,21000200
2021-12-21,4051.0112175000004,21000100,4014.38,20991200,4014.38,21000200
2021-12-22,4014.9249075000002,21000100,3978.62,20991200,3978.62,21000200
2021-12-23,4140.540918902917,21000100,4111.3,20991200,4111.3,21000200
2021-12-24,4081.910625,21000100,4045.0,20991200,4045.0,21000200
2021-12-25,4131.22656375,21000100,4093.87,20991200,4093.87,21000200
2021-12-26,4099.30794,21000100,4062.24,20991200,4062.24,21000200
2021-12-27,4074.2009100000005,21000100,4037.36,20991200,4037.36,21000200
2021-12-28,3810.9979818733336,21000100,3791.99,20991200,3791.99,21000200
2021-12-29,3656.0571152935413,21000100,3628.55,20991200,3628.55,21000200
2021-12-30,3729.2012122195,21000100,3708.37,20991200,3708.37,21000200
2021-12-31,3695.9460655277503,21000100,3676.02,20991200,3676.02,21000200
2022-01-01,3797.3979225000003,21000100,3763.06,20991200,3763.06,21000200
2022-01-02,3841.1683926270416,21000100,3826.21,20991200,3826.21,21000200
2022-01-03,3786.339539860875,21000100,3764.07,20991200,3764.07,21000200
2022-01-04,3820.1436,21000100,3785.6,20991200,3785.6,21000200
2022-01-05,3569.99160375,21000100,3537.71,20991200,3537.71,21000200
2022-01-06,3425.008931443333,21000100,3404.6,20991200,3404.6,21000200
2022-01-07,3217.9072487829167,21000100,3196.58,20991200,3196.58,21000200
2022-01-08,3108.1352737500006,21000100,3080.03,20991200,3080.03,21000200
2022-01-09,3157.8911175000003,21000100,3150.0,20991200,3150.0,21000200
2022-01-10,3063.1698786722914,21000100,3081.31,20991200,3081.31,21000200
2022-01-11,3255.483651643667,21000100,3236.86,20991200,3236.86,21000200
2022-01-12,3350.80926992475,21000100,3369.93,20991200,3369.93,21000200
2022-01-13,3246.5111888895003,21000100,3240.36,20991200,3240.36,21000200
2022-01-14,3324.408010053333,21000100,3305.6,20991200,3305.6,21000200
2022-01-15,3354.009884253333,21000100,3324.05,20991200,3324.05,21000200
2022-01-16,3366.446177239083,21000100,3345.49,20991200,3345.49,21000200
2022-01-17,3209.5752167340415,21000100,3208.61,20991200,3208.61,21000200
2022-01-18,3179.6683244708333,21000100,3159.32,20991200,3159.32,21000200
2022-01-19,3099.9509374016666,21000100,3082.81,20991200,3082.81,21000200
2022-01-20,3027.2942700000003,21000100,2999.92,20991200,2999.92,21000200
2022-01-21,2568.2583871275415,21000100,2566.91,20991200,2566.91,21000200
2022-01-22,2430.3728088239995,21000100,2410.96,20991200,2410.96,21000200
2022-01-23,2531.825533687333,21000100,2538.41,20991200,2538.41,21000200
2022-01-24,2444.229642521875,21000100,2438.13,20991200,2438.13,21000200
2022-01-25,2457.10540268525,21000100,2457.37,20991200,2457.37,21000200
2022-01-26,2437.60690243025,21000100,2461.61,20991200,2461.61,21000200
2022-01-27,2407.7449760762916,21000100,2422.61,20991200,2422.61,21000200
2022-01-28,2530.3373438060003,21000100,2543.34,20991200,2543.34,21000200
2022-01-29,2606.3875153744166,21000100,2599.94,20991200,2599.94,21000200
2022-01-30,2599.897111824375,21000100,2600.45,20991200,2600.45,21000200
2022-01-31,2679.86831764925,21000100,2685.34,20991200,2685.34,21000200
2022-02-01,2768.5201285040835,21000100,2786.38,20991200,2786.38,21000200
2022-02-02,2673.2218008166665,21000100,2678.0,20991200,2678.0,21000200
2022-02-03,2658.4546711191265,21000100,2694.37,20991200,2694.37,21000200
2022-02-04,3019.8616260404165,21000100,2993.65,20991200,2993.65,21000200
2022-02-05,3031.565763535375,21000100,3011.59,20991200,3011.59,21000200
2022-02-06,3082.1301225,21000100,3054.26,20991200,3054.26,21000200
2022-02-07,3147.0615906724997,21000100,3138.55,20991200,3138.55,21000200
2022-02-08,3133.55370497925,21000100,3115.23,20991200,3115.23,21000200
2022-02-09,3258.5375524518336,21000100,3241.82,20991200,3241.82,21000200
2022-02-10,3067.04417796,21000100,3070.9,20991200,3070.9,21000200
2022-02-11,2920.6020765783333,21000100,2926.04,20991200,2926.04,21000200
2022-02-12,2943.54698625,21000100,2916.93,20991200,2916.93,21000200
2022-02-13,2874.707104725,21000100,2870.32,20991200,2870.32,21000200
2022-02-14,2951.598629177625,21000100,2928.87,20991200,2928.87,21000200
2022-02-15,3190.3653708795,21000100,3183.73,20991200,3183.73,21000200
2022-02-16,3150.2864250000002,21000100,3121.8,20991200,3121.8,21000200
2022-02-17,2905.20444687,21000100,2890.8,20991200,2890.8,21000200
2022-02-18,2770.3942232353334,21000100,2778.46,20991200,2778.46,21000200
2022-02-19,2780.3061214097497,21000100,2761.89,20991200,2761.89,21000200
2022-02-20,2624.967935967666,21000100,2620.72,20991200,2620.72,21000200
2022-02-21,2566.8924921493335,21000100,2566.88,20991200,2566.88,21000200
2022-02-22,2638.1328831757082,21000100,2635.57,20991200,2635.57,21000200
2022-02-23,2579.2887510594996,21000100,2578.02,20991200,2578.02,21000200
2022-02-24,2586.9336181290414,21000100,2595.47,20991200,2595.47,21000200
2022-02-25,2791.603035,21000100,2766.36,20991200,2766.36,21000200
2022-02-26,2803.5006187500003,21000100,2778.15,20991200,2778.15,21000200
2022-02-27,2632.307357524541,21000100,2615.99,20991200,2615.99,21000200
2022-02-28,2903.6585837904167,21000100,2920.1,20991200,2920.1,21000200
2022-03-01,3002.7624412500004,21000100,2975.61,20991200,2975.61,21000200
2022-03-02,2974.36566375,21000100,2947.47,20991200,2947.47,21000200
2022-03-03,2858.82085125,21000100,2832.97,20991200,2832.97,21000200
2022-03-04,2644.15978125,21000100,2620.25,20991200,2620.25,21000200
2022-03-05,2671.4701547100003,21000100,2663.55,20991200,2663.55,21000200
2022-03-06,2552.69971091225,21000100,2549.37,20991200,2549.37,21000200
2022-03-07,2498.668535585833,21000100,2489.9,20991200,2489.9,21000200
2022-03-08,2583.304981006333,21000100,2575.49,20991200,2575.49,21000200
2022-03-09,2748.116799426,21000100,2726.37,20991200,2726.37,21000200
2022-03-10,2614.639993192,21000100,2605.44,20991200,2605.44,21000200
2022-03-11,2559.6550283112915,21000100,2555.89,20991200,2555.89,21000200
2022-03-12,2584.25947784,21000100,2567.64,20991200,2567.64,21000200
2022-03-13,2521.271909674917,21000100,2514.07,20991200,2514.07,21000200
2022-03-14,2596.557562016,21000100,2588.96,20991200,2588.96,21000200
2022-03-15,2621.129553524625,21000100,2617.29,20991200,2617.29,21000200
2022-03-16,2793.39828810075,21000100,2772.78,20991200,2772.78,21000200
2022-03-17,2836.3880025,21000100,2810.74,20991200,2810.74,21000200
2022-03-18,2956.4523784915,21000100,2938.02,20991200,2938.02,21000200
2022-03-19,2976.9187500000003,21000100,2950.0,20991200,2950.0,21000200
2022-03-20,2886.57178875,21000100,2860.47,20991200,2860.47,21000200
2022-03-21,2915.4428550000002,21000100,2889.08,20991200,2889.08,21000200
2022-03-22,2995.57747125,21000100,2968.49,20991200,2968.49,21000200
2022-03-23,3049.3276784512504,21000100,3035.55,20991200,3035.55,21000200
2022-03-24,3127.093535701625,21000100,3109.89,20991200,3109.89,21000200
2022-03-25,3129.67000125,21000100,3101.37,20991200,3101.37,21000200
2022-03-26,3167.3533908770414,21000100,3143.47,20991200,3143.47,21000200
2022-03-27,3301.6197214139584,21000100,3295.01,20991200,3295.01,21000200
2022-03-28,3364.0392825,21000100,3333.62,20991200,3333.62,21000200
2022-03-29,3428.2262590125,21000100,3399.0,20991200,3399.0,21000200
2022-03-30,3415.9890375,21000100,3385.1,20991200,3385.1,21000200
2022-03-31,3311.37304875,21000100,3281.43,20991200,3281.43,21000200
2022-04-01,3485.8507612500002,21000100,3454.33,20991200,3454.33,21000200
2022-04-02,3474.4880137500004,21000100,3443.07,20991200,3443.07,21000200
2022-04-03,3552.8869350000004,21000100,3520.76,20991200,3520.76,21000200
2022-04-04,3543.4667412320005,21000100,3518.96,20991200,3518.96,21000200
2022-04-05,3434.0126624753334,21000100,3405.04,20991200,3405.04,21000200
2022-04-06,3167.7692360974165,21000100,3166.78,20991200,3166.78,21000200
2022-04-07,3228.5775550387502,21000100,3225.15,20991200,3225.15,21000200
2022-04-08,3188.1761657897505,21000100,3191.26,20991200,3191.26,21000200
2022-04-09,3287.25496125,21000100,3257.53,20991200,3257.53,21000200
2022-04-10,3225.52909654,21000100,3200.24,20991200,3200.24,21000200
2022-04-11,3001.0469053088336,21000100,2978.69,20991200,2978.69,21000200
2022-04-12,3004.7547867525,21000100,3026.3,20991200,3026.3,21000200
2022-04-13,3101.3629019641667,21000100,3116.45,20991200,3116.45,21000200
2022-04-14,3020.1341367755,21000100,3019.82,20991200,3019.82,21000200
2022-04-15,3024.184809825667,21000100,3039.19,20991200,3039.19,21000200
2022-04-16,3040.7480203083746,21000100,3057.99,20991200,3057.99,21000200
2022-04-17,2985.0845109258753,21000100,2986.03,20991200,2986.03,21000200
2022-04-18,3032.8069297810002,21000100,3054.02,20991200,3054.02,21000200
2022-04-19,3114.2874681470835,21000100,3100.42,20991200,3100.42,21000200
2022-04-20,3089.42833757375,21000100,3074.01,20991200,3074.01,21000200
2022-04-21,2959.9780809995,21000100,2981.31,20991200,2981.31,21000200
2022-04-22,2931.816859914417,21000100,2960.38,20991200,2960.38,21000200
2022-04-23,2916.9899226215,21000100,2930.28,20991200,2930.28,21000200
2022-04-24,2906.18313569325,21000100,2918.97,20991200,2918.97,21000200
2022-04-25,2975.6956946004584,21000100,3006.11,20991200,3006.11,21000200
2022-04-26,2829.2239009285,21000100,2807.88,20991200,2807.88,21000200
2022-04-27,2854.7733047916254,21000100,2887.57,20991200,2887.57,21000200
2022-04-28,2937.6658690209583,21000100,2935.39,20991200,2935.39,21000200
2022-04-29,2836.4171665074164,21000100,2815.37,20991200,2815.37,21000200
2022-04-30,2708.6599031741666,21000100,2725.1,20991200,2725.1,21000200
2022-05-01,2799.5076868395004,21000100,2823.38,20991200,2823.38,21000200
2022-05-02,2852.53729761,21000100,2855.16,20991200,2855.16,21000200
2022-05-03,2801.1539703716244,21000100,2780.91,20991200,2780.91,21000200
2022-05-04,2965.888746117,21000100,2939.76,20991200,2939.76,21000200
2022-05-05,2771.43062625,21000100,2746.37,20991200,2746.37,21000200
2022-05-06,2683.47021315725,21000100,2691.59,20991200,2691.59,21000200
2022-05-07,2653.3473296645,21000100,2634.82,20991200,2634.82,21000200
2022-05-08,2541.783062499583,21000100,2518.9,20991200,2518.9,21000200
2022-05-09,2247.2589921905,21000100,2227.48,20991200,2227.48,21000200
2022-05-10,2359.3231723674166,21000100,2340.86,20991200,2340.86,21000200
2022-05-11,2099.9771601582497,21000100,2083.98,20991200,2083.98,21000200
2022-05-12,1923.1144671847237,21000100,1959.78,20991200,1959.78,21000200
2022-05-13,1991.4717211129584,21000100,2008.49,20991200,2008.49,21000200
2022-05-14,2068.1494398124996,21000100,2055.0,20991200,2055.0,21000200
2022-05-15,2159.9199660060003,21000100,2144.07,20991200,2144.07,21000200
2022-05-16,2034.9904054000835,21000100,2022.89,20991200,2022.89,21000200
2022-05-17,2085.254437291667,21000100,2090.0,20991200,2090.0,21000200
2022-05-18,1913.2404753466667,21000100,1914.2,20991200,1914.2,21000200
2022-05-19,2018.7683517788334,21000100,2019.46,20991200,2019.46,21000200
2022-05-20,1974.5654354474584,21000100,1958.69,20991200,1958.69,21000200
2022-05-21,1978.1200317935002,21000100,1973.94,20991200,1973.94,21000200
2022-05-22,2054.809964383167,21000100,2042.63,20991200,2042.63,21000200
2022-05-23,1990.4486062500002,21000100,1972.45,20991200,1972.45,21000200
2022-05-24,1968.467010948,21000100,1978.56,20991200,1978.56,21000200
2022-05-25,1952.4268892999999,21000100,1942.0,20991200,1942.0,21000200
2022-05-26,1790.4447243759998,21000100,1791.02,20991200,1791.02,21000200
2022-05-27,1734.5308406897918,21000100,1726.55,20991200,1726.55,21000200
2022-05-28,1802.371617775667,21000100,1791.74,20991200,1791.74,21000200
2022-05-29,1819.94419377875,21000100,1812.45,20991200,1812.45,21000200
2022-05-30,2008.87761439225,21000100,1997.87,20991200,1997.87,21000200
2022-05-31,1958.0754892876666,21000100,1941.68,20991200,1941.68,21000200
2022-06-01,1833.6810375,21000100,1817.1,20991200,1817.1,21000200
2022-06-02,1833.2149732884166,21000100,1833.37,20991200,1833.37,21000200
2022-06-03,1783.8629316127085,21000100,1774.15,20991200,1774.15,21000200
2022-06-04,1816.3284545416666,21000100,1803.71,20991200,1803.71,21000200
2022-06-05,1813.3624066560833,21000100,1805.39,20991200,1805.39,21000200
2022-06-06,1875.8464905954581,21000100,1859.11,20991200,1859.11,21000200
2022-06-07,1817.0675478543749,21000100,1812.61,20991200,1812.61,21000200
2022-06-08,1805.7510872619166,21000100,1791.02,20991200,1791.02,21000200
2022-06-09,1801.8554428166249,21000100,1788.03,20991200,1788.03,21000200
2022-06-10,1666.5774366329167,21000100,1661.95,20991200,1661.95,21000200
2022-06-11,1512.90055783625,21000100,1532.19,20991200,1532.19,21000200
2022-06-12,1424.4176163195832,21000100,1434.35,20991200,1434.35,21000200
2022-06-13,1207.6484352613334,21000100,1209.04,20991200,1209.04,21000200
2022-06-14,1203.863323136,21000100,1208.32,20991200,1208.32,21000200
2022-06-15,1227.932994604,21000100,1236.49,20991200,1236.49,21000200
2022-06-16,1066.0642552211666,21000100,1067.77,20991200,1067.77,21000200
2022-06-17,1075.0821082919167,21000100,1085.99,20991200,1085.99,21000200
2022-06-18,980.7715508217084,21000100,994.09,20991200,994.09,21000200
2022-06-19,1118.8190068380002,21000100,1127.88,20991200,1127.88,21000200
2022-06-20,1133.4107096088333,21000100,1127.83,20991200,1127.83,21000200
2022-06-21,1130.9620075430419,21000100,1125.47,20991200,1125.47,21000200
2022-06-22,1044.2546169,21000100,1049.4,20991200,1049.4,21000200
2022-06-23,1136.3854190597917,21000100,1143.71,20991200,1143.71,21000200
2022-06-24,1232.6316594597502,21000100,1224.42,20991200,1224.42,21000200
2022-06-25,1241.5509050666667,21000100,1241.6,20991200,1241.6,21000200
2022-06-26,1198.7813131831251,21000100,1197.21,20991200,1197.21,21000200
2022-06-27,1185.3087284387502,21000100,1191.9,20991200,1191.9,21000200
2022-06-28,1145.1754228479167,21000100,1143.5,20991200,1143.5,21000200
2022-06-29,1101.3419746954999,21000100,1099.32,20991200,1099.32,21000200
2022-06-30,1062.7100095768749,21000100,1070.85,20991200,1070.85,21000200
2022-07-01,1053.363980851,21000100,1059.24,20991200,1059.24,21000200
2022-07-02,1063.527651391875,21000100,1066.53,20991200,1066.53,21000200
2022-07-03,1074.1645821125,21000100,1073.9,20991200,1073.9,21000200
2022-07-04,1150.439916975,21000100,1150.23,20991200,1150.23,21000200
2022-07-05,1134.1633162958333,21000100,1131.8,20991200,1131.8,21000200
2022-07-06,1195.1650996197081,21000100,1186.37,20991200,1186.37,21000200
2022-07-07,1247.0371964481667,21000100,1236.92,20991200,1236.92,21000200
2022-07-08,1222.944287639375,21000100,1213.53,20991200,1213.53,21000200
2022-07-09,1220.5534694473333,21000100,1216.48,20991200,1216.48,21000200
2022-07-10,1175.3219572885,21000100,1167.81,20991200,1167.81,21000200
2022-07-11,1099.679202764375,21000100,1095.95,20991200,1095.95,21000200
2022-07-12,1035.9299921355002,21000100,1037.88,20991200,1037.88,21000200
2022-07-13,1097.1267511723752,21000100,1114.19,20991200,1114.19,21000200
2022-07-14,1186.95944100825,21000100,1193.01,20991200,1193.01,21000200
2022-07-15,1235.9003203364998,21000100,1230.58,20991200,1230.58,21000200
2022-07-16,1362.0275604978751,21000100,1355.37,20991200,1355.37,21000200
2022-07-17,1342.083718204125,21000100,1338.27,20991200,1338.27,21000200
2022-07-18,1582.2193474319997,21000100,1580.12,20991200,1580.12,21000200
2022-07-19,1552.7556061489167,21000100,1541.39,20991200,1541.39,21000200
2022-07-20,1523.2506572449165,21000100,1521.34,20991200,1521.34,21000200
2022-07-21,1589.7654337500003,21000100,1575.39,20991200,1575.39,21000200
2022-07-22,1548.213794036375,21000100,1534.53,20991200,1534.53,21000200
2022-07-23,1558.3706503288333,21000100,1548.01,20991200,1548.01,21000200
2022-07-24,1612.34965125,21000100,1597.77,20991200,1597.77,21000200
2022-07-25,1447.5413831666667,21000100,1440.4,20991200,1440.4,21000200
2022-07-26,1458.772329042125,21000100,1448.27,20991200,1448.27,21000200
2022-07-27,1641.55370383125,21000100,1635.45,20991200,1635.45,21000200
2022-07-28,1739.5498575,21000100,1723.82,20991200,1723.82,21000200
2022-07-29,1737.56188125,21000100,1721.85,20991200,1721.85,21000200
2022-07-30,1709.6071251014998,21000100,1696.68,20991200,1696.68,21000200
2022-07-31,1687.8146610558754,21000100,1677.63,20991200,1677.63,21000200
2022-08-01,1642.3897611825,21000100,1629.45,20991200,1629.45,21000200
2022-08-02,1636.5192873754168,21000100,1629.97,20991200,1629.97,21000200
2022-08-03,1619.440617725375,21000100,1617.37,20991200,1617.37,21000200
2022-08-04,1615.0236620933333,21000100,1607.2,20991200,1607.2,21000200
2022-08-05,1751.739096825042,21000100,1737.13,20991200,1737.13,21000200
2022-08-06,1705.26988125,21000100,1689.85,20991200,1689.85,21000200
2022-08-07,1704.6888673572919,21000100,1699.25,20991200,1699.25,21000200
2022-08-08,1782.2891091281251,21000100,1776.09,20991200,1776.09,21000200
2022-08-09,1697.5478838381666,21000100,1702.04,20991200,1702.04,21000200
2022-08-10,1851.2033741801665,21000100,1853.24,20991200,1853.24,21000200
2022-08-11,1888.5962062343751,21000100,1879.35,20991200,1879.35,21000200
2022-08-12,1966.9962676816667,21000100,1957.4,20991200,1957.4,21000200
2022-08-13,1991.519040795,21000100,1982.8,20991200,1982.8,21000200
2022-08-14,1941.408100659375,21000100,1934.55,20991200,1934.55,21000200
2022-08-15,1894.15961256,21000100,1898.56,20991200,1898.56,21000200
2022-08-16,1875.9112264424998,21000100,1875.78,20991200,1875.78,21000200
2022-08-17,1842.800649379375,21000100,1833.55,20991200,1833.55,21000200
2022-08-18,1854.4086237428332,21000100,1845.86,20991200,1845.86,21000200
2022-08-19,1616.46433496125,21000100,1608.29,20991200,1608.29,21000200
2022-08-20,1575.7946693810418,21000100,1574.93,20991200,1574.93,21000200
2022-08-21,1614.535933289375,21000100,1617.17,20991200,1617.17,21000200
2022-08-22,1628.3481892355,21000100,1624.02,20991200,1624.02,21000200
2022-08-23,1661.8837932345002,21000100,1664.19,20991200,1664.19,21000200
2022-08-24,1650.3445199715834,21000100,1655.71,20991200,1655.71,21000200
2022-08-25,1689.8005027800002,21000100,1694.16,20991200,1694.16,21000200
2022-08-26,1514.5674782456251,21000100,1507.23,20991200,1507.23,21000200
2022-08-27,1466.0957454987026,21000100,1490.0,20991200,1490.0,21000200
2022-08-28,1404.4534758154166,21000100,1426.3,20991200,1426.3,21000200
2022-08-29,1527.791085302625,21000100,1550.67,20991200,1550.67,21000200
2022-08-30,1513.3090126501668,21000100,1523.48,20991200,1523.48,21000200
2022-08-31,1551.116928807,21000100,1553.04,20991200,1553.04,21000200
2022-09-01,1581.3719676141668,21000100,1585.4,20991200,1585.4,21000200
2022-09-02,1577.804039035,21000100,1574.49,20991200,1574.49,21000200
2022-09-03,1541.175255811125,21000100,1556.41,20991200,1556.41,21000200
2022-09-04,1572.4412312506668,21000100,1578.14,20991200,1578.14,21000200
2022-09-05,1609.8285459498334,21000100,1616.92,20991200,1616.92,21000200
2022-09-06,1542.963222097125,21000100,1558.23,20991200,1558.23,21000200
2022-09-07,1598.3094636077083,21000100,1629.35,20991200,1629.35,21000200
2022-09-08,1631.205735684,21000100,1634.22,20991200,1634.22,21000200
2022-09-09,1704.6367919025,21000100,1717.48,20991200,1717.48,21000200
2022-09-10,1750.5772561437498,21000100,1773.05,20991200,1773.05,21000200
2022-09-11,1732.8748012235833,21000100,1765.01,20991200,1765.01,21000200
2022-09-12,1674.6814691394566,21000100,1715.14,20991200,1715.14,21000200
2022-09-13,1530.0229573234894,21000100,1571.9,20991200,1571.9,21000200
2022-09-14,1547.3319905353246,21000100,1635.39,20991200,1635.39,21000200
2022-09-15,1360.218745210563,21000100,1471.93,20991200,1471.93,21000200
2022-09-16,1437.4996287302497,21000100,1433.58,20991200,1433.58,21000200
2022-09-17,1476.632903408,21000100,1467.96,20991200,1467.96,21000200
2022-09-18,1339.9240287436248,21000100,1333.67,20991200,1333.67,21000200
2022-09-19,1366.472226113125,21000100,1375.05,20991200,1375.05,21000200
2022-09-20,1312.992203866,21000100,1322.08,20991200,1322.08,21000200
2022-09-21,1238.97129688625,21000100,1244.19,20991200,1244.19,21000200
2022-09-22,1301.24589911575,21000100,1325.73,20991200,1325.73,21000200
2022-09-23,1322.0776475924165,21000100,1326.62,20991200,1326.62,21000200
2022-09-24,1315.3268645345,21000100,1316.19,20991200,1316.19,21000200
2022-09-25,1292.525456726375,21000100,1293.99,20991200,1293.99,21000200
2022-09-26,1338.9231169708335,21000100,1335.25,20991200,1335.25,21000200
2022-09-27,1329.31904501825,21000100,1327.19,20991200,1327.19,21000200
2022-09-28,1331.9833243032917,21000100,1336.43,20991200,1336.43,21000200
2022-09-29,1342.170148255,21000100,1334.8,20991200,1334.8,21000200
2022-09-30,1335.1893332801665,21000100,1327.78,20991200,1327.78,21000200
2022-10-01,1319.3505540632082,21000100,1311.31,20991200,1311.31,21000200
2022-10-02,1277.2993486295002,21000100,1275.96,20991200,1275.96,21000200
2022-10-03,1322.1881144961249,21000100,1322.59,20991200,1322.59,21000200
2022-10-04,1369.6008766857083,21000100,1360.73,20991200,1360.73,21000200
2022-10-05,1351.2593191537917,21000100,1351.61,20991200,1351.61,21000200
2022-10-06,1354.1539405499998,21000100,1351.5,20991200,1351.5,21000200
2022-10-07,1332.755041643125,21000100,1330.41,20991200,1330.41,21000200
2022-10-08,1323.4722182196667,21000100,1314.74,20991200,1314.74,21000200
2022-10-09,1322.8336753944998,21000100,1322.61,20991200,1322.61,21000200
2022-10-10,1293.4373039325,21000100,1289.56,20991200,1289.56,21000200
2022-10-11,1285.55357124,21000100,1279.68,20991200,1279.68,21000200
2022-10-12,1297.1569740675,21000100,1294.02,20991200,1294.02,21000200
2022-10-13,1278.4821359920834,21000100,1286.38,20991200,1286.38,21000200
2022-10-14,1303.3088462916664,21000100,1295.35,20991200,1295.35,21000200
2022-10-15,1275.913107772875,21000100,1274.13,20991200,1274.13,21000200
2022-10-16,1305.35116295,21000100,1305.51,20991200,1305.51,21000200
2022-10-17,1334.64908963875,21000100,1330.62,20991200,1330.62,21000200
2022-10-18,1318.0772406280003,21000100,1309.93,20991200,1309.93,21000200
2022-10-19,1292.5747242525001,21000100,1284.45,20991200,1284.45,21000200
2022-10-20,1282.9616748825001,21000100,1282.2,20991200,1282.2,21000200
2022-10-21,1304.8229187356667,21000100,1299.08,20991200,1299.08,21000200
2022-10-22,1312.40951646675,21000100,1313.19,20991200,1313.19,21000200
2022-10-23,1368.987615801,21000100,1363.44,20991200,1363.44,21000200
2022-10-24,1349.4951245493332,21000100,1342.72,20991200,1342.72,21000200
2022-10-25,1459.14096928,21000100,1459.2,20991200,1459.2,21000200
2022-10-26,1573.8056154658334,21000100,1565.45,20991200,1565.45,21000200
2022-10-27,1518.2737833058334,21000100,1513.7,20991200,1513.7,21000200
2022-10-28,1557.6578494469998,21000100,1553.79,20991200,1553.79,21000200
2022-10-29,1630.8392663441668,21000100,1618.82,20991200,1618.82,21000200
2022-10-30,1602.9619629627919,21000100,1589.89,20991200,1589.89,21000200
2022-10-31,1579.6700117275002,21000100,1572.01,20991200,1572.01,21000200
2022-11-01,1576.1594204775001,21000100,1577.88,20991200,1577.88,21000200
2022-11-02,1524.8304446329998,21000100,1517.26,20991200,1517.26,21000200
2022-11-03,1522.650932320875,21000100,1530.27,20991200,1530.27,21000200
2022-11-04,1654.4371009661252,21000100,1644.09,20991200,1644.09,21000200
2022-11-05,1634.2660934779165,21000100,1626.11,20991200,1626.11,21000200
2022-11-06,1577.9277224433336,21000100,1567.42,20991200,1567.42,21000200
2022-11-07,1573.3949735213332,21000100,1567.52,20991200,1567.52,21000200
2022-11-08,1329.5940763800002,21000100,1333.4,20991200,1333.4,21000200
2022-11-09,1066.1949054450417,21000100,1101.49,20991200,1101.49,21000200
2022-11-10,1246.9109667987918,21000100,1298.21,20991200,1298.21,21000200
2022-11-11,1277.8418572280002,21000100,1288.64,20991200,1288.64,21000200
2022-11-12,1266.312845248,21000100,1256.82,20991200,1256.82,21000200
2022-11-13,1216.6490585104166,21000100,1220.78,20991200,1220.78,21000200
2022-11-14,1246.7842488415417,21000100,1242.89,20991200,1242.89,21000200
2022-11-15,1249.8034126012499,21000100,1252.81,20991200,1252.81,21000200
2022-11-16,1210.7603381934998,21000100,1215.78,20991200,1215.78,21000200
2022-11-17,1193.24658875625,21000100,1199.7,20991200,1199.7,21000200
2022-11-18,1204.3946839876667,21000100,1212.04,20991200,1212.04,21000200
2022-11-19,1223.1595021505002,21000100,1216.91,20991200,1216.91,21000200
2022-11-20,1142.9932856932915,21000100,1141.57,20991200,1141.57,21000200
2022-11-21,1100.9019065497916,21000100,1106.95,20991200,1106.95,21000200
2022-11-22,1138.0442296988333,21000100,1139.11,20991200,1139.11,21000200
2022-11-23,1181.1635955668748,21000100,1183.83,20991200,1183.83,21000200
2022-11-24,1203.8789928848335,21000100,1202.92,20991200,1202.92,21000200
2022-11-25,1201.4653779897915,21000100,1198.55,20991200,1198.55,21000200
2022-11-26,1198.722846594,21000100,1204.84,20991200,1204.84,21000200
2022-11-27,1188.7848275275,21000100,1193.26,20991200,1193.26,21000200
2022-11-28,1162.0507567185,21000100,1167.21,20991200,1167.21,21000200
2022-11-29,1221.9442960731667,21000100,1215.74,20991200,1215.74,21000200
2022-11-30,1305.5201390595,21000100,1294.02,20991200,1294.02,21000200
2022-12-01,1280.2228242566669,21000100,1275.7,20991200,1275.7,21000200
2022-12-02,1300.7611204583334,21000100,1295.0,20991200,1295.0,21000200
2022-12-03,1237.6818368030001,21000100,1239.76,20991200,1239.76,21000200
2022-12-04,1278.2182565774167,21000100,1278.82,20991200,1278.82,21000200
2022-12-05,1261.98498638875,21000100,1258.66,20991200,1258.66,21000200
2022-12-06,1274.5595969626668,21000100,1270.72,20991200,1270.72,21000200
2022-12-07,1233.971401252875,21000100,1230.83,20991200,1230.83,21000200
2022-12-08,1280.3975658222917,21000100,1279.73,20991200,1279.73,21000200
2022-12-09,1270.662889356875,21000100,1262.31,20991200,1262.31,21000200
2022-12-10,1270.3364355990002,21000100,1265.88,20991200,1265.88,21000200
2022-12-11,1262.8205169401251,21000100,1262.43,20991200,1262.43,21000200
2022-12-12,1274.411566592,21000100,1274.88,20991200,1274.88,21000200
2022-12-13,1332.6923571400835,21000100,1321.06,20991200,1321.06,21000200
2022-12-14,1319.69331,21000100,1307.76,20991200,1307.76,21000200
2022-12-15,1277.8146225,21000100,1266.26,20991200,1266.26,21000200
2022-12-16,1171.9535448833333,21000100,1166.2,20991200,1166.2,21000200
2022-12-17,1188.5001509952083,21000100,1186.45,20991200,1186.45,21000200
2022-12-18,1188.909527275,21000100,1182.45,20991200,1182.45,21000200
2022-12-19,1165.99367963925,21000100,1167.21,20991200,1167.21,21000200
2022-12-20,1224.5045826052499,21000100,1216.21,20991200,1216.21,21000200
2022-12-21,1220.5040106115832,21000100,1213.21,20991200,1213.21,21000200
2022-12-22,1227.2482162492086,21000100,1217.39,20991200,1217.39,21000200
2022-12-23,1225.7093891250001,21000100,1219.5,20991200,1219.5,21000200
2022-12-24,1226.3773047563334,21000100,1219.96,20991200,1219.96,21000200
2022-12-25,1218.3304628333335,21000100,1217.96,20991200,1217.96,21000200
2022-12-26,1231.520049171625,21000100,1227.57,20991200,1227.57,21000200
2022-12-27,1218.5746778718333,21000100,1211.29,20991200,1211.29,21000200
2022-12-28,1194.9612868162083,21000100,1189.93,20991200,1189.93,21000200
2022-12-29,1209.7825253510416,21000100,1200.35,20991200,1200.35,21000200
2022-12-30,1210.6068975,21000100,1199.66,20991200,1199.66,21000200
2022-12-31,1207.0144125,21000100,1196.1,20991200,1196.1,21000200
2023-01-01,1210.9096350000002,21000100,1199.96,20991200,1199.96,21000200
2023-01-02,1222.9508335007502,21000100,1213.23,20991200,1213.23,21000200
2023-01-03,1217.57833029225,21000100,1214.23,20991200,1214.23,21000200
2023-01-04,1266.940833417625,21000100,1256.39,20991200,1256.39,21000200
2023-01-05,1262.496105,21000100,1251.08,20991200,1251.08,21000200
2023-01-06,1280.1154275000001,21000100,1268.54,20991200,1268.54,21000200
2023-01-07,1270.119935386875,21000100,1263.65,20991200,1263.65,21000200
2023-01-08,1297.34395517625,21000100,1289.65,20991200,1289.65,21000200
2023-01-09,1329.1266279226666,21000100,1320.32,20991200,1320.32,21000200
2023-01-10,1347.4846125,21000100,1335.3,20991200,1335.3,21000200
2023-01-11,1398.8852216351668,21000100,1389.26,20991200,1389.26,21000200
2023-01-12,1428.75954,21000100,1415.84,20991200,1415.84,21000200
2023-01-13,1464.1798275,21000100,1450.94,20991200,1450.94,21000200
2023-01-14,1592.3684903977673,21000100,1550.27,20991200,1550.27,21000200
2023-01-15,1582.6316611665002,21000100,1553.47,20991200,1553.47,21000200
2023-01-16,1593.5077318020415,21000100,1577.11,20991200,1577.11,21000200
2023-01-17,1580.12829,21000100,1565.84,20991200,1565.84,21000200
2023-01-18,1525.4538975000003,21000100,1511.66,20991200,1511.66,21000200
2023-01-19,1565.26387875,21000100,1551.11,20991200,1551.11,21000200
2023-01-20,1674.1484662500002,21000100,1659.01,20991200,1659.01,21000200
2023-01-21,1642.4821237500003,21000100,1627.63,20991200,1627.63,21000200
2023-01-22,1642.9967775000002,21000100,1628.14,20991200,1628.14,21000200
2023-01-23,1641.921628655,21000100,1626.9,20991200,1626.9,21000200
2023-01-24,1570.18840875,21000100,1555.99,20991200,1555.99,21000200
2023-01-25,1626.11411625,21000100,1611.41,20991200,1611.41,21000200
2023-01-26,1615.29629625,21000100,1600.69,20991200,1600.69,21000200
2023-01-27,1611.653355,21000100,1597.08,20991200,1597.08,21000200
2023-01-28,1585.86012,21000100,1571.52,20991200,1571.52,21000200
2023-01-29,1660.6867387500001,21000100,1645.67,20991200,1645.67,21000200
2023-01-30,1580.2090200000002,21000100,1565.92,20991200,1565.92,21000200
2023-01-31,1599.4833075000001,21000100,1585.02,20991200,1585.02,21000200
2023-02-01,1656.7814250000001,21000100,1641.8,20991200,1641.8,21000200
2023-02-02,1658.80976625,21000100,1643.81,20991200,1643.81,21000200
2023-02-03,1678.8610800000001,21000100,1663.68,20991200,1663.68,21000200
2023-02-04,1681.646265,21000100,1666.44,20991200,1666.44,21000200
2023-02-05,1643.8444425,21000100,1628.98,20991200,1628.98,21000200
2023-02-06,1628.6268375000002,21000100,1613.9,20991200,1613.9,21000200
2023-02-07,1685.75340375,21000100,1670.51,20991200,1670.51,21000200
2023-02-08,1665.3186225000002,21000100,1650.26,20991200,1650.26,21000200
2023-02-09,1558.7752050000001,21000100,1544.68,20991200,1544.68,21000200
2023-02-10,1524.6003188476666,21000100,1512.26,20991200,1512.26,21000200
2023-02-11,1541.0754485325,21000100,1537.65,20991200,1537.65,21000200
2023-02-12,1522.1705404133752,21000100,1514.49,20991200,1514.49,21000200
2023-02-13,1513.3403448893748,21000100,1504.85,20991200,1504.85,21000200
2023-02-14,1559.3205640101667,21000100,1554.94,20991200,1554.94,21000200
2023-02-15,1680.8258942708333,21000100,1675.0,20991200,1675.0,21000200
2023-02-16,1656.0003431124999,21000100,1639.0,20991200,1639.0,21000200
2023-02-17,1709.578845,21000100,1694.12,20991200,1694.12,21000200
2023-02-18,1707.0963975000002,21000100,1691.66,20991200,1691.66,21000200
2023-02-19,1695.64282875,21000100,1680.31,20991200,1680.31,21000200
2023-02-20,1719.2462625,21000100,1703.7,20991200,1703.7,21000200
2023-02-21,1674.3402,21000100,1659.2,20991200,1659.2,21000200
2023-02-22,1656.9933412500002,21000100,1642.01,20991200,1642.01,21000200
2023-02-23,1660.3653845697916,21000100,1649.69,20991200,1649.69,21000200
2023-02-24,1616.211303735333,21000100,1607.12,20991200,1607.12,21000200
2023-02-25,1604.7675730591668,21000100,1593.59,20991200,1593.59,21000200
2023-02-26,1644.0068277789999,21000100,1640.49,20991200,1640.49,21000200
2023-02-27,1644.8447312849999,21000100,1632.6,20991200,1632.6,21000200
2023-02-28,1612.4056593406667,21000100,1604.72,20991200,1604.72,21000200
2023-03-01,1674.7586104515,21000100,1664.46,20991200,1664.46,21000200
2023-03-02,1661.1921529534166,21000100,1647.29,20991200,1647.29,21000200
2023-03-03,1571.4053576855001,21000100,1568.86,20991200,1568.86,21000200
2023-03-04,1571.1649411570831,21000100,1566.05,20991200,1566.05,21000200
2023-03-05,1570.6099183326667,21000100,1564.06,20991200,1564.06,21000200
2023-03-06,1572.458194540375,21000100,1565.17,20991200,1565.17,21000200
2023-03-07,1567.87675724125,21000100,1561.29,20991200,1561.29,21000200
2023-03-08,1542.8434043530833,21000100,1531.82,20991200,1531.82,21000200
2023-03-09,1445.3006546798333,21000100,1436.42,20991200,1436.42,21000200
2023-03-10,1421.9237624872915,21000100,1425.79,20991200,1425.79,21000200
2023-03-11,1471.793777163875,21000100,1471.03,20991200,1471.03,21000200
2023-03-12,1580.8538286735,21000100,1579.26,20991200,1579.26,21000200
2023-03-13,1689.1743375,21000100,1673.9,20991200,1673.9,21000200
2023-03-14,1715.44186125,21000100,1699.93,20991200,1699.93,21000200
2023-03-15,1679.9662033175832,21000100,1649.81,20991200,1649.81,21000200
2023-03-16,1687.82211,21000100,1672.56,20991200,1672.56,21000200
2023-03-17,1801.1310962027085,21000100,1789.21,20991200,1789.21,21000200
2023-03-18,1774.566495,21000100,1758.52,20991200,1758.52,21000200
2023-03-19,1796.23240875,21000100,1779.99,20991200,1779.99,21000200
2023-03-20,1746.56058215425,21000100,1731.71,20991200,1731.71,21000200
2023-03-21,1811.4779642730834,21000100,1800.14,20991200,1800.14,21000200
2023-03-22,1739.9128931003747,21000100,1733.61,20991200,1733.61,21000200
2023-03-23,1823.1882771330415,21000100,1813.27,20991200,1813.27,21000200
2023-03-24,1764.72752625,21000100,1748.77,20991200,1748.77,21000200
2023-03-25,1742.42704158425,21000100,1741.02,20991200,1741.02,21000200
2023-03-26,1775.977737316292,21000100,1772.63,20991200,1772.63,21000200
2023-03-27,1714.912642526875,21000100,1714.35,20991200,1714.35,21000200
2023-03-28,1776.7109388025417,21000100,1772.09,20991200,1772.09,21000200
2023-03-29,1806.9241960186669,21000100,1791.89,20991200,1791.89,21000200
2023-03-30,1798.804844783625,21000100,1792.77,20991200,1792.77,21000200
2023-03-31,1834.2043714960414,21000100,1820.81,20991200,1820.81,21000200
2023-04-01,1834.3811229131666,21000100,1819.82,20991200,1819.82,21000200
2023-04-02,1800.3836289126666,21000100,1793.56,20991200,1793.56,21000200
2023-04-03,1806.7246643743335,21000100,1809.68,20991200,1809.68,21000200
2023-04-04,1880.2518737414166,21000100,1869.11,20991200,1869.11,21000200
2023-04-05,1923.0598913004999,21000100,1907.48,20991200,1907.48,21000200
2023-04-06,1877.8638032754582,21000100,1871.33,20991200,1871.33,21000200
2023-04-07,1870.133539702875,21000100,1862.87,20991200,1862.87,21000200
2023-04-08,1851.9440625677498,21000100,1848.02,20991200,1848.02,21000200
2023-04-09,1858.95888414,21000100,1857.84,20991200,1857.84,21000200
2023-04-10,1909.1624419350003,21000100,1908.9,20991200,1908.9,21000200
2023-04-11,1899.2385671985,21000100,1888.89,20991200,1888.89,21000200
2023-04-12,1920.33203247875,21000100,1916.86,20991200,1916.86,21000200
2023-04-13,2030.1576750000002,21000100,2011.8,20991200,2011.8,21000200
2023-04-14,2118.93040125,21000100,2099.77,20991200,2099.77,21000200
2023-04-15,2110.2822,21000100,2091.2,20991200,2091.2,21000200
2023-04-16,2137.41757125,21000100,2118.09,20991200,2118.09,21000200
2023-04-17,2093.41972125,21000100,2074.49,20991200,2074.49,21000200
2023-04-18,2122.48252125,21000100,2103.29,20991200,2103.29,21000200
2023-04-19,1943.9913281714582,21000100,1932.83,20991200,1932.83,21000200
2023-04-20,1947.2611230899997,21000100,1942.11,20991200,1942.11,21000200
2023-04-21,1861.4965831,21000100,1848.0,20991200,1848.0,21000200
2023-04-22,1877.807836103792,21000100,1873.39,20991200,1873.39,21000200
2023-04-23,1860.7395160375,21000100,1861.3,20991200,1861.3,21000200
2023-04-24,1849.809400567375,21000100,1841.19,20991200,1841.19,21000200
2023-04-25,1878.6412387725002,21000100,1865.4,20991200,1865.4,21000200
2023-04-26,1872.8444505115833,21000100,1865.02,20991200,1865.02,21000200
2023-04-27,1911.7636611043752,21000100,1907.67,20991200,1907.67,21000200
2023-04-28,1904.60059901375,21000100,1890.13,20991200,1890.13,21000200
2023-04-29,1916.6103889301248,21000100,1907.01,20991200,1907.01,21000200
2023-04-30,1876.5828379472084,21000100,1868.41,20991200,1868.41,21000200
2023-05-01,1830.2789218106248,21000100,1829.97,20991200,1829.97,21000200
2023-05-02,1880.9223295366664,21000100,1869.2,20991200,1869.2,21000200
2023-05-03,1919.8450326393333,21000100,1904.74,20991200,1904.74,21000200
2023-05-04,1893.1926206291669,21000100,1876.13,20991200,1876.13,21000200
2023-05-05,2004.2177628616666,21000100,1992.56,20991200,1992.56,21000200
2023-05-06,1907.2197607582502,21000100,1895.29,20991200,1895.29,21000200
2023-05-07,1874.3334364583332,21000100,1869.5,20991200,1869.5,21000200
2023-05-08,1852.3194393825,21000100,1846.54,20991200,1846.54,21000200
2023-05-09,1859.7487490541666,21000100,1845.8,20991200,1845.8,21000200
2023-05-10,1847.38638429675,21000100,1839.86,20991200,1839.86,21000200
2023-05-11,1797.1824680273335,21000100,1793.24,20991200,1793.24,21000200
2023-05-12,1807.2811476467916,21000100,1806.53,20991200,1806.53,21000200
2023-05-13,1797.7590635154997,21000100,1794.44,20991200,1794.44,21000200
2023-05-14,1803.0655037041668,21000100,1798.25,20991200,1798.25,21000200
2023-05-15,1813.2781739326667,21000100,1815.56,20991200,1815.56,21000200
2023-05-16,1826.6937637656665,21000100,1823.53,20991200,1823.53,21000200
2023-05-17,1827.8635115262502,21000100,1821.65,20991200,1821.65,21000200
2023-05-18,1810.4027297120833,21000100,1799.69,20991200,1799.69,21000200
2023-05-19,1821.064799782167,21000100,1811.38,20991200,1811.38,21000200
2023-05-20,1823.3167048464582,21000100,1818.59,20991200,1818.59,21000200
2023-05-21,1807.4882644802503,21000100,1803.89,20991200,1803.89,21000200
2023-05-22,1826.0355166982915,21000100,1816.67,20991200,1816.67,21000200
2023-05-23,1864.729877093,21000100,1853.36,20991200,1853.36,21000200
2023-05-24,1807.0477546471668,21000100,1798.84,20991200,1798.84,21000200
2023-05-25,1809.15219570375,21000100,1804.65,20991200,1804.65,21000200
2023-05-26,1838.1275750993334,21000100,1826.81,20991200,1826.81,21000200
2023-05-27,1833.1666956166664,21000100,1828.85,20991200,1828.85,21000200
2023-05-28,1909.1000858625,21000100,1908.36,20991200,1908.36,21000200
2023-05-29,1908.7599375000002,21000100,1891.5,20991200,1891.5,21000200
2023-05-30,1913.90166652575,21000100,1899.81,20991200,1899.81,21000200
2023-05-31,1880.4500278244998,21000100,1872.84,20991200,1872.84,21000200
2023-06-01,1875.2226720746667,21000100,1860.59,20991200,1860.59,21000200
2023-06-02,1918.8659101978333,21000100,1905.58,20991200,1905.58,21000200
2023-06-03,1901.726879745875,21000100,1890.91,20991200,1890.91,21000200
2023-06-04,1897.5614375462499,21000100,1888.54,20991200,1888.54,21000200
2023-06-05,1815.5944168513752,21000100,1810.03,20991200,1810.03,21000200
2023-06-06,1885.4848519763334,21000100,1883.26,20991200,1883.26,21000200
2023-06-07,1843.9310375189166,21000100,1831.31,20991200,1831.31,21000200
2023-06-08,1855.207152598,21000100,1844.94,20991200,1844.94,21000200
2023-06-09,1848.3618909197082,21000100,1839.61,20991200,1839.61,21000200
2023-06-10,1757.6741444633333,21000100,1750.64,20991200,1750.64,21000200
2023-06-11,1757.3766947183333,21000100,1751.8,20991200,1751.8,21000200
2023-06-12,1752.23551906975,21000100,1741.61,20991200,1741.61,21000200
2023-06-13,1748.6718767795,21000100,1739.24,20991200,1739.24,21000200
2023-06-14,1656.9304532077501,21000100,1650.18,20991200,1650.18,21000200
2023-06-15,1659.2189439196668,21000100,1665.64,20991200,1665.64,21000200
2023-06-16,1709.7369920510832,21000100,1717.31,20991200,1717.31,21000200
2023-06-17,1735.90305854,21000100,1727.2,20991200,1727.2,21000200
2023-06-18,1721.9319833759998,21000100,1719.99,20991200,1719.99,21000200
2023-06-19,1742.5445260139584,21000100,1736.21,20991200,1736.21,21000200
2023-06-20,1793.299947397583,21000100,1791.37,20991200,1791.37,21000200
2023-06-21,1894.50275985275,21000100,1888.31,20991200,1888.31,21000200
2023-06-22,1888.43616,21000100,1871.36,20991200,1871.36,21000200
2023-06-23,1906.17881672,21000100,1892.2,20991200,1892.2,21000200
2023-06-24,1887.8295935606668,21000100,1874.48,20991200,1874.48,21000200
2023-06-25,1915.59171375,21000100,1898.27,20991200,1898.27,21000200
2023-06-26,1871.81237219175,21000100,1858.14,20991200,1858.14,21000200
2023-06-27,1895.88642472375,21000100,1889.05,20991200,1889.05,21000200
2023-06-28,1836.1943497020834,21000100,1827.26,20991200,1827.26,21000200
2023-06-29,1858.3325466497915,21000100,1851.19,20991200,1851.19,21000200
2023-06-30,1947.5033102393752,21000100,1933.41,20991200,1933.41,21000200
2023-07-01,1941.63723,21000100,1924.08,20991200,1924.08,21000200
2023-07-02,1955.3714212500001,21000100,1937.69,20991200,1937.69,21000200
2023-07-03,1972.839375,21000100,1955.0,20991200,1955.0,21000200
2023-07-04,1953.3834450000002,21000100,1935.72,20991200,1935.72,21000200
2023-07-05,1927.3076550000003,21000100,1909.88,20991200,1909.88,21000200
2023-07-06,1857.6014817794999,21000100,1844.82,20991200,1844.82,21000200
2023-07-07,1877.6195331666668,21000100,1870.0,20991200,1870.0,21000200
2023-07-08,1867.1255945095834,21000100,1864.45,20991200,1864.45,21000200
2023-07-09,1867.0675342288334,21000100,1861.81,20991200,1861.81,21000200
2023-07-10,1887.5880865449167,21000100,1879.34,20991200,1879.34,21000200
2023-07-11,1888.9276577175833,21000100,1877.66,20991200,1877.66,21000200
2023-07-12,1885.3830642470834,21000100,1870.81,20991200,1870.81,21000200
2023-07-13,2004.9135434077498,21000100,2004.78,20991200,2004.78,21000200
2023-07-14,1954.4127525000001,21000100,1936.74,20991200,1936.74,21000200
2023-07-15,1940.2473162633335,21000100,1930.4,20991200,1930.4,21000200
2023-07-16,1929.356971028083,21000100,1920.97,20991200,1920.97,21000200
2023-07-17,1915.649028899375,21000100,1910.37,20991200,1910.37,21000200
2023-07-18,1909.3789067736666,21000100,1896.46,20991200,1896.46,21000200
2023-07-19,1902.3045615160415,21000100,1887.55,20991200,1887.55,21000200
2023-07-20,1901.4720602453333,21000100,1890.56,20991200,1890.56,21000200
2023-07-21,1896.3882839335,21000100,1890.84,20991200,1890.84,21000200
2023-07-22,1869.5738756933333,21000100,1865.6,20991200,1865.6,21000200
2023-07-23,1893.8279108980832,21000100,1887.86,20991200,1887.86,21000200
2023-07-24,1858.6500078876666,21000100,1849.04,20991200,1849.04,21000200
2023-07-25,1871.526721224875,21000100,1856.91,20991200,1856.91,21000200
2023-07-26,1885.6044683955001,21000100,1870.98,20991200,1870.98,21000200
2023-07-27,1872.7917472053332,21000100,1860.28,20991200,1860.28,21000200
2023-07-28,1884.6257658060836,21000100,1873.39,20991200,1873.39,21000200
2023-07-29,1892.1348589135414,21000100,1879.85,20991200,1879.85,21000200
2023-07-30,1869.6091155408333,21000100,1860.76,20991200,1860.76,21000200
2023-07-31,1857.8957041950002,21000100,1855.39,20991200,1855.39,21000200
2023-08-01,1885.03575621125,21000100,1873.05,20991200,1873.05,21000200
2023-08-02,1855.85151375,21000100,1839.07,20991200,1839.07,21000200
2023-08-03,1851.43154625,21000100,1834.69,20991200,1834.69,21000200
2023-08-04,1843.216467275,21000100,1829.4,20991200,1829.4,21000200
2023-08-05,1850.0609679645834,21000100,1835.5,20991200,1835.5,21000200
2023-08-06,1841.55761097875,21000100,1829.38,20991200,1829.38,21000200
2023-08-07,1844.49013072225,21000100,1828.18,20991200,1828.18,21000200
2023-08-08,1867.5705957306668,21000100,1855.36,20991200,1855.36,21000200
2023-08-09,1865.0090562891667,21000100,1854.7,20991200,1854.7,21000200
2023-08-10,1866.9598551987501,21000100,1851.42,20991200,1851.42,21000200
2023-08-11,1852.8573012683335,21000100,1848.04,20991200,1848.04,21000200
2023-08-12,1859.0154400365,21000100,1849.14,20991200,1849.14,21000200
2023-08-13,1850.2713943119581,21000100,1840.09,20991200,1840.09,21000200
2023-08-14,1861.5776779444166,21000100,1844.81,20991200,1844.81,21000200
2023-08-15,1842.951078567,21000100,1828.28,20991200,1828.28,21000200
2023-08-16,1821.9067689354586,21000100,1807.19,20991200,1807.19,21000200
2023-08-17,1693.5637659833333,21000100,1681.0,20991200,1681.0,21000200
2023-08-18,1657.7568961308334,21000100,1660.76,20991200,1660.76,21000200
2023-08-19,1661.6280519739187,21000100,1668.69,20991200,1668.69,21000200
2023-08-20,1675.5799285144874,21000100,1684.16,20991200,1684.16,21000200
2023-08-21,1662.8441594182916,21000100,1666.79,20991200,1666.79,21000200
2023-08-22,1631.1869229833333,21000100,1634.5,20991200,1634.5,21000200
2023-08-23,1677.8374530249998,21000100,1678.8,20991200,1678.8,21000200
2023-08-24,1660.12152820125,21000100,1660.22,20991200,1660.22,21000200
2023-08-25,1651.3678503585002,21000100,1653.24,20991200,1653.24,21000200
2023-08-26,1644.878919687,21000100,1646.28,20991200,1646.28,21000200
2023-08-27,1659.92437018375,21000100,1657.59,20991200,1657.59,21000200
2023-08-28,1652.868381220792,21000100,1652.51,20991200,1652.51,21000200
2023-08-29,1724.06947221425,21000100,1728.51,20991200,1728.51,21000200
2023-08-30,1714.4374713711252,21000100,1704.39,20991200,1704.39,21000200
2023-08-31,1651.25421717575,21000100,1645.27,20991200,1645.27,21000200
2023-09-01,1630.2586221791253,21000100,1628.19,20991200,1628.19,21000200
2023-09-02,1636.1349874803334,21000100,1636.24,20991200,1636.24,21000200
2023-09-03,1634.1715744968333,21000100,1635.02,20991200,1635.02,21000200
2023-09-04,1626.6951270217082,21000100,1630.09,20991200,1630.09,21000200
2023-09-05,1635.8128632127919,21000100,1633.63,20991200,1633.63,21000200
2023-09-06,1635.0294725388749,21000100,1632.33,20991200,1632.33,21000200
2023-09-07,1655.630931657375,21000100,1647.27,20991200,1647.27,21000200
2023-09-08,1641.1425912055001,21000100,1635.78,20991200,1635.78,21000200
2023-09-09,1641.0002310316665,21000100,1634.8,20991200,1634.8,21000200
2023-09-10,1619.542485146625,21000100,1616.47,20991200,1616.47,21000200
2023-09-11,1555.728845385,21000100,1551.03,20991200,1551.03,21000200
2023-09-12,1588.50938604575,21000100,1592.29,20991200,1592.29,21000200
2023-09-13,1607.957457879,21000100,1606.68,20991200,1606.68,21000200
2023-09-14,1625.1416863391667,21000100,1625.65,20991200,1625.65,21000200
2023-09-15,1641.7329490762502,21000100,1640.67,20991200,1640.67,21000200
2023-09-16,1639.222545294,21000100,1633.68,20991200,1633.68,21000200
2023-09-17,1624.3392472807498,21000100,1621.62,20991200,1621.62,21000200
2023-09-18,1638.099112972375,21000100,1635.63,20991200,1635.63,21000200
2023-09-19,1641.7940701432917,21000100,1642.49,20991200,1642.49,21000200
2023-09-20,1626.4879753666667,21000100,1621.6,20991200,1621.6,21000200
2023-09-21,1588.2102664125,21000100,1583.0,20991200,1583.0,21000200
2023-09-22,1596.4591843365,21000100,1592.28,20991200,1592.28,21000200
2023-09-23,1596.8951643658752,21000100,1592.97,20991200,1592.97,21000200
2023-09-24,1583.4040423919998,21000100,1579.99,20991200,1579.99,21000200
2023-09-25,1593.6260818335002,21000100,1587.69,20991200,1587.69,21000200
2023-09-26,1599.9403831324998,21000100,1593.3,20991200,1593.3,21000200
2023-09-27,1605.495803268875,21000100,1597.89,20991200,1597.89,21000200
2023-09-28,1655.8270607913753,21000100,1652.13,20991200,1652.13,21000200
2023-09-29,1668.6620413393334,21000100,1666.61,20991200,1666.61,21000200
2023-09-30,1670.0082915778335,21000100,1670.18,20991200,1670.18,21000200
2023-10-01,1735.0481680964583,21000100,1733.39,20991200,1733.39,21000200
2023-10-02,1672.951788765,21000100,1661.49,20991200,1661.49,21000200
2023-10-03,1660.6402445565002,21000100,1656.18,20991200,1656.18,21000200
2023-10-04,1649.742644358333,21000100,1645.75,20991200,1645.75,21000200
2023-10-05,1614.5733425307499,21000100,1611.23,20991200,1611.23,21000200
2023-10-06,1656.52266584175,21000100,1644.33,20991200,1644.33,21000200
2023-10-07,1641.03822930275,21000100,1633.18,20991200,1633.18,21000200
2023-10-08,1645.9615648504168,21000100,1632.02,20991200,1632.02,21000200
2023-10-09,1589.2515798891666,21000100,1579.4,20991200,1579.4,21000200
2023-10-10,1576.7250290371667,21000100,1566.89,20991200,1566.89,21000200
2023-10-11,1571.9643090130835,21000100,1566.07,20991200,1566.07,21000200
2023-10-12,1545.2822605068332,21000100,1538.81,20991200,1538.81,21000200
2023-10-13,1556.2027558160414,21000100,1551.55,20991200,1551.55,21000200
2023-10-14,1559.26767348625,21000100,1554.15,20991200,1554.15,21000200
2023-10-15,1564.0698076729166,21000100,1557.25,20991200,1557.25,21000200
2023-10-16,1607.355096091875,21000100,1598.61,20991200,1598.61,21000200
2023-10-17,1569.3446325629998,21000100,1563.99,20991200,1563.99,21000200
2023-10-18,1569.222056638125,21000100,1562.65,20991200,1562.65,21000200
2023-10-19,1572.1203696565417,21000100,1565.89,20991200,1565.89,21000200
2023-10-20,1611.357401731,21000100,1603.14,20991200,1603.14,21000200
2023-10-21,1633.4447862056666,21000100,1628.29,20991200,1628.29,21000200
2023-10-22,1668.29543121475,21000100,1662.83,20991200,1662.83,21000200
2023-10-23,1773.1936789162498,21000100,1766.35,20991200,1766.35,21000200
2023-10-24,1800.59182875,21000100,1784.31,20991200,1784.31,21000200
2023-10-25,1803.0137287500002,21000100,1786.71,20991200,1786.71,21000200
2023-10-26,1819.7551125,21000100,1803.3,20991200,1803.3,21000200
2023-10-27,1796.2626825,21000100,1780.02,20991200,1780.02,21000200
2023-10-28,1792.972935,21000100,1776.76,20991200,1776.76,21000200
2023-10-29,1811.87384625,21000100,1795.49,20991200,1795.49,21000200
2023-10-30,1826.32451625,21000100,1809.81,20991200,1809.81,21000200
2023-10-31,1832.23798875,21000100,1815.67,20991200,1815.67,21000200
2023-11-01,1865.0648250000002,21000100,1848.2,20991200,1848.2,21000200
2023-11-02,1828.484224219908,21000100,1800.68,20991200,1800.68,21000200
2023-11-03,1849.2114712500002,21000100,1832.49,20991200,1832.49,21000200
2023-11-04,1873.01673,21000100,1856.08,20991200,1856.08,21000200
2023-11-05,1909.75897125,21000100,1892.49,20991200,1892.49,21000200
2023-11-06,1919.0631037500002,21000100,1901.71,20991200,1901.71,21000200
2023-11-07,1902.9978337500002,21000100,1885.79,20991200,1885.79,21000200
2023-11-08,1905.6518325000002,21000100,1888.42,20991200,1888.42,21000200
2023-11-09,2161.9192356176545,21000100,2122.92,20991200,2122.92,21000200
2023-11-10,2120.7199276319025,21000100,2079.1,20991200,2079.1,21000200
2023-11-11,2088.530455596,21000100,2054.52,20991200,2054.52,21000200
2023-11-12,2077.5858126506664,21000100,2046.08,20991200,2046.08,21000200
2023-11-13,2100.876852974935,21000100,2055.18,20991200,2055.18,21000200
2023-11-14,2005.6775350897083,21000100,1980.11,20991200,1980.11,21000200
2023-11-15,2078.08102125,21000100,2059.29,20991200,2059.29,21000200
2023-11-16,1980.0344362500002,21000100,1962.13,20991200,1962.13,21000200
2023-11-17,1979.10604125,21000100,1961.21,20991200,1961.21,21000200
2023-11-18,1981.1041087500003,21000100,1963.19,20991200,1963.19,21000200
2023-11-19,2030.8236975000002,21000100,2012.46,20991200,2012.46,21000200
2023-11-20,2040.8644912500001,21000100,2022.41,20991200,2022.41,21000200
2023-11-21,1951.08264,21000100,1933.44,20991200,1933.44,21000200
2023-11-22,2082.74317875,21000100,2063.91,20991200,2063.91,21000200
2023-11-23,2081.5019549999997,21000100,2062.68,20991200,2062.68,21000200
2023-11-24,2100.150585,21000100,2081.16,20991200,2081.16,21000200
2023-11-25,2101.87618875,21000100,2082.87,20991200,2082.87,21000200
2023-11-26,2080.78547625,21000100,2061.97,20991200,2061.97,21000200
2023-11-27,2046.0715762500001,21000100,2027.57,20991200,2027.57,21000200
2023-11-28,2066.8898249999997,21000100,2048.2,20991200,2048.2,21000200
2023-11-29,2046.9192412500001,21000100,2028.41,20991200,2028.41,21000200
2023-11-30,2070.4823100000003,21000100,2051.76,20991200,2051.76,21000200
2023-12-01,2106.0337837499997,21000100,2086.99,20991200,2086.99,21000200
2023-12-02,2185.0381800000005,21000100,2165.28,20991200,2165.28,21000200
2023-12-03,2213.253315,21000100,2193.24,20991200,2193.24,21000200
2023-12-04,2264.1333975,21000100,2243.66,20991200,2243.66,21000200
2023-12-05,2314.90247625,21000100,2293.97,20991200,2293.97,21000200
2023-12-06,2253.66877125,21000100,2233.29,20991200,2233.29,21000200
2023-12-07,2378.54799,21000100,2357.04,20991200,2357.04,21000200
2023-12-08,2393.49922786975,21000100,2360.82,20991200,2360.82,21000200
2023-12-09,2398.7186910929872,21000100,2342.4,20991200,2342.4,21000200
2023-12-10,2393.667860106833,21000100,2353.97,20991200,2353.97,21000200
2023-12-11,2255.421228744,21000100,2225.56,20991200,2225.56,21000200
2023-12-12,2224.8178875,21000100,2204.7,20991200,2204.7,21000200
2023-12-13,2287.889387642667,21000100,2261.44,20991200,2261.44,21000200
2023-12-14,2337.6784275,21000100,2316.54,20991200,2316.54,21000200
2023-12-15,2242.266251432375,21000100,2221.71,20991200,2221.71,21000200
2023-12-16,2249.985465,21000100,2229.64,20991200,2229.64,21000200
2023-12-17,2218.9234001824166,21000100,2197.93,20991200,2197.93,21000200
2023-12-18,2244.174917868,21000100,2220.48,20991200,2220.48,21000200
2023-12-19,2198.9035575000003,21000100,2179.02,20991200,2179.02,21000200
2023-12-20,2232.87906606625,21000100,2203.95,20991200,2203.95,21000200
2023-12-21,2298.6363370885088,21000100,2241.35,20991200,2241.35,21000200
2023-12-22,2393.829057653506,21000100,2326.53,20991200,2326.53,21000200
2023-12-23,2344.33642176825,21000100,2309.86,20991200,2309.86,21000200
2023-12-24,2303.2901682173333,21000100,2265.43,20991200,2265.43,21000200
2023-12-25,2327.8185768102503,21000100,2273.07,20991200,2273.07,21000200
2023-12-26,2303.268162057051,21000100,2232.44,20991200,2232.44,21000200
2023-12-27,2460.223815850655,21000100,2380.31,20991200,2380.31,21000200
2023-12-28,2429.7976322551417,21000100,2345.96,20991200,2345.96,21000200
2023-12-29,2387.903652032133,21000100,2300.6,20991200,2300.6,21000200
2023-12-30,2352.6975057657505,21000100,2293.26,20991200,2293.26,21000200
2023-12-31,2340.228807070625,21000100,2283.85,20991200,2283.85,21000200
2024-01-01,2427.647018607917,21000100,2354.62,20991200,2354.62,21000200
2024-01-02,2457.564486760283,21000100,2356.93,20991200,2356.93,21000200
2024-01-03,2252.69415687225,21000100,2210.39,20991200,2210.39,21000200
2024-01-04,2288.54413125,21000100,2267.85,20991200,2267.85,21000200
2024-01-05,2289.63398625,21000100,2268.93,20991200,2268.93,21000200
2024-01-06,2260.8032850000004,21000100,2240.36,20991200,2240.36,21000200
2024-01-07,2241.13543875,21000100,2220.87,20991200,2220.87,21000200
2024-01-08,2352.3813787500003,21000100,2331.11,20991200,2331.11,21000200
2024-01-09,2365.833015,21000100,2344.44,20991200,2344.44,21000200
2024-01-10,2609.4156075,21000100,2585.82,20991200,2585.82,21000200
2024-01-11,2642.4846337500003,21000100,2618.59,20991200,2618.59,21000200
2024-01-12,2546.3251125,21000100,2523.3,20991200,2523.3,21000200
2024-01-13,2602.0288125,21000100,2578.5,20991200,2578.5,21000200
2024-01-14,2496.9385350000002,21000100,2474.36,20991200,2474.36,21000200
2024-01-15,2535.1339162500003,21000100,2512.21,20991200,2512.21,21000200
2024-01-16,2611.010025,21000100,2587.4,20991200,2587.4,21000200
2024-01-17,2553.7119075,21000100,2530.62,20991200,2530.62,21000200
2024-01-18,2493.84052125,21000100,2471.29,20991200,2471.29,21000200
2024-01-19,2515.2036975,21000100,2492.46,20991200,2492.46,21000200
2024-01-20,2494.8294637500003,21000100,2472.27,20991200,2472.27,21000200
2024-01-21,2479.4403075,21000100,2457.02,20991200,2457.02,21000200
2024-01-22,2335.44826125,21000100,2314.33,20991200,2314.33,21000200
2024-01-23,2262.1252387500003,21000100,2241.67,20991200,2241.67,21000200
2024-01-24,2255.0109075,21000100,2234.62,20991200,2234.62,21000200
2024-01-25,2238.2594325,21000100,2218.02,20991200,2218.02,21000200
2024-01-26,2287.40382,21000100,2266.72,20991200,2266.72,21000200
2024-01-27,2285.5228416116247,21000100,2266.99,20991200,2266.99,21000200
2024-01-28,2270.3813796,21000100,2256.0,20991200,2256.0,21000200
2024-01-29,2337.658245,21000100,2316.52,20991200,2316.52,21000200
2024-01-30,2360.609828159375,21000100,2341.95,20991200,2341.95,21000200
2024-01-31,2302.82325,21000100,2282.0,20991200,2282.0,21000200
2024-02-01,2319.722550082583,21000100,2303.33,20991200,2303.33,21000200
2024-02-02,2324.61227861275,21000100,2307.99,20991200,2307.99,21000200
2024-02-03,2311.2172525965,21000100,2295.42,20991200,2295.42,21000200
2024-02-04,2304.1656905721666,21000100,2288.66,20991200,2288.66,21000200
2024-02-05,2321.8250737500002,21000100,2300.83,20991200,2300.83,21000200
2024-02-06,2390.2735965867496,21000100,2371.74,20991200,2371.74,21000200
2024-02-07,2436.64536991275,21000100,2424.22,20991200,2424.22,21000200
2024-02-08,2438.863171004167,21000100,2418.76,20991200,2418.76,21000200
2024-02-09,2506.218490729333,21000100,2485.24,20991200,2485.24,21000200
2024-02-10,2520.065237653333,21000100,2499.2,20991200,2499.2,21000200
2024-02-11,2524.99824949,21000100,2506.1,20991200,2506.1,21000200
2024-02-12,2681.1820430508747,21000100,2660.91,20991200,2660.91,21000200
2024-02-13,2664.92757375,21000100,2640.83,20991200,2640.83,21000200
2024-02-14,2804.0747468084996,21000100,2776.14,20991200,2776.14,21000200
2024-02-15,2856.798647659,21000100,2824.54,20991200,2824.54,21000200
2024-02-16,2831.5949630214163,21000100,2803.69,20991200,2803.69,21000200
2024-02-17,2815.848859293375,21000100,2787.43,20991200,2787.43,21000200
2024-02-18,2910.8925488649998,21000100,2883.58,20991200,2883.58,21000200
2024-02-19,2973.4372687500004,21000100,2946.55,20991200,2946.55,21000200
2024-02-20,3074.046228221792,21000100,3017.21,20991200,3017.21,21000200
2024-02-21,3007.696574243542,21000100,2969.65,20991200,2969.65,21000200
2024-02-22,2999.9268,21000100,2972.8,20991200,2972.8,21000200
2024-02-23,2950.0255687500003,21000100,2923.35,20991200,2923.35,21000200
2024-02-24,3021.71380875,21000100,2994.39,20991200,2994.39,21000200
2024-02-25,3169.2182567263335,21000100,3115.24,20991200,3115.24,21000200
2024-02-26,3273.277223345,21000100,3178.6,20991200,3178.6,21000200
2024-02-27,3368.3351294255,21000100,3244.98,20991200,3244.98,21000200
2024-02-28,3499.5179578928337,21000100,3387.07,20991200,3387.07,21000200
2024-02-29,3504.4152627442,21000100,3343.15,20991200,3343.15,21000200
2024-03-01,3586.9171420355,21000100,3435.82,20991200,3435.82,21000200
2024-03-02,3592.843809843,21000100,3424.43,20991200,3424.43,21000200
2024-03-03,3613.6904163030836,21000100,3491.77,20991200,3491.77,21000200
2024-03-04,3763.269074399333,21000100,3629.72,20991200,3629.72,21000200
2024-03-05,3759.8406347604796,21000100,3555.43,20991200,3555.43,21000200
2024-03-06,3937.9874889284997,21000100,3822.36,20991200,3822.36,21000200
2024-03-07,4011.9303229159163,21000100,3871.69,20991200,3871.69,21000200
2024-03-08,4063.0320719994997,21000100,3886.04,20991200,3886.04,21000200
2024-03-09,4033.2387595564583,21000100,3908.15,20991200,3908.15,21000200
2024-03-10,4015.66081950775,21000100,3881.22,20991200,3881.22,21000200
2024-03-11,4269.7317067335,21000100,4070.52,20991200,4070.52,21000200
2024-03-12,4170.7498861815,21000100,3984.18,20991200,3984.18,21000200
2024-03-13,4193.300894750333,21000100,4008.76,20991200,4008.76,21000200
2024-03-14,4034.564073682458,21000100,3884.99,20991200,3884.99,21000200
2024-03-15,3855.4919650624997,21000100,3745.0,20991200,3745.0,21000200
2024-03-16,3606.2861083683333,21000100,3525.58,20991200,3525.58,21000200
2024-03-17,3708.6622420454996,21000100,3646.99,20991200,3646.99,21000200
2024-03-18,3601.991698495625,21000100,3523.43,20991200,3523.43,21000200
2024-03-19,3223.4263782666667,21000100,3161.0,20991200,3161.0,21000200
2024-03-20,3556.4226297600003,21000100,3517.8,20991200,3517.8,21000200
2024-03-21,3549.4009948345,21000100,3495.16,20991200,3495.16,21000200
2024-03-22,3402.1548477,21000100,3339.0,20991200,3339.0,21000200
2024-03-23,3368.363086139,21000100,3330.96,20991200,3330.96,21000200
2024-03-24,3507.471545310833,21000100,3457.16,20991200,3457.16,21000200
2024-03-25,3652.1824456899167,21000100,3592.94,20991200,3592.94,21000200
2024-03-26,3680.5582523516664,21000100,3589.64,20991200,3589.64,21000200
2024-03-27,3592.0200992382497,21000100,3504.99,20991200,3504.99,21000200
2024-03-28,3684.8644879950416,21000100,3563.99,20991200,3563.99,21000200
2024-03-29,3621.194755892,21000100,3512.46,20991200,3512.46,21000200
2024-03-30,3609.240972651166,21000100,3508.66,20991200,3508.66,21000200
2024-03-31,3815.398114744708,21000100,3648.79,20991200,3648.79,21000200
2024-04-01,3630.3153070884996,21000100,3506.52,20991200,3506.52,21000200
2024-04-02,3318.356798768667,21000100,3280.76,20991200,3280.76,21000200
2024-04-03,3343.52377125,21000100,3313.29,20991200,3313.29,21000200
2024-04-04,3360.0330562500003,21000100,3329.65,20991200,3329.65,21000200
2024-04-05,3349.9518975,21000100,3319.66,20991200,3319.66,21000200
2024-04-06,3390.6135713475,21000100,3353.15,20991200,3353.15,21000200
2024-04-07,3487.52590875,21000100,3455.99,20991200,3455.99,21000200
2024-04-08,3755.9667392533333,21000100,3697.6,20991200,3697.6,21000200
2024-04-09,3562.0520552443745,21000100,3508.45,20991200,3508.45,21000200
2024-04-10,3598.7330669345,21000100,3547.64,20991200,3547.64,21000200
2024-04-11,3542.252422280708,21000100,3504.43,20991200,3504.43,21000200
2024-04-12,3267.8494875,21000100,3238.3,20991200,3238.3,21000200
2024-04-13,3032.8848225,21000100,3005.46,20991200,3005.46,21000200
2024-04-14,3181.932585,21000100,3153.16,20991200,3153.16,21000200
2024-04-15,3123.6618164239585,21000100,3100.75,20991200,3100.75,21000200
2024-04-16,3103.686636329375,21000100,3082.85,20991200,3082.85,21000200
2024-04-17,2993.0572354916662,21000100,2983.25,20991200,2983.25,21000200
2024-04-18,3074.1300171225,21000100,3062.85,20991200,3062.85,21000200
2024-04-19,3071.5362076582915,21000100,3054.91,20991200,3054.91,21000200
2024-04-20,3171.1001292708333,21000100,3154.31,20991200,3154.31,21000200
2024-04-21,3154.654318045125,21000100,3145.73,20991200,3145.73,21000200
2024-04-22,3204.8390514382495,21000100,3198.66,20991200,3198.66,21000200
2024-04-23,3226.6536204,21000100,3218.04,20991200,3218.04,21000200
2024-04-24,3149.775483147,21000100,3138.84,20991200,3138.84,21000200
2024-04-25,3166.1187357860003,21000100,3154.44,20991200,3154.44,21000200
2024-04-26,3139.5574779683334,21000100,3129.98,20991200,3129.98,21000200
2024-04-27,3273.1523294067083,21000100,3253.97,20991200,3253.97,21000200
2024-04-28,3287.9740163223337,21000100,3262.28,20991200,3262.28,21000200
2024-04-29,3239.5209194327913,21000100,3215.27,20991200,3215.27,21000200
2024-04-30,3029.801438674833,21000100,3012.58,20991200,3012.58,21000200
2024-05-01,2983.3520107585837,21000100,2970.61,20991200,2970.61,21000200
2024-05-02,3000.4608725000003,21000100,2984.8,20991200,2984.8,21000200
2024-05-03,3109.93912740925,21000100,3100.83,20991200,3100.83,21000200
2024-05-04,3134.1811626103336,21000100,3115.46,20991200,3115.46,21000200
2024-05-05,3157.9555976099996,21000100,3135.24,20991200,3135.24,21000200
2024-05-06,3084.4020865125003,21000100,3061.5,20991200,3061.5,21000200
2024-05-07,3021.3179428675003,21000100,3004.55,20991200,3004.55,21000200
2024-05-08,2995.5366552083333,21000100,2972.93,20991200,2972.93,21000200
2024-05-09,3062.4420937500004,21000100,3034.75,20991200,3034.75,21000200
2024-05-10,2930.2412102118747,21000100,2908.85,20991200,2908.85,21000200
2024-05-11,2931.4463747806253,21000100,2911.27,20991200,2911.27,21000200
2024-05-12,2946.914426581125,21000100,2927.73,20991200,2927.73,21000200
2024-05-13,2972.883868125292,21000100,2949.71,20991200,2949.71,21000200
2024-05-14,2904.7604787359996,21000100,2880.87,20991200,2880.87,21000200
2024-05-15,3055.8562632247495,21000100,3030.66,20991200,3030.66,21000200
2024-05-16,2962.7843436718326,21000100,2943.22,20991200,2943.22,21000200
2024-05-17,3107.577101948,21000100,3090.48,20991200,3090.48,21000200
2024-05-18,3139.401363321375,21000100,3121.59,20991200,3121.59,21000200
2024-05-19,3088.3419597106663,21000100,3069.98,20991200,3069.98,21000200
2024-05-20,3682.480833869042,21000100,3664.39,20991200,3664.39,21000200
2024-05-21,3837.772408922667,21000100,3792.32,20991200,3792.32,21000200
2024-05-22,3783.0726365343753,21000100,3740.25,20991200,3740.25,21000200
2024-05-23,3819.3363000000004,21000100,3784.8,20991200,3784.8,21000200
2024-05-24,3763.64269125,21000100,3729.61,20991200,3729.61,21000200
2024-05-25,3785.37924375,21000100,3751.15,20991200,3751.15,21000200
2024-05-26,3862.4562112500003,21000100,3827.53,20991200,3827.53,21000200
2024-05-27,3931.6418212500002,21000100,3896.09,20991200,3896.09,21000200
2024-05-28,3884.666457875,21000100,3847.0,20991200,3847.0,21000200
2024-05-29,3821.814016041666,21000100,3770.0,20991200,3770.0,21000200
2024-05-30,3816.8554273106247,21000100,3750.39,20991200,3750.39,21000200
2024-05-31,3802.2629019816663,21000100,3764.35,20991200,3764.35,21000200
2024-06-01,3865.9066053278752,21000100,3817.49,20991200,3817.49,21000200
2024-06-02,3825.0635380220833,21000100,3783.98,20991200,3783.98,21000200
2024-06-03,3816.5213053916664,21000100,3769.15,20991200,3769.15,21000200
2024-06-04,3848.8425792000003,21000100,3813.12,20991200,3813.12,21000200
2024-06-05,3912.886950695167,21000100,3868.61,20991200,3868.61,21000200
2024-06-06,3879.3368258060004,21000100,3815.76,20991200,3815.76,21000200
2024-06-07,3731.7119936805007,21000100,3679.82,20991200,3679.82,21000200
2024-06-08,3715.7092537500002,21000100,3682.11,20991200,3682.11,21000200
2024-06-09,3741.5024887500003,21000100,3707.67,20991200,3707.67,21000200
2024-06-10,3703.1456475,21000100,3669.66,20991200,3669.66,21000200
2024-06-11,3530.08071,21000100,3498.16,20991200,3498.16,21000200
2024-06-12,3592.93910625,21000100,3560.45,20991200,3560.45,21000200
2024-06-13,3500.8362675,21000100,3469.18,20991200,3469.18,21000200
2024-06-14,3512.2696537500005,21000100,3480.51,20991200,3480.51,21000200
2024-06-15,3600.4268137500003,21000100,3567.87,20991200,3567.87,21000200
2024-06-16,3656.01951,21000100,3622.96,20991200,3622.96,21000200
2024-06-17,3540.6634901231664,21000100,3509.56,20991200,3509.56,21000200
2024-06-18,3504.261446378,21000100,3482.34,20991200,3482.34,21000200
2024-06-19,3587.1266350754167,21000100,3558.85,20991200,3558.85,21000200
2024-06-20,3532.1470373452503,21000100,3511.26,20991200,3511.26,21000200
2024-06-21,3530.9259747702495,21000100,3517.18,20991200,3517.18,21000200
2024-06-22,3509.474517619584,21000100,3494.26,20991200,3494.26,21000200
2024-06-23,3434.87171480125,21000100,3419.38,20991200,3419.38,21000200
2024-06-24,3377.5727711333334,21000100,3352.0,20991200,3352.0,21000200
2024-06-25,3424.0216725,21000100,3393.06,20991200,3393.06,21000200
2024-06-26,3401.5181850000004,21000100,3370.76,20991200,3370.76,21000200
2024-06-27,3481.8243525000003,21000100,3450.34,20991200,3450.34,21000200
2024-06-28,3410.3480287500006,21000100,3379.51,20991200,3379.51,21000200
2024-06-29,3408.4407825,21000100,3377.62,20991200,3377.62,21000200
2024-06-30,3468.09016125,21000100,3436.73,20991200,3436.73,21000200
2024-07-01,3471.8541975000003,21000100,3440.46,20991200,3440.46,21000200
2024-07-02,3451.64142375,21000100,3420.43,20991200,3420.43,21000200
2024-07-03,3324.8145937500003,21000100,3294.75,20991200,3294.75,21000200
2024-07-04,3087.22620375,21000100,3059.31,20991200,3059.31,21000200
2024-07-05,3002.6159359477915,21000100,2980.43,20991200,2980.43,21000200
2024-07-06,3085.501403985417,21000100,3065.5,20991200,3065.5,21000200
2024-07-07,2946.521927397333,21000100,2930.24,20991200,2930.24,21000200
2024-07-08,3038.4180753308333,21000100,3017.51,20991200,3017.51,21000200
2024-07-09,3078.5903114664166,21000100,3065.06,20991200,3065.06,21000200
2024-07-10,3113.692410891,21000100,3099.12,20991200,3099.12,21000200
2024-07-11,3115.722748696875,21000100,3098.25,20991200,3098.25,21000200
2024-07-12,3154.096046515333,21000100,3133.24,20991200,3133.24,21000200
2024-07-13,3200.6403671013336,21000100,3174.01,20991200,3174.01,21000200
2024-07-14,3262.8437480603334,21000100,3243.56,20991200,3243.56,21000200
2024-07-15,3501.0906407015,21000100,3481.62,20991200,3481.62,21000200
2024-07-16,3462.555995732625,21000100,3442.83,20991200,3442.83,21000200
2024-07-17,3406.599196575,21000100,3386.0,20991200,3386.0,21000200
2024-07-18,3445.7878521928333,21000100,3424.99,20991200,3424.99,21000200
2024-07-19,3526.1906542316665,21000100,3502.18,20991200,3502.18,21000200
2024-07-20,3533.4750172470003,21000100,3516.03,20991200,3516.03,21000200
2024-07-21,3553.9036159860416,21000100,3534.29,20991200,3534.29,21000200
2024-07-22,3459.450933376,21000100,3438.08,20991200,3438.08,21000200
2024-07-23,3509.3913272193754,21000100,3481.01,20991200,3481.01,21000200
2024-07-24,3357.532319899333,21000100,3334.24,20991200,3334.24,21000200
2024-07-25,3186.5899047810003,21000100,3173.67,20991200,3173.67,21000200
2024-07-26,3284.865341275,21000100,3272.82,20991200,3272.82,21000200
2024-07-27,3260.2747927305,21000100,3248.17,20991200,3248.17,21000200
2024-07-28,3297.8507737500004,21000100,3268.03,20991200,3268.03,21000200
2024-07-29,3345.2942215114163,21000100,3316.87,20991200,3316.87,21000200
2024-07-30,3308.08330125,21000100,3278.17,20991200,3278.17,21000200
2024-07-31,3260.967255,21000100,3231.48,20991200,3231.48,21000200
2024-08-01,3226.9635798684585,21000100,3201.67,20991200,3201.67,21000200
2024-08-02,3005.557835749625,21000100,2988.11,20991200,2988.11,21000200
2024-08-03,2916.2684375727504,21000100,2901.94,20991200,2901.94,21000200
2024-08-04,2697.9255688283333,21000100,2687.6,20991200,2687.6,21000200
2024-08-05,2416.9691818017372,21000100,2418.6,20991200,2418.6,21000200
2024-08-06,2455.855319663057,21000100,2459.87,20991200,2459.87,21000200
2024-08-07,2335.93872359536,21000100,2341.41,20991200,2341.41,21000200
2024-08-08,2674.333159355042,21000100,2681.59,20991200,2681.59,21000200
2024-08-09,2599.9529255275,21000100,2597.9,20991200,2597.9,21000200
2024-08-10,2609.4495496171667,21000100,2608.76,20991200,2608.76,21000200
2024-08-11,2554.989566206875,21000100,2554.65,20991200,2554.65,21000200
2024-08-12,2732.9337246506248,21000100,2721.15,20991200,2721.15,21000200
2024-08-13,2698.8115129105004,21000100,2701.01,20991200,2701.01,21000200
2024-08-14,2660.0295384030837,21000100,2659.82,20991200,2659.82,21000200
2024-08-15,2579.2630024437085,21000100,2568.73,20991200,2568.73,21000200
2024-08-16,2594.898456644,21000100,2591.52,20991200,2591.52,21000200
2024-08-17,2610.391693387,21000100,2613.18,20991200,2613.18,21000200
2024-08-18,2607.4412756330835,21000100,2610.67,20991200,2610.67,21000200
2024-08-19,2631.6785961272917,21000100,2635.15,20991200,2635.15,21000200
2024-08-20,2571.6820768775,21000100,2571.51,20991200,2571.51,21000200
2024-08-21,2635.59820980625,21000100,2629.38,20991200,2629.38,21000200
2024-08-22,2625.6749951999996,21000100,2622.0,20991200,2622.0,21000200
2024-08-23,2772.0797572916667,21000100,2761.58,20991200,2761.58,21000200
2024-08-24,2766.4395479933332,21000100,2766.4,20991200,2766.4,21000200
2024-08-25,2746.5577755054583,21000100,2744.47,20991200,2744.47,21000200
2024-08-26,2690.7903446885416,21000100,2679.25,20991200,2679.25,21000200
2024-08-27,2472.38471841,21000100,2455.98,20991200,2455.98,21000200
2024-08-28,2523.1581246015417,21000100,2527.31,20991200,2527.31,21000200
2024-08-29,2527.0199789905,21000100,2526.28,20991200,2526.28,21000200
2024-08-30,2532.674018005625,21000100,2524.99,20991200,2524.99,21000200
2024-08-31,2529.5012406513333,21000100,2511.91,20991200,2511.91,21000200
2024-09-01,2434.8406185879167,21000100,2424.55,20991200,2424.55,21000200
2024-09-02,2543.3463685634997,21000100,2536.74,20991200,2536.74,21000200
2024-09-03,2435.6767235202083,21000100,2424.05,20991200,2424.05,21000200
2024-09-04,2459.1909894915834,21000100,2449.67,20991200,2449.67,21000200
2024-09-05,2374.653559046458,21000100,2367.37,20991200,2367.37,21000200
2024-09-06,2232.1817477249997,21000100,2223.7,20991200,2223.7,21000200
2024-09-07,2273.8383035561665,21000100,2272.21,20991200,2272.21,21000200
2024-09-08,2303.0681670484582,21000100,2295.89,20991200,2295.89,21000200
2024-09-09,2360.123794406333,21000100,2358.19,20991200,2358.19,21000200
2024-09-10,2386.073673126792,21000100,2387.63,20991200,2387.63,21000200
2024-09-11,2340.9930897729996,21000100,2339.22,20991200,2339.22,21000200
2024-09-12,2365.2578540947497,21000100,2360.79,20991200,2360.79,21000200
2024-09-13,2448.804624069375,21000100,2438.15,20991200,2438.15,21000200
2024-09-14,2417.065311371875,21000100,2416.65,20991200,2416.65,21000200
2024-09-15,2317.116498570625,21000100,2314.85,20991200,2314.85,21000200
2024-09-16,2291.215898935875,21000100,2294.61,20991200,2294.61,21000200
2024-09-17,2351.9061187402085,21000100,2340.59,20991200,2340.59,21000200
2024-09-18,2381.291507473125,21000100,2373.93,20991200,2373.93,21000200
2024-09-19,2478.3413266079997,21000100,2464.56,20991200,2464.56,21000200
2024-09-20,2583.44549745325,21000100,2560.29,20991200,2560.29,21000200
2024-09-21,2625.5933615908334,21000100,2611.4,20991200,2611.4,21000200
2024-09-22,2595.7083997844998,21000100,2579.94,20991200,2579.94,21000200
2024-09-23,2658.5916810016665,21000100,2645.84,20991200,2645.84,21000200
2024-09-24,2662.792977,21000100,2652.0,20991200,2652.0,21000200
2024-09-25,2588.0815824520832,21000100,2578.9,20991200,2578.9,21000200
2024-09-26,2651.6071800848335,21000100,2631.11,20991200,2631.11,21000200
2024-09-27,2712.860959773125,21000100,2693.53,20991200,2693.53,21000200
2024-09-28,2692.92579007125,21000100,2673.9,20991200,2673.9,21000200
2024-09-29,2671.6140343525003,21000100,2656.3,20991200,2656.3,21000200
2024-09-30,2621.0988717890414,21000100,2601.49,20991200,2601.49,21000200
2024-10-01,2467.9844731660414,21000100,2446.85,20991200,2446.85,21000200
2024-10-02,2382.3047943375,21000100,2363.0,20991200,2363.0,21000200
2024-10-03,2356.7149411552496,21000100,2348.74,20991200,2348.74,21000200
2024-10-04,2422.75920919575,21000100,2413.38,20991200,2413.38,21000200
2024-10-05,2430.57329214675,21000100,2413.42,20991200,2413.42,21000200
2024-10-06,2451.8248069407914,21000100,2438.77,20991200,2438.77,21000200
2024-10-07,2432.9686559687498,21000100,2421.75,20991200,2421.75,21000200
2024-10-08,2458.3699443420005,21000100,2439.84,20991200,2439.84,21000200
2024-10-09,2386.6386088,21000100,2369.6,20991200,2369.6,21000200
2024-10-10,2404.5842864614997,21000100,2385.24,20991200,2385.24,21000200
2024-10-11,2457.33696216075,21000100,2438.46,20991200,2438.46,21000200
2024-10-12,2491.4981450756254,21000100,2475.09,20991200,2475.09,21000200
2024-10-13,2478.0352049867915,21000100,2467.79,20991200,2467.79,21000200
2024-10-14,2650.1170456090003,21000100,2628.88,20991200,2628.88,21000200
2024-10-15,2630.3145862500005,21000100,2606.53,20991200,2606.53,21000200
2024-10-16,2634.20980875,21000100,2610.39,20991200,2610.39,21000200
2024-10-17,2628.7807162500003,21000100,2605.01,20991200,2605.01,21000200
2024-10-18,2665.2101287500004,21000100,2641.11,20991200,2641.11,21000200
2024-10-19,2671.6079812499997,21000100,2647.45,20991200,2647.45,21000200
2024-10-20,2772.0461925,21000100,2746.98,20991200,2746.98,21000200
2024-10-21,2690.96299875,21000100,2666.63,20991200,2666.63,21000200
2024-10-22,2645.7037425000003,21000100,2621.78,20991200,2621.78,21000200
2024-10-23,2546.8700400000002,21000100,2523.84,20991200,2523.84,21000200
2024-10-24,2558.52543375,21000100,2535.39,20991200,2535.39,21000200
2024-10-25,2462.3659125,21000100,2440.1,20991200,2440.1,21000200
2024-10-26,2504.688615,21000100,2482.04,20991200,2482.04,21000200
2024-10-27,2530.0983825,21000100,2507.22,20991200,2507.22,21000200
2024-10-28,2589.90922125,21000100,2566.49,20991200,2566.49,21000200
2024-10-29,2663.3634300000003,21000100,2639.28,20991200,2639.28,21000200
2024-10-30,2683.6266600000004,21000100,2659.36,20991200,2659.36,21000200
2024-10-31,2541.35012625,21000100,2518.37,20991200,2518.37,21000200
2024-11-01,2534.48807625,21000100,2511.57,20991200,2511.57,21000200
2024-11-02,2516.36419125,21000100,2493.61,20991200,2493.61,21000200
2024-11-03,2479.71277125,21000100,2457.29,20991200,2457.29,21000200
2024-11-04,2419.24600125,21000100,2397.37,20991200,2397.37,21000200
2024-11-05,2443.5154575,21000100,2421.42,20991200,2421.42,21000200
2024-11-06,2746.927784893625,21000100,2722.49,20991200,2722.49,21000200
2024-11-07,2926.486487061667,21000100,2895.76,20991200,2895.76,21000200
2024-11-08,2989.149345,21000100,2962.12,20991200,2962.12,21000200
2024-11-09,3155.56414875,21000100,3127.03,20991200,3127.03,21000200
2024-11-10,3230.4420474165,21000100,3185.19,20991200,3185.19,21000200
2024-11-11,3433.6235603999908,21000100,3375.02,20991200,3375.02,21000200
2024-11-12,3315.013815750293,21000100,3245.98,20991200,3245.98,21000200
2024-11-13,3247.15271255375,21000100,3188.9,20991200,3188.9,21000200
2024-11-14,3089.501915459167,21000100,3061.03,20991200,3061.03,21000200
2024-11-15,3125.831300657292,21000100,3091.75,20991200,3091.75,21000200
2024-11-16,3172.445284170666,21000100,3134.72,20991200,3134.72,21000200
2024-11-17,3115.2451755018756,21000100,3078.09,20991200,3078.09,21000200
2024-11-18,3280.084463838,21000100,3210.48,20991200,3210.48,21000200
2024-11-19,3182.2058930079165,21000100,3109.34,20991200,3109.34,21000200
2024-11-20,3118.216068826875,21000100,3071.05,20991200,3071.05,21000200
2024-11-21,3399.4299185014997,21000100,3358.42,20991200,3358.42,21000200
2024-11-22,3414.406257848568,21000100,3330.05,20991200,3330.05,21000200
2024-11-23,3483.7952761001247,21000100,3396.33,20991200,3396.33,21000200
2024-11-24,3442.762608874333,21000100,3362.98,20991200,3362.98,21000200
2024-11-25,3492.7805073481663,21000100,3416.92,20991200,3416.92,21000200
2024-11-26,3382.770060605833,21000100,3327.17,20991200,3327.17,21000200
2024-11-27,3720.0077453815006,21000100,3655.88,20991200,3655.88,21000200
2024-11-28,3627.7900525504997,21000100,3581.58,20991200,3581.58,21000200
2024-11-29,3633.153485704167,21000100,3594.5,20991200,3594.5,21000200
2024-11-30,3766.891931049917,21000100,3705.73,20991200,3705.73,21000200
2024-12-01,3757.1429667719995,21000100,3711.24,20991200,3711.24,21000200
2024-12-02,3750.3174540480004,21000100,3646.26,20991200,3646.26,21000200
2024-12-03,3699.8237584875005,21000100,3616.82,20991200,3616.82,21000200
2024-12-04,3904.386890653125,21000100,3840.75,20991200,3840.75,21000200
2024-12-05,3907.4735034122086,21000100,3787.31,20991200,3787.31,21000200
2024-12-06,4082.3090958583334,21000100,4001.75,20991200,4001.75,21000200
2024-12-07,4094.6704185165,21000100,3999.79,20991200,3999.79,21000200
2024-12-08,4084.5518444545837,21000100,4007.3,20991200,4007.3,21000200
2024-12-09,3761.8896193414585,21000100,3712.55,20991200,3712.55,21000200
2024-12-10,3661.5091500000003,21000100,3628.4,20991200,3628.4,21000200
2024-12-11,3865.392765,21000100,3830.44,20991200,3830.44,21000200
2024-12-12,3915.9297450000004,21000100,3880.52,20991200,3880.52,21000200
2024-12-13,3941.2386,21000100,3905.6,20991200,3905.6,21000200
2024-12-14,3903.900975,21000100,3868.6,20991200,3868.6,21000200
2024-12-15,3993.9037024249997,21000100,3958.5,20991200,3958.5,21000200
2024-12-16,4019.4992372990005,21000100,3984.76,20991200,3984.76,21000200
2024-12-17,3926.3136412500003,21000100,3890.81,20991200,3890.81,21000200
2024-12-18,3656.327048721667,21000100,3625.4,20991200,3625.4,21000200
2024-12-19,3438.43583531875,21000100,3416.7,20991200,3416.7,21000200
2024-12-20,3502.5517800000002,21000100,3470.88,20991200,3470.88,21000200
2024-12-21,3364.3521990399995,21000100,3337.6,20991200,3337.6,21000200
2024-12-22,3306.1169767,21000100,3280.8,20991200,3280.8,21000200
2024-12-23,3441.2977066964995,21000100,3420.74,20991200,3420.74,21000200
2024-12-24,3514.14537718825,21000100,3491.97,20991200,3491.97,21000200
2024-12-25,3508.7537046269995,21000100,3495.72,20991200,3495.72,21000200
2024-12-26,3359.818880353125,21000100,3333.15,20991200,3333.15,21000200
2024-12-27,3356.188244112042,21000100,3332.09,20991200,3332.09,21000200
2024-12-28,3432.9009778380005,21000100,3402.54,20991200,3402.54,21000200
2024-12-29,3376.456175782333,21000100,3355.46,20991200,3355.46,21000200
2024-12-30,3390.77100375,21000100,3360.11,20991200,3360.11,21000200
2024-12-31,3365.50809941475,21000100,3336.57,20991200,3336.57,21000200
2025-01-01,3390.01416,21000100,3359.36,20991200,3359.36,21000200
2025-01-02,3486.35532375,21000100,3454.83,20991200,3454.83,21000200
2025-01-03,3640.81199625,21000100,3607.89,20991200,3607.89,21000200
2025-01-04,3689.35090875,21000100,3655.99,20991200,3655.99,21000200
2025-01-05,3668.12901,21000100,3634.96,20991200,3634.96,21000200
2025-01-06,3719.352195,21000100,3685.72,20991200,3685.72,21000200
2025-01-07,3410.2168425000004,21000100,3379.38,20991200,3379.38,21000200
2025-01-08,3355.3781698455005,21000100,3325.38,20991200,3325.38,21000200
2025-01-09,3244.2870533986666,21000100,3218.24,20991200,3218.24,21000200
2025-01-10,3289.0950814816665,21000100,3265.52,20991200,3265.52,21000200
2025-01-11,3304.024582032,21000100,3281.84,20991200,3281.84,21000200
2025-01-12,3293.6459828224997,21000100,3265.7,20991200,3265.7,21000200
2025-01-13,3157.8366658912496,21000100,3136.14,20991200,3136.14,21000200
2025-01-14,3244.1193979970417,21000100,3223.99,20991200,3223.99,21000200
2025-01-15,3466.4526158250005,21000100,3449.8,20991200,3449.8,21000200
2025-01-16,3330.6642355805,21000100,3306.94,20991200,3306.94,21000200
2025-01-17,3504.0654675,21000100,3472.38,20991200,3472.38,21000200
2025-01-18,3336.8736375,21000100,3306.7,20991200,3306.7,21000200
2025-01-19,3243.4791187500005,21000100,3214.15,20991200,3214.15,21000200
2025-01-20,3313.1592,21000100,3283.2,20991200,3283.2,21000200
2025-01-21,3357.07632,21000100,3326.72,20991200,3326.72,21000200
2025-01-22,3271.58325,21000100,3242.0,20991200,3242.0,21000200
2025-01-23,3368.3381550000004,21000100,3337.88,20991200,3337.88,21000200
2025-01-24,3338.8111575000003,21000100,3308.62,20991200,3308.62,21000200
2025-01-25,3340.4948336498746,21000100,3317.91,20991200,3317.91,21000200
2025-01-26,3253.3329182520833,21000100,3230.5,20991200,3230.5,21000200
2025-01-27,3187.487105804375,21000100,3180.99,20991200,3180.99,21000200
2025-01-28,3094.6253097750005,21000100,3075.96,20991200,3075.96,21000200
2025-01-29,3136.457872649792,21000100,3112.55,20991200,3112.55,21000200
2025-01-30,3264.9560165031667,21000100,3245.86,20991200,3245.86,21000200
2025-01-31,3326.98252535,21000100,3299.5,20991200,3299.5,21000200
2025-02-01,3136.83289938675,21000100,3116.22,20991200,3116.22,21000200
2025-02-02,2885.6796284952084,21000100,2868.05,20991200,2868.05,21000200
2025-02-03,2851.2017748429694,21000100,2878.69,20991200,2878.69,21000200
2025-02-04,2715.28237794,21000100,2730.03,20991200,2730.03,21000200
2025-02-05,2782.7792394625,21000100,2787.0,20991200,2787.0,21000200
2025-02-06,2682.5195594802085,21000100,2685.25,20991200,2685.25,21000200
2025-02-07,2623.9656459269167,21000100,2620.66,20991200,2620.66,21000200
2025-02-08,2642.6481797889996,21000100,2630.99,20991200,2630.99,21000200
2025-02-09,2634.165462582708,21000100,2626.07,20991200,2626.07,21000200
2025-02-10,2670.816303382792,21000100,2659.99,20991200,2659.99,21000200
2025-02-11,2602.9698915245003,21000100,2601.03,20991200,2601.03,21000200
2025-02-12,2752.049247199,21000100,2737.14,20991200,2737.14,21000200
2025-02-13,2691.2512510721667,21000100,2674.52,20991200,2674.52,21000200
2025-02-14,2738.2614654845834,21000100,2724.74,20991200,2724.74,21000200
2025-02-15,2699.140366336625,21000100,2691.73,20991200,2691.73,21000200
2025-02-16,2670.986542583333,21000100,2660.0,20991200,2660.0,21000200
2025-02-17,2759.068345420834,21000100,2743.0,20991200,2743.0,21000200
2025-02-18,2677.5460184445,21000100,2670.57,20991200,2670.57,21000200
2025-02-19,2726.791270968167,21000100,2714.06,20991200,2714.06,21000200
2025-02-20,2746.715559119875,21000100,2736.87,20991200,2736.87,21000200
2025-02-21,2672.52556588875,21000100,2660.85,20991200,2660.85,21000200
2025-02-22,2766.4096632708756,21000100,2762.01,20991200,2762.01,21000200
2025-02-23,2830.315096765417,21000100,2818.54,20991200,2818.54,21000200
2025-02-24,2520.777268497625,21000100,2512.27,20991200,2512.27,21000200
2025-02-25,2494.294460648958,21000100,2494.45,20991200,2494.45,21000200
2025-02-26,2343.4249154568333,21000100,2335.33,20991200,2335.33,21000200
2025-02-27,2323.1772810398334,21000100,2306.66,20991200,2306.66,21000200
2025-02-28,2241.0554637645005,21000100,2236.59,20991200,2236.59,21000200
2025-03-01,2218.530279930833,21000100,2216.6,20991200,2216.6,21000200
2025-03-02,2528.984109504,21000100,2517.12,20991200,2517.12,21000200
2025-03-03,2150.1136022244996,21000100,2148.22,20991200,2148.22,21000200
2025-03-04,2165.3168920367502,21000100,2170.51,20991200,2170.51,21000200
2025-03-05,2251.4230332945835,21000100,2240.45,20991200,2240.45,21000200
2025-03-06,2203.1967293952503,21000100,2201.34,20991200,2201.34,21000200
2025-03-07,2144.6450457986666,21000100,2140.72,20991200,2140.72,21000200
2025-03-08,2212.0334884905005,21000100,2202.84,20991200,2202.84,21000200
2025-03-09,2025.6457491333333,21000100,2019.2,20991200,2019.2,21000200
2025-03-10,1865.5075672315415,21000100,1864.51,20991200,1864.51,21000200
2025-03-11,1925.9322140038748,21000100,1922.61,20991200,1922.61,21000200
2025-03-12,1906.8722046596667,21000100,1907.24,20991200,1907.24,21000200
2025-03-13,1867.8098883546668,21000100,1863.76,20991200,1863.76,21000200
2025-03-14,1920.0670924522499,21000100,1910.79,20991200,1910.79,21000200
2025-03-15,1941.9350984270416,21000100,1936.27,20991200,1936.27,21000200
2025-03-16,1881.1714243722918,21000100,1885.97,20991200,1885.97,21000200
2025-03-17,1932.0596900426247,21000100,1925.37,20991200,1925.37,21000200
2025-03-18,1937.0308930156668,21000100,1930.64,20991200,1930.64,21000200
2025-03-19,2068.7408603868753,21000100,2055.21,20991200,2055.21,21000200
2025-03-20,1982.112098048,21000100,1982.72,20991200,1982.72,21000200
2025-03-21,1973.533600852542,21000100,1964.81,20991200,1964.81,21000200
2025-03-22,1978.6977696493334,21000100,1979.56,20991200,1979.56,21000200
2025-03-23,2009.4336397916666,21000100,2005.0,20991200,2005.0,21000200
2025-03-24,2087.519411098125,21000100,2080.41,20991200,2080.41,21000200
2025-03-25,2070.067596250083,21000100,2065.22,20991200,2065.22,21000200
2025-03-26,2009.7989224231248,21000100,2008.69,20991200,2008.69,21000200
2025-03-27,2011.9962567599998,21000100,2002.8,20991200,2002.8,21000200
2025-03-28,1897.4882936881668,21000100,1896.02,20991200,1896.02,21000200
2025-03-29,1831.9460052428333,21000100,1827.32,20991200,1827.32,21000200
2025-03-30,1805.956702885,21000100,1806.99,20991200,1806.99,21000200
2025-03-31,1823.9979750009165,21000100,1821.59,20991200,1821.59,21000200
2025-04-01,1907.4181733369585,21000100,1904.21,20991200,1904.21,21000200
2025-04-02,1798.40725285375,21000100,1794.1,20991200,1794.1,21000200
2025-04-03,1819.317705056,21000100,1816.48,20991200,1816.48,21000200
2025-04-04,1820.6031750595002,21000100,1815.97,20991200,1815.97,21000200
2025-04-05,1809.17904967125,21000100,1805.15,20991200,1805.15,21000200
2025-04-06,1582.58809273575,21000100,1579.98,20991200,1579.98,21000200
2025-04-07,1548.5679559,21000100,1552.44,20991200,1552.44,21000200
2025-04-08,1472.351068767,21000100,1472.67,20991200,1472.67,21000200
2025-04-09,1663.703224228125,21000100,1668.69,20991200,1668.69,21000200
2025-04-10,1527.5698801835,21000100,1521.57,20991200,1521.57,21000200
2025-04-11,1562.513400338,21000100,1565.96,20991200,1565.96,21000200
2025-04-12,1645.7631898983332,21000100,1643.6,20991200,1643.6,21000200
2025-04-13,1605.7495969103336,21000100,1596.92,20991200,1596.92,21000200
2025-04-14,1632.243703811,21000100,1623.02,20991200,1623.02,21000200
2025-04-15,1590.2735594500002,21000100,1588.0,20991200,1588.0,21000200
2025-04-16,1576.0141391616667,21000100,1576.58,20991200,1576.58,21000200
2025-04-17,1586.629952096,21000100,1582.84,20991200,1582.84,21000200
2025-04-18,1587.0068100245835,21000100,1587.91,20991200,1587.91,21000200
2025-04-19,1619.1331779735,21000100,1612.44,20991200,1612.44,21000200
2025-04-20,1590.4838471386665,21000100,1586.56,20991200,1586.56,21000200
2025-04-21,1587.2316758456668,21000100,1578.64,20991200,1578.64,21000200
2025-04-22,1757.9873540561248,21000100,1755.57,20991200,1755.57,21000200
2025-04-23,1808.81220323375,21000100,1794.46,20991200,1794.46,21000200
2025-04-24,1778.40294049,21000100,1768.8,20991200,1768.8,21000200
2025-04-25,1790.7072153127501,21000100,1783.77,20991200,1783.77,21000200
2025-04-26,1819.2022864166665,21000100,1820.0,20991200,1820.0,21000200
2025-04-27,1787.5124369799166,21000100,1790.21,20991200,1790.21,21000200
2025-04-28,1791.967674037,21000100,1799.22,20991200,1799.22,21000200
2025-04-29,1803.496338778125,21000100,1796.57,20991200,1796.57,21000200
2025-04-30,1785.874337013,21000100,1792.71,20991200,1792.71,21000200
2025-05-01,1843.143023792125,21000100,1837.19,20991200,1837.19,21000200
2025-05-02,1837.313176656,21000100,1841.22,20991200,1841.22,21000200
2025-05-03,1837.32023454875,21000100,1832.55,20991200,1832.55,21000200
2025-05-04,1811.8990718115415,21000100,1807.87,20991200,1807.87,21000200
2025-05-05,1821.2966517894583,21000100,1819.43,20991200,1819.43,21000200
2025-05-06,1817.0342871018336,21000100,1816.22,20991200,1816.22,21000200
2025-05-07,1816.2916778252502,21000100,1810.14,20991200,1810.14,21000200
2025-05-08,2222.1651808959164,21000100,2206.54,20991200,2206.54,21000200
2025-05-09,2365.6917375000003,21000100,2344.3,20991200,2344.3,21000200
2025-05-10,2604.537740902458,21000100,2581.91,20991200,2581.91,21000200
2025-05-11,2528.618197816833,21000100,2513.48,20991200,2513.48,21000200
2025-05-12,2511.4607928016667,21000100,2494.16,20991200,2494.16,21000200
2025-05-13,2699.9630164887917,21000100,2678.59,20991200,2678.59,21000200
2025-05-14,2624.7820227097495,21000100,2608.74,20991200,2608.74,21000200
2025-05-15,2567.66442418125,21000100,2547.75,20991200,2547.75,21000200
2025-05-16,2554.2330698445,21000100,2535.72,20991200,2535.72,21000200
2025-05-17,2476.346854589292,21000100,2474.09,20991200,2474.09,21000200
2025-05-18,2504.8825775570836,21000100,2496.98,20991200,2496.98,21000200
2025-05-19,2535.1607762848753,21000100,2526.87,20991200,2526.87,21000200
2025-05-20,2535.36443336075,21000100,2523.09,20991200,2523.09,21000200
2025-05-21,2560.8468093293336,21000100,2550.26,20991200,2550.26,21000200
2025-05-22,2680.8487517915,21000100,2663.72,20991200,2663.72,21000200
2025-05-23,2540.195119919916,21000100,2525.39,20991200,2525.39,21000200
2025-05-24,2541.692203984875,21000100,2529.27,20991200,2529.27,21000200
2025-05-25,2564.2070405367504,21000100,2550.03,20991200,2550.03,21000200
2025-05-26,2572.6737303198747,21000100,2562.43,20991200,2562.43,21000200
2025-05-27,2679.2778669013337,21000100,2659.84,20991200,2659.84,21000200
2025-05-28,2704.85865,21000100,2680.4,20991200,2680.4,21000200
2025-05-29,2652.9582042495836,21000100,2630.3,20991200,2630.3,21000200
2025-05-30,2547.462289401,21000100,2529.63,20991200,2529.63,21000200
2025-05-31,2537.981043937,21000100,2527.08,20991200,2527.08,21000200
2025-06-01,2549.342524712167,21000100,2537.89,20991200,2537.89,21000200
2025-06-02,2618.809692992,21000100,2606.48,20991200,2606.48,21000200
2025-06-03,2603.771483514,21000100,2592.16,20991200,2592.16,21000200
2025-06-04,2622.405582110833,21000100,2606.62,20991200,2606.62,21000200
2025-06-05,2425.56972569625,21000100,2412.9,20991200,2412.9,21000200
2025-06-06,2478.527239388334,21000100,2475.38,20991200,2475.38,21000200
2025-06-07,2539.4476043566665,21000100,2523.4,20991200,2523.4,21000200
2025-06-08,2526.7962955713338,21000100,2508.32,20991200,2508.32,21000200
2025-06-09,2689.5498923009995,21000100,2679.12,20991200,2679.12,21000200
2025-06-10,2841.4336275,21000100,2815.74,20991200,2815.74,21000200
2025-06-11,2795.6193525000003,21000100,2770.34,20991200,2770.34,21000200
2025-06-12,2658.54827663775,21000100,2641.38,20991200,2641.38,21000200
2025-06-13,2577.809267483083,21000100,2578.09,20991200,2578.09,21000200
2025-06-14,2535.0260623555,21000100,2529.66,20991200,2529.66,21000200
2025-06-15,2559.7847810149997,21000100,2546.32,20991200,2546.32,21000200
2025-06-16,2556.728754340333,21000100,2543.12,20991200,2543.12,21000200
2025-06-17,2520.1716902835,21000100,2508.99,20991200,2508.99,21000200
2025-06-18,2534.9650450479166,21000100,2523.49,20991200,2523.49,21000200
2025-06-19,2531.7388790752498,21000100,2520.18,20991200,2520.18,21000200
2025-06-20,2419.8320137945,21000100,2405.42,20991200,2405.42,21000200
2025-06-21,2293.6821839565832,21000100,2294.63,20991200,2294.63,21000200
2025-06-22,2227.789312933125,21000100,2226.33,20991200,2226.33,21000200
2025-06-23,2411.136357176916,21000100,2410.39,20991200,2410.39,21000200
2025-06-24,2450.3896382714997,21000100,2447.58,20991200,2447.58,21000200
2025-06-25,2417.5292517840003,21000100,2417.28,20991200,2417.28,21000200
2025-06-26,2423.1474326766665,21000100,2414.54,20991200,2414.54,21000200
2025-06-27,2426.7977814740834,21000100,2422.06,20991200,2422.06,21000200
2025-06-28,2444.5053664250004,21000100,2434.8,20991200,2434.8,21000200
2025-06-29,2510.649027182292,21000100,2499.25,20991200,2499.25,21000200
2025-06-30,2495.34369686875,21000100,2484.3,20991200,2484.3,21000200
2025-07-01,2409.7204080597917,21000100,2403.65,20991200,2403.65,21000200
2025-07-02,2578.7888393688336,21000100,2569.37,20991200,2569.37,21000200
2025-07-03,2609.24999085575,21000100,2590.17,20991200,2590.17,21000200
2025-07-04,2514.99057215475,21000100,2506.86,20991200,2506.86,21000200
2025-07-05,2523.5936921020834,21000100,2515.25,20991200,2515.25,21000200
2025-07-06,2583.7069488667503,21000100,2569.14,20991200,2569.14,21000200
2025-07-07,2554.502497707875,21000100,2541.37,20991200,2541.37,21000200
2025-07-08,2627.36078016675,21000100,2613.97,20991200,2613.97,21000200
2025-07-09,2782.804330659166,21000100,2767.7,20991200,2767.7,21000200
2025-07-10,2964.97519659875,21000100,2950.62,20991200,2950.62,21000200
2025-07-11,2983.91198625,21000100,2956.93,20991200,2956.93,21000200
2025-07-12,2961.39673567175,21000100,2941.87,20991200,2941.87,21000200
2025-07-13,2984.6116741192914,21000100,2970.37,20991200,2970.37,21000200
2025-07-14,3031.4989782918337,21000100,3012.26,20991200,3012.26,21000200
2025-07-15,3162.5612289951664,21000100,3137.62,20991200,3137.62,21000200
2025-07-16,3401.3062687500005,21000100,3370.55,20991200,3370.55,21000200
2025-07-17,3508.3744312500003,21000100,3476.65,20991200,3476.65,21000200
2025-07-18,3578.7205350000004,21000100,3546.36,20991200,3546.36,21000200
2025-07-19,3624.0807037500003,21000100,3591.31,20991200,3591.31,21000200
2025-07-20,3789.9404887500004,21000100,3755.67,20991200,3755.67,21000200
2025-07-21,3795.27876,21000100,3760.96,20991200,3760.96,21000200
2025-07-22,3780.1923412500005,21000100,3746.01,20991200,3746.01,21000200
2025-07-23,3660.59084625,21000100,3627.49,20991200,3627.49,21000200
2025-07-24,3740.019075,21000100,3706.2,20991200,3706.2,21000200
2025-07-25,3758.1530512500003,21000100,3724.17,20991200,3724.17,21000200
2025-07-26,3774.1275,21000100,3740.0,20991200,3740.0,21000200
2025-07-27,3904.678711497125,21000100,3871.47,20991200,3871.47,21000200
2025-07-28,3830.6385,21000100,3796.0,20991200,3796.0,21000200
2025-07-29,3819.7980269837503,21000100,3791.55,20991200,3791.55,21000200
2025-07-30,3819.2248243458753,21000100,3808.67,20991200,3808.67,21000200
2025-07-31,3712.301031057834,21000100,3696.58,20991200,3696.58,21000200
2025-08-01,3488.77738646325,21000100,3486.42,20991200,3486.42,21000200
2025-08-02,3407.296341238417,21000100,3392.42,20991200,3392.42,21000200
2025-08-03,3512.27689175,21000100,3495.0,20991200,3495.0,21000200
2025-08-04,3726.709117847417,21000100,3719.42,20991200,3719.42,21000200
2025-08-05,3615.2774947904586,21000100,3610.19,20991200,3610.19,21000200
2025-08-06,3700.087045481125,21000100,3681.21,20991200,3681.21,21000200
2025-08-07,3932.7847681600006,21000100,3908.4,20991200,3908.4,21000200
2025-08-08,4038.6331140375005,21000100,4009.05,20991200,4009.05,21000200
2025-08-09,4297.964287500001,21000100,4259.1,20991200,4259.1,21000200
2025-08-10,4287.4314701765,21000100,4248.77,20991200,4248.77,21000200
2025-08-11,4257.5529540333755,21000100,4221.31,20991200,4221.31,21000200
2025-08-12,4622.335955942375,21000100,4589.31,20991200,4589.31,21000200
2025-08-13,4791.6988762500005,21000100,4748.37,20991200,4748.37,21000200
2025-08-14,4586.735497500001,21000100,4545.26,20991200,4545.26,21000200
2025-08-15,4472.573103377166,21000100,4437.16,20991200,4437.16,21000200
2025-08-16,4442.975384647917,21000100,4420.22,20991200,4420.22,21000200
2025-08-17,4483.353973376249,21000100,4470.66,20991200,4470.66,21000200
2025-08-18,4336.362302661582,21000100,4311.73,20991200,4311.73,21000200
2025-08-19,4111.1147025,21000100,4073.94,20991200,4073.94,21000200
2025-08-20,4360.061341158334,21000100,4334.5,20991200,4334.5,21000200
2025-08-21,4242.65587760625,21000100,4223.7,20991200,4223.7,21000200
2025-08-22,4858.35897516875,21000100,4830.37,20991200,4830.37,21000200
2025-08-23,4820.8524975,21000100,4777.26,20991200,4777.26,21000200
2025-08-24,4821.92217,21000100,4778.32,20991200,4778.32,21000200
2025-08-25,4389.192857198958,21000100,4374.25,20991200,4374.25,21000200
2025-08-26,4600.40622910375,21000100,4598.49,20991200,4598.49,21000200
2025-08-27,4512.055589929667,21000100,4504.84,20991200,4504.84,21000200
2025-08-28,4523.889077695417,21000100,4509.1,20991200,4509.1,21000200
2025-08-29,4369.527828321874,21000100,4358.65,20991200,4358.65,21000200
2025-08-30,4381.4563263166665,21000100,4372.0,20991200,4372.0,21000200
2025-08-31,4393.584156586084,21000100,4389.58,20991200,4389.58,21000200
2025-09-01,4308.681321216666,21000100,4313.0,20991200,4313.0,21000200
2025-09-02,4336.3562183381255,21000100,4324.59,20991200,4324.59,21000200
2025-09-03,4454.8158762187495,21000100,4448.22,20991200,4448.22,21000200
2025-09-04,4292.7688892586675,21000100,4295.68,20991200,4295.68,21000200
2025-09-05,4297.681824300416,21000100,4305.71,20991200,4305.71,21000200
2025-09-06,4279.3714953476665,21000100,4271.69,20991200,4271.69,21000200
2025-09-07,4327.6902135420005,21000100,4303.84,20991200,4303.84,21000200
2025-09-08,4321.916352452249,21000100,4303.98,20991200,4303.98,21000200
2025-09-09,4336.3798805549995,21000100,4308.4,20991200,4308.4,21000200
2025-09-10,4380.859884799333,21000100,4347.83,20991200,4347.83,21000200
2025-09-11,4483.758375736499,21000100,4456.86,20991200,4456.86,21000200
2025-09-12,4746.448467859251,21000100,4710.83,20991200,4710.83,21000200
2025-09-13,4707.043263692916,21000100,4664.74,20991200,4664.74,21000200
2025-09-14,4621.925797125,21000100,4602.0,20991200,4602.0,21000200
2025-09-15,4545.651790281,21000100,4521.54,20991200,4521.54,21000200
2025-09-16,4514.605238724125,21000100,4499.41,20991200,4499.41,21000200
2025-09-17,4605.30269124875,21000100,4588.3,20991200,4588.3,21000200
2025-09-18,4601.227693504959,21000100,4585.31,20991200,4585.31,21000200
2025-09-19,4467.192374162874,21000100,4466.49,20991200,4466.49,21000200
2025-09-20,4477.215703285251,21000100,4478.27,20991200,4478.27,21000200
2025-09-21,4450.436028401459,21000100,4443.01,20991200,4443.01,21000200
2025-09-22,4194.22904092675,21000100,4196.86,20991200,4196.86,21000200
2025-09-23,4166.316448879166,21000100,4162.25,20991200,4162.25,21000200
2025-09-24,4148.081052372833,21000100,4150.51,20991200,4150.51,21000200
2025-09-25,3865.1928081433334,21000100,3873.1,20991200,3873.1,21000200
2025-09-26,4050.951722736375,21000100,4030.17,20991200,4030.17,21000200
2025-09-27,4032.6239002819584,21000100,4017.01,20991200,4017.01,21000200
2025-09-28,4165.240944202501,21000100,4139.55,20991200,4139.55,21000200
2025-09-29,4217.931515394,21000100,4212.98,20991200,4212.98,21000200
2025-09-30,4142.852067003125,21000100,4142.75,20991200,4142.75,21000200
2025-10-01,4346.184431265209,21000100,4345.85,20991200,4345.85,21000200
2025-10-02,4492.95035548875,21000100,4481.7,20991200,4481.7,21000200
2025-10-03,4531.469654429749,21000100,4511.11,20991200,4511.11,21000200
2025-10-04,4499.924951619375,21000100,4484.79,20991200,4484.79,21000200
2025-10-05,4547.296289519083,21000100,4512.34,20991200,4512.34,21000200
2025-10-06,4722.15772615275,21000100,4682.43,20991200,4682.43,21000200
2025-10-07,4486.327560000001,21000100,4445.76,20991200,4445.76,21000200
2025-10-08,4535.438497142624,21000100,4523.67,20991200,4523.67,21000200
2025-10-09,4377.966043279208,21000100,4365.83,20991200,4365.83,21000200
2025-10-10,3819.9075041326246,21000100,3819.99,20991200,3819.99,21000200
2025-10-11,3741.2685566246246,21000100,3744.99,20991200,3744.99,21000200
2025-10-12,4136.497396887375,21000100,4149.99,20991200,4149.99,21000200
2025-10-13,4249.8438002275,21000100,4239.7,20991200,4239.7,21000200
2025-10-14,4133.894154060625,21000100,4123.05,20991200,4123.05,21000200
2025-10-15,3993.7196277797498,21000100,3983.81,20991200,3983.81,21000200
2025-10-16,3893.066499311,21000100,3892.02,20991200,3892.02,21000200
2025-10-17,3843.907720869541,21000100,3829.99,20991200,3829.99,21000200
2025-10-18,3897.673153553625,21000100,3887.01,20991200,3887.01,21000200
2025-10-19,3994.9423821324167,21000100,3980.59,20991200,3980.59,21000200
2025-10-20,3994.34823881275,21000100,3977.54,20991200,3977.54,21000200
2025-10-21,3884.4165051251252,21000100,3871.11,20991200,3871.11,21000200
2025-10-22,3806.3516610865413,21000100,3803.93,20991200,3803.93,21000200
2025-10-23,3866.8037569696253,21000100,3855.21,20991200,3855.21,21000200
2025-10-24,3949.1971000025,21000100,3933.19,20991200,3933.19,21000200
2025-10-25,3963.359000767708,21000100,3952.25,20991200,3952.25,21000200
2025-10-26,4184.282916690792,21000100,4156.37,20991200,4156.37,21000200
2025-10-27,4153.328918843209,21000100,4118.47,20991200,4118.47,21000200
2025-10-28,3990.0782265515,21000100,3977.56,20991200,3977.56,21000200
2025-10-29,3897.7083047063334,21000100,3900.38,20991200,3900.38,21000200
2025-10-30,3788.88970619,21000100,3802.8,20991200,3802.8,21000200
2025-10-31,3857.7837510607496,21000100,3846.42,20991200,3846.42,21000200
2025-11-01,3900.1475112983335,21000100,3872.14,20991200,3872.14,21000200
2025-11-02,3927.6218476500007,21000100,3904.8,20991200,3904.8,21000200
2025-11-03,3615.115968942917,21000100,3602.15,20991200,3602.15,21000200
2025-11-04,3307.0131812273335,21000100,3285.28,20991200,3285.28,21000200
2025-11-05,3429.48096168525,21000100,3423.06,20991200,3423.06,21000200
2025-11-06,3323.754980823333,21000100,3313.7,20991200,3313.7,21000200
2025-11-07,3455.92091208,21000100,3434.36,20991200,3434.36,21000200
2025-11-08,3423.4664341813755,21000100,3400.07,20991200,3400.07,21000200
2025-11-09,3594.91554591125,21000100,3581.31,20991200,3581.31,21000200
2025-11-10,3588.7165797180837,21000100,3566.38,20991200,3566.38,21000200
2025-11-11,3419.6784703146664,21000100,3416.32,20991200,3416.32,21000200
2025-11-12,3420.4350357185,21000100,3413.46,20991200,3413.46,21000200
2025-11-13,3249.0703603453335,21000100,3230.12,20991200,3230.12,21000200
2025-11-14,3121.754344136667,21000100,3111.2,20991200,3111.2,21000200
2025-11-15,3180.0871991593754,21000100,3166.55,20991200,3166.55,21000200
2025-11-16,3120.193007880625,21000100,3094.05,20991200,3094.05,21000200
2025-11-17,3054.0153513539994,21000100,3030.06,20991200,3030.06,21000200
2025-11-18,3145.9265344600003,21000100,3122.2,20991200,3122.2,21000200
2025-11-19,3042.423079411125,21000100,3024.09,20991200,3024.09,21000200
2025-11-20,2851.688601390125,21000100,2832.97,20991200,2832.97,21000200
2025-11-21,2773.70641437975,21000100,2764.69,20991200,2764.69,21000200
2025-11-22,2780.60816858825,21000100,2769.06,20991200,2769.06,21000200
2025-11-23,2803.713314256583,21000100,2800.73,20991200,2800.73,21000200
2025-11-24,2963.446798876333,21000100,2952.19,20991200,2952.19,21000200
2025-11-25,2965.6183435999997,21000100,2958.24,20991200,2958.24,21000200
2025-11-26,3030.23978544825,21000100,3025.02,20991200,3025.02,21000200
2025-11-27,3018.4760739475,21000100,3013.8,20991200,3013.8,21000200
2025-11-28,3031.2652870250004,21000100,3029.8,20991200,3029.8,21000200
2025-11-29,2990.6247125273335,21000100,2987.96,20991200,2987.96,21000200
2025-11-30,3004.2458424055003,21000100,2990.02,20991200,2990.02,21000200
2025-12-01,2806.4861059365,21000100,2797.47,20991200,2797.47,21000200
2025-12-02,3009.794107573,21000100,2994.63,20991200,2994.63,21000200
2025-12-03,3197.5589129591667,21000100,3187.07,20991200,3187.07,21000200
2025-12-04,3156.715151329542,21000100,3132.01,20991200,3132.01,21000200
2025-12-05,3036.0530035183333,21000100,3020.38,20991200,3020.38,21000200
2025-12-06,3044.0334174565005,21000100,3036.53,20991200,3036.53,21000200
2025-12-07,3062.0374720074997,21000100,3058.14,20991200,3058.14,21000200
2025-12-08,3136.6160628121665,21000100,3123.14,20991200,3123.14,21000200
2025-12-09,3331.9947289370834,21000100,3316.49,20991200,3316.49,21000200
2025-12-10,3343.9041567915415,21000100,3322.79,20991200,3322.79,21000200
2025-12-11,3245.29128018975,21000100,3235.77,20991200,3235.77,21000200
2025-12-12,3085.90314200025,21000100,3083.34,20991200,3083.34,21000200
2025-12-13,3114.9463570743756,21000100,3113.01,20991200,3113.01,21000200
2025-12-14,3081.9484044234164,21000100,3062.02,20991200,3062.02,21000200
2025-12-15,2973.7233601875,21000100,2963.25,20991200,2963.25,21000200
2025-12-16,2960.6328645683334,21000100,2960.84,20991200,2960.84,21000200
2025-12-17,2835.5799784,21000100,2832.0,20991200,2832.0,21000200
2025-12-18,2828.049034232917,21000100,2827.3,20991200,2827.3,21000200
2025-12-19,2998.4991514823328,21000100,2978.33,20991200,2978.33,21000200
2025-12-20,2980.8938966782503,21000100,2976.54,20991200,2976.54,21000200
2025-12-21,3006.4347389644163,21000100,3000.62,20991200,3000.62,21000200
2025-12-22,3006.362433478125,21000100,3008.49,20991200,3008.49,21000200
2025-12-23,2975.22546537975,21000100,2963.29,20991200,2963.29,21000200
2025-12-24,2959.1335912550417,21000100,2946.23,20991200,2946.23,21000200
2025-12-25,2918.373517965,21000100,2902.32,20991200,2902.32,21000200
2025-12-26,2940.130884678,21000100,2926.82,20991200,2926.82,21000200
2025-12-27,2958.0567719815,21000100,2947.61,20991200,2947.61,21000200
2025-12-28,2965.6387080899995,21000100,2949.6,20991200,2949.6,21000200
2025-12-29,2953.89361416875,21000100,2936.45,20991200,2936.45,21000200
2025-12-30,2983.4157582959997,21000100,2972.22,20991200,2972.22,21000200
2025-12-31,2979.3346785366666,21000100,2970.4,20991200,2970.4,21000200
2026-01-01,3019.146901262625,21000100,3002.49,20991200,3002.49,21000200
2026-01-02,3141.129173948792,21000100,3123.89,20991200,3123.89,21000200
2026-01-03,3136.7249086295415,21000100,3125.47,20991200,3125.47,21000200
2026-01-04,3157.7005973198334,21000100,3143.32,20991200,3143.32,21000200
2026-01-05,3237.415079212125,21000100,3223.71,20991200,3223.71,21000200
2026-01-06,3314.66639400575,21000100,3295.46,20991200,3295.46,21000200
2026-01-07,3185.659911912,21000100,3167.52,20991200,3167.52,21000200
2026-01-08,3119.383416605625,21000100,3105.45,20991200,3105.45,21000200
2026-01-09,3102.1600448781255,21000100,3087.15,20991200,3087.15,21000200
2026-01-10,3108.2154163214996,21000100,3085.47,20991200,3085.47,21000200
2026-01-11,3143.150626408333,21000100,3122.0,20991200,3122.0,21000200
2026-01-12,3112.787900805,21000100,3093.84,20991200,3093.84,21000200
2026-01-13,3341.4162383325,21000100,3324.69,20991200,3324.69,21000200
2026-01-14,3382.166287262542,21000100,3353.27,20991200,3353.27,21000200
2026-01-15,3332.878396075,21000100,3317.0,20991200,3317.0,21000200
2026-01-16,3304.399747832875,21000100,3294.77,20991200,3294.77,21000200
2026-01-17,3331.481866279875,21000100,3308.87,20991200,3308.87,21000200
2026-01-18,3290.347686382042,21000100,3282.77,20991200,3282.77,21000200
2026-01-19,3193.352002239875,21000100,3188.01,20991200,3188.01,21000200
2026-01-20,2952.4893866453335,21000100,2938.24,20991200,2938.24,21000200
2026-01-21,2982.6500252295828,21000100,2980.66,20991200,2980.66,21000200
2026-01-22,2957.374229217125,21000100,2951.21,20991200,2951.21,21000200
2026-01-23,2963.6971487211663,21000100,2955.08,20991200,2955.08,21000200
2026-01-24,2957.6014782277502,21000100,2952.09,20991200,2952.09,21000200
2026-01-25,2828.235476874625,21000100,2815.49,20991200,2815.49,21000200
2026-01-26,2923.7658945787502,21000100,2928.9,20991200,2928.9,21000200
2026-01-27,3048.3240707205,21000100,3024.92,20991200,3024.92,21000200
2026-01-28,3030.1914670260003,21000100,3009.36,20991200,3009.36,21000200
2026-01-29,2827.557249941666,21000100,2821.0,20991200,2821.0,21000200
2026-01-30,2705.7497039025834,21000100,2705.66,20991200,2705.66,21000200
2026-01-31,2441.730109596847,21000100,2450.38,20991200,2450.38,21000200
2026-02-01,2259.107189077621,21000100,2269.04,20991200,2269.04,21000200
2026-02-02,2332.227220275835,21000100,2345.55,20991200,2345.55,21000200
2026-02-03,2219.753927015625,21000100,2232.23,20991200,2232.23,21000200
2026-02-04,2142.755386579375,21000100,2147.01,20991200,2147.01,21000200
2026-02-05,1823.3968610945833,21000100,1824.95,20991200,1824.95,21000200
2026-02-06,2046.909502197305,21000100,2062.54,20991200,2062.54,21000200
2026-02-07,2093.1965892048747,21000100,2085.93,20991200,2085.93,21000200
2026-02-08,2084.9287024325,21000100,2088.6,20991200,2088.6,21000200
2026-02-09,2098.051940056,21000100,2103.96,20991200,2103.96,21000200
2026-02-10,2003.909199537072,21000100,2021.51,20991200,2021.51,21000200
2026-02-11,1921.503304223998,21000100,1940.07,20991200,1940.07,21000200
2026-02-12,1944.536364894375,21000100,1947.15,20991200,1947.15,21000200
2026-02-13,2041.8290270966666,21000100,2047.6,20991200,2047.6,21000200
2026-02-14,2084.956164236125,21000100,2085.43,20991200,2085.43,21000200
2026-02-15,1960.858933674875,21000100,1965.47,20991200,1965.47,21000200
2026-02-16,1988.3962627754165,21000100,1997.35,20991200,1997.35,21000200
2026-02-17,1991.532541888,21000100,1990.68,20991200,1990.68,21000200
2026-02-18,1952.672336313,21000100,1954.77,20991200,1954.77,21000200
2026-02-19,1935.448427278125,21000100,1948.15,20991200,1948.15,21000200
2026-02-20,1958.879465581875,21000100,1967.85,20991200,1967.85,21000200
2026-02-21,1981.1017276808332,21000100,1972.54,20991200,1972.54,21000200
2026-02-22,1957.6350200687498,21000100,1957.01,20991200,1957.01,21000200
2026-02-23,1833.902519243125,21000100,1855.47,20991200,1855.47,21000200
2026-02-24,1848.38177820125,21000100,1851.09,20991200,1851.09,21000200
2026-02-25,2061.4140752999997,21000100,2056.5,20991200,2056.5,21000200
2026-02-26,2063.896738488,21000100,2060.64,20991200,2060.64,21000200
