DATETIME,CARRY,CARRY_CONTRACT,PRICE,PRICE_CONTRACT,FORWARD,FORWARD_CONTRACT
2020-10-17,10.952187499999999,21000100,34.7,20991200,34.7,21000200
2020-10-18,9.964281249999997,21000100,31.57,20991200,31.57,21000200
2020-10-19,9.493999999999998,21000100,30.08,20991200,30.08,21000200
2020-10-20,9.405624999999999,21000100,29.8,20991200,29.8,21000200
2020-10-21,8.332499999999998,21000100,26.4,20991200,26.4,21000200
2020-10-22,14.633869705874996,21000100,23.058,20991200,23.058,21000200
2020-10-23,7.499249999999999,21000100,23.76,20991200,23.76,21000200
2020-10-24,7.728393749999999,21000100,24.486,20991200,24.486,21000200
2020-10-25,10.384062499999997,21000100,32.9,20991200,32.9,21000200
2020-10-26,9.042340624999998,21000100,28.649,20991200,28.649,21000200
2020-10-27,11.016259374999997,21000100,34.903,20991200,34.903,21000200
2020-10-28,11.915793123737503,21000100,33.459,20991200,33.459,21000200
2020-10-29,23.089609358199993,21000100,32.452,20991200,32.452,21000200
2020-10-30,22.027382133750002,21000100,29.1,20991200,29.1,21000200
2020-10-31,26.709049231833333,21000100,31.201,20991200,31.201,21000200
2020-11-02,26.017258236704166,21000100,29.557,20991200,29.557,21000200
2020-11-03,25.410835127333332,21000100,28.82,20991200,28.82,21000200
2020-11-04,25.567174456387498,21000100,28.823,20991200,28.823,21000200
2020-11-05,26.80099576965,21000100,29.356,20991200,29.356,21000200
2020-11-06,31.328999909675,21000100,31.677,20991200,31.677,21000200
2020-11-07,27.5189052925125,21000100,29.889,20991200,29.889,21000200
2020-11-08,29.093832822433335,21000100,30.722,20991200,30.722,21000200
2020-11-09,28.92442629201667,21000100,31.187,20991200,31.187,21000200
2020-11-10,27.603886245075,21000100,30.366,20991200,30.366,21000200
2020-11-11,30.1992620329,21000100,30.066,20991200,30.066,21000200
2020-11-12,27.53893106125,21000100,29.463,20991200,29.463,21000200
2020-11-13,27.396596337833333,21000100,29.134,20991200,29.134,21000200
2020-11-14,28.24602063635,21000100,29.266,20991200,29.266,21000200
2020-11-15,26.95952113965,21000100,27.684,20991200,27.684,21000200
2020-11-16,26.315352194299997,21000100,27.406,20991200,27.406,21000200
2020-11-17,27.582138869279166,21000100,29.113,20991200,29.113,21000200
2020-11-18,27.643276037666666,21000100,28.82,20991200,28.82,21000200
2020-11-19,28.1615427184,21000100,28.808,20991200,28.808,21000200
2020-11-20,29.151839019387502,21000100,29.069,20991200,29.069,21000200
2020-11-21,31.288149743275,21000100,29.994,20991200,29.994,21000200
2020-11-22,29.497129266500004,21000100,28.942,20991200,28.942,21000200
2020-11-23,30.740508848675,21000100,29.242,20991200,29.242,21000200
2020-11-24,31.175304398937502,21000100,29.795,20991200,29.795,21000200
2020-11-25,32.472914801437504,21000100,31.005,20991200,31.005,21000200
2020-11-26,30.213671153445837,21000100,29.899,20991200,29.899,21000200
2020-11-27,30.216229875000003,21000100,29.943,20991200,29.943,21000200
2020-11-28,30.241458,21000100,29.968,20991200,29.968,21000200
2020-11-29,30.626937448274997,21000100,30.058,20991200,30.058,21000200
2020-11-30,31.388937828333333,21000100,30.44,20991200,30.44,21000200
2020-12-02,31.985147991983332,21000100,30.628,20991200,30.628,21000200
2020-12-03,32.50796035981667,21000100,30.443,20991200,30.443,21000200
2020-12-04,29.247469875000004,21000100,28.983,20991200,28.983,21000200
2020-12-05,29.323161940570834,21000100,29.857,20991200,29.857,21000200
2020-12-06,29.329522769525,21000100,29.339,20991200,29.339,21000200
2020-12-07,30.783358125,21000100,30.505,20991200,30.505,21000200
2020-12-08,30.966021585416666,21000100,29.9,20991200,29.9,21000200
2020-12-09,30.74803875,21000100,30.47,20991200,30.47,21000200
2020-12-10,30.833814375000003,21000100,30.555,20991200,30.555,21000200
2020-12-11,29.95960926716667,21000100,29.878,20991200,29.878,21000200
2020-12-12,30.197056500000002,21000100,29.924,20991200,29.924,21000200
2020-12-13,29.941410331312497,21000100,29.973,20991200,29.973,21000200
2020-12-14,28.83445493921667,21000100,29.326,20991200,29.326,21000200
2020-12-15,29.392783875,21000100,29.127,20991200,29.127,21000200
2020-12-16,28.686396375,21000100,28.427,20991200,28.427,21000200
2020-12-17,29.356098661700003,21000100,28.481,20991200,28.481,21000200
2020-12-18,28.74997125,21000100,28.49,20991200,28.49,21000200
2020-12-19,28.461361500000002,21000100,28.204,20991200,28.204,21000200
2020-12-20,28.694469375,21000100,28.435,20991200,28.435,21000200
2020-12-21,21.921785359174997,21000100,24.986,20991200,24.986,21000200
2020-12-22,22.830970662675004,21000100,24.611,20991200,24.611,21000200
2020-12-23,19.997882869791667,21000100,22.37,20991200,22.37,21000200
2020-12-24,21.428384262712502,21000100,23.693,20991200,23.693,21000200
2020-12-25,23.9489647369,21000100,24.342,20991200,24.342,21000200
2020-12-26,23.786085375000003,21000100,23.571,20991200,23.571,21000200
2020-12-27,22.30919116335,21000100,22.134,20991200,22.134,21000200
2020-12-28,21.655848488925002,21000100,21.954,20991200,21.954,21000200
2020-12-29,18.775872274999998,21000100,20.4,20991200,20.4,21000200
2020-12-30,18.864800237270835,21000100,21.445,20991200,21.445,21000200
2020-12-31,23.0827018020625,21000100,24.355,20991200,24.355,21000200
2021-01-02,21.98076075,21000100,21.782,20991200,21.782,21000200
2021-01-03,22.2685477155,21000100,21.48,20991200,21.48,21000200
2021-01-04,22.605110428583334,21000100,21.415,20991200,21.415,21000200
2021-01-05,21.978322228608334,21000100,21.629,20991200,21.629,21000200
2021-01-06,23.859457382358332,21000100,21.986,20991200,21.986,21000200
2021-01-07,25.531441063637498,21000100,22.101,20991200,22.101,21000200
2021-01-08,23.1901039930625,21000100,21.657,20991200,21.657,21000200
2021-01-09,24.067736731645834,21000100,22.085,20991200,22.085,21000200
2021-01-10,27.899639957783332,21000100,23.458,20991200,23.458,21000200
2021-01-11,22.545853709600003,21000100,21.684,20991200,21.684,21000200
2021-01-12,21.226135822095834,21000100,21.013,20991200,21.013,21000200
2021-01-13,21.96326065108333,21000100,21.74,20991200,21.74,21000200
2021-01-14,23.4445637535,21000100,21.624,20991200,21.624,21000200
2021-01-15,22.115595455825,21000100,21.561,20991200,21.561,21000200
2021-01-16,23.389028595075,21000100,22.866,20991200,22.866,21000200
2021-01-17,25.056296677270833,21000100,24.409,20991200,24.409,21000200
2021-01-18,26.150565263291664,21000100,23.822,20991200,23.822,21000200
2021-01-19,26.876677788125004,21000100,22.67,20991200,22.67,21000200
2021-01-20,24.556985778999998,21000100,22.38,20991200,22.38,21000200
2021-01-21,22.600355966620832,21000100,21.317,20991200,21.317,21000200
2021-01-22,22.506514875,21000100,22.303,20991200,22.303,21000200
2021-01-23,23.57961736575,21000100,22.74,20991200,22.74,21000200
2021-01-24,23.2033994090625,21000100,22.725,20991200,22.725,21000200
2021-01-25,22.794143187291667,21000100,22.415,20991200,22.415,21000200
2021-01-26,22.426794,21000100,22.224,20991200,22.224,21000200
2021-01-27,21.6464358825,21000100,21.45,20991200,21.45,21000200
2021-01-28,23.0966526647625,21000100,21.933,20991200,21.933,21000200
2021-01-29,24.907549904875005,21000100,22.341,20991200,22.341,21000200
2021-01-30,23.654895254249997,21000100,22.098,20991200,22.098,21000200
2021-01-31,24.961140725675,21000100,22.289,20991200,22.289,21000200
2021-02-02,23.805531796458332,21000100,22.525,20991200,22.525,21000200
2021-02-03,26.951332220308334,21000100,23.117,20991200,23.117,21000200
2021-02-04,25.974610622833335,21000100,22.93,20991200,22.93,21000200
2021-02-05,28.337432404833333,21000100,24.545,20991200,24.545,21000200
2021-02-06,27.234433446,21000100,24.288,20991200,24.288,21000200
2021-02-07,26.35975395070417,21000100,24.079,20991200,24.079,21000200
2021-02-08,32.181886415525,21000100,27.753,20991200,27.753,21000200
2021-02-09,54.2705513588375,21000100,44.293,20991200,44.293,21000200
2021-02-10,49.59670597875,21000100,39.9,20991200,39.9,21000200
2021-02-11,48.275308524083336,21000100,40.42,20991200,40.42,21000200
2021-02-12,53.539658996675,21000100,42.711,20991200,42.711,21000200
2021-02-13,53.2745504648615,21000100,41.702,20991200,41.702,21000200
2021-02-14,60.73393268935,21000100,47.202,20991200,47.202,21000200
2021-02-15,47.61744000961667,21000100,42.962,20991200,42.962,21000200
2021-02-16,47.1135691584375,21000100,41.955,20991200,41.955,21000200
2021-02-17,47.57116061535,21000100,43.266,20991200,43.266,21000200
2021-02-18,52.14026998354167,21000100,43.475,20991200,43.475,21000200
2021-02-19,53.44493343933333,21000100,43.274,20991200,43.274,21000200
2021-02-20,56.52001087855417,21000100,43.067,20991200,43.067,21000200
2021-02-21,47.07687811837501,21000100,44.695,20991200,44.695,21000200
2021-02-22,35.735363007525,21000100,39.318,20991200,39.318,21000200
2021-02-23,35.41145581894583,21000100,35.479,20991200,35.479,21000200
2021-02-24,36.8976465,21000100,36.564,20991200,36.564,21000200
2021-02-25,33.473545084,21000100,34.89,20991200,34.89,21000200
2021-02-26,33.8182126174375,21000100,35.133,20991200,35.133,21000200
2021-02-27,38.260974375,21000100,37.915,20991200,37.915,21000200
2021-02-28,36.26997075,21000100,35.942,20991200,35.942,21000200
2021-03-02,38.577839625,21000100,38.229,20991200,38.229,21000200
2021-03-03,43.62158785738334,21000100,42.143,20991200,42.143,21000200
2021-03-04,41.942982858583335,21000100,40.795,20991200,40.795,21000200
2021-03-05,40.8372705,21000100,40.468,20991200,40.468,21000200
2021-03-06,40.789841625,21000100,40.421,20991200,40.421,21000200
2021-03-07,41.83731337500001,21000100,41.459,20991200,41.459,21000200
2021-03-08,43.154814651433334,21000100,41.587,20991200,41.587,21000200
2021-03-09,45.811228821166665,21000100,42.014,20991200,42.014,21000200
2021-03-10,45.468319554000004,21000100,42.49,20991200,42.49,21000200
2021-03-11,43.651447317775,21000100,42.306,20991200,42.306,21000200
2021-03-12,46.17616978833333,21000100,44.09,20991200,44.09,21000200
2021-03-13,52.38471081639167,21000100,49.531,20991200,49.531,21000200
2021-03-14,60.84152653910833,21000100,53.878,20991200,53.878,21000200
2021-03-15,56.90601389825,21000100,53.38,20991200,53.38,21000200
2021-03-16,65.30945644069166,21000100,63.634,20991200,63.634,21000200
2021-03-17,92.7092565540875,21000100,88.563,20991200,88.563,21000200
2021-03-18,80.992936828,21000100,79.68,20991200,79.68,21000200
2021-03-19,83.83911412500001,21000100,83.081,20991200,83.081,21000200
2021-03-20,84.81865585169999,21000100,82.116,20991200,82.116,21000200
2021-03-21,81.57713456365,21000100,80.684,20991200,80.684,21000200
2021-03-22,77.08695890677501,21000100,76.387,20991200,76.387,21000200
2021-03-23,81.63319307852083,21000100,82.585,20991200,82.585,21000200
2021-03-24,86.640445125,21000100,85.857,20991200,85.857,21000200
2021-03-25,91.734508125,21000100,90.905,20991200,90.905,21000200
2021-03-26,124.81474296400417,21000100,124.631,20991200,124.631,21000200
2021-03-27,133.60310437500002,21000100,132.395,20991200,132.395,21000200
2021-03-28,126.0899367965125,21000100,125.187,20991200,125.187,21000200
2021-03-29,129.686824102725,21000100,127.521,20991200,127.521,21000200
2021-03-30,162.67100074069168,21000100,149.858,20991200,149.858,21000200
2021-03-31,199.7392979717625,21000100,190.997,20991200,190.997,21000200
2021-04-02,184.6238430945667,21000100,172.388,20991200,172.388,21000200
2021-04-03,205.698929087925,21000100,178.227,20991200,178.227,21000200
2021-04-04,187.0197231,21000100,183.0,20991200,183.0,21000200
2021-04-05,191.07459780466667,21000100,176.608,20991200,176.608,21000200
2021-04-06,188.4594927681417,21000100,165.806,20991200,165.806,21000200
2021-04-07,166.7356753195833,21000100,156.295,20991200,156.295,21000200
2021-04-08,158.26832740633333,21000100,154.216,20991200,154.216,21000200
2021-04-09,176.13754620439164,21000100,172.343,20991200,172.343,21000200
2021-04-10,188.38855146516664,21000100,174.815,20991200,174.815,21000200
2021-04-11,193.40615146747083,21000100,179.507,20991200,179.507,21000200
2021-04-12,190.431516373475,21000100,167.978,20991200,167.978,21000200
2021-04-13,176.78556782952913,21000100,164.503,20991200,164.503,21000200
2021-04-14,198.83917105574997,21000100,168.54,20991200,168.54,21000200
2021-04-15,190.0411721868,21000100,171.012,20991200,171.012,21000200
2021-04-16,216.84863627461664,21000100,182.932,20991200,182.932,21000200
2021-04-17,207.9640288095,21000100,181.032,20991200,181.032,21000200
2021-04-18,148.9767562387,21000100,156.234,20991200,156.234,21000200
2021-04-19,156.116683125,21000100,154.705,20991200,154.705,21000200
2021-04-20,149.48621756739584,21000100,153.935,20991200,153.935,21000200
2021-04-21,148.99226062500003,21000100,147.645,20991200,147.645,21000200
2021-04-22,147.25757475,21000100,145.926,20991200,145.926,21000200
2021-04-23,139.906099125,21000100,138.641,20991200,138.641,21000200
2021-04-24,135.22887108433332,21000100,133.613,20991200,133.613,21000200
2021-04-25,136.21046446088334,21000100,134.126,20991200,134.126,21000200
2021-04-26,157.45166771431667,21000100,154.274,20991200,154.274,21000200
2021-04-27,156.813302228975,21000100,152.637,20991200,152.637,21000200
2021-04-28,156.14879943455003,21000100,151.098,20991200,151.098,21000200
2021-04-29,157.7776301686875,21000100,149.895,20991200,149.895,21000200
2021-04-30,173.36594277207914,21000100,164.071,20991200,164.071,21000200
2021-05-02,170.82174700249166,21000100,162.566,20991200,162.566,21000200
2021-05-03,173.66443938515002,21000100,160.412,20991200,160.412,21000200
2021-05-04,146.83442142529168,21000100,140.83,20991200,140.83,21000200
2021-05-05,156.41727153375,21000100,152.697,20991200,152.697,21000200
2021-05-06,170.4776249144333,21000100,153.821,20991200,153.821,21000200
2021-05-07,162.03663062756667,21000100,150.554,20991200,150.554,21000200
2021-05-08,161.294412946025,21000100,148.299,20991200,148.299,21000200
2021-05-09,156.80820795334998,21000100,146.778,20991200,146.778,21000200
2021-05-10,147.46394676160418,21000100,135.731,20991200,135.731,21000200
2021-05-11,145.4863477015625,21000100,143.023,20991200,143.023,21000200
2021-05-12,131.80079063909997,21000100,127.074,20991200,127.074,21000200
2021-05-13,119.19624650696251,21000100,117.847,20991200,117.847,21000200
2021-05-14,121.812487875,21000100,120.711,20991200,120.711,21000200
2021-05-15,111.547668375,21000100,110.539,20991200,110.539,21000200
2021-05-16,109.93942689400001,21000100,107.844,20991200,107.844,21000200
2021-05-17,100.42004700000001,21000100,99.512,20991200,99.512,21000200
2021-05-18,101.484659060175,21000100,100.218,20991200,100.218,21000200
2021-05-19,54.907953697919005,21000100,65.246,20991200,65.246,21000200
2021-05-20,88.77780898315416,21000100,88.681,20991200,88.681,21000200
2021-05-21,77.541165,21000100,76.84,20991200,76.84,21000200
2021-05-22,72.69391846932082,21000100,72.187,20991200,72.187,21000200
2021-05-23,65.38423612500002,21000100,64.793,20991200,64.793,21000200
2021-05-24,75.0092987995625,21000100,74.733,20991200,74.733,21000200
2021-05-25,72.85579762500001,21000100,72.197,20991200,72.197,21000200
2021-05-26,75.18586725,21000100,74.506,20991200,74.506,21000200
2021-05-27,72.05354325,21000100,71.402,20991200,71.402,21000200
2021-05-28,67.3409295,21000100,66.732,20991200,66.732,21000200
2021-05-29,68.8586535,21000100,68.236,20991200,68.236,21000200
2021-05-30,68.968648125,21000100,68.345,20991200,68.345,21000200
2021-05-31,73.1938545,21000100,72.532,20991200,72.532,21000200
2021-06-02,70.73764425,21000100,70.098,20991200,70.098,21000200
2021-06-03,90.27531337500001,21000100,89.459,20991200,89.459,21000200
2021-06-04,88.803,21000100,88.0,20991200,88.0,21000200
2021-06-05,88.94125012500001,21000100,88.137,20991200,88.137,21000200
2021-06-06,87.801948,21000100,87.008,20991200,87.008,21000200
2021-06-07,82.757332125,21000100,82.009,20991200,82.009,21000200
2021-06-08,76.57004822737501,21000100,76.015,20991200,76.015,21000200
2021-06-09,78.500842875,21000100,77.791,20991200,77.791,21000200
2021-06-10,73.998127125,21000100,73.329,20991200,73.329,21000200
2021-06-11,71.40164850000001,21000100,70.756,20991200,70.756,21000200
2021-06-12,70.138685745925,21000100,69.662,20991200,69.662,21000200
2021-06-13,73.75190062499999,21000100,73.085,20991200,73.085,21000200
2021-06-14,75.54915225,21000100,74.866,20991200,74.866,21000200
2021-06-15,73.22412825,21000100,72.562,20991200,72.562,21000200
2021-06-16,70.33702162499999,21000100,69.701,20991200,69.701,21000200
2021-06-17,69.55293150000001,21000100,68.924,20991200,68.924,21000200
2021-06-18,66.26520225,21000100,65.666,20991200,65.666,21000200
2021-06-19,64.839347421625,21000100,64.659,20991200,64.659,21000200
2021-06-20,62.71669915662084,21000100,63.133,20991200,63.133,21000200
2021-06-21,45.094871635275,21000100,46.074,20991200,46.074,21000200
2021-06-22,47.4205022096,21000100,49.344,20991200,49.344,21000200
2021-06-23,55.79714142853334,21000100,58.672,20991200,58.672,21000200
2021-06-24,57.31187426664583,21000100,57.089,20991200,57.089,21000200
2021-06-25,52.45835400000001,21000100,51.984,20991200,51.984,21000200
2021-06-26,53.23086645416667,21000100,53.0,20991200,53.0,21000200
2021-06-27,56.650025211,21000100,56.184,20991200,56.184,21000200
2021-06-28,56.958042375,21000100,56.443,20991200,56.443,21000200
2021-06-29,65.20057537500001,21000100,64.611,20991200,64.611,21000200
2021-06-30,60.9632595,21000100,60.412,20991200,60.412,21000200
2021-07-02,57.65938425,21000100,57.138,20991200,57.138,21000200
2021-07-03,59.434435125,21000100,58.897,20991200,58.897,21000200
2021-07-04,59.2356375,21000100,58.7,20991200,58.7,21000200
2021-07-05,56.351336168450004,21000100,56.039,20991200,56.039,21000200
2021-07-06,57.30506851614167,21000100,56.981,20991200,56.981,21000200
2021-07-07,56.94492375,21000100,56.43,20991200,56.43,21000200
2021-07-08,54.304043625000006,21000100,53.813,20991200,53.813,21000200
2021-07-09,54.9412181801875,21000100,55.249,20991200,55.249,21000200
2021-07-10,54.712739250000006,21000100,54.218,20991200,54.218,21000200
2021-07-11,55.619942625,21000100,55.117,20991200,55.117,21000200
2021-07-12,52.93264275000001,21000100,52.454,20991200,52.454,21000200
2021-07-13,51.34238844800001,21000100,50.944,20991200,50.944,21000200
2021-07-14,49.66461139333333,21000100,49.648,20991200,49.648,21000200
2021-07-15,47.583778240600004,21000100,47.292,20991200,47.292,21000200
2021-07-16,46.0355494545,21000100,45.772,20991200,45.772,21000200
2021-07-17,45.243169537291664,21000100,45.586,20991200,45.586,21000200
2021-07-18,46.893617991824996,21000100,46.794,20991200,46.794,21000200
2021-07-19,44.7854181642,21000100,44.688,20991200,44.688,21000200
2021-07-20,40.045003961999996,21000100,41.169,20991200,41.169,21000200
2021-07-21,45.162081519225,21000100,46.233,20991200,46.233,21000200
2021-07-22,45.959589,21000100,45.544,20991200,45.544,21000200
2021-07-23,47.78610525,21000100,47.354,20991200,47.354,21000200
2021-07-24,50.004162,21000100,49.552,20991200,49.552,21000200
2021-07-25,49.436024625,21000100,48.989,20991200,48.989,21000200
2021-07-26,49.453179750000004,21000100,49.006,20991200,49.006,21000200
2021-07-27,49.964806125,21000100,49.513,20991200,49.513,21000200
2021-07-28,49.999116375,21000100,49.547,20991200,49.547,21000200
2021-07-29,49.826556000000004,21000100,49.376,20991200,49.376,21000200
2021-07-30,51.779212875000006,21000100,51.311,20991200,51.311,21000200
2021-07-31,52.505782875,21000100,52.031,20991200,52.031,21000200
2021-08-02,54.953920125,21000100,54.457,20991200,54.457,21000200
2021-08-03,54.80154225,21000100,54.306,20991200,54.306,21000200
2021-08-04,57.010516875,21000100,56.495,20991200,56.495,21000200
2021-08-05,58.411182375,21000100,57.883,20991200,57.883,21000200
2021-08-06,64.835272125,21000100,64.249,20991200,64.249,21000200
2021-08-07,70.13374725745832,21000100,69.295,20991200,69.295,21000200
2021-08-08,65.34600803775,21000100,64.515,20991200,64.515,21000200
2021-08-09,68.19464925000001,21000100,67.578,20991200,67.578,21000200
2021-08-10,67.5173467228,21000100,66.768,20991200,66.768,21000200
2021-08-11,75.08875149233333,21000100,71.819,20991200,71.819,21000200
2021-08-12,69.46683683512501,21000100,68.37,20991200,68.37,21000200
2021-08-13,75.49009654534167,21000100,74.521,20991200,74.521,21000200
2021-08-14,73.646391619125,21000100,72.482,20991200,72.482,21000200
2021-08-15,74.467673303625,21000100,73.17,20991200,73.17,21000200
2021-08-16,77.560563071025,21000100,73.302,20991200,73.302,21000200
2021-08-17,70.34752684716666,21000100,69.455,20991200,69.455,21000200
2021-08-18,68.112910125,21000100,67.497,20991200,67.497,21000200
2021-08-19,71.176613625,21000100,70.533,20991200,70.533,21000200
2021-08-20,74.953124261925,21000100,73.151,20991200,73.151,21000200
2021-08-21,82.2552719553554,21000100,78.542,20991200,78.542,21000200
2021-08-22,81.07860940050831,21000100,77.237,20991200,77.237,21000200
2021-08-23,83.07870286916666,21000100,79.852,20991200,79.852,21000200
2021-08-24,78.46630393884918,21000100,74.393,20991200,74.393,21000200
2021-08-25,77.57086198850416,21000100,76.603,20991200,76.603,21000200
2021-08-26,73.14267713392499,21000100,72.282,20991200,72.282,21000200
2021-08-27,75.927574125,21000100,75.241,20991200,75.241,21000200
2021-08-28,75.031909921375,21000100,74.019,20991200,74.019,21000200
2021-08-29,74.8910789918875,21000100,73.673,20991200,73.673,21000200
2021-08-30,72.44989336202084,21000100,71.245,20991200,71.245,21000200
2021-08-31,77.90597273246667,21000100,76.048,20991200,76.048,21000200
2021-09-02,82.0426413736934,21000100,77.462,20991200,77.462,21000200
2021-09-03,82.416500748375,21000100,77.757,20991200,77.757,21000200
2021-09-04,101.52951620348249,21000100,95.243,20991200,95.243,21000200
2021-09-05,121.73437669143587,21000100,113.787,20991200,113.787,21000200
2021-09-06,114.13291549595833,21000100,106.337,20991200,106.337,21000200
2021-09-07,86.42423194093334,21000100,84.524,20991200,84.524,21000200
2021-09-08,89.250042375,21000100,88.443,20991200,88.443,21000200
2021-09-09,89.530579125,21000100,88.721,20991200,88.721,21000200
2021-09-10,83.18116462500001,21000100,82.429,20991200,82.429,21000200
2021-09-11,82.44753075,21000100,81.702,20991200,81.702,21000200
2021-09-12,84.4476165,21000100,83.684,20991200,83.684,21000200
2021-09-13,78.663312,21000100,77.952,20991200,77.952,21000200
2021-09-14,81.562528125,21000100,80.825,20991200,80.825,21000200
2021-09-15,87.036022125,21000100,86.249,20991200,86.249,21000200
2021-09-16,85.584433759,21000100,84.738,20991200,84.738,21000200
2021-09-17,86.664664125,21000100,85.881,20991200,85.881,21000200
2021-09-18,85.42080911688335,21000100,84.322,20991200,84.322,21000200
2021-09-19,84.32450325,21000100,83.562,20991200,83.562,21000200
2021-09-20,75.1071555,21000100,74.428,20991200,74.428,21000200
2021-09-21,70.13216925,21000100,69.498,20991200,69.498,21000200
2021-09-22,75.16164825,21000100,74.482,20991200,74.482,21000200
2021-09-23,75.31099875,21000100,74.63,20991200,74.63,21000200
2021-09-24,63.876603375,21000100,63.299,20991200,63.299,21000200
2021-09-25,60.924912750000004,21000100,60.374,20991200,60.374,21000200
2021-09-26,56.05957065825001,21000100,55.74,20991200,55.74,21000200
2021-09-27,59.4504251047,21000100,58.954,20991200,58.954,21000200
2021-09-28,55.76626575,21000100,55.262,20991200,55.262,21000200
2021-09-29,57.22973145819999,21000100,56.976,20991200,56.976,21000200
2021-09-30,60.3995141045,21000100,60.015,20991200,60.015,21000200
2021-10-02,70.31482087500001,21000100,69.679,20991200,69.679,21000200
2021-10-03,69.751729125,21000100,69.121,20991200,69.121,21000200
2021-10-04,70.44499800000001,21000100,69.808,20991200,69.808,21000200
2021-10-05,71.8689179899625,21000100,70.937,20991200,70.937,21000200
2021-10-06,72.455175,21000100,71.8,20991200,71.8,21000200
2021-10-07,73.4427604702,21000100,71.544,20991200,71.544,21000200
2021-10-08,82.78716458935,21000100,79.638,20991200,79.638,21000200
2021-10-09,79.21926184472916,21000100,77.065,20991200,77.065,21000200
2021-10-10,71.326216128375,21000100,69.849,20991200,69.849,21000200
2021-10-11,74.222152875,21000100,73.551,20991200,73.551,21000200
2021-10-12,70.45508925,21000100,69.818,20991200,69.818,21000200
2021-10-13,68.930301375,21000100,68.307,20991200,68.307,21000200
2021-10-14,71.09285625000001,21000100,70.45,20991200,70.45,21000200
2021-10-15,69.35531112155,21000100,67.377,20991200,67.377,21000200
2021-10-16,69.2988968937,21000100,66.634,20991200,66.634,21000200
2021-10-17,67.4182572138625,21000100,63.951,20991200,63.951,21000200
2021-10-18,65.56500593312501,21000100,63.526,20991200,63.526,21000200
2021-10-19,64.10988792585,21000100,62.998,20991200,62.998,21000200
2021-10-20,69.8087522034,21000100,67.152,20991200,67.152,21000200
2021-10-21,67.1752687374,21000100,63.702,20991200,63.702,21000200
2021-10-22,68.88871550356667,21000100,66.056,20991200,66.056,21000200
2021-10-23,67.564792292175,21000100,64.881,20991200,64.881,21000200
2021-10-24,65.60365015346667,21000100,62.648,20991200,62.648,21000200
2021-10-25,67.1560624241875,21000100,64.005,20991200,64.005,21000200
2021-10-26,67.51471318424167,21000100,62.882,20991200,62.882,21000200
2021-10-27,58.144121730650006,21000100,55.466,20991200,55.466,21000200
2021-10-28,58.719974625000006,21000100,58.189,20991200,58.189,21000200
2021-10-29,61.009046322850004,21000100,60.276,20991200,60.276,21000200
2021-10-30,63.5901883027375,21000100,61.561,20991200,61.561,21000200
2021-10-31,66.3265625532,21000100,64.488,20991200,64.488,21000200
2021-11-02,67.13661397899168,21000100,64.723,20991200,64.723,21000200
2021-11-03,66.18515457125,21000100,64.1,20991200,64.1,21000200
2021-11-04,65.66547235688334,21000100,62.518,20991200,62.518,21000200
2021-11-05,66.2592177738,21000100,63.578,20991200,63.578,21000200
2021-11-06,63.98004671625,21000100,61.926,20991200,61.926,21000200
2021-11-07,64.55547824527083,21000100,62.615,20991200,62.615,21000200
2021-11-08,67.44563744496668,21000100,64.351,20991200,64.351,21000200
2021-11-09,70.143002464125,21000100,66.786,20991200,66.786,21000200
2021-11-10,66.85864178,21000100,63.55,20991200,63.55,21000200
2021-11-11,63.513116954249995,21000100,62.805,20991200,62.805,21000200
2021-11-12,63.81717039075,21000100,62.94,20991200,62.94,21000200
2021-11-13,63.807447556125,21000100,62.937,20991200,62.937,21000200
2021-11-14,63.33736647165,21000100,62.604,20991200,62.604,21000200
2021-11-15,62.808072395475,21000100,61.011,20991200,61.011,21000200
2021-11-16,56.9431095558,21000100,56.172,20991200,56.172,21000200
2021-11-17,56.659341375000004,21000100,56.147,20991200,56.147,21000200
2021-11-18,52.186899375,21000100,51.715,20991200,51.715,21000200
2021-11-19,54.235423125,21000100,53.745,20991200,53.745,21000200
2021-11-20,54.90649125,21000100,54.41,20991200,54.41,21000200
2021-11-21,53.6571945,21000100,53.172,20991200,53.172,21000200
2021-11-22,52.264602000000004,21000100,51.792,20991200,51.792,21000200
2021-11-23,52.2202005,21000100,51.748,20991200,51.748,21000200
2021-11-24,51.2287337201,21000100,50.646,20991200,50.646,21000200
2021-11-25,56.61811605776249,21000100,55.449,20991200,55.449,21000200
2021-11-26,53.78404438,21000100,52.8,20991200,52.8,21000200
2021-11-27,58.285041750000005,21000100,57.758,20991200,57.758,21000200
2021-11-28,56.965106250000005,21000100,56.45,20991200,56.45,21000200
2021-11-29,55.161799875,21000100,54.663,20991200,54.663,21000200
2021-11-30,54.241477875,21000100,53.751,20991200,53.751,21000200
2021-12-02,54.234414,21000100,53.744,20991200,53.744,21000200
2021-12-03,50.15653987500001,21000100,49.703,20991200,49.703,21000200
2021-12-04,40.793402709333336,21000100,40.96,20991200,40.96,21000200
2021-12-05,39.414404250000004,21000100,39.058,20991200,39.058,21000200
2021-12-06,39.057174,21000100,38.704,20991200,38.704,21000200
2021-12-07,39.494125125000004,21000100,39.137,20991200,39.137,21000200
2021-12-08,41.750528625,21000100,41.373,20991200,41.373,21000200
2021-12-09,37.81595025,21000100,37.474,20991200,37.474,21000200
2021-12-10,40.1752845,21000100,39.812,20991200,39.812,21000200
2021-12-11,40.77066825,21000100,40.402,20991200,40.402,21000200
2021-12-12,39.92132854723334,21000100,39.656,20991200,39.656,21000200
2021-12-13,36.176122125,21000100,35.849,20991200,35.849,21000200
2021-12-14,36.92042577927084,21000100,36.715,20991200,36.715,21000200
2021-12-15,38.531419875000005,21000100,38.183,20991200,38.183,21000200
2021-12-16,37.528349625000004,21000100,37.189,20991200,37.189,21000200
2021-12-17,35.939986875,21000100,35.615,20991200,35.615,21000200
2021-12-18,36.66151125,21000100,36.33,20991200,36.33,21000200
2021-12-19,36.095392125000004,21000100,35.769,20991200,35.769,21000200
2021-12-20,35.152869375,21000100,34.835,20991200,34.835,21000200
2021-12-21,35.627158125,21000100,35.305,20991200,35.305,21000200
2021-12-22,35.9531055,21000100,35.628,20991200,35.628,21000200
2021-12-23,37.684764,21000100,37.344,20991200,37.344,21000200
2021-12-24,36.785633625,21000100,36.453,20991200,36.453,21000200
2021-12-25,37.337625,21000100,37.0,20991200,37.0,21000200
2021-12-26,37.635316875,21000100,37.295,20991200,37.295,21000200
2021-12-27,39.581919,21000100,39.224,20991200,39.224,21000200
2021-12-28,36.55656225,21000100,36.226,20991200,36.226,21000200
2021-12-29,34.493910750000005,21000100,34.182,20991200,34.182,21000200
2021-12-30,35.267909625,21000100,34.949,20991200,34.949,21000200
2021-12-31,34.547394375,21000100,34.235,20991200,34.235,21000200
2022-01-01,36.20942325,21000100,35.882,20991200,35.882,21000200
2022-01-02,36.059063625,21000100,35.733,20991200,35.733,21000200
2022-01-03,35.409187125,21000100,35.089,20991200,35.089,21000200
2022-01-04,36.503078625,21000100,36.173,20991200,36.173,21000200
2022-01-05,33.427265625000004,21000100,33.125,20991200,33.125,21000200
2022-01-06,33.224624858775,21000100,32.963,20991200,32.963,21000200
2022-01-07,31.801765588216664,21000100,31.532,20991200,31.532,21000200
2022-01-08,29.702585250000002,21000100,29.434,20991200,29.434,21000200
2022-01-09,30.478055750908336,21000100,30.206,20991200,30.206,21000200
2022-01-10,28.346626429245838,21000100,28.103,20991200,28.103,21000200
2022-01-11,29.051632118858333,21000100,28.862,20991200,28.862,21000200
2022-01-12,30.877286678125,21000100,30.75,20991200,30.75,21000200
2022-01-13,28.747953000000003,21000100,28.488,20991200,28.488,21000200
2022-01-14,29.95688475,21000100,29.686,20991200,29.686,21000200
2022-01-15,29.916519750000003,21000100,29.646,20991200,29.646,21000200
2022-01-16,30.653181000000004,21000100,30.376,20991200,30.376,21000200
2022-01-17,29.2282965,21000100,28.964,20991200,28.964,21000200
2022-01-18,28.72171575,21000100,28.462,20991200,28.462,21000200
2022-01-19,27.854877375000004,21000100,27.603,20991200,27.603,21000200
2022-01-20,26.415865125,21000100,26.177,20991200,26.177,21000200
2022-01-21,22.1111984008625,21000100,21.947,20991200,21.947,21000200
2022-01-22,18.9713838254,21000100,18.987,20991200,18.987,21000200
2022-01-23,19.26588803975,21000100,19.47,20991200,19.47,21000200
2022-01-24,18.038404570604165,21000100,18.395,20991200,18.395,21000200
2022-01-25,18.0981442908,21000100,18.144,20991200,18.144,21000200
2022-01-26,19.339659167208335,21000100,19.262,20991200,19.262,21000200
2022-01-27,19.1468841994875,21000100,19.177,20991200,19.177,21000200
2022-01-28,19.421663917333333,21000100,19.601,20991200,19.601,21000200
2022-01-29,20.440092808625,21000100,20.265,20991200,20.265,21000200
2022-01-30,19.970572359291666,21000100,19.799,20991200,19.799,21000200
2022-01-31,20.9545598849625,21000100,21.279,20991200,21.279,21000200
2022-02-01,21.0402129369375,21000100,20.871,20991200,20.871,21000200
2022-02-02,20.226096988175,21000100,20.154,20991200,20.154,21000200
2022-02-03,20.458563990675,21000100,20.346,20991200,20.346,21000200
2022-02-04,21.646051658687497,21000100,21.615,20991200,21.615,21000200
2022-02-05,22.047881121062495,21000100,21.967,20991200,21.967,21000200
2022-02-06,22.643755875,21000100,22.439,20991200,22.439,21000200
2022-02-07,24.6592186852,21000100,24.496,20991200,24.496,21000200
2022-02-08,24.724278294266668,21000100,24.604,20991200,24.604,21000200
2022-02-09,24.498527625,21000100,24.277,20991200,24.277,21000200
2022-02-10,23.1172899933,21000100,23.124,20991200,23.124,21000200
2022-02-11,21.135307324979166,21000100,21.077,20991200,21.077,21000200
2022-02-12,20.6367249895625,21000100,20.865,20991200,20.865,21000200
2022-02-13,20.260946883613407,21000100,20.546,20991200,20.546,21000200
2022-02-14,20.5734802534375,21000100,20.695,20991200,20.695,21000200
2022-02-15,22.088873099999997,21000100,22.336,20991200,22.336,21000200
2022-02-16,23.205317613225,21000100,23.067,20991200,23.067,21000200
2022-02-17,20.700181125000004,21000100,20.513,20991200,20.513,21000200
2022-02-18,20.696474183958333,21000100,21.005,20991200,21.005,21000200
2022-02-19,20.795941726391668,21000100,20.794,20991200,20.794,21000200
2022-02-20,19.705175020966667,21000100,19.784,20991200,19.784,21000200
2022-02-21,18.522709679312502,21000100,18.609,20991200,18.609,21000200
2022-02-22,18.988667527833332,21000100,19.16,20991200,19.16,21000200
2022-02-23,18.227728571179167,21000100,18.431,20991200,18.431,21000200
2022-02-24,18.0275649146879,21000100,18.407,20991200,18.407,21000200
2022-02-25,18.681316629733335,21000100,18.902,20991200,18.902,21000200
2022-03-02,20.8919591119,21000100,20.739,20991200,20.739,21000200
2022-03-03,20.29754025,21000100,20.114,20991200,20.114,21000200
2022-03-04,18.972559125,21000100,18.801,20991200,18.801,21000200
2022-03-05,18.985829549125,21000100,19.07,20991200,19.07,21000200
2022-03-06,18.424700467199997,21000100,18.432,20991200,18.432,21000200
2022-03-07,17.715498969375,21000100,17.802,20991200,17.802,21000200
2022-03-08,17.904031238833333,21000100,18.02,20991200,18.02,21000200
2022-03-09,18.9390677159125,21000100,18.813,20991200,18.813,21000200
2022-03-10,17.695052300520835,21000100,17.875,20991200,17.875,21000200
2022-03-11,17.3002820463,21000100,17.358,20991200,17.358,21000200
2022-03-12,17.668866460375,21000100,17.706,20991200,17.706,21000200
2022-03-13,17.1996763752,21000100,17.226,20991200,17.226,21000200
2022-03-14,17.512873168724997,21000100,17.442,20991200,17.442,21000200
2022-03-15,16.72015567172917,21000100,16.795,20991200,16.795,21000200
2022-03-16,17.388745048500002,21000100,17.416,20991200,17.416,21000200
2022-03-17,17.523375891866667,21000100,17.428,20991200,17.428,21000200
2022-03-18,17.751454270666667,21000100,17.599,20991200,17.599,21000200
2022-03-19,18.373138875000002,21000100,18.207,20991200,18.207,21000200
2022-03-20,17.792892000000002,21000100,17.632,20991200,17.632,21000200
2022-03-21,17.987653125,21000100,17.825,20991200,17.825,21000200
2022-03-22,18.45689625,21000100,18.29,20991200,18.29,21000200
2022-03-23,19.512441,21000100,19.336,20991200,19.336,21000200
2022-03-24,19.77683175,21000100,19.598,20991200,19.598,21000200
2022-03-25,19.009896750000003,21000100,18.838,20991200,18.838,21000200
2022-03-26,19.5891345,21000100,19.412,20991200,19.412,21000200
2022-03-27,23.913235125,21000100,23.697,20991200,23.697,21000200
2022-03-28,25.560127125,21000100,25.329,20991200,25.329,21000200
2022-03-29,26.601544125,21000100,26.361,20991200,26.361,21000200
2022-03-30,26.161565625,21000100,25.925,20991200,25.925,21000200
2022-03-31,24.6912705,21000100,24.468,20991200,24.468,21000200
2022-04-03,25.678194750000003,21000100,25.446,20991200,25.446,21000200
2022-04-04,25.500588750000002,21000100,25.27,20991200,25.27,21000200
2022-04-05,25.101984375,21000100,24.875,20991200,24.875,21000200
2022-04-06,21.929295375000002,21000100,21.731,20991200,21.731,21000200
2022-04-07,22.4494334990625,21000100,22.455,20991200,22.455,21000200
2022-04-08,21.435555124587502,21000100,21.281,20991200,21.281,21000200
2022-04-09,21.83632500583333,21000100,21.7,20991200,21.7,21000200
2022-04-10,21.201716250000004,21000100,21.01,20991200,21.01,21000200
2022-04-11,18.401328243762503,21000100,18.309,20991200,18.309,21000200
2022-04-12,19.4640357867625,21000100,19.443,20991200,19.443,21000200
2022-04-13,19.5701797109875,21000100,19.401,20991200,19.401,21000200
2022-04-14,18.849445875,21000100,18.679,20991200,18.679,21000200
2022-04-15,19.216767375,21000100,19.043,20991200,19.043,21000200
2022-04-16,21.857647500000002,21000100,21.66,20991200,21.66,21000200
2022-04-17,19.856552625,21000100,19.677,20991200,19.677,21000200
2022-04-18,19.697581173825,21000100,19.626,20991200,19.626,21000200
2022-04-19,20.59220475,21000100,20.406,20991200,20.406,21000200
2022-04-20,19.789950375,21000100,19.611,20991200,19.611,21000200
2022-04-21,19.008887625,21000100,18.837,20991200,18.837,21000200
2022-04-22,19.423956450733336,21000100,19.288,20991200,19.288,21000200
2022-04-23,19.081544625,21000100,18.909,20991200,18.909,21000200
2022-04-24,19.075489875,21000100,18.903,20991200,18.903,21000200
2022-04-25,18.621067906900002,21000100,18.632,20991200,18.632,21000200
2022-04-26,17.422619529525,21000100,17.282,20991200,17.282,21000200
2022-04-27,17.818236089812498,21000100,17.705,20991200,17.705,21000200
2022-04-28,18.2409435,21000100,18.076,20991200,18.076,21000200
2022-04-29,17.462908125000002,21000100,17.305,20991200,17.305,21000200
2022-04-30,14.327179795162502,21000100,14.217,20991200,14.217,21000200
2022-05-01,14.853857971379165,21000100,15.097,20991200,15.097,21000200
2022-05-02,14.550785156925,21000100,14.618,20991200,14.618,21000200
2022-05-03,14.658094268970835,21000100,14.621,20991200,14.621,21000200
2022-05-04,15.847477157137499,21000100,15.713,20991200,15.713,21000200
2022-05-05,14.0506741098625,21000100,13.971,20991200,13.971,21000200
2022-05-06,13.635109325366667,21000100,13.862,20991200,13.862,21000200
2022-05-07,13.282977922666667,21000100,13.24,20991200,13.24,21000200
2022-05-08,13.170520296925,21000100,13.098,20991200,13.098,21000200
2022-05-09,10.992185032950001,21000100,10.977,20991200,10.977,21000200
2022-05-10,11.240842829999998,21000100,11.36,20991200,11.36,21000200
2022-05-11,8.372693154767164,21000100,8.598,20991200,8.598,21000200
2022-05-12,7.840349866714278,21000100,8.119,20991200,8.119,21000200
2022-05-13,8.58272045675,21000100,8.732,20991200,8.732,21000200
2022-05-14,8.698267881749999,21000100,8.793,20991200,8.793,21000200
2022-05-15,9.082391240925,21000100,9.153,20991200,9.153,21000200
2022-05-16,8.191117252079167,21000100,8.291,20991200,8.291,21000200
2022-05-17,8.4513900555,21000100,8.568,20991200,8.568,21000200
2022-05-18,7.4507607660625,21000100,7.599,20991200,7.599,21000200
2022-05-19,8.002947785991667,21000100,8.207,20991200,8.207,21000200
2022-05-20,7.8277936901250005,21000100,7.918,20991200,7.918,21000200
2022-05-21,7.933311465883333,21000100,8.171,20991200,8.171,21000200
2022-05-22,8.396575169324999,21000100,8.446,20991200,8.446,21000200
2022-05-23,8.1487789125625,21000100,8.167,20991200,8.167,21000200
2022-05-24,8.204966176658333,21000100,8.411,20991200,8.411,21000200
2022-05-25,8.041968300370833,21000100,8.171,20991200,8.171,21000200
2022-05-26,7.315544622479166,21000100,7.627,20991200,7.627,21000200
2022-05-27,7.02779696995,21000100,7.221,20991200,7.221,21000200
2022-05-28,7.350847365866667,21000100,7.532,20991200,7.532,21000200
2022-05-29,7.489207877175,21000100,7.617,20991200,7.617,21000200
2022-05-30,8.240859348145833,21000100,8.215,20991200,8.215,21000200
2022-05-31,8.15978475,21000100,8.086,20991200,8.086,21000200
2022-06-01,7.500826125000001,21000100,7.433,20991200,7.433,21000200
2022-06-02,7.6730523744,21000100,7.728,20991200,7.728,21000200
2022-06-03,7.3537785257125,21000100,7.377,20991200,7.377,21000200
2022-06-04,7.482507037583334,21000100,7.46,20991200,7.46,21000200
2022-06-05,7.402369649700001,21000100,7.362,20991200,7.362,21000200
2022-06-06,7.6131529425,21000100,7.56,20991200,7.56,21000200
2022-06-07,7.340970508783333,21000100,7.322,20991200,7.322,21000200
2022-06-08,7.2455175,21000100,7.18,20991200,7.18,21000200
2022-06-09,7.281846000000001,21000100,7.216,20991200,7.216,21000200
2022-06-10,6.825219370516666,21000100,6.817,20991200,6.817,21000200
2022-06-11,6.0195988432,21000100,6.103,20991200,6.103,21000200
2022-06-12,5.448025032966666,21000100,5.672,20991200,5.672,21000200
2022-06-13,5.103556104833333,21000100,5.33,20991200,5.33,21000200
2022-06-14,5.447812159712501,21000100,5.469,20991200,5.469,21000200
2022-06-15,5.818169930041667,21000100,5.87,20991200,5.87,21000200
2022-06-16,5.317320570833333,21000100,5.302,20991200,5.302,21000200
2022-06-17,5.3446816053,21000100,5.336,20991200,5.336,21000200
2022-06-18,5.111128962875,21000100,5.109,20991200,5.109,21000200
2022-06-19,5.496219681770834,21000100,5.485,20991200,5.485,21000200
2022-06-20,5.50780425,21000100,5.458,20991200,5.458,21000200
2022-06-21,6.021448875,21000100,5.967,20991200,5.967,21000200
2022-06-22,5.554118988666666,21000100,5.518,20991200,5.518,21000200
2022-06-23,5.841824625,21000100,5.789,20991200,5.789,21000200
2022-06-24,6.1707993750000005,21000100,6.115,20991200,6.115,21000200
2022-06-25,6.12135225,21000100,6.066,20991200,6.066,21000200
2022-06-26,5.869071,21000100,5.816,20991200,5.816,21000200
2022-06-27,5.817790670649999,21000100,5.779,20991200,5.779,21000200
2022-06-28,5.554772568799999,21000100,5.512,20991200,5.512,21000200
2022-06-29,5.4550745191,21000100,5.452,20991200,5.452,21000200
2022-06-30,5.394102329200001,21000100,5.393,20991200,5.393,21000200
2022-07-01,5.3796015771166665,21000100,5.348,20991200,5.348,21000200
2022-07-02,5.384691000000001,21000100,5.336,20991200,5.336,21000200
2022-07-03,5.329624390183334,21000100,5.306,20991200,5.306,21000200
2022-07-04,5.5949945393625,21000100,5.553,20991200,5.553,21000200
2022-07-05,5.515646897666667,21000100,5.48,20991200,5.48,21000200
2022-07-06,5.613762375,21000100,5.563,20991200,5.563,21000200
2022-07-07,5.842673572679167,21000100,5.797,20991200,5.797,21000200
2022-07-08,5.766662689200001,21000100,5.724,20991200,5.724,21000200
2022-07-09,5.85090675,21000100,5.798,20991200,5.798,21000200
2022-07-10,5.534778683270833,21000100,5.485,20991200,5.485,21000200
2022-07-11,5.1459684310125,21000100,5.187,20991200,5.187,21000200
2022-07-12,4.9554236808,21000100,5.076,20991200,5.076,21000200
2022-07-13,5.154982244191666,21000100,5.287,20991200,5.287,21000200
2022-07-14,5.345954702525,21000100,5.358,20991200,5.358,21000200
2022-07-15,5.272678125,21000100,5.225,20991200,5.225,21000200
2022-07-16,5.3154161220416665,21000100,5.39,20991200,5.39,21000200
2022-07-17,5.7302905644,21000100,5.688,20991200,5.688,21000200
2022-07-18,5.993193375000001,21000100,5.939,20991200,5.939,21000200
2022-07-19,6.098142375,21000100,6.043,20991200,6.043,21000200
2022-07-20,5.633944875,21000100,5.583,20991200,5.583,21000200
2022-07-21,5.6660468239499995,21000100,5.622,20991200,5.622,21000200
2022-07-22,5.526969234308334,21000100,5.482,20991200,5.482,21000200
2022-07-23,5.619643692583334,21000100,5.57,20991200,5.57,21000200
2022-07-24,5.6904558750000005,21000100,5.639,20991200,5.639,21000200
2022-07-25,5.280751125,21000100,5.233,20991200,5.233,21000200
2022-07-26,5.251285258533334,21000100,5.308,20991200,5.308,21000200
2022-07-27,5.6607986097,21000100,5.652,20991200,5.652,21000200
2022-07-28,5.975874944416666,21000100,5.926,20991200,5.926,21000200
2022-07-29,6.014385,21000100,5.96,20991200,5.96,21000200
2022-07-30,8.111346750000001,21000100,8.038,20991200,8.038,21000200
2022-07-31,9.868233375,21000100,9.779,20991200,9.779,21000200
2022-08-01,8.8601175,21000100,8.78,20991200,8.78,21000200
2022-08-02,8.269779375,21000100,8.195,20991200,8.195,21000200
2022-08-03,8.156757375,21000100,8.083,20991200,8.083,21000200
2022-08-04,8.158775625,21000100,8.085,20991200,8.085,21000200
2022-08-05,8.417111625,21000100,8.341,20991200,8.341,21000200
2022-08-06,9.529167375,21000100,9.443,20991200,9.443,21000200
2022-08-07,8.861126625,21000100,8.781,20991200,8.781,21000200
2022-08-08,8.798357836874999,21000100,8.725,20991200,8.725,21000200
2022-08-09,8.1093285,21000100,8.036,20991200,8.036,21000200
2022-08-10,8.3400694654375,21000100,8.295,20991200,8.295,21000200
2022-08-11,8.421148125,21000100,8.345,20991200,8.345,21000200
2022-08-12,8.831862000000001,21000100,8.752,20991200,8.752,21000200
2022-08-13,8.444358000000001,21000100,8.368,20991200,8.368,21000200
2022-08-14,8.299044,21000100,8.224,20991200,8.224,21000200
2022-08-15,8.49481425,21000100,8.418,20991200,8.418,21000200
2022-08-16,8.497841625,21000100,8.421,20991200,8.421,21000200
2022-08-17,8.26473375,21000100,8.19,20991200,8.19,21000200
2022-08-18,7.523486435912501,21000100,7.473,20991200,7.473,21000200
2022-08-19,6.373417874679166,21000100,6.457,20991200,6.457,21000200
2022-08-20,6.130613612708332,21000100,6.241,20991200,6.241,21000200
2022-08-21,6.32642405785,21000100,6.411,20991200,6.411,21000200
2022-08-22,6.330357270345833,21000100,6.319,20991200,6.319,21000200
2022-08-23,6.436080911525001,21000100,6.378,20991200,6.378,21000200
2022-08-24,6.3075162714666675,21000100,6.272,20991200,6.272,21000200
2022-08-25,6.408952875000001,21000100,6.351,20991200,6.351,21000200
2022-08-26,5.687373601300001,21000100,5.658,20991200,5.658,21000200
2022-08-27,5.736106909866667,21000100,5.824,20991200,5.824,21000200
2022-08-28,5.635243721125001,21000100,5.639,20991200,5.639,21000200
2022-08-29,6.001327157975,21000100,6.009,20991200,6.009,21000200
2022-08-30,5.749531754695833,21000100,5.713,20991200,5.713,21000200
2022-08-31,5.789222542949999,21000100,5.742,20991200,5.742,21000200
2022-09-01,5.796245383775,21000100,5.771,20991200,5.771,21000200
2022-09-02,5.8615503500166675,21000100,5.822,20991200,5.822,21000200
2022-09-03,6.545802461062499,21000100,6.507,20991200,6.507,21000200
2022-09-04,6.320149875,21000100,6.263,20991200,6.263,21000200
2022-09-05,6.194009250000001,21000100,6.138,20991200,6.138,21000200
2022-09-06,5.646054375,21000100,5.595,20991200,5.595,21000200
2022-09-07,5.8292990325125,21000100,5.853,20991200,5.853,21000200
2022-09-08,5.912463375000001,21000100,5.859,20991200,5.859,21000200
2022-09-09,6.437208375,21000100,6.379,20991200,6.379,21000200
2022-09-10,6.409962000000001,21000100,6.352,20991200,6.352,21000200
2022-09-11,6.46445475,21000100,6.406,20991200,6.406,21000200
2022-09-12,6.606741375,21000100,6.547,20991200,6.547,21000200
2022-09-13,5.916499875,21000100,5.863,20991200,5.863,21000200
2022-09-14,5.987318276070834,21000100,5.953,20991200,5.953,21000200
2022-09-15,5.7711858750000005,21000100,5.719,20991200,5.719,21000200
2022-09-16,5.872295650625,21000100,5.825,20991200,5.825,21000200
2022-09-17,5.960901375000001,21000100,5.907,20991200,5.907,21000200
2022-09-18,5.2999245,21000100,5.252,20991200,5.252,21000200
2022-09-19,5.374529970375,21000100,5.47,20991200,5.47,21000200
2022-09-20,5.330181844483333,21000100,5.308,20991200,5.308,21000200
2022-09-21,5.26248149535,21000100,5.238,20991200,5.238,21000200
2022-09-22,5.523146378708334,21000100,5.519,20991200,5.519,21000200
2022-09-23,5.746966875000001,21000100,5.695,20991200,5.695,21000200
2022-09-24,5.62082625,21000100,5.57,20991200,5.57,21000200
2022-09-25,5.76614025,21000100,5.714,20991200,5.714,21000200
2022-09-26,5.742930375,21000100,5.691,20991200,5.691,21000200
2022-09-27,5.772195,21000100,5.72,20991200,5.72,21000200
2022-09-28,5.887145283875,21000100,5.851,20991200,5.851,21000200
2022-09-29,5.829715125000001,21000100,5.777,20991200,5.777,21000200
2022-09-30,5.732839125,21000100,5.681,20991200,5.681,21000200
2022-10-01,5.565324375,21000100,5.515,20991200,5.515,21000200
2022-10-02,5.4250560000000005,21000100,5.376,20991200,5.376,21000200
2022-10-03,5.566333500000001,21000100,5.516,20991200,5.516,21000200
2022-10-04,5.65311825,21000100,5.602,20991200,5.602,21000200
2022-10-05,5.635963125,21000100,5.585,20991200,5.585,21000200
2022-10-06,5.5310141250000004,21000100,5.481,20991200,5.481,21000200
2022-10-07,5.510878529516666,21000100,5.468,20991200,5.468,21000200
2022-10-08,5.444229375,21000100,5.395,20991200,5.395,21000200
2022-10-09,5.457521903020833,21000100,5.425,20991200,5.425,21000200
2022-10-10,5.1949755,21000100,5.148,20991200,5.148,21000200
2022-10-11,5.15618743675,21000100,5.132,20991200,5.132,21000200
2022-10-12,5.176592404525,21000100,5.143,20991200,5.143,21000200
2022-10-13,5.096585694,21000100,5.136,20991200,5.136,21000200
2022-10-14,5.0940379042,21000100,5.062,20991200,5.062,21000200
2022-10-15,5.202961967366667,21000100,5.191,20991200,5.191,21000200
2022-10-16,5.189702056933333,21000100,5.152,20991200,5.152,21000200
2022-10-17,5.281188333525,21000100,5.254,20991200,5.254,21000200
2022-10-18,5.168628802133333,21000100,5.128,20991200,5.128,21000200
2022-10-19,5.001030814266667,21000100,4.976,20991200,4.976,21000200
2022-10-20,4.969222852741668,21000100,4.937,20991200,4.937,21000200
2022-10-21,4.9658017141875,21000100,4.955,20991200,4.955,21000200
2022-10-22,4.99920525,21000100,4.954,20991200,4.954,21000200
2022-10-23,5.165710875,21000100,5.119,20991200,5.119,21000200
2022-10-24,4.988104874999999,21000100,4.943,20991200,4.943,21000200
2022-10-25,5.201856654375,21000100,5.175,20991200,5.175,21000200
2022-10-26,5.30194275,21000100,5.254,20991200,5.254,21000200
2022-10-27,5.278732875,21000100,5.231,20991200,5.231,21000200
2022-10-28,5.41092825,21000100,5.362,20991200,5.362,21000200
2022-10-29,5.7621037500000005,21000100,5.71,20991200,5.71,21000200
2022-10-30,5.4371655,21000100,5.388,20991200,5.388,21000200
2022-10-31,5.4734940000000005,21000100,5.424,20991200,5.424,21000200
2022-11-01,5.41092825,21000100,5.362,20991200,5.362,21000200
2022-11-02,5.270659875,21000100,5.223,20991200,5.223,21000200
2022-11-03,5.820500032170833,21000100,5.783,20991200,5.783,21000200
2022-11-04,6.200064,21000100,6.144,20991200,6.144,21000200
2022-11-05,6.222264750000001,21000100,6.166,20991200,6.166,21000200
2022-11-06,5.880171375000001,21000100,5.827,20991200,5.827,21000200
2022-11-07,5.783295375,21000100,5.731,20991200,5.731,21000200
2022-11-08,4.726102359416666,21000100,4.778,20991200,4.778,21000200
2022-11-09,4.058843776742982,21000100,4.138,20991200,4.138,21000200
2022-11-10,4.529383219954137,21000100,4.631,20991200,4.631,21000200
2022-11-11,4.490980415916667,21000100,4.478,20991200,4.478,21000200
2022-11-12,4.282680103041666,21000100,4.27,20991200,4.27,21000200
2022-11-13,4.290943866925,21000100,4.282,20991200,4.282,21000200
2022-11-14,4.361861901949999,21000100,4.332,20991200,4.332,21000200
2022-11-15,4.429049625,21000100,4.389,20991200,4.389,21000200
2022-11-16,4.369488860291667,21000100,4.33,20991200,4.33,21000200
2022-11-17,4.3379235745999996,21000100,4.314,20991200,4.314,21000200
2022-11-18,4.38162075,21000100,4.342,20991200,4.342,21000200
2022-11-19,4.4172796073625005,21000100,4.383,20991200,4.383,21000200
2022-11-20,4.198969125,21000100,4.161,20991200,4.161,21000200
2022-11-21,4.131173726895833,21000100,4.165,20991200,4.165,21000200
2022-11-22,4.3609325958000005,21000100,4.323,20991200,4.323,21000200
2022-11-23,4.48656975,21000100,4.446,20991200,4.446,21000200
2022-11-24,4.43409525,21000100,4.394,20991200,4.394,21000200
2022-11-25,4.3352010000000005,21000100,4.296,20991200,4.296,21000200
2022-11-26,4.344283125,21000100,4.305,20991200,4.305,21000200
2022-11-27,4.37396706425,21000100,4.34,20991200,4.34,21000200
2022-11-28,4.23850941385,21000100,4.252,20991200,4.252,21000200
2022-11-29,4.3876755,21000100,4.348,20991200,4.348,21000200
2022-11-30,4.4552868750000005,21000100,4.415,20991200,4.415,21000200
2022-12-01,4.423161147666667,21000100,4.391,20991200,4.391,21000200
2022-12-02,4.683349125,21000100,4.641,20991200,4.641,21000200
2022-12-03,4.46235075,21000100,4.422,20991200,4.422,21000200
2022-12-04,4.595827405545832,21000100,4.571,20991200,4.571,21000200
2022-12-05,4.543080376470834,21000100,4.519,20991200,4.519,21000200
2022-12-06,4.611651216466667,21000100,4.588,20991200,4.588,21000200
2022-12-07,4.3416824398000005,21000100,4.344,20991200,4.344,21000200
2022-12-08,4.342593164525001,21000100,4.389,20991200,4.389,21000200
2022-12-09,4.46041264395,21000100,4.437,20991200,4.437,21000200
2022-12-10,4.387015214083333,21000100,4.378,20991200,4.378,21000200
2022-12-11,4.29298750955,21000100,4.278,20991200,4.278,21000200
2022-12-12,4.187265458133334,21000100,4.256,20991200,4.256,21000200
2022-12-13,4.328098215133333,21000100,4.324,20991200,4.324,21000200
2022-12-14,4.262544,21000100,4.224,20991200,4.224,21000200
2022-12-15,4.178664119166667,21000100,4.15,20991200,4.15,21000200
2022-12-16,3.00609715725,21000100,3.015,20991200,3.015,21000200
2022-12-17,3.074304133339789,21000100,3.191,20991200,3.191,21000200
2022-12-18,2.924087436739327,21000100,3.044,20991200,3.044,21000200
2022-12-19,2.7897067687,21000100,2.811,20991200,2.811,21000200
2022-12-20,2.9151408796708336,21000100,2.971,20991200,2.971,21000200
2022-12-21,2.9497778282374996,21000100,2.977,20991200,2.977,21000200
2022-12-22,2.9696724243999997,21000100,2.992,20991200,2.992,21000200
2022-12-23,2.964025095645833,21000100,2.965,20991200,2.965,21000200
2022-12-24,2.895892565875,21000100,2.93,20991200,2.93,21000200
2022-12-25,2.930088646166667,21000100,2.962,20991200,2.962,21000200
2022-12-26,3.012781563379167,21000100,3.001,20991200,3.001,21000200
2022-12-27,3.08943055525,21000100,3.068,20991200,3.068,21000200
2022-12-28,3.003038904125,21000100,2.99,20991200,2.99,21000200
2022-12-29,3.002146875,21000100,2.975,20991200,2.975,21000200
2022-12-30,2.966459025995833,21000100,2.977,20991200,2.977,21000200
2022-12-31,3.014550007733333,21000100,3.008,20991200,3.008,21000200
2023-01-01,3.0840404246999995,21000100,3.106,20991200,3.106,21000200
2023-01-02,3.162579983775,21000100,3.149,20991200,3.149,21000200
2023-01-03,3.117187125,21000100,3.089,20991200,3.089,21000200
2023-01-04,3.3667774350875,21000100,3.353,20991200,3.353,21000200
2023-01-05,3.3150742130916666,21000100,3.286,20991200,3.286,21000200
2023-01-06,3.3699421119166666,21000100,3.34,20991200,3.34,21000200
2023-01-07,3.326076,21000100,3.296,20991200,3.296,21000200
2023-01-08,3.4633744372499997,21000100,3.444,20991200,3.444,21000200
2023-01-09,3.808658545333333,21000100,3.776,20991200,3.776,21000200
2023-01-10,3.79431,21000100,3.76,20991200,3.76,21000200
2023-01-11,3.7660545000000005,21000100,3.732,20991200,3.732,21000200
2023-01-12,3.8891677500000004,21000100,3.854,20991200,3.854,21000200
2023-01-13,4.0566825,21000100,4.02,20991200,4.02,21000200
2023-01-14,4.987916752,21000100,4.816,20991200,4.816,21000200
2023-01-15,4.874915558754167,21000100,4.703,20991200,4.703,21000200
2023-01-16,4.622579958483333,21000100,4.574,20991200,4.574,21000200
2023-01-17,4.6860178618,21000100,4.629,20991200,4.629,21000200
2023-01-18,4.2907995,21000100,4.252,20991200,4.252,21000200
2023-01-19,4.445195625,21000100,4.405,20991200,4.405,21000200
2023-01-20,4.786279875000001,21000100,4.743,20991200,4.743,21000200
2023-01-21,4.99920525,21000100,4.954,20991200,4.954,21000200
2023-01-22,5.499679834308333,21000100,5.429,20991200,5.429,21000200
2023-01-23,5.5159697508,21000100,5.424,20991200,5.424,21000200
2023-01-24,5.0615352523125,21000100,4.995,20991200,4.995,21000200
2023-01-25,5.504776875,21000100,5.455,20991200,5.455,21000200
2023-01-26,5.4856035,21000100,5.436,20991200,5.436,21000200
2023-01-27,5.442211125,21000100,5.393,20991200,5.393,21000200
2023-01-28,5.32212525,21000100,5.274,20991200,5.274,21000200
2023-01-29,5.533032375,21000100,5.483,20991200,5.483,21000200
2023-01-30,5.15491165045,21000100,5.098,20991200,5.098,21000200
2023-01-31,5.280751125,21000100,5.233,20991200,5.233,21000200
2023-02-01,5.7459577500000005,21000100,5.694,20991200,5.694,21000200
2023-02-02,5.6732571356125,21000100,5.477,20991200,5.477,21000200
2023-02-03,5.799219365999999,21000100,5.68,20991200,5.68,21000200
2023-02-04,5.634224960099999,21000100,5.526,20991200,5.526,21000200
2023-02-05,5.353895984325001,21000100,5.301,20991200,5.301,21000200
2023-02-06,5.173783875,21000100,5.127,20991200,5.127,21000200
2023-02-07,5.591561625000001,21000100,5.541,20991200,5.541,21000200
2023-02-08,5.5219613443,21000100,5.448,20991200,5.448,21000200
2023-02-09,4.830681375,21000100,4.787,20991200,4.787,21000200
2023-02-10,4.883810817666666,21000100,4.844,20991200,4.844,21000200
2023-02-11,5.14451925,21000100,5.098,20991200,5.098,21000200
2023-02-12,4.9608585000000005,21000100,4.916,20991200,4.916,21000200
2023-02-13,4.907374875,21000100,4.863,20991200,4.863,21000200
2023-02-14,5.135437125000001,21000100,5.089,20991200,5.089,21000200
2023-02-15,5.5310141250000004,21000100,5.481,20991200,5.481,21000200
2023-02-16,5.459359188274999,21000100,5.403,20991200,5.403,21000200
2023-02-17,7.664304375,21000100,7.595,20991200,7.595,21000200
2023-02-18,7.754817399524999,21000100,7.526,20991200,7.526,21000200
2023-02-19,8.664409545458334,21000100,8.47,20991200,8.47,21000200
2023-02-20,8.6633966856875,21000100,8.539,20991200,8.539,21000200
2023-02-21,8.322530238783335,21000100,8.188,20991200,8.188,21000200
2023-02-22,8.178765104270832,21000100,8.029,20991200,8.029,21000200
2023-02-23,7.923649500000001,21000100,7.852,20991200,7.852,21000200
2023-02-24,6.911497125,21000100,6.849,20991200,6.849,21000200
2023-02-25,6.7565945114499995,21000100,6.701,20991200,6.701,21000200
2023-02-26,6.961840058925,21000100,6.899,20991200,6.899,21000200
2023-02-27,6.911497125,21000100,6.849,20991200,6.849,21000200
2023-02-28,6.537988751975,21000100,6.483,20991200,6.483,21000200
2023-03-01,7.308288066666666,21000100,7.25,20991200,7.25,21000200
2023-03-02,6.966999,21000100,6.904,20991200,6.904,21000200
2023-03-03,6.307930926008333,21000100,6.254,20991200,6.254,21000200
2023-03-04,5.963814169270833,21000100,5.911,20991200,5.911,21000200
2023-03-05,6.184467675966666,21000100,6.136,20991200,6.136,21000200
2023-03-06,6.137700277133333,21000100,6.094,20991200,6.094,21000200
2023-03-07,5.999274497250001,21000100,5.972,20991200,5.972,21000200
2023-03-08,5.8149606461916665,21000100,5.779,20991200,5.779,21000200
2023-03-09,5.552589638425001,21000100,5.506,20991200,5.506,21000200
2023-03-10,5.303608514666667,21000100,5.308,20991200,5.308,21000200
2023-03-11,4.968422094529166,21000100,4.951,20991200,4.951,21000200
2023-03-12,5.7253586041875,21000100,5.715,20991200,5.715,21000200
2023-03-13,6.4290834217,21000100,6.378,20991200,6.378,21000200
2023-03-14,6.817648500000001,21000100,6.756,20991200,6.756,21000200
2023-03-15,5.6551365,21000100,5.604,20991200,5.604,21000200
2023-03-16,5.556185420411011,21000100,5.8,20991200,5.8,21000200
2023-03-17,6.413164924066668,21000100,6.392,20991200,6.392,21000200
2023-03-18,5.9326458749999995,21000100,5.879,20991200,5.879,21000200
2023-03-19,6.338314125,21000100,6.281,20991200,6.281,21000200
2023-03-20,5.769167625,21000100,5.717,20991200,5.717,21000200
2023-03-21,5.929892841891667,21000100,5.923,20991200,5.923,21000200
2023-03-22,5.696510625,21000100,5.645,20991200,5.645,21000200
2023-03-23,5.958714505400001,21000100,5.923,20991200,5.923,21000200
2023-03-24,5.60064375,21000100,5.55,20991200,5.55,21000200
2023-03-25,5.384860056770834,21000100,5.375,20991200,5.375,21000200
2023-03-26,5.680552592216666,21000100,5.678,20991200,5.678,21000200
2023-03-27,5.3713639611124995,21000100,5.343,20991200,5.343,21000200
2023-03-28,5.579297891458333,21000100,5.554,20991200,5.554,21000200
2023-03-29,5.780268,21000100,5.728,20991200,5.728,21000200
2023-03-30,5.604354228166666,21000100,5.56,20991200,5.56,21000200
2023-03-31,5.7098951124375,21000100,5.685,20991200,5.685,21000200
2023-04-01,5.813569125000001,21000100,5.761,20991200,5.761,21000200
2023-04-02,5.595598125,21000100,5.545,20991200,5.545,21000200
2023-04-03,5.595589322666666,21000100,5.57,20991200,5.57,21000200
2023-04-04,5.664218625000001,21000100,5.613,20991200,5.613,21000200
2023-04-05,5.718711375,21000100,5.667,20991200,5.667,21000200
2023-04-06,5.648072625000001,21000100,5.597,20991200,5.597,21000200
2023-04-07,5.8363997973125,21000100,5.785,20991200,5.785,21000200
2023-04-08,5.815587375,21000100,5.763,20991200,5.763,21000200
2023-04-09,5.7786194470000005,21000100,5.744,20991200,5.744,21000200
2023-04-10,6.227310375000001,21000100,6.171,20991200,6.171,21000200
2023-04-11,6.166762875,21000100,6.111,20991200,6.111,21000200
2023-04-12,6.01640325,21000100,5.962,20991200,5.962,21000200
2023-04-13,6.13346175,21000100,6.078,20991200,6.078,21000200
2023-04-14,6.286848750000001,21000100,6.23,20991200,6.23,21000200
2023-04-15,6.373963769937499,21000100,6.303,20991200,6.303,21000200
2023-04-16,6.481918130245834,21000100,6.341,20991200,6.341,21000200
2023-04-17,6.177863250000001,21000100,6.122,20991200,6.122,21000200
2023-04-18,6.338760220479167,21000100,6.265,20991200,6.265,21000200
2023-04-19,5.743939500000001,21000100,5.692,20991200,5.692,21000200
2023-04-20,5.610735,21000100,5.56,20991200,5.56,21000200
2023-04-21,5.288491978800001,21000100,5.256,20991200,5.256,21000200
2023-04-22,5.3104147140625,21000100,5.325,20991200,5.325,21000200
2023-04-23,5.286257175899999,21000100,5.268,20991200,5.268,21000200
2023-04-24,5.282022212149999,21000100,5.253,20991200,5.253,21000200
2023-04-25,5.38514612955,21000100,5.346,20991200,5.346,21000200
2023-04-26,5.294878875,21000100,5.247,20991200,5.247,21000200
2023-04-27,5.40342761485,21000100,5.386,20991200,5.386,21000200
2023-04-28,5.5535670596875,21000100,5.505,20991200,5.505,21000200
2023-04-29,5.608200983199999,21000100,5.568,20991200,5.568,21000200
2023-04-30,5.4530808687666665,21000100,5.414,20991200,5.414,21000200
2023-05-01,5.3229784386625,21000100,5.299,20991200,5.299,21000200
2023-05-02,5.311822391633333,21000100,5.278,20991200,5.278,21000200
2023-05-03,5.3849763892,21000100,5.344,20991200,5.344,21000200
2023-05-04,5.305546837591666,21000100,5.263,20991200,5.263,21000200
2023-05-05,5.3041210164249994,21000100,5.262,20991200,5.262,21000200
2023-05-06,5.075954664733334,21000100,5.044,20991200,5.044,21000200
2023-05-07,5.06491673805,21000100,5.031,20991200,5.031,21000200
2023-05-08,4.570204665583334,21000100,4.532,20991200,4.532,21000200
2023-05-09,4.537646793808333,21000100,4.543,20991200,4.543,21000200
2023-05-10,4.612930398395833,21000100,4.595,20991200,4.595,21000200
2023-05-11,4.3815485925,21000100,4.35,20991200,4.35,21000200
2023-05-12,4.4586652614333335,21000100,4.436,20991200,4.436,21000200
2023-05-13,4.420339669958333,21000100,4.382,20991200,4.382,21000200
2023-05-14,4.488087414666667,21000100,4.448,20991200,4.448,21000200
2023-05-15,4.487883926325,21000100,4.449,20991200,4.449,21000200
2023-05-16,4.4641833026,21000100,4.424,20991200,4.424,21000200
2023-05-17,4.582436625000001,21000100,4.541,20991200,4.541,21000200
2023-05-18,4.487822532066667,21000100,4.457,20991200,4.457,21000200
2023-05-19,4.531690402412501,21000100,4.493,20991200,4.493,21000200
2023-05-20,4.5491355,21000100,4.508,20991200,4.508,21000200
2023-05-21,4.4159310000000005,21000100,4.376,20991200,4.376,21000200
2023-05-22,4.447213875,21000100,4.407,20991200,4.407,21000200
2023-05-23,4.5612449999999995,21000100,4.52,20991200,4.52,21000200
2023-05-24,4.49867925,21000100,4.458,20991200,4.458,21000200
2023-05-25,4.4552868750000005,21000100,4.415,20991200,4.415,21000200
2023-05-26,4.47849675,21000100,4.438,20991200,4.438,21000200
2023-05-27,4.517852625000001,21000100,4.477,20991200,4.477,21000200
2023-05-28,4.700504250000001,21000100,4.658,20991200,4.658,21000200
2023-05-29,4.67628525,21000100,4.634,20991200,4.634,21000200
2023-05-30,4.864991625,21000100,4.821,20991200,4.821,21000200
2023-05-31,4.732796250000001,21000100,4.69,20991200,4.69,21000200
2023-06-01,4.737841875000001,21000100,4.695,20991200,4.695,21000200
2023-06-02,5.00526,21000100,4.96,20991200,4.96,21000200
2023-06-03,4.892994017858333,21000100,4.853,20991200,4.853,21000200
2023-06-04,4.701513375,21000100,4.659,20991200,4.659,21000200
2023-06-05,4.251443625,21000100,4.213,20991200,4.213,21000200
2023-06-06,4.392654450899999,21000100,4.398,20991200,4.398,21000200
2023-06-07,4.172731875,21000100,4.135,20991200,4.135,21000200
2023-06-08,4.109775286333333,21000100,4.09,20991200,4.09,21000200
2023-06-09,4.0648295016,21000100,4.032,20991200,4.032,21000200
2023-06-10,3.4606963712999996,21000100,3.481,20991200,3.481,21000200
2023-06-11,3.3891422479166664,21000100,3.425,20991200,3.425,21000200
2023-06-12,3.5223835581,21000100,3.526,20991200,3.526,21000200
2023-06-13,3.634003980666667,21000100,3.656,20991200,3.656,21000200
2023-06-14,3.5690726237875,21000100,3.561,20991200,3.561,21000200
2023-06-15,3.68383134275,21000100,3.66,20991200,3.66,21000200
2023-06-16,3.708794169375,21000100,3.69,20991200,3.69,21000200
2023-06-17,3.728762274033334,21000100,3.704,20991200,3.704,21000200
2023-06-18,3.688339417425,21000100,3.679,20991200,3.679,21000200
2023-06-19,3.7027960729916662,21000100,3.686,20991200,3.686,21000200
2023-06-20,3.814019559675,21000100,3.783,20991200,3.783,21000200
2023-06-21,3.9517116643916665,21000100,3.919,20991200,3.919,21000200
2023-06-22,3.9537517500000003,21000100,3.918,20991200,3.918,21000200
2023-06-23,4.07888325,21000100,4.042,20991200,4.042,21000200
2023-06-24,3.960815625,21000100,3.925,20991200,3.925,21000200
2023-06-25,4.154567625,21000100,4.117,20991200,4.117,21000200
2023-06-26,3.9920985,21000100,3.956,20991200,3.956,21000200
2023-06-27,4.0611306076,21000100,4.026,20991200,4.026,21000200
2023-06-28,3.8011773027999998,21000100,3.768,20991200,3.768,21000200
2023-06-29,3.8425612331166668,21000100,3.829,20991200,3.829,21000200
2023-06-30,3.9820072500000006,21000100,3.946,20991200,3.946,21000200
2023-07-01,4.141449000000001,21000100,4.104,20991200,4.104,21000200
2023-07-02,4.146494625,21000100,4.109,20991200,4.109,21000200
2023-07-03,4.782243375,21000100,4.739,20991200,4.739,21000200
2023-07-04,4.589500500000001,21000100,4.548,20991200,4.548,21000200
2023-07-05,4.6399567500000005,21000100,4.598,20991200,4.598,21000200
2023-07-06,4.3290427741999995,21000100,4.314,20991200,4.314,21000200
2023-07-07,4.4126233894124995,21000100,4.401,20991200,4.401,21000200
2023-07-08,4.374556875000001,21000100,4.335,20991200,4.335,21000200
2023-07-09,4.349076404925,21000100,4.333,20991200,4.333,21000200
2023-07-10,4.339690663375,21000100,4.318,20991200,4.318,21000200
2023-07-11,4.33297116315,21000100,4.294,20991200,4.294,21000200
2023-07-12,4.2724670097083335,21000100,4.235,20991200,4.235,21000200
2023-07-13,4.674373044225,21000100,4.673,20991200,4.673,21000200
2023-07-14,4.4764785,21000100,4.436,20991200,4.436,21000200
2023-07-15,4.475469374999999,21000100,4.435,20991200,4.435,21000200
2023-07-16,4.391712000000001,21000100,4.352,20991200,4.352,21000200
2023-07-17,4.384648125,21000100,4.345,20991200,4.345,21000200
2023-07-18,4.318045875,21000100,4.279,20991200,4.279,21000200
2023-07-19,4.294836,21000100,4.256,20991200,4.256,21000200
2023-07-20,4.479505875,21000100,4.439,20991200,4.439,21000200
2023-07-21,4.513816125,21000100,4.473,20991200,4.473,21000200
2023-07-22,4.4966610000000005,21000100,4.456,20991200,4.456,21000200
2023-07-23,4.59959175,21000100,4.558,20991200,4.558,21000200
2023-07-24,4.557268981999999,21000100,4.52,20991200,4.52,21000200
2023-07-25,4.432175505337501,21000100,4.397,20991200,4.397,21000200
2023-07-26,4.341398658466667,21000100,4.328,20991200,4.328,21000200
2023-07-27,4.4592361452,21000100,4.428,20991200,4.428,21000200
2023-07-28,4.431067875,21000100,4.391,20991200,4.391,21000200
2023-07-29,4.458314250000001,21000100,4.418,20991200,4.418,21000200
2023-07-30,4.350337875,21000100,4.311,20991200,4.311,21000200
2023-07-31,4.279379272,21000100,4.256,20991200,4.256,21000200
2023-08-01,4.3067590140666665,21000100,4.279,20991200,4.279,21000200
2023-08-02,4.297216947529167,21000100,4.259,20991200,4.259,21000200
2023-08-03,4.1434672500000005,21000100,4.106,20991200,4.106,21000200
2023-08-04,4.100729920420833,21000100,4.093,20991200,4.093,21000200
2023-08-05,4.1284437723875,21000100,4.101,20991200,4.101,21000200
2023-08-06,4.196533988404167,21000100,4.163,20991200,4.163,21000200
2023-08-07,4.1434672500000005,21000100,4.106,20991200,4.106,21000200
2023-08-08,4.16912978935,21000100,4.142,20991200,4.142,21000200
2023-08-09,4.188877875,21000100,4.151,20991200,4.151,21000200
2023-08-10,4.1777774999999995,21000100,4.14,20991200,4.14,21000200
2023-08-11,4.1454854999999995,21000100,4.108,20991200,4.108,21000200
2023-08-12,4.165668,21000100,4.128,20991200,4.128,21000200
2023-08-13,4.130348625,21000100,4.093,20991200,4.093,21000200
2023-08-14,4.11117525,21000100,4.074,20991200,4.074,21000200
2023-08-15,3.8855639184750004,21000100,3.853,20991200,3.853,21000200
2023-08-16,3.7165774134416667,21000100,3.727,20991200,3.727,21000200
2023-08-17,3.4432049125625,21000100,3.435,20991200,3.435,21000200
2023-08-18,3.4935104480583337,21000100,3.499,20991200,3.499,21000200
2023-08-19,3.549552241033333,21000100,3.566,20991200,3.566,21000200
2023-08-20,3.5764026847208337,21000100,3.563,20991200,3.563,21000200
2023-08-21,3.4422544314666665,21000100,3.412,20991200,3.412,21000200
2023-08-22,3.390348136766667,21000100,3.391,20991200,3.391,21000200
2023-08-23,3.4814812500000003,21000100,3.45,20991200,3.45,21000200
2023-08-24,3.3192455373583334,21000100,3.298,20991200,3.298,21000200
2023-08-25,3.229656293916667,21000100,3.236,20991200,3.236,21000200
2023-08-26,3.2731271304958334,21000100,3.257,20991200,3.257,21000200
2023-08-27,3.3416486910625,21000100,3.315,20991200,3.315,21000200
2023-08-28,3.407599202475,21000100,3.393,20991200,3.393,21000200
2023-08-29,3.488259308875,21000100,3.498,20991200,3.498,21000200
2023-08-30,3.446161875,21000100,3.415,20991200,3.415,21000200
2023-08-31,3.24332775,21000100,3.214,20991200,3.214,21000200
2023-09-01,3.171252267083333,21000100,3.172,20991200,3.172,21000200
2023-09-02,3.1819078512375,21000100,3.187,20991200,3.187,21000200
2023-09-03,3.146918320125,21000100,3.166,20991200,3.166,21000200
2023-09-04,3.17279321875,21000100,3.174,20991200,3.174,21000200
2023-09-05,3.256677061041666,21000100,3.235,20991200,3.235,21000200
2023-09-06,3.273079526883333,21000100,3.244,20991200,3.244,21000200
2023-09-07,3.2947931250000004,21000100,3.265,20991200,3.265,21000200
2023-09-08,3.2444902471875,21000100,3.225,20991200,3.225,21000200
2023-09-09,3.268555875,21000100,3.239,20991200,3.239,21000200
2023-09-10,3.1073739221000003,21000100,3.111,20991200,3.111,21000200
2023-09-11,3.0310557029958334,21000100,3.023,20991200,3.023,21000200
2023-09-12,3.081621158875,21000100,3.086,20991200,3.086,21000200
2023-09-13,3.1929287800875,21000100,3.173,20991200,3.173,21000200
2023-09-14,3.2417278354499994,21000100,3.231,20991200,3.231,21000200
2023-09-15,3.38493409175,21000100,3.365,20991200,3.365,21000200
2023-09-16,3.3461173194999994,21000100,3.32,20991200,3.32,21000200
2023-09-17,3.3471588340416667,21000100,3.326,20991200,3.326,21000200
2023-09-18,3.3478176163666666,21000100,3.329,20991200,3.329,21000200
2023-09-19,3.3775774272333337,21000100,3.368,20991200,3.368,21000200
2023-09-20,3.391173056075,21000100,3.363,20991200,3.363,21000200
2023-09-21,3.2283038247958333,21000100,3.211,20991200,3.211,21000200
2023-09-22,3.222028420725,21000100,3.222,20991200,3.222,21000200
2023-09-23,3.2695650000000005,21000100,3.24,20991200,3.24,21000200
2023-09-24,3.224979315766667,21000100,3.208,20991200,3.208,21000200
2023-09-25,3.238020986125,21000100,3.21,20991200,3.21,21000200
2023-09-26,3.182719248004167,21000100,3.169,20991200,3.169,21000200
2023-09-27,3.2270738696250003,21000100,3.21,20991200,3.21,21000200
2023-09-28,3.34020375,21000100,3.31,20991200,3.31,21000200
2023-09-29,3.3645442786458335,21000100,3.335,20991200,3.335,21000200
2023-09-30,3.3818804402999993,21000100,3.352,20991200,3.352,21000200
2023-10-01,3.489161817633333,21000100,3.464,20991200,3.464,21000200
2023-10-02,3.3558607245,21000100,3.33,20991200,3.33,21000200
2023-10-03,3.3361310493,21000100,3.306,20991200,3.306,21000200
2023-10-04,3.3275400803333333,21000100,3.308,20991200,3.308,21000200
2023-10-05,3.2615143616,21000100,3.256,20991200,3.256,21000200
2023-10-06,3.335074209225,21000100,3.333,20991200,3.333,21000200
2023-10-07,3.473842229808333,21000100,3.446,20991200,3.446,21000200
2023-10-08,3.42337079955,21000100,3.393,20991200,3.393,21000200
2023-10-09,3.2361147442,21000100,3.224,20991200,3.224,21000200
2023-10-10,3.1736905187583333,21000100,3.193,20991200,3.193,21000200
2023-10-11,3.1692674316666665,21000100,3.175,20991200,3.175,21000200
2023-10-12,3.2226337573999997,21000100,3.209,20991200,3.209,21000200
2023-10-13,3.217544899508333,21000100,3.206,20991200,3.206,21000200
2023-10-14,3.230339224179166,21000100,3.211,20991200,3.211,21000200
2023-10-15,3.252409875,21000100,3.223,20991200,3.223,21000200
2023-10-16,3.2776380000000005,21000100,3.248,20991200,3.248,21000200
2023-10-17,3.2252461645500006,21000100,3.204,20991200,3.204,21000200
2023-10-18,3.1685597833749997,21000100,3.171,20991200,3.171,21000200
2023-10-19,3.1829275440416667,21000100,3.19,20991200,3.19,21000200
2023-10-20,3.2314243147333332,21000100,3.211,20991200,3.211,21000200
2023-10-21,3.3704775000000002,21000100,3.34,20991200,3.34,21000200
2023-10-22,3.4532257500000005,21000100,3.422,20991200,3.422,21000200
2023-10-23,3.8778465886875004,21000100,3.861,20991200,3.861,21000200
2023-10-24,3.86898525,21000100,3.834,20991200,3.834,21000200
2023-10-25,3.805410375,21000100,3.771,20991200,3.771,21000200
2023-10-26,3.769081875,21000100,3.735,20991200,3.735,21000200
2023-10-27,3.6237678750000004,21000100,3.591,20991200,3.591,21000200
2023-10-28,3.7711001250000002,21000100,3.737,20991200,3.737,21000200
2023-10-29,3.829629375,21000100,3.795,20991200,3.795,21000200
2023-10-30,3.894213375,21000100,3.859,20991200,3.859,21000200
2023-10-31,3.8727292153874995,21000100,3.831,20991200,3.831,21000200
2023-11-01,3.99393456885,21000100,3.942,20991200,3.942,21000200
2023-11-02,4.1816802842531695,21000100,4.095,20991200,4.095,21000200
2023-11-03,3.9618247500000003,21000100,3.926,20991200,3.926,21000200
2023-11-04,4.042554750000001,21000100,4.006,20991200,4.006,21000200
2023-11-05,4.185730658358334,21000100,4.114,20991200,4.114,21000200
2023-11-06,4.384648125,21000100,4.345,20991200,4.345,21000200
2023-11-07,4.297596368174999,21000100,4.239,20991200,4.239,21000200
2023-11-08,4.496632745149999,21000100,4.436,20991200,4.436,21000200
2023-11-09,4.5920217283,21000100,4.504,20991200,4.504,21000200
2023-11-10,4.667319593199999,21000100,4.587,20991200,4.587,21000200
2023-11-11,4.860104790433516,21000100,4.743,20991200,4.743,21000200
2023-11-12,5.284248964945957,21000100,5.147,20991200,5.147,21000200
2023-11-13,5.160666454717528,21000100,5.014,20991200,5.014,21000200
2023-11-14,4.886738471825,21000100,4.794,20991200,4.794,21000200
2023-11-15,5.287766561329167,21000100,5.221,20991200,5.221,21000200
2023-11-16,4.9509800722,21000100,4.852,20991200,4.852,21000200
2023-11-17,4.781234250000001,21000100,4.738,20991200,4.738,21000200
2023-11-18,4.76105175,21000100,4.718,20991200,4.718,21000200
2023-11-19,4.93058475,21000100,4.886,20991200,4.886,21000200
2023-11-20,4.7393783132500005,21000100,4.69,20991200,4.69,21000200
2023-11-21,4.231261125,21000100,4.193,20991200,4.193,21000200
2023-11-22,4.513816125,21000100,4.473,20991200,4.473,21000200
2023-11-23,4.527943875,21000100,4.487,20991200,4.487,21000200
2023-11-24,4.686376500000001,21000100,4.644,20991200,4.644,21000200
2023-11-25,4.8236175,21000100,4.78,20991200,4.78,21000200
2023-11-26,4.638947625000001,21000100,4.597,20991200,4.597,21000200
2023-11-27,4.58344575,21000100,4.542,20991200,4.542,21000200
2023-11-28,4.5773909999999995,21000100,4.536,20991200,4.536,21000200
2023-11-29,4.4764785,21000100,4.436,20991200,4.436,21000200
2023-11-30,4.427031374999999,21000100,4.387,20991200,4.387,21000200
2023-12-01,4.55115375,21000100,4.51,20991200,4.51,21000200
2023-12-02,4.735210739116668,21000100,4.666,20991200,4.666,21000200
2023-12-03,4.700070686008333,21000100,4.577,20991200,4.577,21000200
2023-12-04,4.876908762966667,21000100,4.738,20991200,4.738,21000200
2023-12-05,4.877800680041667,21000100,4.79,20991200,4.79,21000200
2023-12-06,4.852046530387501,21000100,4.743,20991200,4.743,21000200
2023-12-07,5.097154204012501,21000100,5.033,20991200,5.033,21000200
2023-12-08,5.357338634375,21000100,5.226,20991200,5.226,21000200
2023-12-09,5.3112411563558055,21000100,5.132,20991200,5.132,21000200
2023-12-10,5.3305744671875,21000100,5.155,20991200,5.155,21000200
2023-12-11,4.688302100533333,21000100,4.616,20991200,4.616,21000200
2023-12-12,4.7234177841500005,21000100,4.654,20991200,4.654,21000200
2023-12-13,4.814709859220834,21000100,4.727,20991200,4.727,21000200
2023-12-14,4.918718640791667,21000100,4.865,20991200,4.865,21000200
2023-12-15,4.925018483666666,21000100,4.81,20991200,4.81,21000200
2023-12-16,5.770421463866667,21000100,5.704,20991200,5.704,21000200
2023-12-17,5.403729271820833,21000100,5.287,20991200,5.287,21000200
2023-12-18,5.409764622383333,21000100,5.306,20991200,5.306,21000200
2023-12-19,5.176766152833334,21000100,5.11,20991200,5.11,21000200
2023-12-20,5.4093483612625,21000100,5.333,20991200,5.333,21000200
2023-12-21,5.659831678933333,21000100,5.504,20991200,5.504,21000200
2023-12-22,5.757505771817416,21000100,5.535,20991200,5.535,21000200
2023-12-23,5.8468567663625,21000100,5.649,20991200,5.649,21000200
2023-12-24,5.8885734575411535,21000100,5.642,20991200,5.642,21000200
2023-12-25,6.005657328833333,21000100,5.795,20991200,5.795,21000200
2023-12-26,6.0396072914806105,21000100,5.766,20991200,5.766,21000200
2023-12-27,6.232800341805774,21000100,5.937,20991200,5.937,21000200
2023-12-28,6.584040218202388,21000100,6.255,20991200,6.255,21000200
2023-12-29,6.047552311066667,21000100,5.816,20991200,5.816,21000200
2023-12-30,6.149621524391667,21000100,6.011,20991200,6.011,21000200
2023-12-31,7.193918236458333,21000100,6.925,20991200,6.925,21000200
2024-01-01,7.9673928018,21000100,7.577,20991200,7.577,21000200
2024-01-02,7.621367176404734,21000100,7.182,20991200,7.182,21000200
2024-01-03,6.486625422600001,21000100,6.288,20991200,6.288,21000200
2024-01-04,6.555276000000001,21000100,6.496,20991200,6.496,21000200
2024-01-05,6.207127875,21000100,6.151,20991200,6.151,21000200
2024-01-06,5.942737125000001,21000100,5.889,20991200,5.889,21000200
2024-01-07,5.670273375,21000100,5.619,20991200,5.619,21000200
2024-01-08,5.908426875000001,21000100,5.855,20991200,5.855,21000200
2024-01-09,5.539087125,21000100,5.489,20991200,5.489,21000200
2024-01-10,6.001266375,21000100,5.947,20991200,5.947,21000200
2024-01-11,6.519956625000001,21000100,6.461,20991200,6.461,21000200
2024-01-12,6.031540125,21000100,5.977,20991200,5.977,21000200
2024-01-13,6.086032875,21000100,6.031,20991200,6.031,21000200
2024-01-14,5.868061875,21000100,5.815,20991200,5.815,21000200
2024-01-15,5.980074750000001,21000100,5.926,20991200,5.926,21000200
2024-01-16,5.91145425,21000100,5.858,20991200,5.858,21000200
2024-01-17,5.843842875000001,21000100,5.791,20991200,5.791,21000200
2024-01-18,5.667246,21000100,5.616,20991200,5.616,21000200
2024-01-19,5.528995875000001,21000100,5.479,20991200,5.479,21000200
2024-01-20,5.566333500000001,21000100,5.516,20991200,5.516,21000200
2024-01-21,5.41496475,21000100,5.366,20991200,5.366,21000200
2024-01-22,5.095072125000001,21000100,5.049,20991200,5.049,21000200
2024-01-23,4.935630375000001,21000100,4.891,20991200,4.891,21000200
2024-01-24,5.054707125,21000100,5.009,20991200,5.009,21000200
2024-01-25,5.012323875,21000100,4.967,20991200,4.967,21000200
2024-01-26,5.223231,21000100,5.176,20991200,5.176,21000200
2024-01-27,5.3786362500000005,21000100,5.33,20991200,5.33,21000200
2024-01-28,5.246440875,21000100,5.199,20991200,5.199,21000200
2024-01-29,5.384691000000001,21000100,5.336,20991200,5.336,21000200
2024-01-30,5.2030484999999995,21000100,5.156,20991200,5.156,21000200
2024-01-31,5.004250874999999,21000100,4.959,20991200,4.959,21000200
2024-02-01,5.017369500000001,21000100,4.972,20991200,4.972,21000200
2024-02-02,5.091035625,21000100,5.045,20991200,5.045,21000200
2024-02-03,5.10819075,21000100,5.062,20991200,5.062,21000200
2024-02-04,4.970949750000001,21000100,4.926,20991200,4.926,21000200
2024-02-05,5.0415885000000005,21000100,4.996,20991200,4.996,21000200
2024-02-06,5.118282000000001,21000100,5.072,20991200,5.072,21000200
2024-02-07,5.234331375000001,21000100,5.187,20991200,5.187,21000200
2024-02-08,5.272678125,21000100,5.225,20991200,5.225,21000200
2024-02-09,5.52395025,21000100,5.474,20991200,5.474,21000200
2024-02-10,5.40285525,21000100,5.354,20991200,5.354,21000200
2024-02-11,5.359462875,21000100,5.311,20991200,5.311,21000200
2024-02-12,5.5057860000000005,21000100,5.456,20991200,5.456,21000200
2024-02-13,5.6106150860625,21000100,5.493,20991200,5.493,21000200
2024-02-14,5.721380568504167,21000100,5.597,20991200,5.597,21000200
2024-02-15,6.036778599224999,21000100,5.874,20991200,5.874,21000200
2024-02-16,5.970098466358333,21000100,5.794,20991200,5.794,21000200
2024-02-17,6.395189322625,21000100,6.217,20991200,6.217,21000200
2024-02-18,6.428844628999999,21000100,6.284,20991200,6.284,21000200
2024-02-19,7.632885026400001,21000100,7.408,20991200,7.408,21000200
2024-02-20,8.0482233827125,21000100,7.717,20991200,7.717,21000200
2024-02-21,7.3944496788750005,21000100,7.245,20991200,7.245,21000200
2024-02-22,8.221514320191666,21000100,8.078,20991200,8.078,21000200
2024-02-23,8.261076870899998,21000100,8.013,20991200,8.013,21000200
2024-02-24,8.290409893354168,21000100,8.095,20991200,8.095,21000200
2024-02-25,8.354999046875,21000100,8.125,20991200,8.125,21000200
2024-02-26,8.382152125533333,21000100,8.149,20991200,8.149,21000200
2024-02-27,8.036584788166667,21000100,7.672,20991200,7.672,21000200
2024-02-28,8.0750595396,21000100,7.717,20991200,7.717,21000200
2024-02-29,8.5889251035,21000100,8.155,20991200,8.155,21000200
2024-03-01,8.6658215148,21000100,8.208,20991200,8.208,21000200
2024-03-02,9.991644815177843,21000100,9.327,20991200,9.327,21000200
2024-03-03,11.323418646674854,21000100,10.53,20991200,10.53,21000200
2024-03-04,10.768035316833332,21000100,10.03,20991200,10.03,21000200
2024-03-05,9.619157062044756,21000100,8.885,20991200,8.885,21000200
2024-03-06,10.335542207749999,21000100,10.068,20991200,10.068,21000200
2024-03-07,10.429859280766667,21000100,9.938,20991200,9.938,21000200
2024-03-08,12.160927279250002,21000100,11.47,20991200,11.47,21000200
2024-03-09,12.023492356124999,21000100,11.07,20991200,11.07,21000200
2024-03-10,11.384819768429166,21000100,10.693,20991200,10.693,21000200
2024-03-11,11.818964787725,21000100,11.199,20991200,11.199,21000200
2024-03-12,11.5931505594,21000100,10.918,20991200,10.918,21000200
2024-03-13,11.232618670125,21000100,10.635,20991200,10.635,21000200
2024-03-14,11.051512358675001,21000100,10.518,20991200,10.518,21000200
2024-03-15,10.103289880499998,21000100,9.78,20991200,9.78,21000200
2024-03-16,9.0157220318,21000100,8.844,20991200,8.844,21000200
2024-03-17,9.345239776725,21000100,9.182,20991200,9.182,21000200
2024-03-18,9.054715373004166,21000100,8.879,20991200,8.879,21000200
2024-03-19,8.1357188932,21000100,8.004,20991200,8.004,21000200
2024-03-20,8.770262871983332,21000100,8.644,20991200,8.644,21000200
2024-03-21,9.194806373991668,21000100,9.029,20991200,9.029,21000200
2024-03-22,8.9397403924,21000100,8.732,20991200,8.732,21000200
2024-03-23,8.751495047225,21000100,8.633,20991200,8.633,21000200
2024-03-24,9.059824873029166,21000100,8.923,20991200,8.923,21000200
2024-03-25,9.527746106679166,21000100,9.383,20991200,9.383,21000200
2024-03-26,9.707845982,21000100,9.448,20991200,9.448,21000200
2024-03-27,9.454424056699999,21000100,9.132,20991200,9.132,21000200
2024-03-28,9.677408062629166,21000100,9.311,20991200,9.311,21000200
2024-03-29,10.041077286258334,21000100,9.658,20991200,9.658,21000200
2024-03-30,9.891836019066666,21000100,9.448,20991200,9.448,21000200
2024-03-31,10.428905129608335,21000100,9.971,20991200,9.971,21000200
2024-04-01,9.8135737893875,21000100,9.383,20991200,9.383,21000200
2024-04-02,8.675375127941667,21000100,8.582,20991200,8.582,21000200
2024-04-03,8.527216938808333,21000100,8.426,20991200,8.426,21000200
2024-04-04,8.755609257995832,21000100,8.639,20991200,8.639,21000200
2024-04-05,8.488139835,21000100,8.4,20991200,8.4,21000200
2024-04-06,8.710041205333331,21000100,8.588,20991200,8.588,21000200
2024-04-07,8.952904111666667,21000100,8.84,20991200,8.84,21000200
2024-04-08,9.509660697466666,21000100,9.316,20991200,9.316,21000200
2024-04-09,8.851329307770833,21000100,8.665,20991200,8.665,21000200
2024-04-10,8.607414448025,21000100,8.499,20991200,8.499,21000200
2024-04-11,8.141119276354168,21000100,8.057,20991200,8.057,21000200
2024-04-12,6.685169380399999,21000100,6.608,20991200,6.608,21000200
2024-04-13,5.77017675,21000100,5.718,20991200,5.718,21000200
2024-04-14,6.1807169006916665,21000100,6.149,20991200,6.149,21000200
2024-04-15,6.0561475431666665,21000100,6.002,20991200,6.002,21000200
2024-04-16,6.0927222180000005,21000100,6.072,20991200,6.072,21000200
2024-04-17,5.85476538735,21000100,5.841,20991200,5.841,21000200
2024-04-18,6.027321342,21000100,5.992,20991200,5.992,21000200
2024-04-19,6.191995697741667,21000100,6.143,20991200,6.143,21000200
2024-04-20,6.687430789187499,21000100,6.645,20991200,6.645,21000200
2024-04-21,6.512646594270834,21000100,6.475,20991200,6.475,21000200
2024-04-22,6.6007970655,21000100,6.567,20991200,6.567,21000200
2024-04-23,6.422857359800001,21000100,6.384,20991200,6.384,21000200
2024-04-24,6.084868927866667,21000100,6.046,20991200,6.046,21000200
2024-04-25,6.024212733583334,21000100,5.99,20991200,5.99,21000200
2024-04-26,6.019051677766667,21000100,6.004,20991200,6.004,21000200
2024-04-27,5.935890883333332,21000100,5.92,20991200,5.92,21000200
2024-04-28,5.950810125,21000100,5.897,20991200,5.897,21000200
2024-04-29,5.970285417333333,21000100,5.92,20991200,5.92,21000200
2024-04-30,5.637754460325,21000100,5.622,20991200,5.622,21000200
2024-05-01,5.740798053554166,21000100,5.713,20991200,5.713,21000200
2024-05-02,5.980074750000001,21000100,5.926,20991200,5.926,21000200
2024-05-03,6.09713325,21000100,6.042,20991200,6.042,21000200
2024-05-04,6.095126385950001,21000100,6.054,20991200,6.054,21000200
2024-05-05,6.2012650805875,21000100,6.153,20991200,6.153,21000200
2024-05-06,6.077264960999999,21000100,6.024,20991200,6.024,21000200
2024-05-07,5.82265125,21000100,5.77,20991200,5.77,21000200
2024-05-08,5.728690040391666,21000100,5.702,20991200,5.702,21000200
2024-05-09,5.957550261129166,21000100,5.917,20991200,5.917,21000200
2024-05-10,5.6550823582500005,21000100,5.62,20991200,5.62,21000200
2024-05-11,5.636768847937501,21000100,5.607,20991200,5.607,21000200
2024-05-12,5.643968365587499,21000100,5.603,20991200,5.603,21000200
2024-05-13,5.63967257125,21000100,5.601,20991200,5.601,21000200
2024-05-14,5.391071622658334,21000100,5.347,20991200,5.347,21000200
2024-05-15,5.81552735095,21000100,5.783,20991200,5.783,21000200
2024-05-16,5.80246875,21000100,5.75,20991200,5.75,21000200
2024-05-17,5.933655,21000100,5.88,20991200,5.88,21000200
2024-05-18,5.901363,21000100,5.848,20991200,5.848,21000200
2024-05-19,5.5980902689375,21000100,5.549,20991200,5.549,21000200
2024-05-20,6.1790354905125,21000100,6.171,20991200,6.171,21000200
2024-05-21,6.29694,21000100,6.24,20991200,6.24,21000200
2024-05-22,6.190780695508333,21000100,6.122,20991200,6.122,21000200
2024-05-23,5.861357013829167,21000100,5.797,20991200,5.797,21000200
2024-05-24,5.876134875000001,21000100,5.823,20991200,5.823,21000200
2024-05-25,6.063832125,21000100,6.009,20991200,6.009,21000200
2024-05-26,5.91145425,21000100,5.858,20991200,5.858,21000200
2024-05-27,6.1943319013541664,21000100,6.119,20991200,6.119,21000200
2024-05-28,6.003763377270833,21000100,5.945,20991200,5.945,21000200
2024-05-29,5.87989368845,21000100,5.788,20991200,5.788,21000200
2024-05-30,5.867521774016666,21000100,5.813,20991200,5.813,21000200
2024-05-31,5.799752094837499,21000100,5.737,20991200,5.737,21000200
2024-06-01,5.866265628333334,21000100,5.8,20991200,5.8,21000200
2024-06-02,5.901331311800001,21000100,5.812,20991200,5.812,21000200
2024-06-03,5.8627203735,21000100,5.79,20991200,5.79,21000200
2024-06-04,6.0379207083125,21000100,5.965,20991200,5.965,21000200
2024-06-05,6.212410417333333,21000100,6.08,20991200,6.08,21000200
2024-06-06,6.0672407918125,21000100,5.961,20991200,5.961,21000200
2024-06-07,6.2197982177333335,21000100,6.118,20991200,6.118,21000200
2024-06-08,6.108233625,21000100,6.053,20991200,6.053,21000200
2024-06-09,6.183918,21000100,6.128,20991200,6.128,21000200
2024-06-10,5.845861125000001,21000100,5.793,20991200,5.793,21000200
2024-06-11,5.432119875000001,21000100,5.383,20991200,5.383,21000200
2024-06-12,5.70559275,21000100,5.654,20991200,5.654,21000200
2024-06-13,5.432119875000001,21000100,5.383,20991200,5.383,21000200
2024-06-14,5.1364462500000005,21000100,5.09,20991200,5.09,21000200
2024-06-15,5.267638901379168,21000100,5.227,20991200,5.227,21000200
2024-06-16,5.287815,21000100,5.24,20991200,5.24,21000200
2024-06-17,4.970949750000001,21000100,4.926,20991200,4.926,21000200
2024-06-18,4.353460671316666,21000100,4.348,20991200,4.348,21000200
2024-06-19,4.448490008141666,21000100,4.438,20991200,4.438,21000200
2024-06-20,4.438004897625,21000100,4.407,20991200,4.407,21000200
2024-06-21,4.43813175,21000100,4.398,20991200,4.398,21000200
2024-06-22,4.416940125,21000100,4.377,20991200,4.377,21000200
2024-06-23,4.324100625000001,21000100,4.285,20991200,4.285,21000200
2024-06-24,4.425742511129166,21000100,4.397,20991200,4.397,21000200
2024-06-25,4.483542375,21000100,4.443,20991200,4.443,21000200
2024-06-26,4.435104375,21000100,4.395,20991200,4.395,21000200
2024-06-27,4.545099,21000100,4.504,20991200,4.504,21000200
2024-06-28,4.420976625000001,21000100,4.381,20991200,4.381,21000200
2024-06-29,4.386666375000001,21000100,4.347,20991200,4.347,21000200
2024-06-30,4.517852625000001,21000100,4.477,20991200,4.477,21000200
2024-07-01,4.36547475,21000100,4.326,20991200,4.326,21000200
2024-07-02,4.454352703033333,21000100,4.418,20991200,4.418,21000200
2024-07-03,4.139430750000001,21000100,4.102,20991200,4.102,21000200
2024-07-04,3.802342945983333,21000100,3.779,20991200,3.779,21000200
2024-07-05,3.527133394256285,21000100,3.54,20991200,3.54,21000200
2024-07-06,4.001324138,21000100,3.976,20991200,3.976,21000200
2024-07-07,3.6671602500000002,21000100,3.634,20991200,3.634,21000200
2024-07-08,3.824666097291667,21000100,3.815,20991200,3.815,21000200
2024-07-09,3.9365366649583335,21000100,3.91,20991200,3.91,21000200
2024-07-10,4.005217125,21000100,3.969,20991200,3.969,21000200
2024-07-11,4.111681489,21000100,4.08,20991200,4.08,21000200
2024-07-12,4.1398008090291665,21000100,4.121,20991200,4.121,21000200
2024-07-13,4.3059476523625,21000100,4.281,20991200,4.281,21000200
2024-07-14,4.299872404895834,21000100,4.271,20991200,4.271,21000200
2024-07-15,4.466853342,21000100,4.44,20991200,4.44,21000200
2024-07-16,4.573354500000001,21000100,4.532,20991200,4.532,21000200
2024-07-17,4.5935369999999995,21000100,4.552,20991200,4.552,21000200
2024-07-18,4.424004000000001,21000100,4.384,20991200,4.384,21000200
2024-07-19,4.68019050345,21000100,4.653,20991200,4.653,21000200
2024-07-20,4.7431349917875005,21000100,4.707,20991200,4.707,21000200
2024-07-21,4.809539937599999,21000100,4.776,20991200,4.776,21000200
2024-07-22,4.54386898725,21000100,4.506,20991200,4.506,21000200
2024-07-23,4.4805964237625,21000100,4.451,20991200,4.451,21000200
2024-07-24,4.303918125,21000100,4.265,20991200,4.265,21000200
2024-07-25,4.1926506663875,21000100,4.197,20991200,4.197,21000200
2024-07-26,4.6689288335,21000100,4.643,20991200,4.643,21000200
2024-07-27,4.61573775,21000100,4.574,20991200,4.574,21000200
2024-07-28,4.481524125,21000100,4.441,20991200,4.441,21000200
2024-07-29,4.471401999608333,21000100,4.439,20991200,4.439,21000200
2024-07-30,4.368502125,21000100,4.329,20991200,4.329,21000200
2024-07-31,4.219835899875,21000100,4.206,20991200,4.206,21000200
2024-08-01,4.193021894387499,21000100,4.161,20991200,4.161,21000200
2024-08-02,3.8910265555375005,21000100,3.869,20991200,3.869,21000200
2024-08-03,3.7184110431625,21000100,3.687,20991200,3.687,21000200
2024-08-04,3.5345213857916664,21000100,3.53,20991200,3.53,21000200
2024-08-05,3.2390913853749996,21000100,3.235,20991200,3.235,21000200
2024-08-06,3.4963756252208333,21000100,3.497,20991200,3.497,21000200
2024-08-07,3.369773815595834,21000100,3.353,20991200,3.353,21000200
2024-08-08,3.8557478449750002,21000100,3.831,20991200,3.831,21000200
2024-08-09,3.7924960730249997,21000100,3.762,20991200,3.762,21000200
2024-08-10,3.802060221333333,21000100,3.776,20991200,3.776,21000200
2024-08-11,3.481903676854167,21000100,3.487,20991200,3.487,21000200
2024-08-12,3.73631016455,21000100,3.732,20991200,3.732,21000200
2024-08-13,3.723456957666667,21000100,3.704,20991200,3.704,21000200
2024-08-14,3.5924139451125003,21000100,3.581,20991200,3.581,21000200
2024-08-15,3.5309283750000002,21000100,3.499,20991200,3.499,21000200
2024-08-16,3.504035930175,21000100,3.498,20991200,3.498,21000200
2024-08-17,3.5907953975500004,21000100,3.567,20991200,3.567,21000200
2024-08-18,3.5638169804249995,21000100,3.546,20991200,3.546,21000200
2024-08-19,3.646240521741667,21000100,3.622,20991200,3.622,21000200
2024-08-20,3.6736387625958336,21000100,3.649,20991200,3.649,21000200
2024-08-21,3.826602,21000100,3.792,20991200,3.792,21000200
2024-08-22,3.9736893056875,21000100,3.945,20991200,3.945,21000200
2024-08-23,4.249170239166666,21000100,4.225,20991200,4.225,21000200
2024-08-24,4.2606883431,21000100,4.242,20991200,4.242,21000200
2024-08-25,4.194932625,21000100,4.157,20991200,4.157,21000200
2024-08-26,3.9560146885874996,21000100,3.927,20991200,3.927,21000200
2024-08-27,3.7306156652625004,21000100,3.717,20991200,3.717,21000200
2024-08-28,3.641508525441666,21000100,3.643,20991200,3.643,21000200
2024-08-29,3.6397673849625,21000100,3.641,20991200,3.641,21000200
2024-08-30,3.6431012339166666,21000100,3.638,20991200,3.638,21000200
2024-08-31,3.595814003608333,21000100,3.566,20991200,3.566,21000200
2024-09-01,3.3672895572083332,21000100,3.358,20991200,3.358,21000200
2024-09-02,3.4673888228506087,21000100,3.488,20991200,3.488,21000200
2024-09-03,3.3546785183625003,21000100,3.351,20991200,3.351,21000200
2024-09-04,3.4044065163083337,21000100,3.391,20991200,3.391,21000200
2024-09-05,3.3650278077999998,21000100,3.356,20991200,3.356,21000200
2024-09-06,3.2931719964791664,21000100,3.271,20991200,3.271,21000200
2024-09-07,3.3464838507625,21000100,3.347,20991200,3.347,21000200
2024-09-08,3.428342324875,21000100,3.405,20991200,3.405,21000200
2024-09-09,3.6281408030833338,21000100,3.599,20991200,3.599,21000200
2024-09-10,3.6763624588625,21000100,3.657,20991200,3.657,21000200
2024-09-11,3.6279914850000003,21000100,3.6,20991200,3.6,21000200
2024-09-12,3.6764319148749998,21000100,3.655,20991200,3.655,21000200
2024-09-13,3.755386446116667,21000100,3.724,20991200,3.724,21000200
2024-09-14,3.67018735075,21000100,3.66,20991200,3.66,21000200
2024-09-15,3.443477467895833,21000100,3.445,20991200,3.445,21000200
2024-09-16,3.4000101040499997,21000100,3.412,20991200,3.412,21000200
2024-09-17,3.4457412940000003,21000100,3.462,20991200,3.462,21000200
2024-09-18,3.6107242101666666,21000100,3.614,20991200,3.614,21000200
2024-09-19,3.718625625,21000100,3.685,20991200,3.685,21000200
2024-09-20,3.809446875,21000100,3.775,20991200,3.775,21000200
2024-09-21,3.8982498750000003,21000100,3.863,20991200,3.863,21000200
2024-09-22,3.7430384715,21000100,3.72,20991200,3.72,21000200
2024-09-23,3.7779398273500004,21000100,3.757,20991200,3.757,21000200
2024-09-24,3.886792754616667,21000100,3.854,20991200,3.854,21000200
2024-09-25,3.974943375,21000100,3.939,20991200,3.939,21000200
2024-09-26,4.130219323333333,21000100,4.1,20991200,4.1,21000200
2024-09-27,4.233279375,21000100,4.195,20991200,4.195,21000200
2024-09-28,4.1616314999999995,21000100,4.124,20991200,4.124,21000200
2024-09-29,4.1182391250000006,21000100,4.081,20991200,4.081,21000200
2024-09-30,3.8395202314625005,21000100,3.809,20991200,3.809,21000200
2024-10-01,3.5686204980249996,21000100,3.553,20991200,3.553,21000200
2024-10-02,3.5213610318499997,21000100,3.534,20991200,3.534,21000200
2024-10-03,3.5609776265833335,21000100,3.572,20991200,3.572,21000200
2024-10-04,3.6334470822833334,21000100,3.644,20991200,3.644,21000200
2024-10-05,3.6385660697333333,21000100,3.613,20991200,3.613,21000200
2024-10-06,3.73174425,21000100,3.698,20991200,3.698,21000200
2024-10-07,3.74385375,21000100,3.71,20991200,3.71,21000200
2024-10-08,3.6590872500000002,21000100,3.626,20991200,3.626,21000200
2024-10-09,3.5309283750000002,21000100,3.499,20991200,3.499,21000200
2024-10-10,3.5435695764583333,21000100,3.535,20991200,3.535,21000200
2024-10-11,3.6078980970625,21000100,3.585,20991200,3.585,21000200
2024-10-12,3.6426795888708337,21000100,3.611,20991200,3.611,21000200
2024-10-13,3.586211523383333,21000100,3.566,20991200,3.566,21000200
2024-10-14,3.8814254036,21000100,3.856,20991200,3.856,21000200
2024-10-15,3.83669325,21000100,3.802,20991200,3.802,21000200
2024-10-16,3.78421875,21000100,3.75,20991200,3.75,21000200
2024-10-17,3.6695436353333335,21000100,3.64,20991200,3.64,21000200
2024-10-18,3.809446875,21000100,3.775,20991200,3.775,21000200
2024-10-19,3.8003647500000004,21000100,3.766,20991200,3.766,21000200
2024-10-20,4.019344875000001,21000100,3.983,20991200,3.983,21000200
2024-10-21,3.88513125,21000100,3.85,20991200,3.85,21000200
2024-10-22,3.8387115,21000100,3.804,20991200,3.804,21000200
2024-10-23,3.7256895000000005,21000100,3.692,20991200,3.692,21000200
2024-10-24,3.773118375,21000100,3.739,20991200,3.739,21000200
2024-10-25,3.470380875,21000100,3.439,20991200,3.439,21000200
2024-10-26,3.4441690827083336,21000100,3.467,20991200,3.467,21000200
2024-10-27,3.576051551070834,21000100,3.563,20991200,3.563,21000200
2024-10-28,3.6405102493999997,21000100,3.624,20991200,3.624,21000200
2024-10-29,3.7418355000000005,21000100,3.708,20991200,3.708,21000200
2024-10-30,3.756972375,21000100,3.723,20991200,3.723,21000200
2024-10-31,3.565238625,21000100,3.533,20991200,3.533,21000200
2024-11-01,3.500654625,21000100,3.469,20991200,3.469,21000200
2024-11-02,3.4612987500000005,21000100,3.43,20991200,3.43,21000200
2024-11-03,3.3516352351125,21000100,3.339,20991200,3.339,21000200
2024-11-04,3.2671581859500005,21000100,3.273,20991200,3.273,21000200
2024-11-05,3.4165136388625,21000100,3.389,20991200,3.389,21000200
2024-11-06,3.744862875,21000100,3.711,20991200,3.711,21000200
2024-11-07,3.805410375,21000100,3.771,20991200,3.771,21000200
2024-11-08,3.950724375,21000100,3.915,20991200,3.915,21000200
2024-11-09,4.090992750000001,21000100,4.054,20991200,4.054,21000200
2024-11-10,4.339633416416666,21000100,4.27,20991200,4.27,21000200
2024-11-11,4.4855060599375,21000100,4.415,20991200,4.415,21000200
2024-11-12,4.315565324327934,21000100,4.225,20991200,4.225,21000200
2024-11-13,4.1307779592125,21000100,4.079,20991200,4.079,21000200
2024-11-14,3.9187477071416663,21000100,3.859,20991200,3.859,21000200
2024-11-15,4.2423615,21000100,4.204,20991200,4.204,21000200
2024-11-16,4.79334375,21000100,4.75,20991200,4.75,21000200
2024-11-17,4.399185082950001,21000100,4.347,20991200,4.347,21000200
2024-11-18,4.60913280965,21000100,4.538,20991200,4.538,21000200
2024-11-19,4.497772889566667,21000100,4.436,20991200,4.436,21000200
2024-11-20,4.284744750000001,21000100,4.246,20991200,4.246,21000200
2024-11-21,4.576381875,21000100,4.535,20991200,4.535,21000200
2024-11-22,5.02853604905,21000100,4.938,20991200,4.938,21000200
2024-11-23,5.4672403778500005,21000100,5.374,20991200,5.374,21000200
2024-11-24,5.8231044187166665,21000100,5.726,20991200,5.726,21000200
2024-11-25,5.536079556029166,21000100,5.459,20991200,5.459,21000200
2024-11-26,5.5067718882916665,21000100,5.437,20991200,5.437,21000200
2024-11-27,5.9042359239166675,21000100,5.815,20991200,5.815,21000200
2024-11-28,5.921868619725,21000100,5.814,20991200,5.814,21000200
2024-11-29,6.2957844733,21000100,6.146,20991200,6.146,21000200
2024-11-30,7.220381282841667,21000100,7.081,20991200,7.081,21000200
2024-12-01,6.987810967875,21000100,6.87,20991200,6.87,21000200
2024-12-02,7.4845296656,21000100,7.288,20991200,7.288,21000200
2024-12-03,7.4949557585374995,21000100,7.313,20991200,7.313,21000200
2024-12-04,8.336977721342304,21000100,8.091,20991200,8.091,21000200
2024-12-05,7.944991443449687,21000100,7.699,20991200,7.699,21000200
2024-12-06,8.33324062155,21000100,8.082,20991200,8.082,21000200
2024-12-07,8.07662679525,21000100,7.83,20991200,7.83,21000200
2024-12-08,8.12762434315,21000100,7.878,20991200,7.878,21000200
2024-12-09,6.4294150236375,21000100,6.267,20991200,6.267,21000200
2024-12-10,6.256575000000001,21000100,6.2,20991200,6.2,21000200
2024-12-11,6.7409550000000005,21000100,6.68,20991200,6.68,21000200
2024-12-12,6.786262725,21000100,6.732,20991200,6.732,21000200
2024-12-13,6.81159375,21000100,6.75,20991200,6.75,21000200
2024-12-14,6.490692000000001,21000100,6.432,20991200,6.432,21000200
2024-12-15,6.798475125,21000100,6.737,20991200,6.737,21000200
2024-12-16,6.591604500000001,21000100,6.532,20991200,6.532,21000200
2024-12-17,6.345378,21000100,6.288,20991200,6.288,21000200
2024-12-18,5.6975197500000005,21000100,5.646,20991200,5.646,21000200
2024-12-19,5.1061308904125,21000100,5.083,20991200,5.083,21000200
2024-12-20,5.242405067900001,21000100,5.208,20991200,5.208,21000200
2024-12-21,4.961867625,21000100,4.917,20991200,4.917,21000200
2024-12-22,4.87407375,21000100,4.83,20991200,4.83,21000200
2024-12-23,5.217637169208333,21000100,5.195,20991200,5.195,21000200
2024-12-24,5.5098225,21000100,5.46,20991200,5.46,21000200
2024-12-25,5.3402895,21000100,5.292,20991200,5.292,21000200
2024-12-26,5.019629111866667,21000100,4.976,20991200,4.976,21000200
2024-12-27,4.963177229999999,21000100,4.95,20991200,4.95,21000200
2024-12-28,5.250213558666667,21000100,5.21,20991200,5.21,21000200
2024-12-29,4.99920525,21000100,4.954,20991200,4.954,21000200
2024-12-30,4.931784536354166,21000100,4.925,20991200,4.925,21000200
2024-12-31,4.993041845866667,21000100,4.952,20991200,4.952,21000200
2025-01-01,5.167729125000001,21000100,5.121,20991200,5.121,21000200
2025-01-02,5.353408125,21000100,5.305,20991200,5.305,21000200
2025-01-03,5.7156839999999995,21000100,5.664,20991200,5.664,21000200
2025-01-04,5.6904558750000005,21000100,5.639,20991200,5.639,21000200
2025-01-05,5.9649378749999995,21000100,5.911,20991200,5.911,21000200
2025-01-06,6.037594875,21000100,5.983,20991200,5.983,21000200
2025-01-07,5.397809625000001,21000100,5.349,20991200,5.349,21000200
2025-01-08,5.152829345554166,21000100,5.107,20991200,5.107,21000200
2025-01-09,5.059508097916666,21000100,5.05,20991200,5.05,21000200
2025-01-10,5.2412201611,21000100,5.208,20991200,5.208,21000200
2025-01-11,5.238820176712499,21000100,5.201,20991200,5.201,21000200
2025-01-12,5.132287537658334,21000100,5.086,20991200,5.086,21000200
2025-01-13,4.907549700816666,21000100,4.918,20991200,4.918,21000200
2025-01-14,5.212304165916666,21000100,5.21,20991200,5.21,21000200
2025-01-15,5.704583625,21000100,5.653,20991200,5.653,21000200
2025-01-16,5.666236875,21000100,5.615,20991200,5.615,21000200
2025-01-17,5.88319875,21000100,5.83,20991200,5.83,21000200
2025-01-18,5.480023741916666,21000100,5.444,20991200,5.444,21000200
2025-01-19,5.02342425,21000100,4.978,20991200,4.978,21000200
2025-01-20,5.150574000000001,21000100,5.104,20991200,5.104,21000200
2025-01-21,5.302951875,21000100,5.255,20991200,5.255,21000200
2025-01-22,5.045625,21000100,5.0,20991200,5.0,21000200
2025-01-23,5.107181625,21000100,5.061,20991200,5.061,21000200
2025-01-24,5.058743625,21000100,5.013,20991200,5.013,21000200
2025-01-25,5.026451625,21000100,4.981,20991200,4.981,21000200
2025-01-26,4.90232925,21000100,4.858,20991200,4.858,21000200
2025-01-27,4.663555581283334,21000100,4.657,20991200,4.657,21000200
2025-01-28,4.424004000000001,21000100,4.384,20991200,4.384,21000200
2025-01-29,4.5521628750000005,21000100,4.511,20991200,4.511,21000200
2025-01-30,4.846720200941667,21000100,4.807,20991200,4.807,21000200
2025-01-31,4.854900375000001,21000100,4.811,20991200,4.811,21000200
2025-02-01,4.40987625,21000100,4.37,20991200,4.37,21000200
2025-02-02,3.60417852,21000100,3.6,20991200,3.6,21000200
2025-02-03,3.4612499643129313,21000100,3.505,20991200,3.505,21000200
2025-02-04,3.3351532846500005,21000100,3.333,20991200,3.333,21000200
2025-02-05,3.2628695130000005,21000100,3.24,20991200,3.24,21000200
2025-02-06,3.1307587130916663,21000100,3.118,20991200,3.118,21000200
2025-02-07,3.1869026659166666,21000100,3.185,20991200,3.185,21000200
2025-02-08,3.3009554673333334,21000100,3.302,20991200,3.302,21000200
2025-02-09,3.3381855,21000100,3.308,20991200,3.308,21000200
2025-02-10,3.4468771283291666,21000100,3.427,20991200,3.427,21000200
2025-02-11,3.3422464932,21000100,3.336,20991200,3.336,21000200
2025-02-12,3.4867456688124996,21000100,3.477,20991200,3.477,21000200
2025-02-13,3.4263414320041665,21000100,3.401,20991200,3.401,21000200
2025-02-14,3.547494877983333,21000100,3.526,20991200,3.526,21000200
2025-02-15,3.425265872825,21000100,3.414,20991200,3.414,21000200
2025-02-16,3.36576452055,21000100,3.396,20991200,3.396,21000200
2025-02-17,3.447117980158333,21000100,3.434,20991200,3.434,21000200
2025-02-18,3.1875497437,21000100,3.228,20991200,3.228,21000200
2025-02-19,3.331035429375,21000100,3.323,20991200,3.323,21000200
2025-02-20,3.5238645,21000100,3.492,20991200,3.492,21000200
2025-02-21,3.349285875,21000100,3.319,20991200,3.319,21000200
2025-02-22,3.4503607899,21000100,3.431,20991200,3.431,21000200
2025-02-23,3.4421253750000003,21000100,3.411,20991200,3.411,21000200
2025-02-24,2.9950056840916663,21000100,3.014,20991200,3.014,21000200
2025-02-25,3.102925575166667,21000100,3.14,20991200,3.14,21000200
2025-02-26,3.1491757440125,21000100,3.147,20991200,3.147,21000200
2025-02-27,3.290756625,21000100,3.261,20991200,3.261,21000200
2025-02-28,3.2512877698124996,21000100,3.249,20991200,3.249,21000200
2025-03-01,3.2705741250000004,21000100,3.241,20991200,3.241,21000200
2025-03-02,3.5959437013500004,21000100,3.564,20991200,3.564,21000200
2025-03-03,3.08184377475,21000100,3.068,20991200,3.068,21000200
2025-03-04,2.9934187754166666,21000100,3.014,20991200,3.014,21000200
2025-03-05,3.1498660317000002,21000100,3.134,20991200,3.134,21000200
2025-03-06,3.1114587724374996,21000100,3.085,20991200,3.085,21000200
2025-03-07,3.1357263001499995,21000100,3.114,20991200,3.114,21000200
2025-03-08,3.086189546475,21000100,3.101,20991200,3.101,21000200
2025-03-09,2.752390901481259,21000100,2.785,20991200,2.785,21000200
2025-03-10,2.6399186544166664,21000100,2.642,20991200,2.642,21000200
2025-03-11,2.7300432408083335,21000100,2.741,20991200,2.741,21000200
2025-03-12,2.8092795799249997,21000100,2.787,20991200,2.787,21000200
2025-03-13,2.772066375,21000100,2.747,20991200,2.747,21000200
2025-03-14,2.9090486858125004,21000100,2.883,20991200,2.883,21000200
2025-03-15,2.960971862070833,21000100,2.947,20991200,2.947,21000200
2025-03-16,2.8471422887833335,21000100,2.833,20991200,2.833,21000200
2025-03-17,3.03592640855,21000100,3.021,20991200,3.021,21000200
2025-03-18,2.9390701059375,21000100,2.923,20991200,2.923,21000200
2025-03-19,3.101040122475,21000100,3.086,20991200,3.086,21000200
2025-03-20,3.07156750395,21000100,3.047,20991200,3.047,21000200
2025-03-21,2.9246442147,21000100,2.916,20991200,2.916,21000200
2025-03-22,3.012678920270833,21000100,2.989,20991200,2.989,21000200
2025-03-23,3.0311370947916663,21000100,3.025,20991200,3.025,21000200
2025-03-24,3.1490281514999996,21000100,3.127,20991200,3.127,21000200
2025-03-25,3.153187926833333,21000100,3.13,20991200,3.13,21000200
2025-03-26,3.049656951458333,21000100,3.025,20991200,3.025,21000200
2025-03-27,3.04501394275,21000100,3.02,20991200,3.02,21000200
2025-03-28,2.8222689448250002,21000100,2.827,20991200,2.827,21000200
2025-03-29,2.7237578664291666,21000100,2.743,20991200,2.743,21000200
2025-03-30,2.7472782450958335,21000100,2.753,20991200,2.753,21000200
2025-03-31,2.7772564176,21000100,2.776,20991200,2.776,21000200
2025-04-01,2.8518704214333335,21000100,2.836,20991200,2.836,21000200
2025-04-02,2.7128904035,21000100,2.699,20991200,2.699,21000200
2025-04-03,2.745405947375,21000100,2.73,20991200,2.73,21000200
2025-04-04,2.755552812979167,21000100,2.765,20991200,2.765,21000200
2025-04-05,2.707113957625,21000100,2.695,20991200,2.695,21000200
2025-04-06,2.3924097270416667,21000100,2.374,20991200,2.374,21000200
2025-04-07,2.3724937437333335,21000100,2.368,20991200,2.368,21000200
2025-04-08,2.2674135666166664,21000100,2.263,20991200,2.263,21000200
2025-04-09,2.4835917868708335,21000100,2.473,20991200,2.473,21000200
2025-04-10,2.3645329699,21000100,2.346,20991200,2.346,21000200
2025-04-11,2.461626255716667,21000100,2.452,20991200,2.452,21000200
2025-04-12,2.577447584,21000100,2.56,20991200,2.56,21000200
2025-04-13,2.5113240270999997,21000100,2.492,20991200,2.492,21000200
2025-04-14,2.5406527652916666,21000100,2.53,20991200,2.53,21000200
2025-04-15,2.414160802575,21000100,2.414,20991200,2.414,21000200
2025-04-16,2.3901621284583334,21000100,2.386,20991200,2.386,21000200
2025-04-17,2.3898919833916663,21000100,2.381,20991200,2.381,21000200
2025-04-18,2.465759412370833,21000100,2.453,20991200,2.453,21000200
2025-04-19,2.6600535,21000100,2.636,20991200,2.636,21000200
2025-04-20,2.671153875,21000100,2.647,20991200,2.647,21000200
2025-04-21,2.6317980000000003,21000100,2.608,20991200,2.608,21000200
2025-04-22,2.6870405434666664,21000100,2.711,20991200,2.711,21000200
2025-04-23,2.8115814522625,21000100,2.789,20991200,2.789,21000200
2025-04-24,2.88407925,21000100,2.858,20991200,2.858,21000200
2025-04-25,2.8762797264416666,21000100,2.857,20991200,2.857,21000200
2025-04-26,2.8860975,21000100,2.86,20991200,2.86,21000200
2025-04-27,2.703073080066667,21000100,2.704,20991200,2.704,21000200
2025-04-28,2.7725616183125004,21000100,2.765,20991200,2.765,21000200
2025-04-29,2.763993375,21000100,2.739,20991200,2.739,21000200
2025-04-30,2.7751612780291666,21000100,2.767,20991200,2.767,21000200
2025-05-01,2.848654256083333,21000100,2.839,20991200,2.839,21000200
2025-05-02,2.8145974767750004,21000100,2.802,20991200,2.802,21000200
2025-05-03,2.6509108360666667,21000100,2.648,20991200,2.648,21000200
2025-05-04,2.60737277325,21000100,2.628,20991200,2.628,21000200
2025-05-05,2.607811286625,21000100,2.61,20991200,2.61,21000200
2025-05-06,2.5822920854499998,21000100,2.586,20991200,2.586,21000200
2025-05-07,2.6042771540333334,21000100,2.584,20991200,2.584,21000200
2025-05-08,2.955727125,21000100,2.929,20991200,2.929,21000200
2025-05-09,3.04957575,21000100,3.022,20991200,3.022,21000200
2025-05-10,3.272592375,21000100,3.243,20991200,3.243,21000200
2025-05-11,3.161500836,21000100,3.14,20991200,3.14,21000200
2025-05-12,3.16663425,21000100,3.138,20991200,3.138,21000200
2025-05-13,3.2467290033916663,21000100,3.218,20991200,3.218,21000200
2025-05-14,3.0669248677333334,21000100,3.049,20991200,3.049,21000200
2025-05-15,2.936087344125,21000100,2.935,20991200,2.935,21000200
2025-05-16,2.89718637755,21000100,2.876,20991200,2.876,21000200
2025-05-17,2.8004064938208333,21000100,2.783,20991200,2.783,21000200
2025-05-18,2.915334175770833,21000100,2.911,20991200,2.911,21000200
2025-05-19,2.8740234255500003,21000100,2.859,20991200,2.859,21000200
2025-05-20,2.8882514333458333,21000100,2.863,20991200,2.863,21000200
2025-05-21,2.9688457500000003,21000100,2.942,20991200,2.942,21000200
2025-05-22,3.1131506250000003,21000100,3.085,20991200,3.085,21000200
2025-05-23,2.8699515,21000100,2.844,20991200,2.844,21000200
2025-05-24,2.8226865881875,21000100,2.823,20991200,2.823,21000200
2025-05-25,2.7972420311125004,21000100,2.813,20991200,2.813,21000200
2025-05-26,2.7999553389666665,21000100,2.788,20991200,2.788,21000200
2025-05-27,2.899469927475,21000100,2.882,20991200,2.882,21000200
2025-05-28,2.8860296464999995,21000100,2.86,20991200,2.86,21000200
2025-05-29,2.7836354885249994,21000100,2.763,20991200,2.763,21000200
2025-05-30,2.4939032445,21000100,2.51,20991200,2.51,21000200
2025-05-31,2.5760216561166667,21000100,2.594,20991200,2.594,21000200
2025-06-01,2.5548822066,21000100,2.568,20991200,2.568,21000200
2025-06-02,2.658744989041667,21000100,2.641,20991200,2.641,21000200
2025-06-03,2.64996225,21000100,2.626,20991200,2.626,21000200
2025-06-04,2.5839048583833333,21000100,2.561,20991200,2.561,21000200
2025-06-05,2.3760340207999997,21000100,2.364,20991200,2.364,21000200
2025-06-06,2.3833878934249997,21000100,2.409,20991200,2.409,21000200
2025-06-07,2.5276049778,21000100,2.506,20991200,2.506,21000200
2025-06-08,2.506293021191667,21000100,2.486,20991200,2.486,21000200
2025-06-09,2.62066134915,21000100,2.601,20991200,2.601,21000200
2025-06-10,2.75491125,21000100,2.73,20991200,2.73,21000200
2025-06-11,2.713537125,21000100,2.689,20991200,2.689,21000200
2025-06-12,2.512871393975,21000100,2.503,20991200,2.503,21000200
2025-06-13,2.4362705426,21000100,2.458,20991200,2.458,21000200
2025-06-14,2.4256426683166668,21000100,2.417,20991200,2.417,21000200
2025-06-15,2.431747153916666,21000100,2.42,20991200,2.42,21000200
2025-06-16,2.4803468576875,21000100,2.463,20991200,2.463,21000200
2025-06-17,2.4060303955999998,21000100,2.392,20991200,2.392,21000200
2025-06-18,2.3779494950499998,21000100,2.388,20991200,2.388,21000200
2025-06-19,2.357068679,21000100,2.344,20991200,2.344,21000200
2025-06-20,2.2593550728416667,21000100,2.258,20991200,2.258,21000200
2025-06-21,2.186298764879167,21000100,2.189,20991200,2.189,21000200
2025-06-22,2.0477598197166667,21000100,2.066,20991200,2.066,21000200
2025-06-23,2.241631080375,21000100,2.253,20991200,2.253,21000200
2025-06-24,2.3179601250000004,21000100,2.297,20991200,2.297,21000200
2025-06-25,2.2678395546,21000100,2.252,20991200,2.252,21000200
2025-06-26,2.2109845549458336,21000100,2.197,20991200,2.197,21000200
2025-06-27,2.204125571375,21000100,2.21,20991200,2.21,21000200
2025-06-28,2.27591169035,21000100,2.267,20991200,2.267,21000200
2025-06-29,2.406157445358333,21000100,2.387,20991200,2.387,21000200
2025-06-30,2.311281480833333,21000100,2.3,20991200,2.3,21000200
2025-07-01,2.200313122925,21000100,2.201,20991200,2.201,21000200
2025-07-02,2.378230542325,21000100,2.371,20991200,2.371,21000200
2025-07-03,2.418872625,21000100,2.397,20991200,2.397,21000200
2025-07-04,2.2744683248000004,21000100,2.261,20991200,2.261,21000200
2025-07-05,2.2399821428499997,21000100,2.251,20991200,2.251,21000200
2025-07-06,2.3044435498166664,21000100,2.291,20991200,2.291,21000200
2025-07-07,2.297777625,21000100,2.277,20991200,2.277,21000200
2025-07-08,2.324388861633333,21000100,2.312,20991200,2.312,21000200
2025-07-09,2.4602467500000005,21000100,2.438,20991200,2.438,21000200
2025-07-10,2.612624625,21000100,2.589,20991200,2.589,21000200
2025-07-11,2.5853782499999998,21000100,2.562,20991200,2.562,21000200
2025-07-12,2.55712275,21000100,2.534,20991200,2.534,21000200
2025-07-13,2.5823508750000004,21000100,2.559,20991200,2.559,21000200
2025-07-14,2.596478625,21000100,2.573,20991200,2.573,21000200
2025-07-15,2.669135625,21000100,2.645,20991200,2.645,21000200
2025-07-16,2.6761995,21000100,2.652,20991200,2.652,21000200
2025-07-17,2.731701375,21000100,2.707,20991200,2.707,21000200
2025-07-18,2.77913025,21000100,2.754,20991200,2.754,21000200
2025-07-19,2.82756825,21000100,2.802,20991200,2.802,21000200
2025-07-20,2.915362125,21000100,2.889,20991200,2.889,21000200
2025-07-21,2.946645,21000100,2.92,20991200,2.92,21000200
2025-07-22,2.9607727500000003,21000100,2.934,20991200,2.934,21000200
2025-07-23,2.6646408580000003,21000100,2.64,20991200,2.64,21000200
2025-07-24,2.60556075,21000100,2.582,20991200,2.582,21000200
2025-07-25,2.67418125,21000100,2.65,20991200,2.65,21000200
2025-07-26,2.6883090000000003,21000100,2.664,20991200,2.664,21000200
2025-07-27,2.7831667500000004,21000100,2.758,20991200,2.758,21000200
2025-07-28,2.62977975,21000100,2.606,20991200,2.606,21000200
2025-07-29,2.5924421250000003,21000100,2.569,20991200,2.569,21000200
2025-07-30,2.4955165255125,21000100,2.491,20991200,2.491,21000200
2025-07-31,2.4015404635416666,21000100,2.39,20991200,2.39,21000200
2025-08-01,2.2985859470625,21000100,2.295,20991200,2.295,21000200
2025-08-02,2.2818213371250002,21000100,2.27,20991200,2.27,21000200
2025-08-03,2.346941629758333,21000100,2.342,20991200,2.342,21000200
2025-08-04,2.43694022895,21000100,2.426,20991200,2.426,21000200
2025-08-05,2.3522703750000002,21000100,2.331,20991200,2.331,21000200
2025-08-06,2.3963418074666665,21000100,2.377,20991200,2.377,21000200
2025-08-07,2.510703,21000100,2.488,20991200,2.488,21000200
2025-08-08,2.5682231250000003,21000100,2.545,20991200,2.545,21000200
2025-08-09,2.65399875,21000100,2.63,20991200,2.63,21000200
2025-08-10,2.6469348750000004,21000100,2.623,20991200,2.623,21000200
2025-08-11,2.4905205,21000100,2.468,20991200,2.468,21000200
2025-08-12,2.652190844166667,21000100,2.63,20991200,2.63,21000200
2025-08-13,2.75894775,21000100,2.734,20991200,2.734,21000200
2025-08-14,2.5268490000000003,21000100,2.504,20991200,2.504,21000200
2025-08-15,2.4750816141333334,21000100,2.464,20991200,2.464,21000200
2025-08-16,2.55308625,21000100,2.53,20991200,2.53,21000200
2025-08-17,2.58134175,21000100,2.558,20991200,2.558,21000200
2025-08-18,2.4736521113125,21000100,2.467,20991200,2.467,21000200
2025-08-19,2.3724341531250004,21000100,2.358,20991200,2.358,21000200
2025-08-20,2.4458815685833333,21000100,2.435,20991200,2.435,21000200
2025-08-21,2.4079533543,21000100,2.392,20991200,2.392,21000200
2025-08-22,2.597093243145834,21000100,2.579,20991200,2.579,21000200
2025-08-23,2.5500588750000004,21000100,2.527,20991200,2.527,21000200
2025-08-24,2.4458056007291664,21000100,2.425,20991200,2.425,21000200
2025-08-25,2.1789675533041666,21000100,2.183,20991200,2.183,21000200
2025-08-26,2.3147553797666665,21000100,2.324,20991200,2.324,21000200
2025-08-27,2.3221165438833338,21000100,2.309,20991200,2.309,21000200
2025-08-28,2.40373575,21000100,2.382,20991200,2.382,21000200
2025-08-29,2.2811653474958336,21000100,2.269,20991200,2.269,21000200
2025-08-30,2.297019050375,21000100,2.29,20991200,2.29,21000200
2025-08-31,2.2833670985999994,21000100,2.268,20991200,2.268,21000200
2025-09-01,2.2817681531250003,21000100,2.285,20991200,2.285,21000200
2025-09-02,2.25972800865,21000100,2.268,20991200,2.268,21000200
2025-09-03,2.3421401888875,21000100,2.329,20991200,2.329,21000200
2025-09-04,2.2783096326249996,21000100,2.262,20991200,2.262,21000200
2025-09-05,2.351779639270833,21000100,2.345,20991200,2.345,21000200
2025-09-06,2.346215625,21000100,2.325,20991200,2.325,21000200
2025-09-07,2.4130448348791664,21000100,2.393,20991200,2.393,21000200
2025-09-08,2.4573989318625,21000100,2.439,20991200,2.439,21000200
2025-09-09,2.473365375,21000100,2.451,20991200,2.451,21000200
2025-09-10,2.5147395,21000100,2.492,20991200,2.492,21000200
2025-09-11,2.5591410000000003,21000100,2.536,20991200,2.536,21000200
2025-09-12,2.5843691250000003,21000100,2.561,20991200,2.561,21000200
2025-09-13,2.644916625,21000100,2.621,20991200,2.621,21000200
2025-09-14,2.5343710441291667,21000100,2.513,20991200,2.513,21000200
2025-09-15,2.4261633917958334,21000100,2.411,20991200,2.411,21000200
2025-09-16,2.5704045930625,21000100,2.557,20991200,2.557,21000200
2025-09-17,2.578828501608333,21000100,2.569,20991200,2.569,21000200
2025-09-18,2.6005151250000003,21000100,2.577,20991200,2.577,21000200
2025-09-19,2.467310625,21000100,2.445,20991200,2.445,21000200
2025-09-20,2.4465095629041667,21000100,2.443,20991200,2.443,21000200
2025-09-21,2.4161003990625,21000100,2.395,20991200,2.395,21000200
2025-09-22,2.2482633713411526,21000100,2.259,20991200,2.259,21000200
2025-09-23,2.233439357779167,21000100,2.237,20991200,2.237,21000200
2025-09-24,2.242839679166667,21000100,2.225,20991200,2.225,21000200
2025-09-25,2.1159990722,21000100,2.119,20991200,2.119,21000200
2025-09-26,2.1939211787875,21000100,2.193,20991200,2.193,21000200
2025-09-27,2.1897376640166666,21000100,2.188,20991200,2.188,21000200
2025-09-28,2.218473145495833,21000100,2.213,20991200,2.213,21000200
2025-09-29,2.2230999959999997,21000100,2.21,20991200,2.21,21000200
2025-09-30,2.1806578640249996,21000100,2.187,20991200,2.187,21000200
2025-10-01,2.315941875,21000100,2.295,20991200,2.295,21000200
2025-10-02,2.4035938278,21000100,2.384,20991200,2.384,21000200
2025-10-03,2.41180875,21000100,2.39,20991200,2.39,21000200
2025-10-04,2.3306673288333335,21000100,2.312,20991200,2.312,21000200
2025-10-05,2.3436596444166664,21000100,2.33,20991200,2.33,21000200
2025-10-06,2.4268436289333337,21000100,2.407,20991200,2.407,21000200
2025-10-07,2.299795875,21000100,2.279,20991200,2.279,21000200
2025-10-08,2.379034599791667,21000100,2.365,20991200,2.365,21000200
2025-10-09,2.3177763745708337,21000100,2.297,20991200,2.297,21000200
2025-10-10,1.6832205,21000100,1.668,20991200,1.668,21000200
2025-10-11,1.562738523125,21000100,1.563,20991200,1.563,21000200
2025-10-12,1.6462355943573252,21000100,1.657,20991200,1.657,21000200
2025-10-13,1.7295967728000001,21000100,1.728,20991200,1.728,21000200
2025-10-14,1.6717066757999999,21000100,1.674,20991200,1.674,21000200
2025-10-15,1.6140337434,21000100,1.602,20991200,1.602,21000200
2025-10-16,1.4883646388625003,21000100,1.491,20991200,1.491,21000200
2025-10-17,1.4544923997,21000100,1.464,20991200,1.464,21000200
2025-10-18,1.4848989384541667,21000100,1.493,20991200,1.493,21000200
2025-10-19,1.5413047551999999,21000100,1.532,20991200,1.532,21000200
2025-10-20,1.5881867798999998,21000100,1.579,20991200,1.579,21000200
2025-10-21,1.553859021,21000100,1.56,20991200,1.56,21000200
2025-10-22,1.520616595575,21000100,1.518,20991200,1.518,21000200
2025-10-23,1.5634133534166668,21000100,1.555,20991200,1.555,21000200
2025-10-24,1.5741069184875,21000100,1.569,20991200,1.569,21000200
2025-10-25,1.5719801625458334,21000100,1.559,20991200,1.559,21000200
2025-10-26,1.6622285507333332,21000100,1.652,20991200,1.652,21000200
2025-10-27,1.653955875,21000100,1.639,20991200,1.639,21000200
2025-10-28,1.5628645014666667,21000100,1.556,20991200,1.556,21000200
2025-10-29,1.583751056475,21000100,1.582,20991200,1.582,21000200
2025-10-30,1.451534181625,21000100,1.462,20991200,1.462,21000200
2025-10-31,1.5074855305625,21000100,1.515,20991200,1.515,21000200
2025-11-01,1.6827939465416666,21000100,1.67,20991200,1.67,21000200
2025-11-02,1.6747205173416668,21000100,1.666,20991200,1.666,21000200
2025-11-03,1.4235915230601033,21000100,1.44,20991200,1.44,21000200
2025-11-04,1.339700938512831,21000100,1.366,20991200,1.366,21000200
2025-11-05,1.3627527752209199,21000100,1.397,20991200,1.397,21000200
2025-11-06,1.8380416418789713,21000100,1.891,20991200,1.891,21000200
2025-11-07,3.001727355493617,21000100,3.374,20991200,3.374,21000200
2025-11-08,2.9717615151666665,21000100,2.956,20991200,2.956,21000200
2025-11-09,2.8063766250000004,21000100,2.781,20991200,2.781,21000200
2025-11-10,2.5773052499999998,21000100,2.554,20991200,2.554,21000200
2025-11-11,2.247321375,21000100,2.227,20991200,2.227,21000200
2025-11-12,2.2144875201000005,21000100,2.196,20991200,2.196,21000200
2025-11-13,2.0819470109750005,21000100,2.067,20991200,2.067,21000200
2025-11-14,2.0091628964500003,21000100,1.996,20991200,1.996,21000200
2025-11-15,2.0334946966666667,21000100,2.033,20991200,2.033,21000200
2025-11-16,1.95766765145,21000100,1.959,20991200,1.959,21000200
2025-11-17,2.03395732405,21000100,2.019,20991200,2.019,21000200
2025-11-18,1.9415170283541667,21000100,1.985,20991200,1.985,21000200
2025-11-19,1.8771311121666665,21000100,1.88,20991200,1.88,21000200
2025-11-20,1.8366075000000002,21000100,1.82,20991200,1.82,21000200
2025-11-21,1.67312925,21000100,1.658,20991200,1.658,21000200
2025-11-22,1.6192770029416665,21000100,1.613,20991200,1.613,21000200
2025-11-23,1.6117477690416666,21000100,1.61,20991200,1.61,21000200
2025-11-24,1.6383500790125,21000100,1.641,20991200,1.641,21000200
2025-11-25,1.663424479375,21000100,1.67,20991200,1.67,21000200
2025-11-26,1.6702422885,21000100,1.674,20991200,1.674,21000200
2025-11-27,1.6185938325833333,21000100,1.615,20991200,1.615,21000200
2025-11-28,1.6188253336,21000100,1.616,20991200,1.616,21000200
2025-11-29,1.6037060146333335,21000100,1.603,20991200,1.603,21000200
2025-11-30,1.571973189625,21000100,1.569,20991200,1.569,21000200
2025-12-01,1.4615013011666667,21000100,1.48,20991200,1.48,21000200
2025-12-02,1.5402665497374999,21000100,1.531,20991200,1.531,21000200
2025-12-03,1.6104066996500002,21000100,1.596,20991200,1.596,21000200
2025-12-04,1.5570798750000001,21000100,1.543,20991200,1.543,21000200
2025-12-05,1.4823587701999998,21000100,1.484,20991200,1.484,21000200
2025-12-06,1.4758290818333333,21000100,1.49,20991200,1.49,21000200
2025-12-07,1.4364298124291668,21000100,1.453,20991200,1.453,21000200
2025-12-08,1.5036834579374998,21000100,1.503,20991200,1.503,21000200
2025-12-09,1.5516686427,21000100,1.544,20991200,1.544,21000200
2025-12-10,1.4655708189375003,21000100,1.465,20991200,1.465,21000200
2025-12-11,1.336152896,21000100,1.378,20991200,1.378,21000200
2025-12-12,1.2984752144,21000100,1.344,20991200,1.344,21000200
2025-12-13,1.3098032817541667,21000100,1.349,20991200,1.349,21000200
2025-12-14,1.283860907925,21000100,1.314,20991200,1.314,21000200
2025-12-15,1.2284945242499998,21000100,1.263,20991200,1.263,21000200
2025-12-16,1.2831045566625,21000100,1.287,20991200,1.287,21000200
2025-12-17,1.2153834888,21000100,1.224,20991200,1.224,21000200
2025-12-18,1.1547467849666666,21000100,1.186,20991200,1.186,21000200
2025-12-19,1.2963867585,21000100,1.308,20991200,1.308,21000200
2025-12-20,1.3734681200333336,21000100,1.372,20991200,1.372,21000200
2025-12-21,1.2579254297166667,21000100,1.277,20991200,1.277,21000200
2025-12-22,1.2832325891,21000100,1.298,20991200,1.298,21000200
2025-12-23,1.2911999389166668,21000100,1.31,20991200,1.31,21000200
2025-12-24,1.2478820980416667,21000100,1.27,20991200,1.27,21000200
2025-12-25,1.22267057425,21000100,1.212,20991200,1.212,21000200
2025-12-26,1.22538917615,21000100,1.226,20991200,1.226,21000200
2025-12-27,1.3234420677333334,21000100,1.316,20991200,1.316,21000200
2025-12-28,1.3409525780249998,21000100,1.333,20991200,1.333,21000200
2025-12-29,1.2885154246375,21000100,1.317,20991200,1.317,21000200
2025-12-30,1.3059817656625001,21000100,1.321,20991200,1.321,21000200
2025-12-31,1.2757381979375,21000100,1.297,20991200,1.297,21000200
2026-01-01,1.49322311565,21000100,1.484,20991200,1.484,21000200
2026-01-02,1.5032364881333333,21000100,1.504,20991200,1.504,21000200
2026-01-03,1.4810067450666666,21000100,1.492,20991200,1.492,21000200
2026-01-04,1.4505138955999999,21000100,1.492,20991200,1.492,21000200
2026-01-05,1.5510343528041666,21000100,1.567,20991200,1.567,21000200
2026-01-06,1.5857038792,21000100,1.591,20991200,1.591,21000200
2026-01-07,1.52143800435,21000100,1.518,20991200,1.518,21000200
2026-01-08,1.5064205230208334,21000100,1.495,20991200,1.495,21000200
2026-01-09,1.4937403258,21000100,1.488,20991200,1.488,21000200
2026-01-10,1.486520214,21000100,1.48,20991200,1.48,21000200
2026-01-11,1.4628780550625,21000100,1.455,20991200,1.455,21000200
2026-01-12,1.4456725394166667,21000100,1.46,20991200,1.46,21000200
2026-01-13,1.5773796172666668,21000100,1.576,20991200,1.576,21000200
2026-01-14,1.603499625,21000100,1.589,20991200,1.589,21000200
2026-01-15,1.484356588025,21000100,1.502,20991200,1.502,21000200
2026-01-16,1.4939404620583332,21000100,1.519,20991200,1.519,21000200
2026-01-17,1.5562157260624998,21000100,1.549,20991200,1.549,21000200
2026-01-18,1.4480436029,21000100,1.448,20991200,1.448,21000200
2026-01-19,1.3517190671,21000100,1.382,20991200,1.382,21000200
2026-01-20,1.3076024762083334,21000100,1.31,20991200,1.31,21000200
2026-01-21,1.3565607379833333,21000100,1.348,20991200,1.348,21000200
2026-01-22,1.3075475515750001,21000100,1.318,20991200,1.318,21000200
2026-01-23,1.2976187267875,21000100,1.311,20991200,1.311,21000200
2026-01-24,1.3218160443,21000100,1.314,20991200,1.314,21000200
2026-01-25,1.2278187979875,21000100,1.251,20991200,1.251,21000200
2026-01-26,1.2663702904416665,21000100,1.267,20991200,1.267,21000200
2026-01-27,1.2624195054791665,21000100,1.271,20991200,1.271,21000200
2026-01-28,1.2758146666666668,21000100,1.28,20991200,1.28,21000200
2026-01-29,1.1781008864541667,21000100,1.193,20991200,1.193,21000200
2026-01-30,1.1534022384833333,21000100,1.174,20991200,1.174,21000200
2026-01-31,1.0337983880500001,21000100,1.052,20991200,1.052,21000200
2026-02-01,1.0281262423666668,21000100,1.034,20991200,1.034,21000200
2026-02-02,1.0638660148749999,21000100,1.081,20991200,1.081,21000200
2026-02-03,1.0680858466416667,21000100,1.066,20991200,1.066,21000200
2026-02-04,1.051529486875,21000100,1.05,20991200,1.05,21000200
2026-02-05,0.872474896125,21000100,0.882,20991200,0.882,21000200
2026-02-06,0.9639895240625,21000100,0.975,20991200,0.975,21000200
2026-02-07,0.9764258724999999,21000100,0.975,20991200,0.975,21000200
2026-02-08,0.9236743779833334,21000100,0.932,20991200,0.932,21000200
2026-02-09,0.9260431869000001,21000100,0.936,20991200,0.936,21000200
2026-02-10,0.8848744912500001,21000100,0.9,20991200,0.9,21000200
2026-02-11,0.8693872486750001,21000100,0.879,20991200,0.879,21000200
2026-02-12,0.9189006581333333,21000100,0.913,20991200,0.913,21000200
2026-02-13,0.96210687415,21000100,0.958,20991200,0.958,21000200
2026-02-14,1.019785744575,21000100,1.014,20991200,1.014,21000200
2026-02-15,0.95738790745,21000100,0.962,20991200,0.962,21000200
2026-02-16,0.980030861825,21000100,0.978,20991200,0.978,21000200
2026-02-17,0.9570036337166666,21000100,0.959,20991200,0.959,21000200
2026-02-18,0.9282465562125,21000100,0.927,20991200,0.927,21000200
2026-02-19,0.9075849577083334,21000100,0.914,20991200,0.914,21000200
2026-02-20,0.94928028795,21000100,0.956,20991200,0.956,21000200
2026-02-21,0.9680877874375,21000100,0.969,20991200,0.969,21000200
2026-02-22,0.9071513405958334,21000100,0.929,20991200,0.929,21000200
2026-02-23,0.8899916080416667,21000100,0.89,20991200,0.89,21000200
2026-02-24,0.8764718922166667,21000100,0.878,20991200,0.878,21000200
2026-02-25,1.0641797727000002,21000100,1.062,20991200,1.062,21000200
2026-02-26,1.0079233675916666,21000100,1.003,20991200,1.003,21000200
