DATETIME,CARRY,CARRY_CONTRACT,PRICE,PRICE_CONTRACT,FORWARD,FORWARD_CONTRACT
2020-01-18,2.9563091755666666,21000100,2.774,20991200,2.774,21000200
2020-01-19,2.6582927710166673,21000100,2.623,20991200,2.623,21000200
2020-01-20,2.719591875,21000100,2.695,20991200,2.695,21000200
2020-01-21,2.6892607500000003,21000100,2.673,20991200,2.673,21000200
2020-01-22,2.654,21000100,2.654,20991200,2.654,21000200
2020-01-23,3.025095238229167,21000100,2.471,20991200,2.471,21000200
2020-01-24,2.6511749788,21000100,2.504,20991200,2.504,21000200
2020-01-25,2.6700858852,21000100,2.448,20991200,2.448,21000200
2020-01-26,2.701182134895834,21000100,2.575,20991200,2.575,21000200
2020-01-27,2.608,21000100,2.608,20991200,2.608,21000200
2020-01-28,2.656,21000100,2.656,20991200,2.656,21000200
2020-01-29,3.02773861665,21000100,2.781,20991200,2.781,21000200
2020-01-30,2.956440698025,21000100,2.914,20991200,2.914,21000200
2020-01-31,3.0823266957291664,21000100,2.825,20991200,2.825,21000200
2020-02-02,2.832,21000100,2.832,20991200,2.832,21000200
2020-02-03,2.795692227358334,21000100,2.782,20991200,2.782,21000200
2020-02-04,2.8469809248916667,21000100,2.741,20991200,2.741,21000200
2020-02-05,2.8971330891666667,21000100,2.843,20991200,2.843,21000200
2020-02-06,3.2770751083833334,21000100,2.902,20991200,2.902,21000200
2020-02-07,3.7584496574624997,21000100,3.311,20991200,3.311,21000200
2020-02-08,3.42,21000100,3.42,20991200,3.42,21000200
2020-02-09,3.9663110001999997,21000100,3.504,20991200,3.504,21000200
2020-02-10,3.9200804874,21000100,3.388,20991200,3.388,21000200
2020-02-11,4.181595269158333,21000100,3.989,20991200,3.989,21000200
2020-02-12,4.85159387265,21000100,3.988,20991200,3.988,21000200
2020-02-13,4.959210298175,21000100,3.878,20991200,3.878,21000200
2020-02-14,4.917668077625,21000100,4.43,20991200,4.43,21000200
2020-02-15,4.610349937766666,21000100,4.328,20991200,4.328,21000200
2020-02-16,4.454,21000100,4.454,20991200,4.454,21000200
2020-02-17,4.299907668525,21000100,4.302,20991200,4.302,21000200
2020-02-18,4.785763447850001,21000100,4.564,20991200,4.564,21000200
2020-02-19,4.8965918588249995,21000100,4.386,20991200,4.386,21000200
2020-02-20,4.308267365983333,21000100,4.267,20991200,4.267,21000200
2020-02-21,4.275,21000100,4.275,20991200,4.275,21000200
2020-02-22,4.105,21000100,4.105,20991200,4.105,21000200
2020-02-23,4.236,21000100,4.236,20991200,4.236,21000200
2020-02-24,3.9683373754375,21000100,3.923,20991200,3.923,21000200
2020-02-25,3.505246785545833,21000100,3.491,20991200,3.491,21000200
2020-02-26,3.564,21000100,3.564,20991200,3.564,21000200
2020-02-27,3.8115711047833334,21000100,3.956,20991200,3.956,21000200
2020-02-28,4.0870070348375,21000100,4.161,20991200,4.161,21000200
2020-02-29,3.89473709655,21000100,4.062,20991200,4.062,21000200
2020-03-02,3.669485628375,21000100,4.242,20991200,4.242,21000200
2020-03-03,4.235118630445833,21000100,4.591,20991200,4.591,21000200
2020-03-04,4.4890012273124995,21000100,4.635,20991200,4.635,21000200
2020-03-05,4.34179304865,21000100,4.707,20991200,4.707,21000200
2020-03-06,4.683,21000100,4.683,20991200,4.683,21000200
2020-03-07,4.342,21000100,4.342,20991200,4.342,21000200
2020-03-08,4.059,21000100,4.059,20991200,4.059,21000200
2020-03-09,3.6244640645,21000100,4.12,20991200,4.12,21000200
2020-03-10,3.894425824,21000100,4.08,20991200,4.08,21000200
2020-03-11,3.7065296786875,21000100,3.815,20991200,3.815,21000200
2020-03-12,1.8565204063250003,21000100,1.993,20991200,1.993,21000200
2020-03-13,2.3029921566500002,21000100,2.426,20991200,2.426,21000200
2020-03-14,1.9945584668625,21000100,2.129,20991200,2.129,21000200
2020-03-15,1.967510584725,21000100,2.086,20991200,2.086,21000200
2020-03-16,1.6541520625,21000100,1.785,20991200,1.785,21000200
2020-03-17,1.7911234433958334,21000100,1.861,20991200,1.861,21000200
2020-03-18,1.68711431915,21000100,1.948,20991200,1.948,21000200
2020-03-19,2.2336880745375,21000100,2.241,20991200,2.241,21000200
2020-03-20,2.26,21000100,2.26,20991200,2.26,21000200
2020-03-21,2.28,21000100,2.28,20991200,2.28,21000200
2020-03-22,1.981,21000100,1.981,20991200,1.981,21000200
2020-03-23,2.2004048429375,21000100,2.245,20991200,2.245,21000200
2020-03-24,2.311,21000100,2.311,20991200,2.311,21000200
2020-03-25,2.254,21000100,2.254,20991200,2.254,21000200
2020-03-26,2.313,21000100,2.313,20991200,2.313,21000200
2020-03-27,2.131,21000100,2.131,20991200,2.131,21000200
2020-03-28,2.07579846945,21000100,2.131,20991200,2.131,21000200
2020-03-29,1.8649435964999999,21000100,2.006,20991200,2.006,21000200
2020-03-30,2.0373385671833333,21000100,2.134,20991200,2.134,21000200
2020-03-31,2.19929542065,21000100,2.259,20991200,2.259,21000200
2020-04-02,2.294,21000100,2.294,20991200,2.294,21000200
2020-04-03,2.301,21000100,2.301,20991200,2.301,21000200
2020-04-04,2.315,21000100,2.315,20991200,2.315,21000200
2020-04-05,2.264,21000100,2.264,20991200,2.264,21000200
2020-04-06,2.55,21000100,2.55,20991200,2.55,21000200
2020-04-07,2.729,21000100,2.729,20991200,2.729,21000200
2020-04-08,3.171,21000100,3.171,20991200,3.171,21000200
2020-04-09,3.3068409121333335,21000100,3.313,20991200,3.313,21000200
2020-04-10,3.22,21000100,3.22,20991200,3.22,21000200
2020-04-11,3.1869024002333335,21000100,3.286,20991200,3.286,21000200
2020-04-12,3.344945775925,21000100,3.414,20991200,3.414,21000200
2020-04-13,2.989079221291667,21000100,3.365,20991200,3.365,21000200
2020-04-14,3.0032796868125002,21000100,3.249,20991200,3.249,21000200
2020-04-15,2.8380997020125003,21000100,3.119,20991200,3.119,21000200
2020-04-16,3.26715104065,21000100,3.486,20991200,3.486,21000200
2020-04-17,3.454,21000100,3.454,20991200,3.454,21000200
2020-04-18,3.782,21000100,3.782,20991200,3.782,21000200
2020-04-19,3.588,21000100,3.588,20991200,3.588,21000200
2020-04-20,3.431,21000100,3.431,20991200,3.431,21000200
2020-04-21,3.457,21000100,3.457,20991200,3.457,21000200
2020-04-22,3.5591165561333336,21000100,3.676,20991200,3.676,21000200
2020-04-23,3.761,21000100,3.761,20991200,3.761,21000200
2020-04-24,3.9814017075,21000100,3.78,20991200,3.78,21000200
2020-04-25,3.9123930440416665,21000100,3.79,20991200,3.79,21000200
2020-04-26,3.723,21000100,3.723,20991200,3.723,21000200
2020-04-27,3.6696551644500004,21000100,3.636,20991200,3.636,21000200
2020-04-28,3.650790644,21000100,3.648,20991200,3.648,21000200
2020-04-29,3.994707991395833,21000100,3.895,20991200,3.895,21000200
2020-04-30,4.096453267,21000100,3.709,20991200,3.709,21000200
2020-05-02,3.9298306102375005,21000100,3.819,20991200,3.819,21000200
2020-05-03,3.798493729083333,21000100,3.716,20991200,3.716,21000200
2020-05-04,3.8020804048124996,21000100,3.753,20991200,3.753,21000200
2020-05-05,3.7741191147916666,21000100,3.685,20991200,3.685,21000200
2020-05-06,3.710998456958334,21000100,3.595,20991200,3.595,21000200
2020-05-07,3.8431503643666667,21000100,3.764,20991200,3.764,21000200
2020-05-08,4.092745517437501,21000100,3.801,20991200,3.801,21000200
2020-05-09,4.093049783475,21000100,4.023,20991200,4.023,21000200
2020-05-10,3.8526972700875,21000100,3.761,20991200,3.761,21000200
2020-05-11,3.603906846233334,21000100,3.587,20991200,3.587,21000200
2020-05-12,3.698,21000100,3.698,20991200,3.698,21000200
2020-05-13,3.768,21000100,3.768,20991200,3.768,21000200
2020-05-14,3.8169254369999996,21000100,3.81,20991200,3.81,21000200
2020-05-15,3.665,21000100,3.665,20991200,3.665,21000200
2020-05-16,3.763,21000100,3.763,20991200,3.763,21000200
2020-05-17,3.783,21000100,3.783,20991200,3.783,21000200
2020-05-18,3.891,21000100,3.891,20991200,3.891,21000200
2020-05-19,3.9944875904375,21000100,3.947,20991200,3.947,21000200
2020-05-20,4.0862510506500005,21000100,4.086,20991200,4.086,21000200
2020-05-21,3.83957167095,21000100,3.831,20991200,3.831,21000200
2020-05-22,4.061,21000100,4.061,20991200,4.061,21000200
2020-05-23,3.929,21000100,3.929,20991200,3.929,21000200
2020-05-24,3.79,21000100,3.79,20991200,3.79,21000200
2020-05-25,3.865,21000100,3.865,20991200,3.865,21000200
2020-05-26,3.8575438331,21000100,3.846,20991200,3.846,21000200
2020-05-27,3.8658691715,21000100,3.857,20991200,3.857,21000200
2020-05-28,4.0586572758,21000100,4.044,20991200,4.044,21000200
2020-05-29,3.981,21000100,3.981,20991200,3.981,21000200
2020-05-30,4.183,21000100,4.183,20991200,4.183,21000200
2020-05-31,4.133,21000100,4.133,20991200,4.133,21000200
2020-06-02,4.658335806666667,21000100,4.4,20991200,4.4,21000200
2020-06-03,4.494,21000100,4.494,20991200,4.494,21000200
2020-06-04,4.57826237005,21000100,4.434,20991200,4.434,21000200
2020-06-05,4.482660074300001,21000100,4.363,20991200,4.363,21000200
2020-06-06,4.502960290291667,21000100,4.355,20991200,4.355,21000200
2020-06-07,4.453968451675,21000100,4.353,20991200,4.353,21000200
2020-06-08,4.590808395283332,21000100,4.478,20991200,4.478,21000200
2020-06-09,4.572349527566667,21000100,4.442,20991200,4.442,21000200
2020-06-10,4.5955208596875,21000100,4.425,20991200,4.425,21000200
2020-06-11,4.171991332191667,21000100,3.962,20991200,3.962,21000200
2020-06-12,4.087,21000100,4.087,20991200,4.087,21000200
2020-06-13,4.112,21000100,4.112,20991200,4.112,21000200
2020-06-14,3.942,21000100,3.942,20991200,3.942,21000200
2020-06-15,3.9303348941208336,21000100,3.929,20991200,3.929,21000200
2020-06-16,4.048,21000100,4.048,20991200,4.048,21000200
2020-06-17,4.163,21000100,4.163,20991200,4.163,21000200
2020-06-18,4.136,21000100,4.136,20991200,4.136,21000200
2020-06-19,4.096,21000100,4.096,20991200,4.096,21000200
2020-06-20,4.179,21000100,4.179,20991200,4.179,21000200
2020-06-21,4.184,21000100,4.184,20991200,4.184,21000200
2020-06-22,4.48,21000100,4.48,20991200,4.48,21000200
2020-06-23,4.800957433374999,21000100,4.805,20991200,4.805,21000200
2020-06-24,4.71,21000100,4.71,20991200,4.71,21000200
2020-06-25,4.804,21000100,4.804,20991200,4.804,21000200
2020-06-26,4.68,21000100,4.68,20991200,4.68,21000200
2020-06-27,4.408,21000100,4.408,20991200,4.408,21000200
2020-06-28,4.568,21000100,4.568,20991200,4.568,21000200
2020-06-29,4.618,21000100,4.618,20991200,4.618,21000200
2020-06-30,4.564,21000100,4.564,20991200,4.564,21000200
2020-07-02,4.796,21000100,4.796,20991200,4.796,21000200
2020-07-03,4.731,21000100,4.731,20991200,4.731,21000200
2020-07-04,4.817,21000100,4.817,20991200,4.817,21000200
2020-07-05,4.749,21000100,4.749,20991200,4.749,21000200
2020-07-06,5.367,21000100,5.367,20991200,5.367,21000200
2020-07-07,5.8038613358,21000100,5.734,20991200,5.734,21000200
2020-07-08,6.834633894491666,21000100,6.502,20991200,6.502,21000200
2020-07-09,6.280755725124999,21000100,6.09,20991200,6.09,21000200
2020-07-10,6.190682407624999,21000100,6.151,20991200,6.151,21000200
2020-07-11,6.109,21000100,6.109,20991200,6.109,21000200
2020-07-12,7.328,21000100,7.328,20991200,7.328,21000200
2020-07-13,7.235700041966667,21000100,7.157,20991200,7.157,21000200
2020-07-14,7.997262206879166,21000100,8.113,20991200,8.113,21000200
2020-07-15,8.14822236,21000100,8.64,20991200,8.64,21000200
2020-07-16,7.7367180320127735,21000100,8.341,20991200,8.341,21000200
2020-07-17,8.178870779899999,21000100,8.264,20991200,8.264,21000200
2020-07-18,7.968,21000100,7.968,20991200,7.968,21000200
2020-07-19,8.082,21000100,8.082,20991200,8.082,21000200
2020-07-20,7.241,21000100,7.241,20991200,7.241,21000200
2020-07-21,7.306,21000100,7.306,20991200,7.306,21000200
2020-07-22,7.479,21000100,7.479,20991200,7.479,21000200
2020-07-23,7.630049525587499,21000100,7.887,20991200,7.887,21000200
2020-07-24,7.25710775625,21000100,7.425,20991200,7.425,21000200
2020-07-25,7.678,21000100,7.678,20991200,7.678,21000200
2020-07-26,7.572601560149999,21000100,7.499,20991200,7.499,21000200
2020-07-27,6.99697014905,21000100,7.091,20991200,7.091,21000200
2020-07-28,7.0328669402666675,21000100,7.232,20991200,7.232,21000200
2020-07-29,7.016540683200001,21000100,7.083,20991200,7.083,21000200
2020-07-30,7.405,21000100,7.405,20991200,7.405,21000200
2020-07-31,7.4637199356875,21000100,7.793,20991200,7.793,21000200
2020-08-02,7.742589308739454,21000100,8.276,20991200,8.276,21000200
2020-08-03,9.0599632623,21000100,9.234,20991200,9.234,21000200
2020-08-04,9.13437014916134,21000100,9.839,20991200,9.839,21000200
2020-08-05,8.749752973057076,21000100,9.516,20991200,9.516,21000200
2020-08-06,10.039334458458333,21000100,10.217,20991200,10.217,21000200
2020-08-07,9.912752067749999,21000100,10.116,20991200,10.116,21000200
2020-08-08,11.718204942545833,21000100,12.713,20991200,12.713,21000200
2020-08-09,14.343709178791666,21000100,13.805,20991200,13.805,21000200
2020-08-10,13.8321686497875,21000100,13.493,20991200,13.493,21000200
2020-08-11,13.295320884679168,21000100,13.013,20991200,13.013,21000200
2020-08-12,16.613224875,21000100,16.463,20991200,16.463,21000200
2020-08-13,17.292491341599998,21000100,17.196,20991200,17.196,21000200
2020-08-14,17.251029193125,21000100,16.965,20991200,16.965,21000200
2020-08-15,19.545644637200002,21000100,19.228,20991200,19.228,21000200
2020-08-16,19.299950066399997,21000100,18.848,20991200,18.848,21000200
2020-08-17,18.098880704400003,21000100,16.812,20991200,16.812,21000200
2020-08-18,17.69514043804204,21000100,16.202,20991200,16.202,21000200
2020-08-19,16.695150998925,21000100,16.209,20991200,16.209,21000200
2020-08-20,16.821500693008336,21000100,16.091,20991200,16.091,21000200
2020-08-21,15.069111451875,21000100,13.85,20991200,13.85,21000200
2020-08-22,16.401920781970833,21000100,15.823,20991200,15.823,21000200
2020-08-23,15.310444500000001,21000100,15.172,20991200,15.172,21000200
2020-08-24,15.769174421437498,21000100,15.165,20991200,15.165,21000200
2020-08-25,14.7137686223125,21000100,14.131,20991200,14.131,21000200
2020-08-26,15.644449633499999,21000100,15.228,20991200,15.228,21000200
2020-08-27,15.058915226025002,21000100,14.531,20991200,14.531,21000200
2020-08-28,15.627406252124999,21000100,15.135,20991200,15.135,21000200
2020-08-29,17.012640164920835,21000100,16.367,20991200,16.367,21000200
2020-08-30,16.64854425,21000100,16.498,20991200,16.498,21000200
2020-08-31,16.334013183133333,21000100,15.586,20991200,15.586,21000200
2020-09-02,15.9204739546125,21000100,14.799,20991200,14.799,21000200
2020-09-03,11.969231625,21000100,11.861,20991200,11.861,21000200
2020-09-04,12.484894500000001,21000100,12.372,20991200,12.372,21000200
2020-09-05,10.664605851666668,21000100,10.6,20991200,10.6,21000200
2020-09-06,12.813046560000002,21000100,12.8,20991200,12.8,21000200
2020-09-07,12.560375495325001,21000100,12.462,20991200,12.462,21000200
2020-09-08,11.844100125,21000100,11.737,20991200,11.737,21000200
2020-09-09,12.455629875000001,21000100,12.343,20991200,12.343,21000200
2020-09-10,12.620117250000002,21000100,12.506,20991200,12.506,21000200
2020-09-11,12.548469375000002,21000100,12.435,20991200,12.435,21000200
2020-09-12,12.845152125,21000100,12.729,20991200,12.729,21000200
2020-09-13,12.174084,21000100,12.064,20991200,12.064,21000200
2020-09-14,12.247750125000001,21000100,12.137,20991200,12.137,21000200
2020-09-15,11.020654125,21000100,10.921,20991200,10.921,21000200
2020-09-16,10.319287348645833,21000100,10.735,20991200,10.735,21000200
2020-09-17,11.026310103899998,21000100,11.016,20991200,11.016,21000200
2020-09-18,10.18610775,21000100,10.094,20991200,10.094,21000200
2020-09-19,10.2163815,21000100,10.124,20991200,10.124,21000200
2020-09-20,9.8288775,21000100,9.74,20991200,9.74,21000200
2020-09-21,8.6839362391,21000100,8.706,20991200,8.706,21000200
2020-09-22,8.590957682225001,21000100,8.733,20991200,8.733,21000200
2020-09-23,7.517773338166666,21000100,7.64,20991200,7.64,21000200
2020-09-24,9.465628587229167,21000100,9.865,20991200,9.865,21000200
2020-09-25,10.136334467325,21000100,10.714,20991200,10.714,21000200
2020-09-26,9.9725637984,21000100,10.306,20991200,10.306,21000200
2020-09-27,10.771265115,21000100,10.788,20991200,10.788,21000200
2020-09-28,10.2031081539,21000100,10.278,20991200,10.278,21000200
2020-09-29,10.131908373533333,21000100,10.129,20991200,10.129,21000200
2020-09-30,9.7479582062375,21000100,9.859,20991200,9.859,21000200
2020-10-02,9.110371046658333,21000100,9.202,20991200,9.202,21000200
2020-10-03,8.952806522166666,21000100,9.26,20991200,9.26,21000200
2020-10-04,9.1721011239,21000100,9.383,20991200,9.383,21000200
2020-10-05,9.631133003854169,21000100,9.605,20991200,9.605,21000200
2020-10-06,8.844980625000002,21000100,8.765,20991200,8.765,21000200
2020-10-07,8.925230590225,21000100,8.963,20991200,8.963,21000200
2020-10-08,9.536838381233334,21000100,9.544,20991200,9.544,21000200
2020-10-09,10.40767757265,21000100,10.386,20991200,10.386,21000200
2020-10-10,10.415840332216666,21000100,10.514,20991200,10.514,21000200
2020-10-11,10.932860250000001,21000100,10.834,20991200,10.834,21000200
2020-10-12,11.43917820155,21000100,11.418,20991200,11.418,21000200
2020-10-13,10.8768225696,21000100,10.998,20991200,10.998,21000200
2020-10-14,10.923647856399999,21000100,10.888,20991200,10.888,21000200
2020-10-15,10.809640800000002,21000100,10.752,20991200,10.752,21000200
2020-10-16,10.544659008833333,21000100,10.58,20991200,10.58,21000200
2020-10-17,10.596357790233332,21000100,10.616,20991200,10.616,21000200
2020-10-18,10.959381031300001,21000100,10.936,20991200,10.936,21000200
2020-10-19,11.019645,21000100,10.92,20991200,10.92,21000200
2020-10-20,9.941899500000002,21000100,9.852,20991200,9.852,21000200
2020-10-21,10.8783675,21000100,10.78,20991200,10.78,21000200
2020-10-22,12.057025500000002,21000100,11.948,20991200,11.948,21000200
2020-10-23,12.2669235,21000100,12.156,20991200,12.156,21000200
2020-10-24,12.806805375000001,21000100,12.691,20991200,12.691,21000200
2020-10-25,12.2588505,21000100,12.148,20991200,12.148,21000200
2020-10-26,11.807771625,21000100,11.701,20991200,11.701,21000200
2020-10-27,11.847053542500001,21000100,11.912,20991200,11.912,21000200
2020-10-28,11.53833525,21000100,11.434,20991200,11.434,21000200
2020-10-29,11.217228711466667,21000100,11.269,20991200,11.269,21000200
2020-10-30,11.154135286437498,21000100,11.091,20991200,11.091,21000200
2020-10-31,11.32440075,21000100,11.222,20991200,11.222,21000200
2020-11-02,10.877358375,21000100,10.779,20991200,10.779,21000200
2020-11-03,10.174512283958334,21000100,10.394,20991200,10.394,21000200
2020-11-04,10.526225429695831,21000100,10.469,20991200,10.469,21000200
2020-11-05,11.071110375,21000100,10.971,20991200,10.971,21000200
2020-11-06,12.305590366449998,21000100,12.171,20991200,12.171,21000200
2020-11-07,12.537161632174998,21000100,11.766,20991200,11.766,21000200
2020-11-08,12.822572840708336,21000100,12.71,20991200,12.71,21000200
2020-11-09,12.575598652133333,21000100,12.508,20991200,12.508,21000200
2020-11-10,13.223838012400002,21000100,13.018,20991200,13.018,21000200
2020-11-11,12.908931351895834,21000100,12.757,20991200,12.757,21000200
2020-11-12,12.500291850312498,21000100,12.405,20991200,12.405,21000200
2020-11-13,12.984411375000002,21000100,12.867,20991200,12.867,21000200
2020-11-14,12.679655625,21000100,12.565,20991200,12.565,21000200
2020-11-15,12.231604125,21000100,12.121,20991200,12.121,21000200
2020-11-16,12.743230500000001,21000100,12.628,20991200,12.628,21000200
2020-11-17,13.703089666425,21000100,13.427,20991200,13.427,21000200
2020-11-18,14.3001817884625,21000100,13.573,20991200,13.573,21000200
2020-11-19,14.037808765749999,21000100,13.62,20991200,13.62,21000200
2020-11-20,14.929974894725,21000100,14.106,20991200,14.106,21000200
2020-11-21,16.387659263937497,21000100,15.477,20991200,15.477,21000200
2020-11-22,15.213031883200001,21000100,14.528,20991200,14.528,21000200
2020-11-23,16.51823323903131,21000100,15.279,20991200,15.279,21000200
2020-11-24,17.046164397729473,21000100,15.694,20991200,15.694,21000200
2020-11-25,15.354756457425,21000100,14.226,20991200,14.226,21000200
2020-11-26,12.6680230425,21000100,12.6,20991200,12.6,21000200
2020-11-27,12.62415375,21000100,12.51,20991200,12.51,21000200
2020-11-28,13.226566879166665,21000100,13.09,20991200,13.09,21000200
2020-11-29,13.517229375,21000100,13.395,20991200,13.395,21000200
2020-11-30,15.008703084716668,21000100,14.284,20991200,14.284,21000200
2020-12-02,14.247135261187498,21000100,13.995,20991200,13.995,21000200
2020-12-03,14.730201097208331,21000100,13.985,20991200,13.985,21000200
2020-12-04,12.845111921066666,21000100,12.689,20991200,12.689,21000200
2020-12-05,13.297240125,21000100,13.177,20991200,13.177,21000200
2020-12-06,13.670466594354167,21000100,13.519,20991200,13.519,21000200
2020-12-07,13.459155804266668,21000100,13.082,20991200,13.082,21000200
2020-12-08,12.297960409375,21000100,12.135,20991200,12.135,21000200
2020-12-09,12.732130125000001,21000100,12.617,20991200,12.617,21000200
2020-12-10,12.024733500000002,21000100,11.916,20991200,11.916,21000200
2020-12-11,11.750251500000001,21000100,11.644,20991200,11.644,21000200
2020-12-12,12.3395805,21000100,12.228,20991200,12.228,21000200
2020-12-13,13.059086625,21000100,12.941,20991200,12.941,21000200
2020-12-14,12.975329250000001,21000100,12.858,20991200,12.858,21000200
2020-12-15,12.807814500000001,21000100,12.692,20991200,12.692,21000200
2020-12-16,13.915289207716665,21000100,13.498,20991200,13.498,21000200
2020-12-17,14.65562777415,21000100,13.457,20991200,13.457,21000200
2020-12-18,14.2002564711875,21000100,13.517,20991200,13.517,21000200
2020-12-19,14.205415502483335,21000100,13.486,20991200,13.486,21000200
2020-12-20,13.827350857866666,21000100,13.064,20991200,13.064,21000200
2020-12-21,12.655976157,21000100,12.317,20991200,12.317,21000200
2020-12-22,12.904690500000001,21000100,12.788,20991200,12.788,21000200
2020-12-23,11.0721195,21000100,10.972,20991200,10.972,21000200
2020-12-24,11.1457935180125,21000100,11.563,20991200,11.563,21000200
2020-12-25,11.504954410833335,21000100,11.56,20991200,11.56,21000200
2020-12-26,10.955613145500001,21000100,10.98,20991200,10.98,21000200
2020-12-27,12.3753495808875,21000100,12.169,20991200,12.169,21000200
2020-12-28,13.21664252325,21000100,12.62,20991200,12.62,21000200
2020-12-29,12.0998354862,21000100,11.781,20991200,11.781,21000200
2020-12-30,11.350638,21000100,11.248,20991200,11.248,21000200
2020-12-31,11.3466015,21000100,11.244,20991200,11.244,21000200
2021-01-02,12.78558880851667,21000100,12.226,20991200,12.226,21000200
2021-01-03,15.080660468658186,21000100,13.719,20991200,13.719,21000200
2021-01-04,15.238087397501905,21000100,13.611,20991200,13.611,21000200
2021-01-05,15.303752585962501,21000100,14.531,20991200,14.531,21000200
2021-01-06,19.522422222873658,21000100,17.29,20991200,17.29,21000200
2021-01-07,18.21439114311879,21000100,15.989,20991200,15.989,21000200
2021-01-08,16.602193736641667,21000100,15.251,20991200,15.251,21000200
2021-01-09,18.970211622862497,21000100,17.589,20991200,17.589,21000200
2021-01-10,18.428041860533334,21000100,16.228,20991200,16.228,21000200
2021-01-11,15.061351636412502,21000100,14.657,20991200,14.657,21000200
2021-01-12,14.436787911591667,21000100,13.982,20991200,13.982,21000200
2021-01-13,16.251639377,21000100,15.952,20991200,15.952,21000200
2021-01-14,19.3440897298875,21000100,18.023,20991200,18.023,21000200
2021-01-15,23.062824208725,21000100,20.766,20991200,20.766,21000200
2021-01-16,21.739924261,21000100,20.13,20991200,20.13,21000200
2021-01-17,24.622578657275,21000100,23.286,20991200,23.286,21000200
2021-01-18,23.57474901939583,21000100,22.069,20991200,22.069,21000200
2021-01-19,23.714721271125,21000100,20.585,20991200,20.585,21000200
2021-01-20,23.125715360775,21000100,21.867,20991200,21.867,21000200
2021-01-21,19.598602578974997,21000100,18.441,20991200,18.441,21000200
2021-01-22,21.9821947804,21000100,21.578,20991200,21.578,21000200
2021-01-23,26.216246179066665,21000100,24.824,20991200,24.824,21000200
2021-01-24,25.6683672256125,21000100,24.831,20991200,24.831,21000200
2021-01-25,24.214529365812503,21000100,23.367,20991200,23.367,21000200
2021-01-26,23.486676883850002,21000100,23.132,20991200,23.132,21000200
2021-01-27,21.378190806308332,21000100,20.989,20991200,20.989,21000200
2021-01-28,23.946829705333336,21000100,23.02,20991200,23.02,21000200
2021-01-29,25.089795594004165,21000100,22.781,20991200,22.781,21000200
2021-01-30,25.205053379512503,21000100,23.699,20991200,23.699,21000200
2021-01-31,25.266111985725004,21000100,22.609,20991200,22.609,21000200
2021-02-02,26.258676380625,21000100,23.725,20991200,23.725,21000200
2021-02-03,29.726236627293453,21000100,25.131,20991200,25.131,21000200
2021-02-04,27.827606119499997,21000100,24.519,20991200,24.519,21000200
2021-02-05,30.857809017599998,21000100,26.352,20991200,26.352,21000200
2021-02-06,27.833008801675,21000100,25.102,20991200,25.102,21000200
2021-02-07,27.54461443815,21000100,24.777,20991200,24.777,21000200
2021-02-08,28.728741990895834,21000100,25.465,20991200,25.465,21000200
2021-02-09,32.88770768127917,21000100,27.667,20991200,27.667,21000200
2021-02-10,32.2692314147875,21000100,26.853,20991200,26.853,21000200
2021-02-11,30.955153329625,21000100,27.895,20991200,27.895,21000200
2021-02-12,34.827290701191664,21000100,30.713,20991200,30.713,21000200
2021-02-13,40.38024773883334,21000100,34.316,20991200,34.316,21000200
2021-02-14,39.972998772145836,21000100,33.215,20991200,33.215,21000200
2021-02-15,35.03476109845833,21000100,32.683,20991200,32.683,21000200
2021-02-16,34.77948569235,21000100,32.004,20991200,32.004,21000200
2021-02-17,36.197233787037504,21000100,32.289,20991200,32.289,21000200
2021-02-18,39.3788810181,21000100,32.524,20991200,32.524,21000200
2021-02-19,42.424125266366666,21000100,34.766,20991200,34.766,21000200
2021-02-20,40.29113250035833,21000100,33.977,20991200,33.977,21000200
2021-02-21,35.399165006000004,21000100,34.13,20991200,34.13,21000200
2021-02-22,32.74296100226667,21000100,31.486,20991200,31.486,21000200
2021-02-23,26.223122250000003,21000100,25.986,20991200,25.986,21000200
2021-02-24,28.8788806416,21000100,28.101,20991200,28.101,21000200
2021-02-25,25.072768087525,21000100,24.721,20991200,24.721,21000200
2021-02-26,25.45945787965,21000100,25.196,20991200,25.196,21000200
2021-02-27,26.8507028467375,21000100,26.193,20991200,26.193,21000200
2021-02-28,24.970034980499996,21000100,24.714,20991200,24.714,21000200
2021-03-02,29.212909417125,21000100,28.51,20991200,28.51,21000200
2021-03-03,30.922776558575,21000100,29.854,20991200,29.854,21000200
2021-03-04,28.755472757795836,21000100,27.721,20991200,27.721,21000200
2021-03-05,28.444397760716665,21000100,27.862,20991200,27.862,21000200
2021-03-06,28.6147477535,21000100,28.166,20991200,28.166,21000200
2021-03-07,29.15758654647917,21000100,28.603,20991200,28.603,21000200
2021-03-08,32.5654657559,21000100,31.892,20991200,31.892,21000200
2021-03-09,33.815963624325,21000100,31.539,20991200,31.539,21000200
2021-03-10,31.4878933946375,21000100,29.919,20991200,29.919,21000200
2021-03-11,32.06358585916667,21000100,30.175,20991200,30.175,21000200
2021-03-12,30.324029343054164,21000100,28.393,20991200,28.393,21000200
2021-03-13,30.821749123333337,21000100,29.8,20991200,29.8,21000200
2021-03-14,30.540458257875,21000100,28.57,20991200,28.57,21000200
2021-03-15,28.7374350771875,21000100,27.525,20991200,27.525,21000200
2021-03-16,28.530383959995834,21000100,27.947,20991200,27.947,21000200
2021-03-17,32.5141728200625,21000100,31.095,20991200,31.095,21000200
2021-03-18,31.982706336733333,21000100,29.444,20991200,29.444,21000200
2021-03-19,31.35374609733334,21000100,29.806,20991200,29.806,21000200
2021-03-20,32.04829161041667,21000100,29.687,20991200,29.687,21000200
2021-03-21,30.832202456250002,21000100,29.25,20991200,29.25,21000200
2021-03-22,29.276359193025,21000100,27.286,20991200,27.286,21000200
2021-03-23,27.756223788749995,21000100,26.802,20991200,26.802,21000200
2021-03-24,26.479430517733334,21000100,24.872,20991200,24.872,21000200
2021-03-25,25.993317985687497,21000100,25.561,20991200,25.561,21000200
2021-03-26,28.429992729583336,21000100,27.422,20991200,27.422,21000200
2021-03-27,27.7092476815875,21000100,26.913,20991200,26.913,21000200
2021-03-28,28.03864339839167,21000100,26.687,20991200,26.687,21000200
2021-03-29,29.590276418666665,21000100,28.06,20991200,28.06,21000200
2021-03-30,29.86920069047917,21000100,27.865,20991200,27.865,21000200
2021-03-31,31.45719566475,21000100,29.479,20991200,29.479,21000200
2021-04-02,36.20960470443333,21000100,32.552,20991200,32.552,21000200
2021-04-03,33.999282092025,21000100,29.322,20991200,29.322,21000200
2021-04-04,32.735016727125,21000100,30.791,20991200,30.791,21000200
2021-04-05,36.04283984571667,21000100,32.459,20991200,32.459,21000200
2021-04-06,40.89410810875,21000100,34.775,20991200,34.775,21000200
2021-04-07,33.612091989862506,21000100,31.149,20991200,31.149,21000200
2021-04-08,35.132196836233334,21000100,32.821,20991200,32.821,21000200
2021-04-09,34.541331290787504,21000100,31.639,20991200,31.639,21000200
2021-04-10,36.955359153749995,21000100,31.95,20991200,31.95,21000200
2021-04-11,38.875811554183336,21000100,33.964,20991200,33.964,21000200
2021-04-12,37.834381044000004,21000100,33.168,20991200,33.168,21000200
2021-04-13,41.6628507689,21000100,35.592,20991200,35.592,21000200
2021-04-14,49.81393189236667,21000100,41.434,20991200,41.434,21000200
2021-04-15,49.05718265364584,21000100,42.625,20991200,42.625,21000200
2021-04-16,48.48826027616667,21000100,41.993,20991200,41.993,21000200
2021-04-17,43.91103046437917,21000100,39.977,20991200,39.977,21000200
2021-04-18,40.4774865799875,21000100,39.103,20991200,39.103,21000200
2021-04-19,36.596263351112505,21000100,35.771,20991200,35.771,21000200
2021-04-20,39.6698635125,21000100,39.0,20991200,39.0,21000200
2021-04-21,36.67673198408333,21000100,36.281,20991200,36.281,21000200
2021-04-22,35.9388498889,21000100,35.162,20991200,35.162,21000200
2021-04-23,35.538355125,21000100,35.217,20991200,35.217,21000200
2021-04-24,31.53919275,21000100,31.254,20991200,31.254,21000200
2021-04-25,31.986235125,21000100,31.697,20991200,31.697,21000200
2021-04-26,35.722047035125,21000100,35.151,20991200,35.151,21000200
2021-04-27,37.59375584002083,21000100,36.805,20991200,36.805,21000200
2021-04-28,37.08147124125,21000100,36.275,20991200,36.275,21000200
2021-04-29,38.21982026715,21000100,36.513,20991200,36.513,21000200
2021-04-30,39.410162697749996,21000100,38.142,20991200,38.142,21000200
2021-05-02,41.95588662446667,21000100,39.502,20991200,39.502,21000200
2021-05-03,44.114763361499996,21000100,42.12,20991200,42.12,21000200
2021-05-04,47.72999813999999,21000100,45.544,20991200,45.544,21000200
2021-05-05,53.47393299413334,21000100,49.664,20991200,49.664,21000200
2021-05-06,51.52359682139999,21000100,47.184,20991200,47.184,21000200
2021-05-07,51.11489945260417,21000100,49.175,20991200,49.175,21000200
2021-05-08,52.18513457535,21000100,48.666,20991200,48.666,21000200
2021-05-09,55.4062338053875,21000100,52.311,20991200,52.311,21000200
2021-05-10,48.2180545626,21000100,46.341,20991200,46.341,21000200
2021-05-11,49.72458675028751,21000100,48.831,20991200,48.831,21000200
2021-05-12,42.79343104500834,21000100,41.609,20991200,41.609,21000200
2021-05-13,43.87423369898333,21000100,43.309,20991200,43.309,21000200
2021-05-14,47.163680079349994,21000100,46.619,20991200,46.619,21000200
2021-05-15,42.59200100700001,21000100,41.53,20991200,41.53,21000200
2021-05-16,42.03998116083333,21000100,40.696,20991200,40.696,21000200
2021-05-17,38.249212690187505,21000100,37.203,20991200,37.203,21000200
2021-05-18,43.38518562750001,21000100,42.6,20991200,42.6,21000200
2021-05-19,23.40275001896353,21000100,26.249,20991200,26.249,21000200
2021-05-20,30.910507875,21000100,30.631,20991200,30.631,21000200
2021-05-21,25.785162,21000100,25.552,20991200,25.552,21000200
2021-05-22,23.512612500000003,21000100,23.3,20991200,23.3,21000200
2021-05-23,20.017003499999998,21000100,19.836,20991200,19.836,21000200
2021-05-24,26.6449365,21000100,26.404,20991200,26.404,21000200
2021-05-25,27.768092625,21000100,27.517,20991200,27.517,21000200
2021-05-26,34.3142865,21000100,34.004,20991200,34.004,21000200
2021-05-27,32.011463250000006,21000100,31.722,20991200,31.722,21000200
2021-05-28,28.12027725,21000100,27.866,20991200,27.866,21000200
2021-05-29,25.592419125000003,21000100,25.361,20991200,25.361,21000200
2021-05-30,27.035457997875,21000100,26.805,20991200,26.805,21000200
2021-05-31,32.39089425,21000100,32.098,20991200,32.098,21000200
2021-06-02,30.949863750000002,21000100,30.67,20991200,30.67,21000200
2021-06-03,32.501898,21000100,32.208,20991200,32.208,21000200
2021-06-04,29.09307375,21000100,28.83,20991200,28.83,21000200
2021-06-05,27.3715065,21000100,27.124,20991200,27.124,21000200
2021-06-06,27.788275125000002,21000100,27.537,20991200,27.537,21000200
2021-06-07,24.805301625000002,21000100,24.581,20991200,24.581,21000200
2021-06-08,24.298720875,21000100,24.079,20991200,24.079,21000200
2021-06-09,25.820481375,21000100,25.587,20991200,25.587,21000200
2021-06-10,23.329960875,21000100,23.119,20991200,23.119,21000200
2021-06-11,21.662886375,21000100,21.467,20991200,21.467,21000200
2021-06-12,21.84755625,21000100,21.65,20991200,21.65,21000200
2021-06-13,23.516649,21000100,23.304,20991200,23.304,21000200
2021-06-14,25.18170525,21000100,24.954,20991200,24.954,21000200
2021-06-15,24.71347125,21000100,24.49,20991200,24.49,21000200
2021-06-16,23.245194375,21000100,23.035,20991200,23.035,21000200
2021-06-17,23.613525,21000100,23.4,20991200,23.4,21000200
2021-06-18,21.425742,21000100,21.232,20991200,21.232,21000200
2021-06-19,20.440836,21000100,20.256,20991200,20.256,21000200
2021-06-20,21.8415015,21000100,21.644,20991200,21.644,21000200
2021-06-21,17.508648072,21000100,17.352,20991200,17.352,21000200
2021-06-22,16.970695974341666,21000100,16.849,20991200,16.849,21000200
2021-06-23,18.512054234445838,21000100,18.379,20991200,18.379,21000200
2021-06-24,19.228876875,21000100,19.055,20991200,19.055,21000200
2021-06-25,16.9917932853,21000100,16.859,20991200,16.859,21000200
2021-06-26,17.076026562225,21000100,16.938,20991200,16.938,21000200
2021-06-27,18.474974934529165,21000100,18.389,20991200,18.389,21000200
2021-06-28,19.003504044066666,21000100,18.832,20991200,18.832,21000200
2021-06-29,19.711238625000004,21000100,19.533,20991200,19.533,21000200
2021-06-30,19.697110875,21000100,19.519,20991200,19.519,21000200
2021-07-02,18.435704625,21000100,18.269,20991200,18.269,21000200
2021-07-03,18.712204875,21000100,18.543,20991200,18.543,21000200
2021-07-04,19.412537625,21000100,19.237,20991200,19.237,21000200
2021-07-05,18.453091909041667,21000100,18.353,20991200,18.353,21000200
2021-07-06,20.220435124825,21000100,20.067,20991200,20.067,21000200
2021-07-07,19.963519875000003,21000100,19.783,20991200,19.783,21000200
2021-07-08,18.52955325,21000100,18.362,20991200,18.362,21000200
2021-07-09,18.7933986114,21000100,18.648,20991200,18.648,21000200
2021-07-10,18.366075,21000100,18.2,20991200,18.2,21000200
2021-07-11,18.548726625,21000100,18.381,20991200,18.381,21000200
2021-07-12,17.66574225,21000100,17.506,20991200,17.506,21000200
2021-07-13,17.022929625,21000100,16.869,20991200,16.869,21000200
2021-07-14,17.089531875,21000100,16.935,20991200,16.935,21000200
2021-07-15,15.006243853333334,21000100,15.76,20991200,15.76,21000200
2021-07-16,15.37301025,21000100,15.234,20991200,15.234,21000200
2021-07-17,15.481995750000001,21000100,15.342,20991200,15.342,21000200
2021-07-18,15.610154625,21000100,15.469,20991200,15.469,21000200
2021-07-19,14.651158801987501,21000100,14.521,20991200,14.521,21000200
2021-07-20,13.811949736125,21000100,13.73,20991200,13.73,21000200
2021-07-21,15.289077712270833,21000100,15.295,20991200,15.295,21000200
2021-07-22,16.210584,21000100,16.064,20991200,16.064,21000200
2021-07-23,16.647535125,21000100,16.497,20991200,16.497,21000200
2021-07-24,16.823122875,21000100,16.671,20991200,16.671,21000200
2021-07-25,16.880643000000003,21000100,16.728,20991200,16.728,21000200
2021-07-26,18.189478125,21000100,18.025,20991200,18.025,21000200
2021-07-27,19.654727625,21000100,19.477,20991200,19.477,21000200
2021-07-28,19.282360500000003,21000100,19.108,20991200,19.108,21000200
2021-07-29,19.540696500000003,21000100,19.364,20991200,19.364,21000200
2021-07-30,22.465140750000003,21000100,22.262,20991200,22.262,21000200
2021-07-31,22.928329125,21000100,22.721,20991200,22.721,21000200
2021-08-02,23.69627325,21000100,23.482,20991200,23.482,21000200
2021-08-03,24.163498125,21000100,23.945,20991200,23.945,21000200
2021-08-04,24.424861500000002,21000100,24.204,20991200,24.204,21000200
2021-08-05,24.283584,21000100,24.064,20991200,24.064,21000200
2021-08-06,24.117078375000002,21000100,23.899,20991200,23.899,21000200
2021-08-07,24.9468678844,21000100,24.708,20991200,24.708,21000200
2021-08-08,23.24418525,21000100,23.034,20991200,23.034,21000200
2021-08-09,24.425870624999998,21000100,24.205,20991200,24.205,21000200
2021-08-10,24.804975534966665,21000100,24.556,20991200,24.556,21000200
2021-08-11,26.54508294,21000100,25.92,20991200,25.92,21000200
2021-08-12,25.46290748925,21000100,24.948,20991200,24.948,21000200
2021-08-13,28.12888438873333,21000100,27.769,20991200,27.769,21000200
2021-08-14,27.915382006416667,21000100,27.17,20991200,27.17,21000200
2021-08-15,28.66194899425,21000100,27.94,20991200,27.94,21000200
2021-08-16,29.41431794560833,21000100,27.961,20991200,27.961,21000200
2021-08-17,26.414881189666662,21000100,26.156,20991200,26.156,21000200
2021-08-18,25.58535525,21000100,25.354,20991200,25.354,21000200
2021-08-19,27.36747,21000100,27.12,20991200,27.12,21000200
2021-08-20,29.32729208603333,21000100,28.708,20991200,28.708,21000200
2021-08-21,28.88731894586921,21000100,27.867,20991200,27.867,21000200
2021-08-22,28.719869872925003,21000100,28.007,20991200,28.007,21000200
2021-08-23,29.755986673028712,21000100,28.6,20991200,28.6,21000200
2021-08-24,26.84601741464673,21000100,25.741,20991200,25.741,21000200
2021-08-25,26.87299875,21000100,26.63,20991200,26.63,21000200
2021-08-26,24.66727648166666,21000100,24.4,20991200,24.4,21000200
2021-08-27,26.3058705,21000100,26.068,20991200,26.068,21000200
2021-08-28,26.299786928333337,21000100,25.765,20991200,25.765,21000200
2021-08-29,26.2188298124625,21000100,25.791,20991200,25.791,21000200
2021-08-30,25.3765143404125,21000100,25.059,20991200,25.059,21000200
2021-08-31,27.476983629287503,21000100,26.719,20991200,26.719,21000200
2021-09-02,31.40078827615341,21000100,29.984,20991200,29.984,21000200
2021-09-03,32.335463344518466,21000100,30.793,20991200,30.793,21000200
2021-09-04,31.495729856820297,21000100,29.914,20991200,29.914,21000200
2021-09-05,35.263560575125005,21000100,33.63,20991200,33.63,21000200
2021-09-06,36.64538098065,21000100,34.842,20991200,34.842,21000200
2021-09-07,29.217250083625004,21000100,28.254,20991200,28.254,21000200
2021-09-08,27.422971875,21000100,27.175,20991200,27.175,21000200
2021-09-09,28.272655125,21000100,28.017,20991200,28.017,21000200
2021-09-10,26.639890875000003,21000100,26.399,20991200,26.399,21000200
2021-09-11,27.270594000000003,21000100,27.024,20991200,27.024,21000200
2021-09-12,29.714694750000003,21000100,29.446,20991200,29.446,21000200
2021-09-13,27.21610125,21000100,26.97,20991200,26.97,21000200
2021-09-14,31.094168625000002,21000100,30.813,20991200,30.813,21000200
2021-09-15,30.972064500000002,21000100,30.692,20991200,30.692,21000200
2021-09-16,30.096144000000002,21000100,29.824,20991200,29.824,21000200
2021-09-17,28.057461933,21000100,27.76,20991200,27.76,21000200
2021-09-18,28.700059990375003,21000100,28.415,20991200,28.415,21000200
2021-09-19,27.638924625,21000100,27.389,20991200,27.389,21000200
2021-09-20,23.787094500000002,21000100,23.572,20991200,23.572,21000200
2021-09-21,21.628576125000002,21000100,21.433,20991200,21.433,21000200
2021-09-22,24.666042375000004,21000100,24.443,20991200,24.443,21000200
2021-09-23,25.64590275,21000100,25.414,20991200,25.414,21000200
2021-09-24,23.469220125000003,21000100,23.257,20991200,23.257,21000200
2021-09-25,24.708425625,21000100,24.485,20991200,24.485,21000200
2021-09-26,24.812365500000002,21000100,24.588,20991200,24.588,21000200
2021-09-27,23.213911500000002,21000100,23.004,20991200,23.004,21000200
2021-09-28,22.2774435,21000100,22.076,20991200,22.076,21000200
2021-09-29,23.051442375,21000100,22.843,20991200,22.843,21000200
2021-09-30,24.205881375,21000100,23.987,20991200,23.987,21000200
2021-10-02,27.1293165,21000100,26.884,20991200,26.884,21000200
2021-10-03,27.835704,21000100,27.584,20991200,27.584,21000200
2021-10-04,26.868962250000003,21000100,26.626,20991200,26.626,21000200
2021-10-05,27.513793125000003,21000100,27.265,20991200,27.265,21000200
2021-10-06,27.061705125000003,21000100,26.817,20991200,26.817,21000200
2021-10-07,27.3999104701875,21000100,26.865,20991200,26.865,21000200
2021-10-08,27.453331451666664,21000100,26.41,20991200,26.41,21000200
2021-10-09,27.904786596250002,21000100,27.474,20991200,27.474,21000200
2021-10-10,26.007738100345833,21000100,25.553,20991200,25.553,21000200
2021-10-11,25.457196375000002,21000100,25.227,20991200,25.227,21000200
2021-10-12,24.886031625,21000100,24.661,20991200,24.661,21000200
2021-10-13,25.92845775,21000100,25.694,20991200,25.694,21000200
2021-10-14,27.156188272916665,21000100,26.75,20991200,26.75,21000200
2021-10-15,27.800813348312502,21000100,27.035,20991200,27.035,21000200
2021-10-16,28.375479524249997,21000100,27.246,20991200,27.246,21000200
2021-10-17,27.330193189800003,21000100,26.568,20991200,26.568,21000200
2021-10-18,26.251841509366667,21000100,25.732,20991200,25.732,21000200
2021-10-19,26.599587797399998,21000100,25.936,20991200,25.936,21000200
2021-10-20,28.27577381270833,21000100,27.514,20991200,27.514,21000200
2021-10-21,29.523984750975,21000100,28.314,20991200,28.314,21000200
2021-10-22,29.237442138375,21000100,28.69,20991200,28.69,21000200
2021-10-23,31.869299141666666,21000100,31.39,20991200,31.39,21000200
2021-10-24,30.62549272485,21000100,29.716,20991200,29.716,21000200
2021-10-25,33.307976796041665,21000100,32.402,20991200,32.402,21000200
2021-10-26,34.3093005957,21000100,32.552,20991200,32.552,21000200
2021-10-27,29.63880487735,21000100,28.887,20991200,28.887,21000200
2021-10-28,30.475575,21000100,30.2,20991200,30.2,21000200
2021-10-29,31.34129628675,21000100,30.995,20991200,30.995,21000200
2021-10-30,30.318974880850003,21000100,29.823,20991200,29.823,21000200
2021-10-31,30.50254780310833,21000100,30.019,20991200,30.019,21000200
2021-11-02,33.548061522850006,21000100,32.298,20991200,32.298,21000200
2021-11-03,33.249665126475,21000100,31.983,20991200,31.983,21000200
2021-11-04,32.221717108683336,21000100,31.004,20991200,31.004,21000200
2021-11-05,33.649276750375,21000100,32.89,20991200,32.89,21000200
2021-11-06,32.74338540113333,21000100,32.044,20991200,32.044,21000200
2021-11-07,32.809697085749995,21000100,32.37,20991200,32.37,21000200
2021-11-08,36.3945155390875,21000100,34.509,20991200,34.509,21000200
2021-11-09,35.287040826625,21000100,33.855,20991200,33.855,21000200
2021-11-10,35.399384413650004,21000100,34.234,20991200,34.234,21000200
2021-11-11,35.00654625,21000100,34.69,20991200,34.69,21000200
2021-11-12,34.584732,21000100,34.272,20991200,34.272,21000200
2021-11-13,34.32034125,21000100,34.01,20991200,34.01,21000200
2021-11-14,34.078151250000005,21000100,33.77,20991200,33.77,21000200
2021-11-15,32.83027164141667,21000100,32.09,20991200,32.09,21000200
2021-11-16,29.6018230918,21000100,29.164,20991200,29.164,21000200
2021-11-17,29.481586875,21000100,29.215,20991200,29.215,21000200
2021-11-18,26.789241375000003,21000100,26.547,20991200,26.547,21000200
2021-11-19,28.53603675,21000100,28.278,20991200,28.278,21000200
2021-11-20,28.641994875,21000100,28.383,20991200,28.383,21000200
2021-11-21,29.268661500000004,21000100,29.004,20991200,29.004,21000200
2021-11-22,27.011248875,21000100,26.767,20991200,26.767,21000200
2021-11-23,27.209037375,21000100,26.963,20991200,26.963,21000200
2021-11-24,26.03448509235,21000100,25.601,20991200,25.601,21000200
2021-11-25,27.046594879325,21000100,26.439,20991200,26.439,21000200
2021-11-26,24.668313336770833,21000100,23.965,20991200,23.965,21000200
2021-11-27,24.322939875000003,21000100,24.103,20991200,24.103,21000200
2021-11-28,24.995017125,21000100,24.769,20991200,24.769,21000200
2021-11-29,25.232161500000004,21000100,25.004,20991200,25.004,21000200
2021-11-30,25.57324575,21000100,25.342,20991200,25.342,21000200
2021-12-02,24.775027875,21000100,24.551,20991200,24.551,21000200
2021-12-03,23.514630750000002,21000100,23.302,20991200,23.302,21000200
2021-12-04,20.825312625000002,21000100,20.637,20991200,20.637,21000200
2021-12-05,19.60379945755,21000100,19.481,20991200,19.481,21000200
2021-12-06,19.96251075,21000100,19.782,20991200,19.782,21000200
2021-12-07,21.272355,21000100,21.08,20991200,21.08,21000200
2021-12-08,23.118044625,21000100,22.909,20991200,22.909,21000200
2021-12-09,20.441845125000004,21000100,20.257,20991200,20.257,21000200
2021-12-10,18.685828726833332,21000100,18.532,20991200,18.532,21000200
2021-12-11,20.142597202429165,21000100,19.967,20991200,19.967,21000200
2021-12-12,20.588168250000003,21000100,20.402,20991200,20.402,21000200
2021-12-13,17.9260965,21000100,17.764,20991200,17.764,21000200
2021-12-14,18.5855785100375,21000100,18.421,20991200,18.421,21000200
2021-12-15,19.858570874999998,21000100,19.679,20991200,19.679,21000200
2021-12-16,18.92916675,21000100,18.758,20991200,18.758,21000200
2021-12-17,18.416531250000002,21000100,18.25,20991200,18.25,21000200
2021-12-18,19.709308647583335,21000100,19.532,20991200,19.532,21000200
2021-12-19,19.036134,21000100,18.864,20991200,18.864,21000200
2021-12-20,18.950358375,21000100,18.779,20991200,18.779,21000200
2021-12-21,19.592161875,21000100,19.415,20991200,19.415,21000200
2021-12-22,20.10378825,21000100,19.922,20991200,19.922,21000200
2021-12-23,22.36826475,21000100,22.166,20991200,22.166,21000200
2021-12-24,21.676005,21000100,21.48,20991200,21.48,21000200
2021-12-25,22.318817625,21000100,22.117,20991200,22.117,21000200
2021-12-26,23.19574725,21000100,22.986,20991200,22.986,21000200
2021-12-27,23.226021,21000100,23.016,20991200,23.016,21000200
2021-12-28,20.564958375000003,21000100,20.379,20991200,20.379,21000200
2021-12-29,19.914072750000003,21000100,19.734,20991200,19.734,21000200
2021-12-30,20.11186125,21000100,19.93,20991200,19.93,21000200
2021-12-31,19.69206525,21000100,19.514,20991200,19.514,21000200
2022-01-01,20.925216000000002,21000100,20.736,20991200,20.736,21000200
2022-01-02,22.05341775,21000100,21.854,20991200,21.854,21000200
2022-01-03,23.913235125,21000100,23.697,20991200,23.697,21000200
2022-01-04,23.63976225,21000100,23.426,20991200,23.426,21000200
2022-01-05,25.45215075,21000100,25.222,20991200,25.222,21000200
2022-01-06,25.610583375,21000100,25.379,20991200,25.379,21000200
2022-01-07,26.212021875,21000100,25.975,20991200,25.975,21000200
2022-01-08,25.536917250000002,21000100,25.306,20991200,25.306,21000200
2022-01-09,27.78928425,21000100,27.538,20991200,27.538,21000200
2022-01-10,28.081474126508336,21000100,27.974,20991200,27.974,21000200
2022-01-11,26.824560750000003,21000100,26.582,20991200,26.582,21000200
2022-01-12,26.995102875000004,21000100,26.751,20991200,26.751,21000200
2022-01-13,25.0787745,21000100,24.852,20991200,24.852,21000200
2022-01-14,25.94056725,21000100,25.706,20991200,25.706,21000200
2022-01-15,25.396648875000004,21000100,25.167,20991200,25.167,21000200
2022-01-16,25.730669250000002,21000100,25.498,20991200,25.498,21000200
2022-01-17,23.987910375000002,21000100,23.771,20991200,23.771,21000200
2022-01-18,23.160427875,21000100,22.951,20991200,22.951,21000200
2022-01-19,21.737561625,21000100,21.541,20991200,21.541,21000200
2022-01-20,20.347996500000004,21000100,20.164,20991200,20.164,21000200
2022-01-21,17.552780365091667,21000100,17.414,20991200,17.414,21000200
2022-01-22,15.892033132516667,21000100,15.844,20991200,15.844,21000200
2022-01-23,16.695486900875,21000100,16.622,20991200,16.622,21000200
2022-01-24,15.672426835799998,21000100,15.568,20991200,15.568,21000200
2022-01-25,15.628318875000001,21000100,15.487,20991200,15.487,21000200
2022-01-26,15.2574933709,21000100,15.224,20991200,15.224,21000200
2022-01-27,15.235072535216664,21000100,15.209,20991200,15.209,21000200
2022-01-28,16.26752871764583,21000100,16.133,20991200,16.133,21000200
2022-01-29,16.344475012345832,21000100,16.217,20991200,16.217,21000200
2022-01-30,17.91600525,21000100,17.754,20991200,17.754,21000200
2022-01-31,17.239089657883333,21000100,17.143,20991200,17.143,21000200
2022-02-01,17.060391224025,21000100,16.974,20991200,16.974,21000200
2022-02-02,15.890263450466668,21000100,15.772,20991200,15.772,21000200
2022-02-03,16.309720402499998,21000100,16.29,20991200,16.29,21000200
2022-02-04,17.5386763125,21000100,17.5,20991200,17.5,21000200
2022-02-05,17.870172609824998,21000100,17.747,20991200,17.747,21000200
2022-02-06,18.228834000000003,21000100,18.064,20991200,18.064,21000200
2022-02-07,19.04622525,21000100,18.874,20991200,18.874,21000200
2022-02-08,18.534598875,21000100,18.367,20991200,18.367,21000200
2022-02-09,18.834309,21000100,18.664,20991200,18.664,21000200
2022-02-10,17.6139030956,21000100,17.486,20991200,17.486,21000200
2022-02-11,16.228890572904167,21000100,16.189,20991200,16.189,21000200
2022-02-12,16.094534625,21000100,15.949,20991200,15.949,21000200
2022-02-13,15.641937739045835,21000100,15.601,20991200,15.601,21000200
2022-02-14,16.00804706246667,21000100,15.896,20991200,15.896,21000200
2022-02-15,17.357559015387498,21000100,17.339,20991200,17.339,21000200
2022-02-16,17.26612875,21000100,17.11,20991200,17.11,21000200
2022-02-17,15.7176452055,21000100,15.582,20991200,15.582,21000200
2022-02-18,15.232122047025,21000100,15.174,20991200,15.174,21000200
2022-02-19,15.648501375,21000100,15.507,20991200,15.507,21000200
2022-02-20,14.704567326500001,21000100,14.601,20991200,14.601,21000200
2022-02-21,13.552592853083334,21000100,13.492,20991200,13.492,21000200
2022-02-22,13.9432244243,21000100,13.983,20991200,13.983,21000200
2022-02-23,13.374749143666667,21000100,13.34,20991200,13.34,21000200
2022-02-24,13.219175063533774,21000100,13.261,20991200,13.261,21000200
2022-02-25,14.404422303333334,21000100,14.359,20991200,14.359,21000200
2022-02-26,14.80271682765,21000100,14.706,20991200,14.706,21000200
2022-02-27,13.749789315375,21000100,13.635,20991200,13.635,21000200
2022-02-28,15.254942625000002,21000100,15.117,20991200,15.117,21000200
2022-03-01,15.483004875,21000100,15.343,20991200,15.343,21000200
2022-03-02,15.4153935,21000100,15.276,20991200,15.276,21000200
2022-03-03,15.016789125,21000100,14.881,20991200,14.881,21000200
2022-03-04,13.852258875,21000100,13.727,20991200,13.727,21000200
2022-03-05,14.117051652279168,21000100,14.017,20991200,14.017,21000200
2022-03-06,13.412195450020834,21000100,13.315,20991200,13.315,21000200
2022-03-07,12.772070776800001,21000100,12.664,20991200,12.664,21000200
2022-03-08,13.150817604520833,21000100,13.085,20991200,13.085,21000200
2022-03-09,14.104784808333331,21000100,14.0,20991200,14.0,21000200
2022-03-10,13.293203625,21000100,13.173,20991200,13.173,21000200
2022-03-11,13.15697175,21000100,13.038,20991200,13.038,21000200
2022-03-12,13.25788425,21000100,13.138,20991200,13.138,21000200
2022-03-13,12.804367025400001,21000100,12.696,20991200,12.696,21000200
2022-03-14,13.481497285025002,21000100,13.398,20991200,13.398,21000200
2022-03-15,13.818957750000001,21000100,13.694,20991200,13.694,21000200
2022-03-16,14.794781625,21000100,14.661,20991200,14.661,21000200
2022-03-17,14.535436500000001,21000100,14.404,20991200,14.404,21000200
2022-03-18,15.141920625000001,21000100,15.005,20991200,15.005,21000200
2022-03-19,15.130820250000001,21000100,14.994,20991200,14.994,21000200
2022-03-20,14.67873225,21000100,14.546,20991200,14.546,21000200
2022-03-21,15.122747250000002,21000100,14.986,20991200,14.986,21000200
2022-03-22,15.567771375,21000100,15.427,20991200,15.427,21000200
2022-03-23,15.9724305,21000100,15.828,20991200,15.828,21000200
2022-03-24,16.304432625,21000100,16.157,20991200,16.157,21000200
2022-03-25,15.727213125000002,21000100,15.585,20991200,15.585,21000200
2022-03-26,15.975457875,21000100,15.831,20991200,15.831,21000200
2022-03-27,17.008801875,21000100,16.855,20991200,16.855,21000200
2022-03-28,16.646525999999998,21000100,16.496,20991200,16.496,21000200
2022-03-29,17.125860375000002,21000100,16.971,20991200,16.971,21000200
2022-03-30,17.371077749999998,21000100,17.214,20991200,17.214,21000200
2022-03-31,17.074395000000003,21000100,16.92,20991200,16.92,21000200
2022-04-01,17.510337,21000100,17.352,20991200,17.352,21000200
2022-04-02,17.565838875,21000100,17.407,20991200,17.407,21000200
2022-04-03,18.24699825,21000100,18.082,20991200,18.082,21000200
2022-04-04,17.66574225,21000100,17.506,20991200,17.506,21000200
2022-04-05,16.888716000000002,21000100,16.736,20991200,16.736,21000200
2022-04-06,15.536185648762501,21000100,15.399,20991200,15.399,21000200
2022-04-07,15.857316528341666,21000100,15.733,20991200,15.733,21000200
2022-04-08,15.252924375000001,21000100,15.115,20991200,15.115,21000200
2022-04-09,15.562725750000002,21000100,15.422,20991200,15.422,21000200
2022-04-10,15.364937250000002,21000100,15.226,20991200,15.226,21000200
2022-04-11,13.880514375,21000100,13.755,20991200,13.755,21000200
2022-04-12,14.081121047125,21000100,13.97,20991200,13.97,21000200
2022-04-13,14.2977412983875,21000100,14.187,20991200,14.187,21000200
2022-04-14,13.751473795616667,21000100,13.636,20991200,13.636,21000200
2022-04-15,14.159166895041666,21000100,14.099,20991200,14.099,21000200
2022-04-16,14.275082250000002,21000100,14.146,20991200,14.146,21000200
2022-04-17,13.839140250000002,21000100,13.714,20991200,13.714,21000200
2022-04-18,14.172982743608333,21000100,14.047,20991200,14.047,21000200
2022-04-19,14.368930875000002,21000100,14.239,20991200,14.239,21000200
2022-04-20,14.148941625,21000100,14.021,20991200,14.021,21000200
2022-04-21,13.691808,21000100,13.568,20991200,13.568,21000200
2022-04-22,13.689376602716667,21000100,13.577,20991200,13.577,21000200
2022-04-23,13.431453750000001,21000100,13.31,20991200,13.31,21000200
2022-04-24,13.377970125000001,21000100,13.257,20991200,13.257,21000200
2022-04-25,13.484503365333333,21000100,13.427,20991200,13.427,21000200
2022-04-26,12.457453338875,21000100,12.359,20991200,12.359,21000200
2022-04-27,12.777421681849999,21000100,12.731,20991200,12.731,21000200
2022-04-28,12.7674495,21000100,12.652,20991200,12.652,21000200
2022-04-29,12.077208,21000100,11.968,20991200,11.968,21000200
2022-04-30,11.032198060295833,21000100,10.951,20991200,10.951,21000200
2022-05-01,11.3308703696875,21000100,11.293,20991200,11.293,21000200
2022-05-02,11.227103243066667,21000100,11.168,20991200,11.168,21000200
2022-05-03,11.1855244931875,21000100,11.117,20991200,11.117,21000200
2022-05-04,12.2263894636125,21000100,12.193,20991200,12.193,21000200
2022-05-05,11.006526375,21000100,10.907,20991200,10.907,21000200
2022-05-06,10.770541643205755,21000100,10.781,20991200,10.781,21000200
2022-05-07,10.2863408659375,21000100,10.205,20991200,10.205,21000200
2022-05-08,10.070295665625002,21000100,9.99,20991200,9.99,21000200
2022-05-09,8.112203939729167,21000100,8.081,20991200,8.081,21000200
2022-05-10,8.560708312952253,21000100,8.577,20991200,8.577,21000200
2022-05-11,6.9073005953198505,21000100,6.936,20991200,6.936,21000200
2022-05-12,6.4810756797678355,21000100,6.562,20991200,6.562,21000200
2022-05-13,7.040603364259375,21000100,7.146,20991200,7.146,21000200
2022-05-14,7.1665505084,21000100,7.246,20991200,7.246,21000200
2022-05-15,7.924246631833333,21000100,7.96,20991200,7.96,21000200
2022-05-16,7.4423139786,21000100,7.418,20991200,7.418,21000200
2022-05-17,7.746204039749999,21000100,7.71,20991200,7.71,21000200
2022-05-18,6.833982550450001,21000100,6.798,20991200,6.798,21000200
2022-05-19,7.2410876151,21000100,7.218,20991200,7.218,21000200
2022-05-20,6.908125653,21000100,6.864,20991200,6.864,21000200
2022-05-21,7.0531200656249995,21000100,7.05,20991200,7.05,21000200
2022-05-22,7.371747484075,21000100,7.319,20991200,7.319,21000200
2022-05-23,7.086075750000001,21000100,7.022,20991200,7.022,21000200
2022-05-24,7.20870807175,21000100,7.23,20991200,7.23,21000200
2022-05-25,6.9601526423625,21000100,6.951,20991200,6.951,21000200
2022-05-26,6.5288589364375005,21000100,6.565,20991200,6.565,21000200
2022-05-27,6.261899774920834,21000100,6.283,20991200,6.283,21000200
2022-05-28,6.5702571877,21000100,6.564,20991200,6.564,21000200
2022-05-29,6.725910901079166,21000100,6.709,20991200,6.709,21000200
2022-05-30,7.50742639245,21000100,7.452,20991200,7.452,21000200
2022-05-31,7.656231375,21000100,7.587,20991200,7.587,21000200
2022-06-01,6.989199750000001,21000100,6.926,20991200,6.926,21000200
2022-06-02,7.2032287797,21000100,7.192,20991200,7.192,21000200
2022-06-03,6.870437460208333,21000100,6.85,20991200,6.85,21000200
2022-06-04,7.4511725575583325,21000100,7.406,20991200,7.406,21000200
2022-06-05,7.690815599441668,21000100,7.642,20991200,7.642,21000200
2022-06-06,8.0300792088,21000100,7.972,20991200,7.972,21000200
2022-06-07,8.773816343466667,21000100,8.704,20991200,8.704,21000200
2022-06-08,8.77281686125,21000100,8.7,20991200,8.7,21000200
2022-06-09,9.21495047,21000100,9.265,20991200,9.265,21000200
2022-06-10,8.0607151553625,21000100,8.033,20991200,8.033,21000200
2022-06-11,7.025798677333333,21000100,7.04,20991200,7.04,21000200
2022-06-12,6.137971558602206,21000100,6.264,20991200,6.264,21000200
2022-06-13,5.787494629725425,21000100,5.922,20991200,5.922,21000200
2022-06-14,6.57780452865,21000100,6.726,20991200,6.726,21000200
2022-06-15,7.300393455225,21000100,7.319,20991200,7.319,21000200
2022-06-16,6.35943038825,21000100,6.355,20991200,6.355,21000200
2022-06-17,6.32778736005,21000100,6.357,20991200,6.357,21000200
2022-06-18,5.938242494758334,21000100,5.921,20991200,5.921,21000200
2022-06-19,6.592906541404167,21000100,6.601,20991200,6.601,21000200
2022-06-20,7.0422530495,21000100,6.98,20991200,6.98,21000200
2022-06-21,6.9165427500000005,21000100,6.854,20991200,6.854,21000200
2022-06-22,6.665569404416667,21000100,6.62,20991200,6.62,21000200
2022-06-23,7.023774026041667,21000100,6.985,20991200,6.985,21000200
2022-06-24,7.290922480858334,21000100,7.259,20991200,7.259,21000200
2022-06-25,7.3186211613375,21000100,7.259,20991200,7.259,21000200
2022-06-26,6.731093655699999,21000100,6.693,20991200,6.693,21000200
2022-06-27,6.5065942205916665,21000100,6.553,20991200,6.553,21000200
2022-06-28,6.277166570675,21000100,6.314,20991200,6.314,21000200
2022-06-29,6.1784444209,21000100,6.233,20991200,6.233,21000200
2022-06-30,6.2650338465,21000100,6.27,20991200,6.27,21000200
2022-07-01,6.047997915937501,21000100,6.075,20991200,6.075,21000200
2022-07-02,6.2312493365,21000100,6.22,20991200,6.22,21000200
2022-07-03,6.2417607875,21000100,6.216,20991200,6.216,21000200
2022-07-04,6.46853995725,21000100,6.429,20991200,6.429,21000200
2022-07-05,6.362533125,21000100,6.305,20991200,6.305,21000200
2022-07-06,6.392806875000001,21000100,6.335,20991200,6.335,21000200
2022-07-07,6.695544375,21000100,6.635,20991200,6.635,21000200
2022-07-08,6.406934625000001,21000100,6.349,20991200,6.349,21000200
2022-07-09,6.5401391250000005,21000100,6.481,20991200,6.481,21000200
2022-07-10,6.24648375,21000100,6.19,20991200,6.19,21000200
2022-07-11,6.0670323586125,21000100,6.039,20991200,6.039,21000200
2022-07-12,5.972205434687501,21000100,5.945,20991200,5.945,21000200
2022-07-13,6.190129573583333,21000100,6.17,20991200,6.17,21000200
2022-07-14,6.316904190324999,21000100,6.271,20991200,6.271,21000200
2022-07-15,6.378679125,21000100,6.321,20991200,6.321,21000200
2022-07-16,6.654170250000001,21000100,6.594,20991200,6.594,21000200
2022-07-17,6.402898125,21000100,6.345,20991200,6.345,21000200
2022-07-18,7.097176125000001,21000100,7.033,20991200,7.033,21000200
2022-07-19,7.315147125,21000100,7.249,20991200,7.249,21000200
2022-07-20,6.92461575,21000100,6.862,20991200,6.862,21000200
2022-07-21,7.0527746250000005,21000100,6.989,20991200,6.989,21000200
2022-07-22,6.8418675,21000100,6.78,20991200,6.78,21000200
2022-07-23,6.878252636995835,21000100,6.841,20991200,6.841,21000200
2022-07-24,7.1484389613875,21000100,7.091,20991200,7.091,21000200
2022-07-25,6.4775464341666655,21000100,6.425,20991200,6.425,21000200
2022-07-26,6.384237344612499,21000100,6.337,20991200,6.337,21000200
2022-07-27,6.875097298620833,21000100,6.853,20991200,6.853,21000200
2022-07-28,7.281846000000001,21000100,7.216,20991200,7.216,21000200
2022-07-29,7.95392325,21000100,7.882,20991200,7.882,21000200
2022-07-30,7.890348375,21000100,7.819,20991200,7.819,21000200
2022-07-31,7.71980625,21000100,7.65,20991200,7.65,21000200
2022-08-01,7.636048875,21000100,7.567,20991200,7.567,21000200
2022-08-02,7.238453625,21000100,7.173,20991200,7.173,21000200
2022-08-03,7.343161362129167,21000100,7.277,20991200,7.277,21000200
2022-08-04,7.4186904127875,21000100,7.359,20991200,7.359,21000200
2022-08-05,7.94585025,21000100,7.874,20991200,7.874,21000200
2022-08-06,7.859065500000001,21000100,7.788,20991200,7.788,21000200
2022-08-07,8.417111625,21000100,8.341,20991200,8.341,21000200
2022-08-08,8.6825115,21000100,8.604,20991200,8.604,21000200
2022-08-09,8.817734249999999,21000100,8.738,20991200,8.738,21000200
2022-08-10,9.132581250000001,21000100,9.05,20991200,9.05,21000200
2022-08-11,9.024530219195835,21000100,8.957,20991200,8.957,21000200
2022-08-12,9.402017625000001,21000100,9.317,20991200,9.317,21000200
2022-08-13,9.19588484925,21000100,9.141,20991200,9.141,21000200
2022-08-14,8.802812834666666,21000100,8.764,20991200,8.764,21000200
2022-08-15,8.655555548475,21000100,8.641,20991200,8.641,21000200
2022-08-16,8.515945553933335,21000100,8.444,20991200,8.444,21000200
2022-08-17,8.078561001991668,21000100,8.057,20991200,8.057,21000200
2022-08-18,7.713751500000001,21000100,7.644,20991200,7.644,21000200
2022-08-19,6.892186159875,21000100,6.894,20991200,6.894,21000200
2022-08-20,6.858869109454167,21000100,6.893,20991200,6.893,21000200
2022-08-21,6.970533812099999,21000100,7.076,20991200,7.076,21000200
2022-08-22,7.002186156666666,21000100,7.036,20991200,7.036,21000200
2022-08-23,7.252535737350001,21000100,7.236,20991200,7.236,21000200
2022-08-24,7.1260850661,21000100,7.119,20991200,7.119,21000200
2022-08-25,7.146243548666667,21000100,7.12,20991200,7.12,21000200
2022-08-26,6.522644768904167,21000100,6.497,20991200,6.497,21000200
2022-08-27,6.443551386133334,21000100,6.526,20991200,6.526,21000200
2022-08-28,6.211323307291667,21000100,6.25,20991200,6.25,21000200
2022-08-29,6.614758579012499,21000100,6.693,20991200,6.693,21000200
2022-08-30,6.506873353875,21000100,6.555,20991200,6.555,21000200
2022-08-31,6.6214618615,21000100,6.62,20991200,6.62,21000200
2022-09-01,6.9003177035,21000100,6.92,20991200,6.92,21000200
2022-09-02,6.946397858033333,21000100,6.922,20991200,6.922,21000200
2022-09-03,6.905954475200001,21000100,6.852,20991200,6.852,21000200
2022-09-04,7.194198897175,21000100,7.149,20991200,7.149,21000200
2022-09-05,7.422824118937501,21000100,7.371,20991200,7.371,21000200
2022-09-06,6.700559600000001,21000100,6.652,20991200,6.652,21000200
2022-09-07,7.0430456629750005,21000100,7.081,20991200,7.081,21000200
2022-09-08,7.426109187674999,21000100,7.401,20991200,7.401,21000200
2022-09-09,7.806591,21000100,7.736,20991200,7.736,21000200
2022-09-10,7.951869362066667,21000100,7.898,20991200,7.898,21000200
2022-09-11,8.061067240275001,21000100,8.022,20991200,8.022,21000200
2022-09-12,7.786180045025001,21000100,7.751,20991200,7.751,21000200
2022-09-13,7.028512616475,21000100,7.017,20991200,7.017,21000200
2022-09-14,7.395132308862499,21000100,7.451,20991200,7.451,21000200
2022-09-15,7.544069063999999,21000100,7.56,20991200,7.56,21000200
2022-09-16,7.7121258025,21000100,7.653,20991200,7.653,21000200
2022-09-17,8.158775625,21000100,8.085,20991200,8.085,21000200
2022-09-18,7.576672790049999,21000100,7.518,20991200,7.518,21000200
2022-09-19,7.347694044800001,21000100,7.296,20991200,7.296,21000200
2022-09-20,6.889322275950001,21000100,6.882,20991200,6.882,21000200
2022-09-21,6.6853324825166665,21000100,6.673,20991200,6.673,21000200
2022-09-22,7.091980328950001,21000100,7.118,20991200,7.118,21000200
2022-09-23,7.497183618083334,21000100,7.445,20991200,7.445,21000200
2022-09-24,7.6945781250000005,21000100,7.625,20991200,7.625,21000200
2022-09-25,7.931722500000001,21000100,7.86,20991200,7.86,21000200
2022-09-26,8.008416,21000100,7.936,20991200,7.936,21000200
2022-09-27,8.118522898958336,21000100,8.053,20991200,8.053,21000200
2022-09-28,7.831054952500001,21000100,7.787,20991200,7.787,21000200
2022-09-29,7.906567523729166,21000100,7.895,20991200,7.895,21000200
2022-09-30,7.633154563475001,21000100,7.581,20991200,7.581,21000200
2022-10-01,7.456424625,21000100,7.389,20991200,7.389,21000200
2022-10-02,7.167453161733333,21000100,7.106,20991200,7.106,21000200
2022-10-03,7.3223541102250005,21000100,7.322,20991200,7.322,21000200
2022-10-04,7.70114615345,21000100,7.716,20991200,7.716,21000200
2022-10-05,7.9081450702083345,21000100,7.87,20991200,7.87,21000200
2022-10-06,7.6374696146791665,21000100,7.627,20991200,7.627,21000200
2022-10-07,7.6303128849999995,21000100,7.6,20991200,7.6,21000200
2022-10-08,7.5199995,21000100,7.452,20991200,7.452,21000200
2022-10-09,7.638690653833334,21000100,7.624,20991200,7.624,21000200
2022-10-10,7.392719308266667,21000100,7.328,20991200,7.328,21000200
2022-10-11,7.1662683624125,21000100,7.129,20991200,7.129,21000200
2022-10-12,7.176668666641667,21000100,7.142,20991200,7.142,21000200
2022-10-13,7.0062326429375,21000100,7.021,20991200,7.021,21000200
2022-10-14,6.880052240533334,21000100,6.883,20991200,6.883,21000200
2022-10-15,6.895498278312499,21000100,6.879,20991200,6.879,21000200
2022-10-16,7.1909570275500005,21000100,7.164,20991200,7.164,21000200
2022-10-17,7.340700862812501,21000100,7.325,20991200,7.325,21000200
2022-10-18,7.169871773691668,21000100,7.123,20991200,7.123,21000200
2022-10-19,6.8244488705999995,21000100,6.768,20991200,6.768,21000200
2022-10-20,6.677582300583334,21000100,6.655,20991200,6.655,21000200
2022-10-21,6.84255485585,21000100,6.806,20991200,6.806,21000200
2022-10-22,6.839475125758333,21000100,6.866,20991200,6.866,21000200
2022-10-23,7.083249606033334,21000100,7.064,20991200,7.064,21000200
2022-10-24,6.9482131749916665,21000100,6.902,20991200,6.902,21000200
2022-10-25,7.102061561970833,21000100,7.057,20991200,7.057,21000200
2022-10-26,7.214487575454167,21000100,7.153,20991200,7.153,21000200
2022-10-27,6.9474023703,21000100,6.888,20991200,6.888,21000200
2022-10-28,7.112287243250001,21000100,7.105,20991200,7.105,21000200
2022-10-29,7.702651125,21000100,7.633,20991200,7.633,21000200
2022-10-30,7.847965125000001,21000100,7.777,20991200,7.777,21000200
2022-10-31,7.919613,21000100,7.848,20991200,7.848,21000200
2022-11-01,7.7494726400000005,21000100,7.68,20991200,7.68,21000200
2022-11-02,7.49419217695,21000100,7.428,20991200,7.428,21000200
2022-11-03,7.768670251900001,21000100,7.716,20991200,7.716,21000200
2022-11-04,8.7777731679,21000100,8.712,20991200,8.712,21000200
2022-11-05,8.740031625,21000100,8.661,20991200,8.661,21000200
2022-11-06,8.169876,21000100,8.096,20991200,8.096,21000200
2022-11-07,9.01649660445,21000100,8.948,20991200,8.948,21000200
2022-11-08,7.7569595465,21000100,7.702,20991200,7.702,21000200
2022-11-09,6.1416841792275,21000100,6.228,20991200,6.228,21000200
2022-11-10,7.162369074549999,21000100,7.204,20991200,7.204,21000200
2022-11-11,7.103230875,21000100,7.039,20991200,7.039,21000200
2022-11-12,6.33528675,21000100,6.278,20991200,6.278,21000200
2022-11-13,6.115114407795834,21000100,6.073,20991200,6.073,21000200
2022-11-14,6.3225130438125,21000100,6.285,20991200,6.285,21000200
2022-11-15,6.4728869631375,21000100,6.417,20991200,6.417,21000200
2022-11-16,6.21588899505,21000100,6.174,20991200,6.174,21000200
2022-11-17,6.258195265525,21000100,6.223,20991200,6.223,21000200
2022-11-18,6.222161708308334,21000100,6.178,20991200,6.178,21000200
2022-11-19,6.1539762144625,21000100,6.141,20991200,6.141,21000200
2022-11-20,5.782639343999999,21000100,5.76,20991200,5.76,21000200
2022-11-21,5.874983214208333,21000100,5.87,20991200,5.87,21000200
2022-11-22,6.4775733749999995,21000100,6.419,20991200,6.419,21000200
2022-11-23,6.7560013891874995,21000100,6.701,20991200,6.701,21000200
2022-11-24,6.8718352259375,21000100,6.825,20991200,6.825,21000200
2022-11-25,6.8993584062625,21000100,6.843,20991200,6.843,21000200
2022-11-26,7.194226689400001,21000100,7.152,20991200,7.152,21000200
2022-11-27,6.94944655,21000100,6.9,20991200,6.9,21000200
2022-11-28,7.2094945465833336,21000100,7.19,20991200,7.19,21000200
2022-11-29,7.375707238162501,21000100,7.313,20991200,7.313,21000200
2022-11-30,7.684940737558334,21000100,7.666,20991200,7.666,21000200
2022-12-01,7.703357682716666,21000100,7.678,20991200,7.678,21000200
2022-12-02,7.650234537833334,21000100,7.604,20991200,7.604,21000200
2022-12-03,7.2734608896625,21000100,7.233,20991200,7.233,21000200
2022-12-04,7.459932199154166,21000100,7.439,20991200,7.439,21000200
2022-12-05,7.272927750166667,21000100,7.27,20991200,7.27,21000200
2022-12-06,7.175050336416667,21000100,7.126,20991200,7.126,21000200
2022-12-07,6.832422626954166,21000100,6.877,20991200,6.877,21000200
2022-12-08,6.996159339604167,21000100,6.997,20991200,6.997,21000200
2022-12-09,6.83103551405,21000100,6.859,20991200,6.859,21000200
2022-12-10,6.881872121950001,21000100,6.852,20991200,6.852,21000200
2022-12-11,6.737114241041666,21000100,6.694,20991200,6.694,21000200
2022-12-12,6.6752297334,21000100,6.696,20991200,6.696,21000200
2022-12-13,6.960662118400001,21000100,6.924,20991200,6.924,21000200
2022-12-14,6.7772835,21000100,6.716,20991200,6.716,21000200
2022-12-15,6.5098653749999995,21000100,6.451,20991200,6.451,21000200
2022-12-16,5.9367203582375,21000100,5.889,20991200,5.889,21000200
2022-12-17,6.0639849884375,21000100,6.025,20991200,6.025,21000200
2022-12-18,5.976040532483333,21000100,5.948,20991200,5.948,21000200
2022-12-19,5.8289048052583325,21000100,5.786,20991200,5.786,21000200
2022-12-20,6.0520467863750005,21000100,6.01,20991200,6.01,21000200
2022-12-21,6.032064260933334,21000100,5.984,20991200,5.984,21000200
2022-12-22,6.057777375000001,21000100,6.003,20991200,6.003,21000200
2022-12-23,5.981443468466666,21000100,5.936,20991200,5.936,21000200
2022-12-24,5.928406272225001,21000100,5.913,20991200,5.913,21000200
2022-12-25,6.011493114,21000100,5.984,20991200,5.984,21000200
2022-12-26,6.088304768,21000100,6.045,20991200,6.045,21000200
2022-12-27,5.933345152916667,21000100,5.9,20991200,5.9,21000200
2022-12-28,5.7032762809749995,21000100,5.673,20991200,5.673,21000200
2022-12-29,5.645583685741667,21000100,5.597,20991200,5.597,21000200
2022-12-30,5.484036670233334,21000100,5.474,20991200,5.474,21000200
2022-12-31,5.608116123183334,21000100,5.573,20991200,5.573,21000200
2023-01-01,5.677337250000001,21000100,5.626,20991200,5.626,21000200
2023-01-02,5.717596659258334,21000100,5.689,20991200,5.689,21000200
2023-01-03,5.666207191891667,21000100,5.618,20991200,5.618,21000200
2023-01-04,5.833650045374999,21000100,5.805,20991200,5.805,21000200
2023-01-05,5.708620125,21000100,5.657,20991200,5.657,21000200
2023-01-06,5.742406795708333,21000100,5.71,20991200,5.71,21000200
2023-01-07,5.854496690391666,21000100,5.827,20991200,5.827,21000200
2023-01-08,6.01640325,21000100,5.962,20991200,5.962,21000200
2023-01-09,6.118324875,21000100,6.063,20991200,6.063,21000200
2023-01-10,6.221255625,21000100,6.165,20991200,6.165,21000200
2023-01-11,6.338314125,21000100,6.281,20991200,6.281,21000200
2023-01-12,6.442254000000001,21000100,6.384,20991200,6.384,21000200
2023-01-13,6.66627975,21000100,6.606,20991200,6.606,21000200
2023-01-14,6.972143421249999,21000100,6.86,20991200,6.86,21000200
2023-01-15,6.774618498279166,21000100,6.701,20991200,6.701,21000200
2023-01-16,6.7653057238,21000100,6.672,20991200,6.672,21000200
2023-01-17,6.873150375000001,21000100,6.811,20991200,6.811,21000200
2023-01-18,6.388770375000001,21000100,6.331,20991200,6.331,21000200
2023-01-19,6.5673855,21000100,6.508,20991200,6.508,21000200
2023-01-20,7.010391375,21000100,6.947,20991200,6.947,21000200
2023-01-21,6.9408799587,21000100,6.858,20991200,6.858,21000200
2023-01-22,7.071412815366666,21000100,6.986,20991200,6.986,21000200
2023-01-23,7.083048375000001,21000100,7.019,20991200,7.019,21000200
2023-01-24,6.718754250000001,21000100,6.658,20991200,6.658,21000200
2023-01-25,7.0204826250000005,21000100,6.957,20991200,6.957,21000200
2023-01-26,7.238453625,21000100,7.173,20991200,7.173,21000200
2023-01-27,7.45339725,21000100,7.386,20991200,7.386,21000200
2023-01-28,7.278818625,21000100,7.213,20991200,7.213,21000200
2023-01-29,7.442296875,21000100,7.375,20991200,7.375,21000200
2023-01-30,6.979108500000001,21000100,6.916,20991200,6.916,21000200
2023-01-31,7.0134187500000005,21000100,6.95,20991200,6.95,21000200
2023-02-01,7.286891625000001,21000100,7.221,20991200,7.221,21000200
2023-02-02,7.258069306956684,21000100,7.106,20991200,7.106,21000200
2023-02-03,7.380208381816667,21000100,7.298,20991200,7.298,21000200
2023-02-04,7.315786354175001,21000100,7.242,20991200,7.242,21000200
2023-02-05,7.047729,21000100,6.984,20991200,6.984,21000200
2023-02-06,6.8933328750000005,21000100,6.831,20991200,6.831,21000200
2023-02-07,7.264690875,21000100,7.199,20991200,7.199,21000200
2023-02-08,7.202125125,21000100,7.137,20991200,7.137,21000200
2023-02-09,7.0457107500000005,21000100,6.982,20991200,6.982,21000200
2023-02-10,6.9488347500000005,21000100,6.886,20991200,6.886,21000200
2023-02-11,7.060847625,21000100,6.997,20991200,6.997,21000200
2023-02-12,6.8681047500000005,21000100,6.806,20991200,6.806,21000200
2023-02-13,6.6953786534375,21000100,6.665,20991200,6.665,21000200
2023-02-14,6.867095625,21000100,6.805,20991200,6.805,21000200
2023-02-15,7.347439125,21000100,7.281,20991200,7.281,21000200
2023-02-16,7.076993625,21000100,7.013,20991200,7.013,21000200
2023-02-17,7.7218245,21000100,7.652,20991200,7.652,21000200
2023-02-18,8.067954375000001,21000100,7.995,20991200,7.995,21000200
2023-02-19,8.098024177945833,21000100,8.017,20991200,8.017,21000200
2023-02-20,8.094203005183333,21000100,8.018,20991200,8.018,21000200
2023-02-21,7.711733250000001,21000100,7.642,20991200,7.642,21000200
2023-02-22,7.7864085,21000100,7.716,20991200,7.716,21000200
2023-02-23,8.0124525,21000100,7.94,20991200,7.94,21000200
2023-02-24,7.53009075,21000100,7.462,20991200,7.462,21000200
2023-02-25,7.435233000000001,21000100,7.368,20991200,7.368,21000200
2023-02-26,7.557337125,21000100,7.489,20991200,7.489,21000200
2023-02-27,7.327467047833333,21000100,7.27,20991200,7.27,21000200
2023-02-28,7.246800732566667,21000100,7.192,20991200,7.192,21000200
2023-03-01,7.601738625,21000100,7.533,20991200,7.533,21000200
2023-03-02,7.338357,21000100,7.272,20991200,7.272,21000200
2023-03-03,6.987294969675,21000100,6.954,20991200,6.954,21000200
2023-03-04,6.8835257400625,21000100,6.855,20991200,6.855,21000200
2023-03-05,6.990214164679167,21000100,6.943,20991200,6.943,21000200
2023-03-06,6.882023939816666,21000100,6.853,20991200,6.853,21000200
2023-03-07,6.9067602850166665,21000100,6.881,20991200,6.881,21000200
2023-03-08,6.624205747566666,21000100,6.574,20991200,6.574,21000200
2023-03-09,6.192562734000001,21000100,6.155,20991200,6.155,21000200
2023-03-10,6.222663809979165,21000100,6.209,20991200,6.209,21000200
2023-03-11,6.20946040465,21000100,6.158,20991200,6.158,21000200
2023-03-12,6.546224575799999,21000100,6.552,20991200,6.552,21000200
2023-03-13,6.777777617,21000100,6.76,20991200,6.76,21000200
2023-03-14,7.02552825,21000100,6.962,20991200,6.962,21000200
2023-03-15,6.602704875000001,21000100,6.543,20991200,6.543,21000200
2023-03-16,6.7126995,21000100,6.652,20991200,6.652,21000200
2023-03-17,7.2569906168000005,21000100,7.206,20991200,7.206,21000200
2023-03-18,6.98516325,21000100,6.922,20991200,6.922,21000200
2023-03-19,7.145614125000001,21000100,7.081,20991200,7.081,21000200
2023-03-20,7.111303875,21000100,7.047,20991200,7.047,21000200
2023-03-21,7.402189952766666,21000100,7.373,20991200,7.373,21000200
2023-03-22,7.235426250000001,21000100,7.17,20991200,7.17,21000200
2023-03-23,7.667618087075001,21000100,7.603,20991200,7.603,21000200
2023-03-24,7.254599625,21000100,7.189,20991200,7.189,21000200
2023-03-25,7.124421494666667,21000100,7.072,20991200,7.072,21000200
2023-03-26,7.294479626166666,21000100,7.256,20991200,7.256,21000200
2023-03-27,6.9150550612,21000100,6.864,20991200,6.864,21000200
2023-03-28,6.972958110312501,21000100,6.945,20991200,6.945,21000200
2023-03-29,7.4226300394125,21000100,7.381,20991200,7.381,21000200
2023-03-30,7.290928125,21000100,7.225,20991200,7.225,21000200
2023-03-31,7.6334047356,21000100,7.584,20991200,7.584,21000200
2023-04-01,7.6138481250000005,21000100,7.545,20991200,7.545,21000200
2023-04-02,7.3120039472,21000100,7.248,20991200,7.248,21000200
2023-04-03,7.274571088687499,21000100,7.239,20991200,7.239,21000200
2023-04-04,7.434223875000001,21000100,7.367,20991200,7.367,21000200
2023-04-05,7.3827585000000004,21000100,7.316,20991200,7.316,21000200
2023-04-06,7.260216679166667,21000100,7.195,20991200,7.195,21000200
2023-04-07,7.284950038083333,21000100,7.262,20991200,7.262,21000200
2023-04-08,7.182971729916667,21000100,7.124,20991200,7.124,21000200
2023-04-09,7.2305146556416675,21000100,7.198,20991200,7.198,21000200
2023-04-10,7.406028652083333,21000100,7.34,20991200,7.34,21000200
2023-04-11,7.363585125,21000100,7.297,20991200,7.297,21000200
2023-04-12,7.2876359551625,21000100,7.229,20991200,7.229,21000200
2023-04-13,7.525045125,21000100,7.457,20991200,7.457,21000200
2023-04-14,7.815673125000001,21000100,7.745,20991200,7.745,21000200
2023-04-15,8.086118625000001,21000100,8.013,20991200,8.013,21000200
2023-04-16,8.21629575,21000100,8.142,20991200,8.142,21000200
2023-04-17,8.2636341931,21000100,8.166,20991200,8.166,21000200
2023-04-18,8.694117519166666,21000100,8.584,20991200,8.584,21000200
2023-04-19,7.823692933875,21000100,7.749,20991200,7.749,21000200
2023-04-20,7.57852875,21000100,7.51,20991200,7.51,21000200
2023-04-21,7.1728605,21000100,7.108,20991200,7.108,21000200
2023-04-22,7.195692367570833,21000100,7.169,20991200,7.169,21000200
2023-04-23,7.1133814035,21000100,7.08,20991200,7.08,21000200
2023-04-24,7.129468125000001,21000100,7.065,20991200,7.065,21000200
2023-04-25,7.318956244049999,21000100,7.271,20991200,7.271,21000200
2023-04-26,7.0534787444000004,21000100,6.998,20991200,6.998,21000200
2023-04-27,7.189518513416666,21000100,7.166,20991200,7.166,21000200
2023-04-28,7.097710264083333,21000100,7.036,20991200,7.036,21000200
2023-04-29,7.246526625,21000100,7.181,20991200,7.181,21000200
2023-04-30,7.078654656475001,21000100,7.019,20991200,7.019,21000200
2023-05-01,6.9283446547125,21000100,6.891,20991200,6.891,21000200
2023-05-02,7.040558163087499,21000100,6.983,20991200,6.983,21000200
2023-05-03,7.1827748784,21000100,7.128,20991200,7.128,21000200
2023-05-04,7.056811125,21000100,6.993,20991200,6.993,21000200
2023-05-05,7.288909875,21000100,7.223,20991200,7.223,21000200
2023-05-06,6.979108500000001,21000100,6.916,20991200,6.916,21000200
2023-05-07,6.949105820258333,21000100,6.907,20991200,6.907,21000200
2023-05-08,6.6272848435125,21000100,6.579,20991200,6.579,21000200
2023-05-09,6.5447883282,21000100,6.518,20991200,6.518,21000200
2023-05-10,6.626461834566666,21000100,6.584,20991200,6.584,21000200
2023-05-11,6.402879283425,21000100,6.354,20991200,6.354,21000200
2023-05-12,6.664749876,21000100,6.62,20991200,6.62,21000200
2023-05-13,6.524922937666667,21000100,6.488,20991200,6.488,21000200
2023-05-14,6.5957373160875,21000100,6.543,20991200,6.543,21000200
2023-05-15,6.684813884124999,21000100,6.63,20991200,6.63,21000200
2023-05-16,6.706635603199999,21000100,6.656,20991200,6.656,21000200
2023-05-17,6.811375708408333,21000100,6.754,20991200,6.754,21000200
2023-05-18,6.571218494095833,21000100,6.527,20991200,6.527,21000200
2023-05-19,6.528996733283333,21000100,6.508,20991200,6.508,21000200
2023-05-20,6.523243219699999,21000100,6.499,20991200,6.499,21000200
2023-05-21,6.444620879166667,21000100,6.425,20991200,6.425,21000200
2023-05-22,6.579114291645833,21000100,6.529,20991200,6.529,21000200
2023-05-23,6.56133075,21000100,6.502,20991200,6.502,21000200
2023-05-24,6.3695643097375,21000100,6.317,20991200,6.317,21000200
2023-05-25,6.328619587395834,21000100,6.275,20991200,6.275,21000200
2023-05-26,6.39987075,21000100,6.342,20991200,6.342,21000200
2023-05-27,6.4947285,21000100,6.436,20991200,6.436,21000200
2023-05-28,6.69453525,21000100,6.634,20991200,6.634,21000200
2023-05-29,6.697562625,21000100,6.637,20991200,6.637,21000200
2023-05-30,6.672334500000001,21000100,6.612,20991200,6.612,21000200
2023-05-31,6.534084375,21000100,6.475,20991200,6.475,21000200
2023-06-01,6.398207930449999,21000100,6.342,20991200,6.342,21000200
2023-06-02,6.50481975,21000100,6.446,20991200,6.446,21000200
2023-06-03,6.476564250000001,21000100,6.418,20991200,6.418,21000200
2023-06-04,6.50481975,21000100,6.446,20991200,6.446,21000200
2023-06-05,6.10520625,21000100,6.05,20991200,6.05,21000200
2023-06-06,6.279111523116668,21000100,6.259,20991200,6.259,21000200
2023-06-07,5.96796525,21000100,5.914,20991200,5.914,21000200
2023-06-08,6.025123687575,21000100,5.991,20991200,5.991,21000200
2023-06-09,6.0436496250000005,21000100,5.989,20991200,5.989,21000200
2023-06-10,5.2413676308,21000100,5.229,20991200,5.229,21000200
2023-06-11,5.169148866845056,21000100,5.171,20991200,5.171,21000200
2023-06-12,5.1957293216833325,21000100,5.156,20991200,5.156,21000200
2023-06-13,5.3235890949375,21000100,5.295,20991200,5.295,21000200
2023-06-14,5.25847177845,21000100,5.247,20991200,5.247,21000200
2023-06-15,5.341553832775,21000100,5.307,20991200,5.307,21000200
2023-06-16,5.32878808165,21000100,5.321,20991200,5.321,21000200
2023-06-17,5.2974086875625,21000100,5.277,20991200,5.277,21000200
2023-06-18,5.1426595197074025,21000100,5.152,20991200,5.152,21000200
2023-06-19,5.113996124376292,21000100,5.129,20991200,5.129,21000200
2023-06-20,5.243468671966847,21000100,5.265,20991200,5.265,21000200
2023-06-21,5.598131128466666,21000100,5.552,20991200,5.552,21000200
2023-06-22,5.60468025,21000100,5.554,20991200,5.554,21000200
2023-06-23,6.1233705,21000100,6.068,20991200,6.068,21000200
2023-06-24,6.183739605712499,21000100,6.129,20991200,6.129,21000200
2023-06-25,6.20844991305,21000100,6.153,20991200,6.153,21000200
2023-06-26,6.109242750000001,21000100,6.054,20991200,6.054,21000200
2023-06-27,6.252090581195834,21000100,6.197,20991200,6.197,21000200
2023-06-28,5.861671404458334,21000100,5.81,20991200,5.81,21000200
2023-06-29,5.941728,21000100,5.888,20991200,5.888,21000200
2023-06-30,6.368587875,21000100,6.311,20991200,6.311,21000200
2023-07-01,6.56133075,21000100,6.502,20991200,6.502,21000200
2023-07-02,6.59765925,21000100,6.538,20991200,6.538,21000200
2023-07-03,6.686462250000001,21000100,6.626,20991200,6.626,21000200
2023-07-04,6.580504125,21000100,6.521,20991200,6.521,21000200
2023-07-05,6.354460125,21000100,6.297,20991200,6.297,21000200
2023-07-06,6.102106144275,21000100,6.074,20991200,6.074,21000200
2023-07-07,6.1902080370374994,21000100,6.153,20991200,6.153,21000200
2023-07-08,6.219906998591666,21000100,6.194,20991200,6.194,21000200
2023-07-09,6.195647746516666,21000100,6.146,20991200,6.146,21000200
2023-07-10,6.21119643815,21000100,6.164,20991200,6.164,21000200
2023-07-11,6.2573879667,21000100,6.201,20991200,6.201,21000200
2023-07-12,6.291785984,21000100,6.248,20991200,6.248,21000200
2023-07-13,7.1557972101,21000100,7.128,20991200,7.128,21000200
2023-07-14,7.01745525,21000100,6.954,20991200,6.954,21000200
2023-07-15,6.97709025,21000100,6.914,20991200,6.914,21000200
2023-07-16,6.63147928925,21000100,6.603,20991200,6.603,21000200
2023-07-17,7.1890343176250004,21000100,7.185,20991200,7.185,21000200
2023-07-18,6.9740628749999996,21000100,6.911,20991200,6.911,21000200
2023-07-19,6.9740628749999996,21000100,6.911,20991200,6.911,21000200
2023-07-20,8.431239375,21000100,8.355,20991200,8.355,21000200
2023-07-21,8.201158875,21000100,8.127,20991200,8.127,21000200
2023-07-22,7.94988675,21000100,7.878,20991200,7.878,21000200
2023-07-23,7.955941500000001,21000100,7.884,20991200,7.884,21000200
2023-07-24,7.650176625000001,21000100,7.581,20991200,7.581,21000200
2023-07-25,7.427966021,21000100,7.386,20991200,7.386,21000200
2023-07-26,7.7746086865875,21000100,7.737,20991200,7.737,21000200
2023-07-27,8.021836031024998,21000100,7.983,20991200,7.983,21000200
2023-07-28,7.816536113700001,21000100,7.767,20991200,7.767,21000200
2023-07-29,7.8857263519125,21000100,7.839,20991200,7.839,21000200
2023-07-30,7.6098824475,21000100,7.55,20991200,7.55,21000200
2023-07-31,7.587615026658334,21000100,7.546,20991200,7.546,21000200
2023-08-01,7.698921929175,21000100,7.638,20991200,7.638,21000200
2023-08-02,7.4150505,21000100,7.348,20991200,7.348,21000200
2023-08-03,7.182002402550001,21000100,7.121,20991200,7.121,21000200
2023-08-04,7.193325149499999,21000100,7.14,20991200,7.14,21000200
2023-08-05,7.2762485803166665,21000100,7.226,20991200,7.226,21000200
2023-08-06,7.14918929725,21000100,7.098,20991200,7.098,21000200
2023-08-07,7.39284975,21000100,7.326,20991200,7.326,21000200
2023-08-08,7.521008625,21000100,7.453,20991200,7.453,21000200
2023-08-09,7.735381857674999,21000100,7.677,20991200,7.677,21000200
2023-08-10,7.683477750000001,21000100,7.614,20991200,7.614,21000200
2023-08-11,7.556328000000001,21000100,7.488,20991200,7.488,21000200
2023-08-12,7.508899125,21000100,7.441,20991200,7.441,21000200
2023-08-13,7.430187375000001,21000100,7.363,20991200,7.363,21000200
2023-08-14,7.476607125,21000100,7.409,20991200,7.409,21000200
2023-08-15,7.1012126250000005,21000100,7.037,20991200,7.037,21000200
2023-08-16,6.789233288070833,21000100,6.761,20991200,6.761,21000200
2023-08-17,6.230576999924999,21000100,6.183,20991200,6.183,21000200
2023-08-18,6.159658520233333,21000100,6.172,20991200,6.172,21000200
2023-08-19,6.229077959333334,21000100,6.176,20991200,6.176,21000200
2023-08-20,6.238094720200001,21000100,6.216,20991200,6.216,21000200
2023-08-21,6.1995496220833335,21000100,6.172,20991200,6.172,21000200
2023-08-22,6.163173604612499,21000100,6.111,20991200,6.111,21000200
2023-08-23,6.3807008756000005,21000100,6.348,20991200,6.348,21000200
2023-08-24,6.112914434666666,21000100,6.08,20991200,6.08,21000200
2023-08-25,6.014294069875,21000100,6.01,20991200,6.01,21000200
2023-08-26,6.020069871283333,21000100,6.002,20991200,6.002,21000200
2023-08-27,6.043738377604167,21000100,6.025,20991200,6.025,21000200
2023-08-28,6.0123148735,21000100,5.98,20991200,5.98,21000200
2023-08-29,6.155337239055945,21000100,6.19,20991200,6.19,21000200
2023-08-30,5.946509414666667,21000100,5.92,20991200,5.92,21000200
2023-08-31,5.847563865704166,21000100,5.873,20991200,5.873,21000200
2023-09-01,5.9271310980625005,21000100,5.937,20991200,5.937,21000200
2023-09-02,5.9637348824625,21000100,5.967,20991200,5.967,21000200
2023-09-03,6.007702049270834,21000100,6.025,20991200,6.025,21000200
2023-09-04,6.015727901737501,21000100,6.009,20991200,6.009,21000200
2023-09-05,6.1533539704125,21000100,6.133,20991200,6.133,21000200
2023-09-06,6.314266767562501,21000100,6.297,20991200,6.297,21000200
2023-09-07,6.407010313433332,21000100,6.382,20991200,6.382,21000200
2023-09-08,6.283690064479167,21000100,6.275,20991200,6.275,21000200
2023-09-09,6.179331182691667,21000100,6.161,20991200,6.161,21000200
2023-09-10,6.045930600749999,21000100,6.012,20991200,6.012,21000200
2023-09-11,5.818109873333333,21000100,5.824,20991200,5.824,21000200
2023-09-12,5.941299398558334,21000100,5.954,20991200,5.954,21000200
2023-09-13,6.0392986427499995,21000100,6.014,20991200,6.014,21000200
2023-09-14,6.139109743433333,21000100,6.149,20991200,6.149,21000200
2023-09-15,6.4002820934999995,21000100,6.36,20991200,6.36,21000200
2023-09-16,6.325916944895833,21000100,6.275,20991200,6.275,21000200
2023-09-17,6.179341415033334,21000100,6.142,20991200,6.142,21000200
2023-09-18,6.610146717333333,21000100,6.56,20991200,6.56,21000200
2023-09-19,6.850039013300001,21000100,6.841,20991200,6.841,21000200
2023-09-20,6.950954936975,21000100,6.902,20991200,6.902,21000200
2023-09-21,6.7038949585416665,21000100,6.662,20991200,6.662,21000200
2023-09-22,7.0077772694541665,21000100,6.953,20991200,6.953,21000200
2023-09-23,7.208103687124999,21000100,7.183,20991200,7.183,21000200
2023-09-24,6.9893473602625,21000100,6.969,20991200,6.969,21000200
2023-09-25,7.531230162466667,21000100,7.486,20991200,7.486,21000200
2023-09-26,7.396192012199999,21000100,7.353,20991200,7.353,21000200
2023-09-27,7.6928559887,21000100,7.638,20991200,7.638,21000200
2023-09-28,7.834611161854167,21000100,7.805,20991200,7.805,21000200
2023-09-29,7.952871629562501,21000100,7.941,20991200,7.941,21000200
2023-09-30,8.215034584666666,21000100,8.185,20991200,8.185,21000200
2023-10-01,8.0546015674,21000100,8.049,20991200,8.049,21000200
2023-10-02,7.4717757774999995,21000100,7.464,20991200,7.464,21000200
2023-10-03,7.39317439565,21000100,7.404,20991200,7.404,21000200
2023-10-04,7.674066098875,21000100,7.667,20991200,7.667,21000200
2023-10-05,7.463433569204167,21000100,7.463,20991200,7.463,21000200
2023-10-06,7.6427542014375005,21000100,7.635,20991200,7.635,21000200
2023-10-07,7.5877463993375,21000100,7.521,20991200,7.521,21000200
2023-10-08,7.724265242516666,21000100,7.669,20991200,7.669,21000200
2023-10-09,7.319540059024999,21000100,7.274,20991200,7.274,21000200
2023-10-10,7.296948394075,21000100,7.257,20991200,7.257,21000200
2023-10-11,7.454406375,21000100,7.387,20991200,7.387,21000200
2023-10-12,7.2560850892749995,21000100,7.194,20991200,7.194,21000200
2023-10-13,7.282191012716666,21000100,7.252,20991200,7.252,21000200
2023-10-14,7.3542561415625,21000100,7.325,20991200,7.325,21000200
2023-10-15,7.440431866583334,21000100,7.42,20991200,7.42,21000200
2023-10-16,7.523635808120834,21000100,7.519,20991200,7.519,21000200
2023-10-17,7.368803751399999,21000100,7.318,20991200,7.318,21000200
2023-10-18,7.39153867685,21000100,7.354,20991200,7.354,21000200
2023-10-19,7.3577460794541665,21000100,7.301,20991200,7.301,21000200
2023-10-20,7.622266719550001,21000100,7.567,20991200,7.567,21000200
2023-10-21,8.99130375,21000100,8.91,20991200,8.91,21000200
2023-10-22,10.2643684769,21000100,10.182,20991200,10.182,21000200
2023-10-23,10.6517123582625,21000100,10.577,20991200,10.577,21000200
2023-10-24,10.466644500000001,21000100,10.372,20991200,10.372,21000200
2023-10-25,11.157895125000001,21000100,11.057,20991200,11.057,21000200
2023-10-26,11.029736250000001,21000100,10.93,20991200,10.93,21000200
2023-10-27,11.287063125000001,21000100,11.185,20991200,11.185,21000200
2023-10-28,11.021663250000001,21000100,10.922,20991200,10.922,21000200
2023-10-29,11.189178,21000100,11.088,20991200,11.088,21000200
2023-10-30,11.325409875000002,21000100,11.223,20991200,11.223,21000200
2023-10-31,11.462650875000001,21000100,11.359,20991200,11.359,21000200
2023-11-01,11.7583245,21000100,11.652,20991200,11.652,21000200
2023-11-02,11.202542988949652,21000100,11.013,20991200,11.013,21000200
2023-11-03,11.6103337736,21000100,11.472,20991200,11.472,21000200
2023-11-04,11.7058327813,21000100,11.508,20991200,11.508,21000200
2023-11-05,12.476531954158602,21000100,12.238,20991200,12.238,21000200
2023-11-06,13.119293917645834,21000100,12.997,20991200,12.997,21000200
2023-11-07,13.196510011975,21000100,13.053,20991200,13.053,21000200
2023-11-08,15.05412675,21000100,14.918,20991200,14.918,21000200
2023-11-09,14.923033967212035,21000100,14.609,20991200,14.609,21000200
2023-11-10,15.750568032033334,21000100,15.512,20991200,15.512,21000200
2023-11-11,16.807094642,21000100,16.484,20991200,16.484,21000200
2023-11-12,16.286590315295832,21000100,16.031,20991200,16.031,21000200
2023-11-13,14.587402951624998,21000100,14.37,20991200,14.37,21000200
2023-11-14,14.1079831545,21000100,13.96,20991200,13.96,21000200
2023-11-15,15.17118525,21000100,15.034,20991200,15.034,21000200
2023-11-16,13.997572875000001,21000100,13.871,20991200,13.871,21000200
2023-11-17,13.829049000000001,21000100,13.704,20991200,13.704,21000200
2023-11-18,13.876477875,21000100,13.751,20991200,13.751,21000200
2023-11-19,15.047062875,21000100,14.911,20991200,14.911,21000200
2023-11-20,14.620203,21000100,14.488,20991200,14.488,21000200
2023-11-21,13.482919125,21000100,13.361,20991200,13.361,21000200
2023-11-22,14.342693624999999,21000100,14.213,20991200,14.213,21000200
2023-11-23,14.53341825,21000100,14.402,20991200,14.402,21000200
2023-11-24,14.611120875,21000100,14.479,20991200,14.479,21000200
2023-11-25,14.900739750000001,21000100,14.766,20991200,14.766,21000200
2023-11-26,14.897712375000001,21000100,14.763,20991200,14.763,21000200
2023-11-27,14.310401624999999,21000100,14.181,20991200,14.181,21000200
2023-11-28,14.657540625000001,21000100,14.525,20991200,14.525,21000200
2023-11-29,14.645431125,21000100,14.513,20991200,14.513,21000200
2023-11-30,14.538463875000001,21000100,14.407,20991200,14.407,21000200
2023-12-01,15.127792875,21000100,14.991,20991200,14.991,21000200
2023-12-02,16.144990875,21000100,15.999,20991200,15.999,21000200
2023-12-03,15.882462399491667,21000100,15.721,20991200,15.721,21000200
2023-12-04,16.066008815624997,21000100,15.825,20991200,15.825,21000200
2023-12-05,15.881727385333333,21000100,15.73,20991200,15.73,21000200
2023-12-06,15.430564864166664,21000100,15.274,20991200,15.274,21000200
2023-12-07,15.894070993458334,21000100,15.71,20991200,15.71,21000200
2023-12-08,17.399713734292877,21000100,16.945,20991200,16.945,21000200
2023-12-09,16.69069837411029,21000100,16.209,20991200,16.209,21000200
2023-12-10,16.72553398425,21000100,16.38,20991200,16.38,21000200
2023-12-11,14.968154365087498,21000100,14.769,20991200,14.769,21000200
2023-12-12,14.665613625,21000100,14.533,20991200,14.533,21000200
2023-12-13,14.909821875,21000100,14.775,20991200,14.775,21000200
2023-12-14,15.521351625000001,21000100,15.381,20991200,15.381,21000200
2023-12-15,14.428086815066667,21000100,14.288,20991200,14.288,21000200
2023-12-16,14.460761250000001,21000100,14.33,20991200,14.33,21000200
2023-12-17,14.159032875000001,21000100,14.031,20991200,14.031,21000200
2023-12-18,14.805882000000002,21000100,14.672,20991200,14.672,21000200
2023-12-19,14.232699,21000100,14.104,20991200,14.104,21000200
2023-12-20,14.392140750000001,21000100,14.262,20991200,14.262,21000200
2023-12-21,15.6746543553,21000100,15.318,20991200,15.318,21000200
2023-12-22,16.009304154259127,21000100,15.496,20991200,15.496,21000200
2023-12-23,16.184434122520834,21000100,15.695,20991200,15.695,21000200
2023-12-24,15.807623542287498,21000100,15.279,20991200,15.279,21000200
2023-12-25,16.179016009933335,21000100,15.601,20991200,15.601,21000200
2023-12-26,15.70394579073306,21000100,15.108,20991200,15.108,21000200
2023-12-27,17.270086174,21000100,16.728,20991200,16.728,21000200
2023-12-28,16.747786635804328,21000100,16.022,20991200,16.022,21000200
2023-12-29,16.2241141536,21000100,15.552,20991200,15.552,21000200
2023-12-30,15.35887688225,21000100,15.18,20991200,15.18,21000200
2023-12-31,15.1035633154,21000100,14.952,20991200,14.952,21000200
2024-01-01,15.720060953004166,21000100,15.563,20991200,15.563,21000200
2024-01-02,15.60868857625,21000100,15.18,20991200,15.18,21000200
2024-01-03,14.336544865912499,21000100,14.147,20991200,14.147,21000200
2024-01-04,14.65854975,21000100,14.526,20991200,14.526,21000200
2024-01-05,14.219580375,21000100,14.091,20991200,14.091,21000200
2024-01-06,13.554567,21000100,13.432,20991200,13.432,21000200
2024-01-07,13.269993750000001,21000100,13.15,20991200,13.15,21000200
2024-01-08,14.268150112999999,21000100,14.14,20991200,14.14,21000200
2024-01-09,13.837122,21000100,13.712,20991200,13.712,21000200
2024-01-10,15.214577625,21000100,15.077,20991200,15.077,21000200
2024-01-11,15.1570575,21000100,15.02,20991200,15.02,21000200
2024-01-12,14.286182625,21000100,14.157,20991200,14.157,21000200
2024-01-13,14.48094375,21000100,14.35,20991200,14.35,21000200
2024-01-14,14.899730625000002,21000100,14.765,20991200,14.765,21000200
2024-01-15,15.323563125000002,21000100,15.185,20991200,15.185,21000200
2024-01-16,15.408329625,21000100,15.269,20991200,15.269,21000200
2024-01-17,15.904819125,21000100,15.761,20991200,15.761,21000200
2024-01-18,14.786708625000001,21000100,14.653,20991200,14.653,21000200
2024-01-19,16.268104125,21000100,16.121,20991200,16.121,21000200
2024-01-20,15.926010750000001,21000100,15.782,20991200,15.782,21000200
2024-01-21,15.5364885,21000100,15.396,20991200,15.396,21000200
2024-01-22,14.726161125,21000100,14.593,20991200,14.593,21000200
2024-01-23,14.4224145,21000100,14.292,20991200,14.292,21000200
2024-01-24,14.366912625000001,21000100,14.237,20991200,14.237,21000200
2024-01-25,13.866386625,21000100,13.741,20991200,13.741,21000200
2024-01-26,14.2996448115,21000100,14.184,20991200,14.184,21000200
2024-01-27,14.460687637366666,21000100,14.338,20991200,14.338,21000200
2024-01-28,14.607084375000001,21000100,14.475,20991200,14.475,21000200
2024-01-29,15.137884125,21000100,15.001,20991200,15.001,21000200
2024-01-30,15.617218500000002,21000100,15.476,20991200,15.476,21000200
2024-01-31,15.564744000000001,21000100,15.424,20991200,15.424,21000200
2024-02-01,17.347867875,21000100,17.191,20991200,17.191,21000200
2024-02-02,17.98462575,21000100,17.822,20991200,17.822,21000200
2024-02-03,17.821147500000002,21000100,17.66,20991200,17.66,21000200
2024-02-04,18.31561875,21000100,18.15,20991200,18.15,21000200
2024-02-05,19.3307985,21000100,19.156,20991200,19.156,21000200
2024-02-06,18.455887125000004,21000100,18.289,20991200,18.289,21000200
2024-02-07,18.980632125000003,21000100,18.809,20991200,18.809,21000200
2024-02-08,18.366075,21000100,18.2,20991200,18.2,21000200
2024-02-09,18.584504587320836,21000100,18.469,20991200,18.469,21000200
2024-02-10,19.254105,21000100,19.08,20991200,19.08,21000200
2024-02-11,20.336896125,21000100,20.153,20991200,20.153,21000200
2024-02-12,20.658807000000003,21000100,20.472,20991200,20.472,21000200
2024-02-13,20.060395875,21000100,19.879,20991200,19.879,21000200
2024-02-14,20.444872500000002,21000100,20.26,20991200,20.26,21000200
2024-02-15,20.22965668746667,21000100,19.952,20991200,19.952,21000200
2024-02-16,19.92254388075,21000100,19.566,20991200,19.566,21000200
2024-02-17,20.35734160915,21000100,20.046,20991200,20.046,21000200
2024-02-18,20.64706584698333,21000100,20.137,20991200,20.137,21000200
2024-02-19,20.1806200616,21000100,19.848,20991200,19.848,21000200
2024-02-20,19.752312692399997,21000100,19.296,20991200,19.296,21000200
2024-02-21,18.788659876733334,21000100,18.598,20991200,18.598,21000200
2024-02-22,18.352162114333336,21000100,18.14,20991200,18.14,21000200
2024-02-23,18.254928864208335,21000100,17.954,20991200,17.954,21000200
2024-02-24,18.849322994625,21000100,18.549,20991200,18.549,21000200
2024-02-25,18.964825715187498,21000100,18.741,20991200,18.741,21000200
2024-02-26,19.657293440133333,21000100,19.106,20991200,19.106,21000200
2024-02-27,19.652660156675,21000100,19.047,20991200,19.047,21000200
2024-02-28,20.256362478225,21000100,19.454,20991200,19.454,21000200
2024-02-29,20.305311914170332,21000100,19.297,20991200,19.297,21000200
2024-03-01,21.185090723471365,21000100,20.081,20991200,20.081,21000200
2024-03-02,22.738931034976602,21000100,21.427,20991200,21.427,21000200
2024-03-03,21.744525886916666,21000100,20.53,20991200,20.53,21000200
2024-03-04,21.50455923116667,21000100,20.44,20991200,20.44,21000200
2024-03-05,20.31114407932656,21000100,18.978,20991200,18.978,21000200
2024-03-06,20.463262193216664,21000100,20.107,20991200,20.107,21000200
2024-03-07,20.9150602496875,21000100,20.117,20991200,20.117,21000200
2024-03-08,20.656179598329167,21000100,19.721,20991200,19.721,21000200
2024-03-09,21.067019473000002,21000100,19.997,20991200,19.997,21000200
2024-03-10,22.941765823441667,21000100,21.703,20991200,21.703,21000200
2024-03-11,22.444486448066666,21000100,21.316,20991200,21.316,21000200
2024-03-12,21.8417580931,21000100,20.724,20991200,20.724,21000200
2024-03-13,21.945132242958334,21000100,20.77,20991200,20.77,21000200
2024-03-14,22.082959327624998,21000100,20.909,20991200,20.909,21000200
2024-03-15,20.171807820799998,21000100,19.648,20991200,19.648,21000200
2024-03-16,18.373726198041666,21000100,18.13,20991200,18.13,21000200
2024-03-17,18.850455,21000100,18.68,20991200,18.68,21000200
2024-03-18,18.518350487495834,21000100,18.319,20991200,18.319,21000200
2024-03-19,17.050424569066667,21000100,16.816,20991200,16.816,21000200
2024-03-20,18.634868734166666,21000100,18.425,20991200,18.425,21000200
2024-03-21,18.700288657199998,21000100,18.468,20991200,18.468,21000200
2024-03-22,18.707613773916666,21000100,18.38,20991200,18.38,21000200
2024-03-23,18.321203108025,21000100,18.078,20991200,18.078,21000200
2024-03-24,18.821798473725,21000100,18.538,20991200,18.538,21000200
2024-03-25,19.655547735633334,21000100,19.396,20991200,19.396,21000200
2024-03-26,20.653964191995833,21000100,20.023,20991200,20.023,21000200
2024-03-27,19.998565576,21000100,19.315,20991200,19.315,21000200
2024-03-28,19.806797781216666,21000100,19.172,20991200,19.172,21000200
2024-03-29,19.596425749579165,21000100,18.989,20991200,18.989,21000200
2024-03-30,19.649586637404166,21000100,18.953,20991200,18.953,21000200
2024-03-31,19.964544685075,21000100,19.193,20991200,19.193,21000200
2024-04-01,18.945402447699998,21000100,18.377,20991200,18.377,21000200
2024-04-02,18.16033269925,21000100,17.97,20991200,17.97,21000200
2024-04-03,17.860503375000004,21000100,17.699,20991200,17.699,21000200
2024-04-04,17.961415875,21000100,17.799,20991200,17.799,21000200
2024-04-05,17.498227500000002,21000100,17.34,20991200,17.34,21000200
2024-04-06,17.7323445,21000100,17.572,20991200,17.572,21000200
2024-04-07,18.085538250000003,21000100,17.922,20991200,17.922,21000200
2024-04-08,18.365075827233333,21000100,18.116,20991200,18.116,21000200
2024-04-09,17.620880898983334,21000100,17.372,20991200,17.372,21000200
2024-04-10,17.639137833295834,21000100,17.431,20991200,17.431,21000200
2024-04-11,17.755227392866665,21000100,17.566,20991200,17.566,21000200
2024-04-12,15.387200428508333,21000100,15.151,20991200,15.151,21000200
2024-04-13,13.40118,21000100,13.28,20991200,13.28,21000200
2024-04-14,14.126598935866665,21000100,14.084,20991200,14.084,21000200
2024-04-15,13.635711218791666,21000100,13.573,20991200,13.573,21000200
2024-04-16,13.542412693933331,21000100,13.456,20991200,13.456,21000200
2024-04-17,13.112263863,21000100,13.124,20991200,13.124,21000200
2024-04-18,13.952336404683333,21000100,13.879,20991200,13.879,21000200
2024-04-19,13.991325687733333,21000100,13.936,20991200,13.936,21000200
2024-04-20,14.978215439358332,21000100,14.947,20991200,14.947,21000200
2024-04-21,15.121928627225,21000100,15.091,20991200,15.091,21000200
2024-04-22,15.494038067075,21000100,15.434,20991200,15.434,21000200
2024-04-23,15.200337637100002,21000100,15.169,20991200,15.169,21000200
2024-04-24,14.590193843925,21000100,14.526,20991200,14.526,21000200
2024-04-25,14.6518163415,21000100,14.58,20991200,14.58,21000200
2024-04-26,14.551893639587501,21000100,14.483,20991200,14.483,21000200
2024-04-27,14.326595297408332,21000100,14.258,20991200,14.258,21000200
2024-04-28,13.709211586087502,21000100,13.797,20991200,13.797,21000200
2024-04-29,14.061118336091667,21000100,14.066,20991200,14.066,21000200
2024-04-30,13.155295867037498,21000100,13.123,20991200,13.123,21000200
2024-05-01,13.409693051333333,21000100,13.34,20991200,13.34,21000200
2024-05-02,13.702016603399999,21000100,13.584,20991200,13.584,21000200
2024-05-03,14.199339274866666,21000100,14.084,20991200,14.084,21000200
2024-05-04,14.3383279782875,21000100,14.307,20991200,14.307,21000200
2024-05-05,14.453020850566666,21000100,14.362,20991200,14.362,21000200
2024-05-06,14.61011175,21000100,14.478,20991200,14.478,21000200
2024-05-07,14.119677000000001,21000100,13.992,20991200,13.992,21000200
2024-05-08,14.0187645,21000100,13.892,20991200,13.892,21000200
2024-05-09,14.355812250000001,21000100,14.226,20991200,14.226,21000200
2024-05-10,13.6478256838,21000100,13.552,20991200,13.552,21000200
2024-05-11,13.279300302125,21000100,13.299,20991200,13.299,21000200
2024-05-12,13.58969510635,21000100,13.551,20991200,13.551,21000200
2024-05-13,13.4508335199,21000100,13.383,20991200,13.383,21000200
2024-05-14,13.043409714375,21000100,12.975,20991200,12.975,21000200
2024-05-15,13.816343554266668,21000100,13.861,20991200,13.861,21000200
2024-05-16,15.644464875,21000100,15.503,20991200,15.503,21000200
2024-05-17,16.370025750000003,21000100,16.222,20991200,16.222,21000200
2024-05-18,16.46892,21000100,16.32,20991200,16.32,21000200
2024-05-19,16.702027875,21000100,16.551,20991200,16.551,21000200
2024-05-20,17.392266662925,21000100,17.259,20991200,17.259,21000200
2024-05-21,16.900825500000003,21000100,16.748,20991200,16.748,21000200
2024-05-22,16.511303249999997,21000100,16.362,20991200,16.362,21000200
2024-05-23,16.757529750000003,21000100,16.606,20991200,16.606,21000200
2024-05-24,17.416488375,21000100,17.259,20991200,17.259,21000200
2024-05-25,17.604185625,21000100,17.445,20991200,17.445,21000200
2024-05-26,17.20154475,21000100,17.046,20991200,17.046,21000200
2024-05-27,18.972559125,21000100,18.801,20991200,18.801,21000200
2024-05-28,18.855107017333335,21000100,18.545,20991200,18.545,21000200
2024-05-29,18.675374410266667,21000100,18.464,20991200,18.464,21000200
2024-05-30,18.1117755,21000100,17.948,20991200,17.948,21000200
2024-05-31,18.59010075,21000100,18.422,20991200,18.422,21000200
2024-06-01,18.663638696333333,21000100,18.455,20991200,18.455,21000200
2024-06-02,18.41328527775,21000100,18.153,20991200,18.153,21000200
2024-06-03,17.797002898791668,21000100,17.635,20991200,17.635,21000200
2024-06-04,17.891786250000003,21000100,17.73,20991200,17.73,21000200
2024-06-05,17.92407825,21000100,17.762,20991200,17.762,21000200
2024-06-06,17.426200013299997,21000100,17.267,20991200,17.267,21000200
2024-06-07,16.543270792,21000100,16.32,20991200,16.32,21000200
2024-06-08,16.071324750000002,21000100,15.926,20991200,15.926,21000200
2024-06-09,16.517357999999998,21000100,16.368,20991200,16.368,21000200
2024-06-10,16.052151375,21000100,15.907,20991200,15.907,21000200
2024-06-11,15.11871075,21000100,14.982,20991200,14.982,21000200
2024-06-12,16.155082125,21000100,16.009,20991200,16.009,21000200
2024-06-13,15.277143375,21000100,15.139,20991200,15.139,21000200
2024-06-14,14.870466000000002,21000100,14.736,20991200,14.736,21000200
2024-06-15,14.987524500000001,21000100,14.852,20991200,14.852,21000200
2024-06-16,15.1724464136,21000100,15.134,20991200,15.134,21000200
2024-06-17,14.606452198533333,21000100,14.512,20991200,14.512,21000200
2024-06-18,13.936883764883332,21000100,13.972,20991200,13.972,21000200
2024-06-19,14.345501602133334,21000100,14.336,20991200,14.336,21000200
2024-06-20,14.367847321875,21000100,14.25,20991200,14.25,21000200
2024-06-21,13.961645134170832,21000100,13.841,20991200,13.841,21000200
2024-06-22,13.511157939733334,21000100,13.472,20991200,13.472,21000200
2024-06-23,13.149677218520832,21000100,13.187,20991200,13.187,21000200
2024-06-24,13.717738008054168,21000100,13.609,20991200,13.609,21000200
2024-06-25,14.31544725,21000100,14.186,20991200,14.186,21000200
2024-06-26,14.02011579735,21000100,13.911,20991200,13.911,21000200
2024-06-27,14.55763725,21000100,14.426,20991200,14.426,21000200
2024-06-28,13.896660375000002,21000100,13.771,20991200,13.771,21000200
2024-06-29,13.659516,21000100,13.536,20991200,13.536,21000200
2024-06-30,14.367003221816669,21000100,14.278,20991200,14.278,21000200
2024-07-01,14.462779500000002,21000100,14.332,20991200,14.332,21000200
2024-07-02,14.5435095,21000100,14.412,20991200,14.412,21000200
2024-07-03,13.707954,21000100,13.584,20991200,13.584,21000200
2024-07-04,12.616909937316667,21000100,12.529,20991200,12.529,21000200
2024-07-05,12.257169735862501,21000100,12.303,20991200,12.303,21000200
2024-07-06,13.2315632061,21000100,13.173,20991200,13.173,21000200
2024-07-07,12.44176479525,21000100,12.348,20991200,12.348,21000200
2024-07-08,13.204086242608334,21000100,13.111,20991200,13.111,21000200
2024-07-09,12.913078998137498,21000100,12.831,20991200,12.831,21000200
2024-07-10,12.792182300975002,21000100,12.782,20991200,12.782,21000200
2024-07-11,12.448566000000001,21000100,12.336,20991200,12.336,21000200
2024-07-12,12.836557061625,21000100,12.735,20991200,12.735,21000200
2024-07-13,13.129725375,21000100,13.011,20991200,13.011,21000200
2024-07-14,13.534549738233332,21000100,13.442,20991200,13.442,21000200
2024-07-15,14.498034275624999,21000100,14.382,20991200,14.382,21000200
2024-07-16,14.328565875,21000100,14.199,20991200,14.199,21000200
2024-07-17,13.844657799791667,21000100,13.73,20991200,13.73,21000200
2024-07-18,13.689394229720834,21000100,13.589,20991200,13.589,21000200
2024-07-19,14.160283602345835,21000100,14.071,20991200,14.071,21000200
2024-07-20,14.359982264666668,21000100,14.24,20991200,14.24,21000200
2024-07-21,14.908189127541668,21000100,14.81,20991200,14.81,21000200
2024-07-22,13.975656576475,21000100,13.926,20991200,13.926,21000200
2024-07-23,13.9001541382125,21000100,13.899,20991200,13.899,21000200
2024-07-24,13.486011478208335,21000100,13.394,20991200,13.394,21000200
2024-07-25,12.957492905483335,21000100,12.932,20991200,12.932,21000200
2024-07-26,13.524840216333333,21000100,13.52,20991200,13.52,21000200
2024-07-27,13.621595129266668,21000100,13.541,20991200,13.541,21000200
2024-07-28,13.35258637125,21000100,13.3,20991200,13.3,21000200
2024-07-29,13.6207109979,21000100,13.527,20991200,13.527,21000200
2024-07-30,13.231127318158332,21000100,13.129,20991200,13.129,21000200
2024-07-31,12.824148224066667,21000100,12.824,20991200,12.824,21000200
2024-08-01,12.860173624100002,21000100,12.877,20991200,12.877,21000200
2024-08-02,11.935203097591666,21000100,11.914,20991200,11.914,21000200
2024-08-03,11.689019055170832,21000100,11.681,20991200,11.681,21000200
2024-08-04,10.886692576500002,21000100,10.881,20991200,10.881,21000200
2024-08-05,9.4391372131875,21000100,9.477,20991200,9.477,21000200
2024-08-06,9.980139233904952,21000100,10.058,20991200,10.058,21000200
2024-08-07,9.4942422738,21000100,9.488,20991200,9.488,21000200
2024-08-08,10.73343032125,21000100,10.745,20991200,10.745,21000200
2024-08-09,10.466586929866668,21000100,10.528,20991200,10.528,21000200
2024-08-10,10.447078545696622,21000100,10.548,20991200,10.548,21000200
2024-08-11,9.873664913193156,21000100,9.995,20991200,9.995,21000200
2024-08-12,10.49038124235,21000100,10.548,20991200,10.548,21000200
2024-08-13,10.5332227165875,21000100,10.567,20991200,10.567,21000200
2024-08-14,10.401220115066666,21000100,10.388,20991200,10.388,21000200
2024-08-15,10.23459025615,21000100,10.166,20991200,10.166,21000200
2024-08-16,10.0634541447125,21000100,10.121,20991200,10.121,21000200
2024-08-17,10.1741742099,21000100,10.152,20991200,10.152,21000200
2024-08-18,10.028300804908334,21000100,10.078,20991200,10.078,21000200
2024-08-19,10.137006086166666,21000100,10.177,20991200,10.177,21000200
2024-08-20,10.280846881391666,21000100,10.231,20991200,10.231,21000200
2024-08-21,11.284658087862498,21000100,11.209,20991200,11.209,21000200
2024-08-22,11.510870544158333,21000100,11.467,20991200,11.467,21000200
2024-08-23,12.130058593654168,21000100,12.047,20991200,12.047,21000200
2024-08-24,12.40953141072917,21000100,12.335,20991200,12.335,21000200
2024-08-25,12.194470065374999,21000100,12.097,20991200,12.097,21000200
2024-08-26,11.9222314697,21000100,11.833,20991200,11.833,21000200
2024-08-27,11.2146922475625,21000100,11.147,20991200,11.147,21000200
2024-08-28,11.151473205291666,21000100,11.17,20991200,11.17,21000200
2024-08-29,10.931830353525,21000100,10.937,20991200,10.937,21000200
2024-08-30,11.127319202833336,21000100,11.114,20991200,11.114,21000200
2024-08-31,11.096722510120832,21000100,11.009,20991200,11.009,21000200
2024-09-01,10.4030270017125,21000100,10.359,20991200,10.359,21000200
2024-09-02,10.7224724724,21000100,10.756,20991200,10.756,21000200
2024-09-03,10.3100748025625,21000100,10.311,20991200,10.311,21000200
2024-09-04,10.323351530241666,21000100,10.331,20991200,10.331,21000200
2024-09-05,10.017010097095834,21000100,10.021,20991200,10.021,21000200
2024-09-06,9.560872756933334,21000100,9.568,20991200,9.568,21000200
2024-09-07,9.99667175065,21000100,10.023,20991200,10.023,21000200
2024-09-08,10.4210726452,21000100,10.346,20991200,10.346,21000200
2024-09-09,10.561994214450001,21000100,10.532,20991200,10.532,21000200
2024-09-10,10.590000775199998,21000100,10.584,20991200,10.584,21000200
2024-09-11,10.447363228054169,21000100,10.393,20991200,10.393,21000200
2024-09-12,10.845155353083333,21000100,10.78,20991200,10.78,21000200
2024-09-13,11.542566428741669,21000100,11.441,20991200,11.441,21000200
2024-09-14,11.39302125,21000100,11.29,20991200,11.29,21000200
2024-09-15,10.8916579847625,21000100,10.799,20991200,10.799,21000200
2024-09-16,10.590328064329167,21000100,10.537,20991200,10.537,21000200
2024-09-17,10.647340997533334,21000100,10.616,20991200,10.616,21000200
2024-09-18,10.907314944895832,21000100,10.891,20991200,10.891,21000200
2024-09-19,11.2861381591125,21000100,11.199,20991200,11.199,21000200
2024-09-20,11.530582237875,21000100,11.43,20991200,11.43,21000200
2024-09-21,11.590809750000002,21000100,11.486,20991200,11.486,21000200
2024-09-22,11.171252247724999,21000100,11.122,20991200,11.122,21000200
2024-09-23,11.4540048529375,21000100,11.389,20991200,11.389,21000200
2024-09-24,12.205564275995833,21000100,12.149,20991200,12.149,21000200
2024-09-25,12.217476375,21000100,12.107,20991200,12.107,21000200
2024-09-26,12.671582625000001,21000100,12.557,20991200,12.557,21000200
2024-09-27,12.782586375000001,21000100,12.667,20991200,12.667,21000200
2024-09-28,13.06009575,21000100,12.942,20991200,12.942,21000200
2024-09-29,12.57167925,21000100,12.458,20991200,12.458,21000200
2024-09-30,11.951067375000001,21000100,11.843,20991200,11.843,21000200
2024-10-01,11.050784151466667,21000100,11.008,20991200,11.008,21000200
2024-10-02,10.6586876111625,21000100,10.647,20991200,10.647,21000200
2024-10-03,10.640636266345833,21000100,10.651,20991200,10.651,21000200
2024-10-04,11.083726474325,21000100,11.069,20991200,11.069,21000200
2024-10-05,11.348294351666667,21000100,11.26,20991200,11.26,21000200
2024-10-06,11.321689536725,21000100,11.274,20991200,11.274,21000200
2024-10-07,11.238243294999998,21000100,11.152,20991200,11.152,21000200
2024-10-08,10.9268055,21000100,10.828,20991200,10.828,21000200
2024-10-09,10.62608625,21000100,10.53,20991200,10.53,21000200
2024-10-10,10.6333398570875,21000100,10.553,20991200,10.553,21000200
2024-10-11,10.935629388383335,21000100,10.901,20991200,10.901,21000200
2024-10-12,11.099365875000002,21000100,10.999,20991200,10.999,21000200
2024-10-13,10.84405725,21000100,10.746,20991200,10.746,21000200
2024-10-14,11.38293,21000100,11.28,20991200,11.28,21000200
2024-10-15,11.562554250000002,21000100,11.458,20991200,11.458,21000200
2024-10-16,11.344583250000001,21000100,11.242,20991200,11.242,21000200
2024-10-17,11.127621375,21000100,11.027,20991200,11.027,21000200
2024-10-18,11.58677325,21000100,11.482,20991200,11.482,21000200
2024-10-19,11.52218925,21000100,11.418,20991200,11.418,21000200
2024-10-20,12.086290125000001,21000100,11.977,20991200,11.977,21000200
2024-10-21,11.817862875000001,21000100,11.711,20991200,11.711,21000200
2024-10-22,12.085281000000002,21000100,11.976,20991200,11.976,21000200
2024-10-23,11.424304125,21000100,11.321,20991200,11.321,21000200
2024-10-24,11.720986875000001,21000100,11.615,20991200,11.615,21000200
2024-10-25,11.229543000000001,21000100,11.128,20991200,11.128,21000200
2024-10-26,11.097129297258334,21000100,11.002,20991200,11.002,21000200
2024-10-27,11.07237055435,21000100,10.977,20991200,10.977,21000200
2024-10-28,11.281008375,21000100,11.179,20991200,11.179,21000200
2024-10-29,11.90565675,21000100,11.798,20991200,11.798,21000200
2024-10-30,12.509113500000002,21000100,12.396,20991200,12.396,21000200
2024-10-31,11.523198375000002,21000100,11.419,20991200,11.419,21000200
2024-11-01,11.350638,21000100,11.248,20991200,11.248,21000200
2024-11-02,11.287063125000001,21000100,11.185,20991200,11.185,21000200
2024-11-03,10.8159821056,21000100,10.752,20991200,10.752,21000200
2024-11-04,10.248517438599999,21000100,10.248,20991200,10.248,21000200
2024-11-05,10.8911445176625,21000100,10.829,20991200,10.829,21000200
2024-11-06,12.286096875000002,21000100,12.175,20991200,12.175,21000200
2024-11-07,12.713568805208332,21000100,12.595,20991200,12.595,21000200
2024-11-08,13.820976,21000100,13.696,20991200,13.696,21000200
2024-11-09,13.907760750000001,21000100,13.782,20991200,13.782,21000200
2024-11-10,14.545396408625063,21000100,14.271,20991200,14.271,21000200
2024-11-11,15.208262540624998,21000100,14.93,20991200,14.93,21000200
2024-11-12,14.283818570489618,21000100,13.96,20991200,13.96,21000200
2024-11-13,13.7558242827,21000100,13.491,20991200,13.491,21000200
2024-11-14,13.1667441061875,21000100,13.005,20991200,13.005,21000200
2024-11-15,13.975372125000002,21000100,13.849,20991200,13.849,21000200
2024-11-16,14.730617356291667,21000100,14.539,20991200,14.539,21000200
2024-11-17,13.9274419224,21000100,13.792,20991200,13.792,21000200
2024-11-18,15.576610945,21000100,15.281,20991200,15.281,21000200
2024-11-19,14.764507875000001,21000100,14.631,20991200,14.631,21000200
2024-11-20,14.370949125000001,21000100,14.241,20991200,14.241,21000200
2024-11-21,15.045044625000001,21000100,14.909,20991200,14.909,21000200
2024-11-22,16.896337995741668,21000100,16.582,20991200,16.582,21000200
2024-11-23,17.7730947875,21000100,17.4,20991200,17.4,21000200
2024-11-24,18.410585338086594,21000100,17.921,20991200,17.921,21000200
2024-11-25,17.768885294062503,21000100,17.355,20991200,17.355,21000200
2024-11-26,17.6569174976125,21000100,17.349,20991200,17.349,21000200
2024-11-27,18.926011165000002,21000100,18.672,20991200,18.672,21000200
2024-11-28,18.245394471266668,21000100,17.948,20991200,17.948,21000200
2024-11-29,18.663431951083332,21000100,18.26,20991200,18.26,21000200
2024-11-30,19.45192524023333,21000100,19.016,20991200,19.016,21000200
2024-12-01,19.20556489745833,21000100,18.935,20991200,18.935,21000200
2024-12-02,26.02477547724586,21000100,25.241,20991200,25.241,21000200
2024-12-03,24.933075106624372,21000100,24.127,20991200,24.127,21000200
2024-12-04,24.94898457032698,21000100,24.092,20991200,24.092,21000200
2024-12-05,24.05099225807485,21000100,23.172,20991200,23.172,21000200
2024-12-06,26.8451512056,21000100,25.893,20991200,25.893,21000200
2024-12-07,25.83228117253764,21000100,24.808,20991200,24.808,21000200
2024-12-08,26.869491742166666,21000100,26.12,20991200,26.12,21000200
2024-12-09,22.625764481116665,21000100,22.241,20991200,22.241,21000200
2024-12-10,22.316799375,21000100,22.115,20991200,22.115,21000200
2024-12-11,24.283584,21000100,24.064,20991200,24.064,21000200
2024-12-12,29.393793000000002,21000100,29.128,20991200,29.128,21000200
2024-12-13,29.247469875000004,21000100,28.983,20991200,28.983,21000200
2024-12-14,29.382692625,21000100,29.117,20991200,29.117,21000200
2024-12-15,29.523970125,21000100,29.257,20991200,29.257,21000200
2024-12-16,28.992161250000002,21000100,28.73,20991200,28.73,21000200
2024-12-17,28.11220425,21000100,27.858,20991200,27.858,21000200
2024-12-18,25.081801875,21000100,24.855,20991200,24.855,21000200
2024-12-19,22.935996100500002,21000100,22.806,20991200,22.806,21000200
2024-12-20,23.483791126249997,21000100,23.38,20991200,23.38,21000200
2024-12-21,22.246404582837503,21000100,22.123,20991200,22.123,21000200
2024-12-22,22.268696589466668,21000100,22.084,20991200,22.084,21000200
2024-12-23,24.71723156255417,21000100,24.539,20991200,24.539,21000200
2024-12-24,25.64993925,21000100,25.418,20991200,25.418,21000200
2024-12-25,24.64857985261667,21000100,24.428,20991200,24.428,21000200
2024-12-26,22.871818125,21000100,22.665,20991200,22.665,21000200
2024-12-27,21.69888853635,21000100,21.558,20991200,21.558,21000200
2024-12-28,22.069704735574998,21000100,21.974,20991200,21.974,21000200
2024-12-29,21.1092779101,21000100,20.946,20991200,20.946,21000200
2024-12-30,20.753094692604165,21000100,20.569,20991200,20.569,21000200
2024-12-31,20.178713019666667,21000100,20.003,20991200,20.003,21000200
2025-01-01,21.88360666415,21000100,21.721,20991200,21.721,21000200
2025-01-02,22.265334000000003,21000100,22.064,20991200,22.064,21000200
2025-01-03,23.694255000000002,21000100,23.48,20991200,23.48,21000200
2025-01-04,23.806267875000003,21000100,23.591,20991200,23.591,21000200
2025-01-05,23.789112750000005,21000100,23.574,20991200,23.574,21000200
2025-01-06,24.033321,21000100,23.816,20991200,23.816,21000200
2025-01-07,21.572065124999998,21000100,21.377,20991200,21.377,21000200
2025-01-08,20.55135163853333,21000100,20.426,20991200,20.426,21000200
2025-01-09,19.68265905375,21000100,19.635,20991200,19.635,21000200
2025-01-10,20.297637616166668,21000100,20.234,20991200,20.234,21000200
2025-01-11,20.3744975152,21000100,20.204,20991200,20.204,21000200
2025-01-12,20.013976125,21000100,19.833,20991200,19.833,21000200
2025-01-13,19.426203638691668,21000100,19.349,20991200,19.349,21000200
2025-01-14,20.364503122524997,21000100,20.323,20991200,20.323,21000200
2025-01-15,22.27326514083333,21000100,22.075,20991200,22.075,21000200
2025-01-16,23.21296419377083,21000100,23.015,20991200,23.015,21000200
2025-01-17,25.317937125,21000100,25.089,20991200,25.089,21000200
2025-01-18,24.317894250000002,21000100,24.098,20991200,24.098,21000200
2025-01-19,24.561093375,21000100,24.339,20991200,24.339,21000200
2025-01-20,25.297754625,21000100,25.069,20991200,25.069,21000200
2025-01-21,26.894190375,21000100,26.651,20991200,26.651,21000200
2025-01-22,25.523798625,21000100,25.293,20991200,25.293,21000200
2025-01-23,25.87514650875,21000100,25.65,20991200,25.65,21000200
2025-01-24,25.368371377125,21000100,25.17,20991200,25.17,21000200
2025-01-25,24.988195452350002,21000100,24.911,20991200,24.911,21000200
2025-01-26,25.0084489874625,21000100,24.867,20991200,24.867,21000200
2025-01-27,24.314865168783335,21000100,24.196,20991200,24.196,21000200
2025-01-28,22.768585061737497,21000100,22.599,20991200,22.599,21000200
2025-01-29,23.784628493062502,21000100,23.649,20991200,23.649,21000200
2025-01-30,24.639309284195832,21000100,24.449,20991200,24.449,21000200
2025-01-31,25.379493749999998,21000100,25.15,20991200,25.15,21000200
2025-02-01,23.158031785149998,21000100,22.961,20991200,22.961,21000200
2025-02-02,20.341575548541666,21000100,20.45,20991200,20.45,21000200
2025-02-03,21.507026541899997,21000100,21.636,20991200,21.636,21000200
2025-02-04,19.8797819763125,21000100,19.965,20991200,19.965,21000200
2025-02-05,19.260864648987504,21000100,19.181,20991200,19.181,21000200
2025-02-06,18.604801573766668,21000100,18.574,20991200,18.574,21000200
2025-02-07,18.319108746399998,21000100,18.368,20991200,18.368,21000200
2025-02-08,18.482908375933334,21000100,18.428,20991200,18.428,21000200
2025-02-09,18.2369708295625,21000100,18.255,20991200,18.255,21000200
2025-02-10,18.867034571370834,21000100,18.791,20991200,18.791,21000200
2025-02-11,18.681274742583334,21000100,18.635,20991200,18.635,21000200
2025-02-12,19.097034764625,21000100,19.19,20991200,19.19,21000200
2025-02-13,18.62560945425,21000100,18.54,20991200,18.54,21000200
2025-02-14,19.450789633275,21000100,19.371,20991200,19.371,21000200
2025-02-15,19.0305682031,21000100,18.987,20991200,18.987,21000200
2025-02-16,18.64619235325,21000100,18.69,20991200,18.69,21000200
2025-02-17,19.18215511441667,21000100,19.097,20991200,19.097,21000200
2025-02-18,17.7036602712,21000100,17.856,20991200,17.856,21000200
2025-02-19,17.9785225019125,21000100,17.963,20991200,17.963,21000200
2025-02-20,18.354338295475,21000100,18.278,20991200,18.278,21000200
2025-02-21,17.5708845,21000100,17.412,20991200,17.412,21000200
2025-02-22,17.5566780081875,21000100,17.745,20991200,17.745,21000200
2025-02-23,17.637176791799998,21000100,17.604,20991200,17.604,21000200
2025-02-24,15.1600525194625,21000100,15.249,20991200,15.249,21000200
2025-02-25,15.362718870225,21000100,15.306,20991200,15.306,21000200
2025-02-26,15.242794038225002,21000100,15.249,20991200,15.249,21000200
2025-02-27,15.189809589762499,21000100,15.103,20991200,15.103,21000200
2025-02-28,14.803657370666668,21000100,14.81,20991200,14.81,21000200
2025-03-01,14.8743455878875,21000100,14.751,20991200,14.751,21000200
2025-03-02,17.47147799399167,21000100,17.407,20991200,17.407,21000200
2025-03-03,14.537210319562499,21000100,14.445,20991200,14.445,21000200
2025-03-04,14.785732991875001,21000100,14.855,20991200,14.855,21000200
2025-03-05,16.452970038433335,21000100,16.411,20991200,16.411,21000200
2025-03-06,17.155436101275,21000100,17.046,20991200,17.046,21000200
2025-03-07,16.038756210766667,21000100,15.928,20991200,15.928,21000200
2025-03-08,15.374034080300001,21000100,15.253,20991200,15.253,21000200
2025-03-09,13.871920690083334,21000100,13.795,20991200,13.795,21000200
2025-03-10,12.515966036618458,21000100,12.653,20991200,12.653,21000200
2025-03-11,12.973477196731901,21000100,13.132,20991200,13.132,21000200
2025-03-12,13.486879935725,21000100,13.479,20991200,13.479,21000200
2025-03-13,13.0906699323125,21000100,13.035,20991200,13.035,21000200
2025-03-14,13.675796534200002,21000100,13.656,20991200,13.656,21000200
2025-03-15,13.884849617316668,21000100,14.006,20991200,14.006,21000200
2025-03-16,13.341914352058334,21000100,13.358,20991200,13.358,21000200
2025-03-17,14.048614067395834,21000100,14.021,20991200,14.021,21000200
2025-03-18,14.0316424336375,21000100,13.909,20991200,13.909,21000200
2025-03-19,15.106173930816668,21000100,15.013,20991200,15.013,21000200
2025-03-20,14.286570486037501,21000100,14.211,20991200,14.211,21000200
2025-03-21,13.990159604904166,21000100,13.949,20991200,13.949,21000200
2025-03-22,14.195669883875,21000100,14.242,20991200,14.242,21000200
2025-03-23,14.522632540983333,21000100,14.461,20991200,14.461,21000200
2025-03-24,15.2426423966,21000100,15.121,20991200,15.121,21000200
2025-03-25,15.5687805,21000100,15.428,20991200,15.428,21000200
2025-03-26,15.380074125,21000100,15.241,20991200,15.241,21000200
2025-03-27,15.634285287900001,21000100,15.513,20991200,15.513,21000200
2025-03-28,14.217333154750001,21000100,14.244,20991200,14.244,21000200
2025-03-29,13.563667129533334,21000100,13.544,20991200,13.544,21000200
2025-03-30,13.349203629466666,21000100,13.408,20991200,13.408,21000200
2025-03-31,13.511036418383332,21000100,13.501,20991200,13.501,21000200
2025-04-01,14.126595982191668,21000100,14.038,20991200,14.038,21000200
2025-04-02,12.974670075325,21000100,12.894,20991200,12.894,21000200
2025-04-03,12.893842734062499,21000100,12.891,20991200,12.891,21000200
2025-04-04,12.986325586333335,21000100,12.938,20991200,12.938,21000200
2025-04-05,12.933978332275,21000100,12.838,20991200,12.838,21000200
2025-04-06,11.261242718366667,21000100,11.279,20991200,11.279,21000200
2025-04-07,11.4808884345,21000100,11.448,20991200,11.448,21000200
2025-04-08,10.951228842016665,21000100,10.918,20991200,10.918,21000200
2025-04-09,12.7674495,21000100,12.652,20991200,12.652,21000200
2025-04-10,12.177111375,21000100,12.067,20991200,12.067,21000200
2025-04-11,12.7106281621,21000100,12.639,20991200,12.639,21000200
2025-04-12,13.217546075141664,21000100,13.142,20991200,13.142,21000200
2025-04-13,12.688376572699998,21000100,12.616,20991200,12.616,21000200
2025-04-14,12.652037246833332,21000100,12.632,20991200,12.632,21000200
2025-04-15,12.1697124322375,21000100,12.229,20991200,12.229,21000200
2025-04-16,12.415773152620835,21000100,12.349,20991200,12.349,21000200
2025-04-17,12.607283682583335,21000100,12.53,20991200,12.53,21000200
2025-04-18,12.614882798812499,21000100,12.555,20991200,12.555,21000200
2025-04-19,13.0474024374375,21000100,12.931,20991200,12.931,21000200
2025-04-20,13.389142908120833,21000100,13.277,20991200,13.277,21000200
2025-04-21,13.168164839941667,21000100,13.093,20991200,13.093,21000200
2025-04-22,14.227818343741665,21000100,14.129,20991200,14.129,21000200
2025-04-23,15.125809529916665,21000100,15.01,20991200,15.01,21000200
2025-04-24,15.190358625000002,21000100,15.053,20991200,15.053,21000200
2025-04-25,15.048072000000001,21000100,14.912,20991200,14.912,21000200
2025-04-26,14.993579250000002,21000100,14.858,20991200,14.858,21000200
2025-04-27,14.679599995666669,21000100,14.548,20991200,14.548,21000200
2025-04-28,15.095669278925001,21000100,15.018,20991200,15.018,21000200
2025-04-29,14.66399353875,21000100,14.589,20991200,14.589,21000200
2025-04-30,14.161005415883334,21000100,14.284,20991200,14.284,21000200
2025-05-01,14.818499033962501,21000100,14.739,20991200,14.739,21000200
2025-05-02,14.78368125,21000100,14.65,20991200,14.65,21000200
2025-05-03,14.274466231325,21000100,14.241,20991200,14.241,21000200
2025-05-04,13.8288307329,21000100,13.848,20991200,13.848,21000200
2025-05-05,13.6685671016,21000100,13.632,20991200,13.632,21000200
2025-05-06,13.831334435966667,21000100,13.816,20991200,13.816,21000200
2025-05-07,13.813570460416669,21000100,13.81,20991200,13.81,21000200
2025-05-08,16.010999442520834,21000100,15.883,20991200,15.883,21000200
2025-05-09,16.155082125,21000100,16.009,20991200,16.009,21000200
2025-05-10,17.490154500000003,21000100,17.332,20991200,17.332,21000200
2025-05-11,17.246318678133335,21000100,17.104,20991200,17.104,21000200
2025-05-12,16.874588250000002,21000100,16.722,20991200,16.722,21000200
2025-05-13,17.508193079937502,21000100,17.385,20991200,17.385,21000200
2025-05-14,17.160170625,21000100,17.005,20991200,17.005,21000200
2025-05-15,16.078538663508333,21000100,16.033,20991200,16.033,21000200
2025-05-16,15.804325805983334,21000100,15.748,20991200,15.748,21000200
2025-05-17,15.345242136816669,21000100,15.316,20991200,15.316,21000200
2025-05-18,15.867284596300001,21000100,15.863,20991200,15.863,21000200
2025-05-19,15.763732962804166,21000100,15.779,20991200,15.779,21000200
2025-05-20,15.766775523854168,21000100,15.695,20991200,15.695,21000200
2025-05-21,16.143202241508334,21000100,16.094,20991200,16.094,21000200
2025-05-22,16.875153109875,21000100,16.733,20991200,16.733,21000200
2025-05-23,15.669693,21000100,15.528,20991200,15.528,21000200
2025-05-24,15.410469100170832,21000100,15.329,20991200,15.329,21000200
2025-05-25,15.509269647783333,21000100,15.523,20991200,15.523,21000200
2025-05-26,15.5526712756,21000100,15.524,20991200,15.524,21000200
2025-05-27,16.000449226775,21000100,15.901,20991200,15.901,21000200
2025-05-28,15.769499809933334,21000100,15.682,20991200,15.682,21000200
2025-05-29,15.088915255575,21000100,15.034,20991200,15.034,21000200
2025-05-30,13.820663100825,21000100,13.878,20991200,13.878,21000200
2025-05-31,13.822882786000001,21000100,13.96,20991200,13.96,21000200
2025-06-01,14.044232177208334,21000100,14.054,20991200,14.054,21000200
2025-06-02,14.141349195712499,21000100,14.071,20991200,14.071,21000200
2025-06-03,14.2147714461,21000100,14.103,20991200,14.103,21000200
2025-06-04,13.889312422458334,21000100,13.826,20991200,13.826,21000200
2025-06-05,12.8693655337,21000100,12.876,20991200,12.876,21000200
2025-06-06,13.445135680916666,21000100,13.562,20991200,13.562,21000200
2025-06-07,13.868374954591667,21000100,13.814,20991200,13.814,21000200
2025-06-08,13.691901236066666,21000100,13.712,20991200,13.712,21000200
2025-06-09,14.3662818966,21000100,14.346,20991200,14.346,21000200
2025-06-10,15.5540982673125,21000100,15.445,20991200,15.445,21000200
2025-06-11,15.02183475,21000100,14.886,20991200,14.886,21000200
2025-06-12,13.9898404765,21000100,13.965,20991200,13.965,21000200
2025-06-13,13.3490343977,21000100,13.432,20991200,13.432,21000200
2025-06-14,13.081791636629168,21000100,13.141,20991200,13.141,21000200
2025-06-15,13.216966255679166,21000100,13.289,20991200,13.289,21000200
2025-06-16,13.598715182425002,21000100,13.558,20991200,13.558,21000200
2025-06-17,13.04641070975,21000100,12.98,20991200,12.98,21000200
2025-06-18,13.028859012341666,21000100,13.106,20991200,13.106,21000200
2025-06-19,13.105367608904167,21000100,13.063,20991200,13.063,21000200
2025-06-20,12.528741318420835,21000100,12.499,20991200,12.499,21000200
2025-06-21,11.9875577867,21000100,12.014,20991200,12.014,21000200
2025-06-22,11.6853814896,21000100,11.648,20991200,11.648,21000200
2025-06-23,12.824518807533332,21000100,12.818,20991200,12.818,21000200
2025-06-24,13.499721014645832,21000100,13.405,20991200,13.405,21000200
2025-06-25,13.223546070429167,21000100,13.133,20991200,13.133,21000200
2025-06-26,12.92218931025,21000100,12.93,20991200,12.93,21000200
2025-06-27,13.1021484128,21000100,13.044,20991200,13.044,21000200
2025-06-28,13.451682429791665,21000100,13.39,20991200,13.39,21000200
2025-06-29,13.767353143775,21000100,13.701,20991200,13.701,21000200
2025-06-30,13.3839787634,21000100,13.367,20991200,13.367,21000200
2025-07-01,12.913662451258332,21000100,12.887,20991200,12.887,21000200
2025-07-02,13.583480223133332,21000100,13.552,20991200,13.552,21000200
2025-07-03,13.7846475,21000100,13.66,20991200,13.66,21000200
2025-07-04,13.238315434166667,21000100,13.16,20991200,13.16,21000200
2025-07-05,13.259361515583334,21000100,13.222,20991200,13.222,21000200
2025-07-06,13.534721597920834,21000100,13.477,20991200,13.477,21000200
2025-07-07,13.5478751863,21000100,13.426,20991200,13.426,21000200
2025-07-08,14.003768250150001,21000100,13.964,20991200,13.964,21000200
2025-07-09,14.372967375000002,21000100,14.243,20991200,14.243,21000200
2025-07-10,15.371731639,21000100,15.24,20991200,15.24,21000200
2025-07-11,15.426493875000002,21000100,15.287,20991200,15.287,21000200
2025-07-12,15.238796625,21000100,15.101,20991200,15.101,21000200
2025-07-13,15.791797125,21000100,15.649,20991200,15.649,21000200
2025-07-14,15.896746125000002,21000100,15.753,20991200,15.753,21000200
2025-07-15,16.25296725,21000100,16.106,20991200,16.106,21000200
2025-07-16,16.823122875,21000100,16.671,20991200,16.671,21000200
2025-07-17,18.161222625,21000100,17.997,20991200,17.997,21000200
2025-07-18,17.9906805,21000100,17.828,20991200,17.828,21000200
2025-07-19,18.558817875,21000100,18.391,20991200,18.391,21000200
2025-07-20,19.4599665,21000100,19.284,20991200,19.284,21000200
2025-07-21,19.67995575,21000100,19.502,20991200,19.502,21000200
2025-07-22,19.848479625000003,21000100,19.669,20991200,19.669,21000200
2025-07-23,18.338828624999998,21000100,18.173,20991200,18.173,21000200
2025-07-24,18.067374,21000100,17.904,20991200,17.904,21000200
2025-07-25,18.4508415,21000100,18.284,20991200,18.284,21000200
2025-07-26,18.56991825,21000100,18.402,20991200,18.402,21000200
2025-07-27,19.403455500000003,21000100,19.228,20991200,19.228,21000200
2025-07-28,18.280299375,21000100,18.115,20991200,18.115,21000200
2025-07-29,17.8439744777125,21000100,17.823,20991200,17.823,21000200
2025-07-30,17.807164729858332,21000100,17.698,20991200,17.698,21000200
2025-07-31,16.952766075316664,21000100,16.921,20991200,16.921,21000200
2025-08-01,16.151611727166664,21000100,16.06,20991200,16.06,21000200
2025-08-02,15.749487417791665,21000100,15.635,20991200,15.635,21000200
2025-08-03,16.3198212548,21000100,16.288,20991200,16.288,21000200
2025-08-04,17.168477924854166,21000100,17.107,20991200,17.107,21000200
2025-08-05,16.52341275,21000100,16.374,20991200,16.374,21000200
2025-08-06,16.720291578250002,21000100,16.666,20991200,16.666,21000200
2025-08-07,18.625449134500002,21000100,18.46,20991200,18.46,21000200
2025-08-08,20.068468875,21000100,19.887,20991200,19.887,21000200
2025-08-09,22.139193375,21000100,21.939,20991200,21.939,21000200
2025-08-10,22.260288375000002,21000100,22.059,20991200,22.059,21000200
2025-08-11,21.254190750000003,21000100,21.062,20991200,21.062,21000200
2025-08-12,23.807277,21000100,23.592,20991200,23.592,21000200
2025-08-13,24.127116028483336,21000100,23.966,20991200,23.966,21000200
2025-08-14,22.651828875,21000100,22.447,20991200,22.447,21000200
2025-08-15,21.902463674274998,21000100,21.737,20991200,21.737,21000200
2025-08-16,22.833471375,21000100,22.627,20991200,22.627,21000200
2025-08-17,25.752655764074998,21000100,25.639,20991200,25.639,21000200
2025-08-18,25.929848227395834,21000100,25.765,20991200,25.765,21000200
2025-08-19,23.630314292700003,21000100,23.553,20991200,23.553,21000200
2025-08-20,26.687319750000004,21000100,26.446,20991200,26.446,21000200
2025-08-21,24.882402963599997,21000100,24.804,20991200,24.804,21000200
2025-08-22,26.905433656666666,21000100,26.8,20991200,26.8,21000200
2025-08-23,26.428077167266665,21000100,26.276,20991200,26.276,21000200
2025-08-24,26.052580125000002,21000100,25.817,20991200,25.817,21000200
2025-08-25,23.5423361189625,21000100,23.373,20991200,23.373,21000200
2025-08-26,24.34198980655,21000100,24.369,20991200,24.369,21000200
2025-08-27,23.925211585208334,21000100,23.773,20991200,23.773,21000200
2025-08-28,25.400685375000002,21000100,25.171,20991200,25.171,21000200
2025-08-29,23.30434797377917,21000100,23.413,20991200,23.413,21000200
2025-08-30,23.586245381087497,21000100,23.493,20991200,23.493,21000200
2025-08-31,23.360880588833332,21000100,23.195,20991200,23.195,21000200
2025-09-01,22.698433663208334,21000100,22.505,20991200,22.505,21000200
2025-09-02,23.679582113249996,21000100,23.49,20991200,23.49,21000200
2025-09-03,23.902134750000002,21000100,23.686,20991200,23.686,21000200
2025-09-04,22.394669496487502,21000100,22.301,20991200,22.301,21000200
2025-09-05,22.347510328499997,21000100,22.284,20991200,22.284,21000200
2025-09-06,22.393492875,21000100,22.191,20991200,22.191,21000200
2025-09-07,22.656874500000004,21000100,22.452,20991200,22.452,21000200
2025-09-08,23.245194375,21000100,23.035,20991200,23.035,21000200
2025-09-09,23.251249125,21000100,23.041,20991200,23.041,21000200
2025-09-10,23.708449498391666,21000100,23.566,20991200,23.566,21000200
2025-09-11,24.57513497406667,21000100,24.452,20991200,24.452,21000200
2025-09-12,25.324119365025002,21000100,25.122,20991200,25.122,21000200
2025-09-13,25.102993500000004,21000100,24.876,20991200,24.876,21000200
2025-09-14,24.25145135318333,21000100,24.083,20991200,24.083,21000200
2025-09-15,23.535480345625,21000100,23.55,20991200,23.55,21000200
2025-09-16,23.4905767188,21000100,23.472,20991200,23.472,21000200
2025-09-17,24.13089901475,21000100,23.988,20991200,23.988,21000200
2025-09-18,24.848694,21000100,24.624,20991200,24.624,21000200
2025-09-19,23.616195294508334,21000100,23.462,20991200,23.462,21000200
2025-09-20,23.22965059551324,21000100,23.318,20991200,23.318,21000200
2025-09-21,22.97206555515,21000100,22.941,20991200,22.941,21000200
2025-09-22,21.53940296708874,21000100,21.642,20991200,21.642,21000200
2025-09-23,21.545433419366667,21000100,21.508,20991200,21.508,21000200
2025-09-24,21.791045250000003,21000100,21.594,20991200,21.594,21000200
2025-09-25,20.3015431276875,21000100,20.139,20991200,20.139,21000200
2025-09-26,21.2521725,21000100,21.06,20991200,21.06,21000200
2025-09-27,21.065335166108333,21000100,20.906,20991200,20.906,21000200
2025-09-28,21.832793446066667,21000100,21.668,20991200,21.668,21000200
2025-09-29,21.714358048999998,21000100,21.72,20991200,21.72,21000200
2025-09-30,21.4145547113,21000100,21.304,20991200,21.304,21000200
2025-10-01,22.773933000000003,21000100,22.568,20991200,22.568,21000200
2025-10-02,22.8515338401,21000100,22.764,20991200,22.764,21000200
2025-10-03,22.624282962870833,21000100,22.499,20991200,22.499,21000200
2025-10-04,22.190291159237503,21000100,22.009,20991200,22.009,21000200
2025-10-05,22.184604000000004,21000100,21.984,20991200,21.984,21000200
2025-10-06,23.429922863199998,21000100,23.368,20991200,23.368,21000200
2025-10-07,21.908960221545836,21000100,21.791,20991200,21.791,21000200
2025-10-08,22.5433890796875,21000100,22.625,20991200,22.625,21000200
2025-10-09,22.099331509025,21000100,21.986,20991200,21.986,21000200
2025-10-10,17.432634375,21000100,17.275,20991200,17.275,21000200
2025-10-11,17.085797410869137,21000100,17.19,20991200,17.19,21000200
2025-10-12,18.95607008343333,21000100,18.983,20991200,18.983,21000200
2025-10-13,19.956804574525002,21000100,19.838,20991200,19.838,21000200
2025-10-14,19.238238621254165,21000100,19.093,20991200,19.093,21000200
2025-10-15,18.13853740291667,21000100,18.044,20991200,18.044,21000200
2025-10-16,17.46036673344167,21000100,17.417,20991200,17.417,21000200
2025-10-17,16.716266804533333,21000100,16.594,20991200,16.594,21000200
2025-10-18,16.861715858599997,21000100,16.804,20991200,16.804,21000200
2025-10-19,17.358839163725,21000100,17.274,20991200,17.274,21000200
2025-10-20,18.7281123522125,21000100,18.647,20991200,18.647,21000200
2025-10-21,17.554276976908334,21000100,17.597,20991200,17.597,21000200
2025-10-22,17.146296882,21000100,17.195,20991200,17.195,21000200
2025-10-23,17.505221677854166,21000100,17.423,20991200,17.423,21000200
2025-10-24,17.949760034266667,21000100,17.888,20991200,17.888,21000200
2025-10-25,18.139699885450003,21000100,18.007,20991200,18.007,21000200
2025-10-26,18.637944934583334,21000100,18.535,20991200,18.535,21000200
2025-10-27,18.338450235416662,21000100,18.205,20991200,18.205,21000200
2025-10-28,17.931162603775,21000100,17.814,20991200,17.814,21000200
2025-10-29,18.103600845,21000100,18.128,20991200,18.128,21000200
2025-10-30,16.79654830570833,21000100,16.787,20991200,16.787,21000200
2025-10-31,17.174654590920834,21000100,17.233,20991200,17.233,21000200
2025-11-01,17.291356875,21000100,17.135,20991200,17.135,21000200
2025-11-02,17.690849457691666,21000100,17.581,20991200,17.581,21000200
2025-11-03,15.205697996025,21000100,15.237,20991200,15.237,21000200
2025-11-04,14.765743987958333,21000100,14.674,20991200,14.674,21000200
2025-11-05,15.193665604991667,21000100,15.083,20991200,15.083,21000200
2025-11-06,14.809531427925,21000100,14.733,20991200,14.733,21000200
2025-11-07,15.93408375,21000100,15.79,20991200,15.79,21000200
2025-11-08,15.627798072283333,21000100,15.508,20991200,15.508,21000200
2025-11-09,15.9671104018,21000100,15.919,20991200,15.919,21000200
2025-11-10,16.458212720391664,21000100,16.358,20991200,16.358,21000200
2025-11-11,15.347331198333334,21000100,15.275,20991200,15.275,21000200
2025-11-12,15.181171407625,21000100,15.142,20991200,15.142,21000200
2025-11-13,14.5390826069625,21000100,14.537,20991200,14.537,21000200
2025-11-14,13.772936496008333,21000100,13.802,20991200,13.802,21000200
2025-11-15,14.209158178266668,21000100,14.128,20991200,14.128,21000200
2025-11-16,13.787654522570833,21000100,13.727,20991200,13.727,21000200
2025-11-17,13.425359887337502,21000100,13.323,20991200,13.323,21000200
2025-11-18,13.863646006087501,21000100,13.797,20991200,13.797,21000200
2025-11-19,13.584098939666665,21000100,13.52,20991200,13.52,21000200
2025-11-20,13.026635675516665,21000100,12.932,20991200,12.932,21000200
2025-11-21,12.137695923208332,21000100,12.11,20991200,12.11,21000200
2025-11-22,12.183188783791667,21000100,12.166,20991200,12.166,21000200
2025-11-23,12.5149614517625,21000100,12.511,20991200,12.511,21000200
2025-11-24,12.988143435858333,21000100,12.962,20991200,12.962,21000200
2025-11-25,13.079028569625,21000100,13.077,20991200,13.077,21000200
2025-11-26,13.559212649725,21000100,13.449,20991200,13.449,21000200
2025-11-27,13.436879205637501,21000100,13.329,20991200,13.329,21000200
2025-11-28,13.163665067591667,21000100,13.114,20991200,13.114,21000200
2025-11-29,13.065155771133332,21000100,12.976,20991200,12.976,21000200
2025-11-30,13.0357697466875,21000100,12.945,20991200,12.945,21000200
2025-12-01,12.003964908191668,21000100,12.067,20991200,12.067,21000200
2025-12-02,13.532657999400001,21000100,13.462,20991200,13.462,21000200
2025-12-03,14.720868600925,21000100,14.631,20991200,14.631,21000200
2025-12-04,14.323338199733334,21000100,14.248,20991200,14.248,21000200
2025-12-05,13.612039488674998,21000100,13.581,20991200,13.581,21000200
2025-12-06,13.821909945666668,21000100,13.912,20991200,13.912,21000200
2025-12-07,13.694652497012498,21000100,13.641,20991200,13.641,21000200
2025-12-08,13.741897110391667,21000100,13.754,20991200,13.754,21000200
2025-12-09,14.4001956569625,21000100,14.399,20991200,14.399,21000200
2025-12-10,14.0056446631,21000100,14.088,20991200,14.088,21000200
2025-12-11,14.131170899833334,21000100,14.06,20991200,14.06,21000200
2025-12-12,13.697098196466667,21000100,13.627,20991200,13.627,21000200
2025-12-13,13.7978190740625,21000100,13.725,20991200,13.725,21000200
2025-12-14,13.3346369902125,21000100,13.267,20991200,13.267,21000200
2025-12-15,12.908862644870833,21000100,12.851,20991200,12.851,21000200
2025-12-16,12.957419873,21000100,12.92,20991200,12.92,21000200
2025-12-17,12.334174312137499,21000100,12.261,20991200,12.261,21000200
2025-12-18,11.916699709875,21000100,11.929,20991200,11.929,21000200
2025-12-19,12.583144637441665,21000100,12.533,20991200,12.533,21000200
2025-12-20,12.645241232508335,21000100,12.547,20991200,12.547,21000200
2025-12-21,12.460166936708331,21000100,12.43,20991200,12.43,21000200
2025-12-22,12.583191231499999,21000100,12.58,20991200,12.58,21000200
2025-12-23,12.389195952683332,21000100,12.389,20991200,12.389,21000200
2025-12-24,12.280229048887502,21000100,12.269,20991200,12.269,21000200
2025-12-25,12.1403064540625,21000100,12.055,20991200,12.055,21000200
2025-12-26,12.260112545966667,21000100,12.179,20991200,12.179,21000200
2025-12-27,12.607600466541667,21000100,12.515,20991200,12.515,21000200
2025-12-28,12.60397125,21000100,12.49,20991200,12.49,21000200
2025-12-29,12.3648310205625,21000100,12.297,20991200,12.297,21000200
2025-12-30,12.466703090900001,21000100,12.409,20991200,12.409,21000200
2025-12-31,12.248018165225,21000100,12.202,20991200,12.202,21000200
2026-01-01,12.58765488975,21000100,12.605,20991200,12.605,21000200
2026-01-02,13.394116125,21000100,13.273,20991200,13.273,21000200
2026-01-03,13.345678125000001,21000100,13.225,20991200,13.225,21000200
2026-01-04,13.533710955979164,21000100,13.415,20991200,13.415,21000200
2026-01-05,13.988618734354166,21000100,13.907,20991200,13.907,21000200
2026-01-06,14.103670930762501,21000100,14.029,20991200,14.029,21000200
2026-01-07,13.501781944,21000100,13.44,20991200,13.44,21000200
2026-01-08,13.319576171475,21000100,13.209,20991200,13.209,21000200
2026-01-09,13.236862362833334,21000100,13.135,20991200,13.135,21000200
2026-01-10,13.209150226416664,21000100,13.132,20991200,13.132,21000200
2026-01-11,13.318544014175002,21000100,13.201,20991200,13.201,21000200
2026-01-12,13.1082731802,21000100,13.068,20991200,13.068,21000200
2026-01-13,14.14178345415,21000100,14.058,20991200,14.058,21000200
2026-01-14,14.234717250000001,21000100,14.106,20991200,14.106,21000200
2026-01-15,13.894178589,21000100,13.782,20991200,13.782,21000200
2026-01-16,13.709491196325,21000100,13.722,20991200,13.722,21000200
2026-01-17,13.843568388458333,21000100,13.733,20991200,13.733,21000200
2026-01-18,13.310238949583335,21000100,13.3,20991200,13.3,21000200
2026-01-19,12.856268620195834,21000100,12.877,20991200,12.877,21000200
2026-01-20,12.185074097999998,21000100,12.12,20991200,12.12,21000200
2026-01-21,12.381668764333334,21000100,12.395,20991200,12.395,21000200
2026-01-22,12.31435803445,21000100,12.252,20991200,12.252,21000200
2026-01-23,12.201112697125,21000100,12.21,20991200,12.21,21000200
2026-01-24,12.163714590283332,21000100,12.197,20991200,12.197,21000200
2026-01-25,11.543721551449998,21000100,11.517,20991200,11.517,21000200
2026-01-26,12.015711354208335,21000100,11.941,20991200,11.941,21000200
2026-01-27,12.097500299050001,21000100,12.036,20991200,12.036,21000200
2026-01-28,11.878521733125002,21000100,11.835,20991200,11.835,21000200
2026-01-29,11.076039516749999,21000100,11.115,20991200,11.115,21000200
2026-01-30,10.8601450152,21000100,10.784,20991200,10.784,21000200
2026-01-31,9.994405078349999,21000100,9.983,20991200,9.983,21000200
2026-02-01,9.457780512337498,21000100,9.401,20991200,9.401,21000200
2026-02-02,9.820237280287499,21000100,9.801,20991200,9.801,21000200
2026-02-03,9.531193964666665,21000100,9.484,20991200,9.484,21000200
2026-02-04,9.3221309503,21000100,9.247,20991200,9.247,21000200
2026-02-05,7.94626980395,21000100,7.906,20991200,7.906,21000200
2026-02-06,8.862263787920833,21000100,8.879,20991200,8.879,21000200
2026-02-07,8.931710171825001,21000100,8.903,20991200,8.903,21000200
2026-02-08,8.807445772541666,21000100,8.818,20991200,8.818,21000200
2026-02-09,8.8597988672,21000100,8.832,20991200,8.832,21000200
2026-02-10,8.593191884041667,21000100,8.57,20991200,8.57,21000200
2026-02-11,8.321826414912502,21000100,8.319,20991200,8.319,21000200
2026-02-12,8.441302755875,21000100,8.41,20991200,8.41,21000200
2026-02-13,8.810442115766666,21000100,8.764,20991200,8.764,21000200
2026-02-14,9.119215851291667,21000100,9.085,20991200,9.085,21000200
2026-02-15,8.7837424158,21000100,8.779,20991200,8.779,21000200
2026-02-16,8.942503475516666,21000100,8.929,20991200,8.929,21000200
2026-02-17,8.8785270446875,21000100,8.825,20991200,8.825,21000200
2026-02-18,8.592615251725,21000100,8.598,20991200,8.598,21000200
2026-02-19,8.523243178333333,21000100,8.572,20991200,8.572,21000200
2026-02-20,8.976736657575,21000100,8.937,20991200,8.937,21000200
2026-02-21,8.9195139903,21000100,8.868,20991200,8.868,21000200
2026-02-22,8.64263691075,21000100,8.677,20991200,8.677,21000200
2026-02-23,8.267681949525,21000100,8.262,20991200,8.262,21000200
2026-02-24,8.214419434166667,21000100,8.191,20991200,8.191,21000200
2026-02-25,9.30761661745,21000100,9.266,20991200,9.266,21000200
2026-02-26,9.249039953616666,21000100,9.199,20991200,9.199,21000200
