DATETIME,CARRY,CARRY_CONTRACT,PRICE,PRICE_CONTRACT,FORWARD,FORWARD_CONTRACT
2020-01-10,49.09219225033333,21000100,49.04,20991200,49.04,21000200
2020-01-11,49.73648226562501,21000100,49.25,20991200,49.25,21000200
2020-01-12,51.789159040875006,21000100,51.33,20991200,51.33,21000200
2020-01-13,50.0324175,21000100,49.58,20991200,49.58,21000200
2020-01-14,59.08426875,21000100,58.55,20991200,58.55,21000200
2020-01-15,60.3263711925,21000100,58.2,20991200,58.2,21000200
2020-01-16,58.125600000000006,21000100,57.6,20991200,57.6,21000200
2020-01-17,64.68671318583333,21000100,61.15,20991200,61.15,21000200
2020-01-18,63.46740004595833,21000100,59.33,20991200,59.33,21000200
2020-01-19,59.12923483316666,21000100,57.64,20991200,57.64,21000200
2020-01-20,57.75222375,21000100,57.23,20991200,57.23,21000200
2020-01-21,57.940339166666675,21000100,57.59,20991200,57.59,21000200
2020-01-22,58.463879827333336,21000100,58.36,20991200,58.36,21000200
2020-01-23,54.5,21000100,54.5,20991200,54.5,21000200
2020-01-24,55.59369308,21000100,54.4,20991200,54.4,21000200
2020-01-25,53.869622898,21000100,53.28,20991200,53.28,21000200
2020-01-26,57.086133515166665,21000100,56.27,20991200,56.27,21000200
2020-01-27,59.263700670000006,21000100,58.6,20991200,58.6,21000200
2020-01-28,60.57,21000100,60.57,20991200,60.57,21000200
2020-01-29,61.648696613333335,21000100,59.86,20991200,59.86,21000200
2020-01-30,70.59174703412499,21000100,68.03,20991200,68.03,21000200
2020-01-31,70.36787439525,21000100,68.01,20991200,68.01,21000200
2020-02-02,71.26909221962501,21000100,70.01,20991200,70.01,21000200
2020-02-03,71.89113542,21000100,69.69,20991200,69.69,21000200
2020-02-04,71.99312814604167,21000100,68.15,20991200,68.15,21000200
2020-02-05,76.68008175791667,21000100,72.7,20991200,72.7,21000200
2020-02-06,77.729757344,21000100,73.68,20991200,73.68,21000200
2020-02-07,77.45355642000001,21000100,74.4,20991200,74.4,21000200
2020-02-08,80.67003604866667,21000100,76.66,20991200,76.66,21000200
2020-02-09,84.27575034016668,21000100,77.09,20991200,77.09,21000200
2020-02-10,83.53636367059902,21000100,74.09,20991200,74.09,21000200
2020-02-11,83.02528108916667,21000100,76.6,20991200,76.6,21000200
2020-02-12,96.64201626781885,21000100,81.31,20991200,81.31,21000200
2020-02-13,93.34014928250001,21000100,80.68,20991200,80.68,21000200
2020-02-14,92.27341744750001,21000100,83.14,20991200,83.14,21000200
2020-02-15,88.68535776,21000100,76.8,20991200,76.8,21000200
2020-02-16,79.024012725,21000100,74.9,20991200,74.9,21000200
2020-02-17,76.79836068,21000100,73.6,20991200,73.6,21000200
2020-02-18,82.22660542483334,21000100,77.39,20991200,77.39,21000200
2020-02-19,75.956061888,21000100,70.56,20991200,70.56,21000200
2020-02-20,71.10421321733332,21000100,69.44,20991200,69.44,21000200
2020-02-21,73.64605535541666,21000100,73.33,20991200,73.33,21000200
2020-02-22,75.2845551075,21000100,74.79,20991200,74.79,21000200
2020-02-23,79.66,21000100,79.66,20991200,79.66,21000200
2020-02-24,78.63509596383334,21000100,75.64,20991200,75.64,21000200
2020-02-25,73.53075232212501,21000100,71.03,20991200,71.03,21000200
2020-02-26,61.19541404316667,21000100,60.52,20991200,60.52,21000200
2020-02-27,61.78,21000100,61.78,20991200,61.78,21000200
2020-02-28,60.714548345000004,21000100,59.95,20991200,59.95,21000200
2020-02-29,58.82362638966667,21000100,58.12,20991200,58.12,21000200
2020-03-02,62.546801867,21000100,61.52,20991200,61.52,21000200
2020-03-03,61.97594932512501,21000100,61.09,20991200,61.09,21000200
2020-03-04,61.72353161,21000100,60.4,20991200,60.4,21000200
2020-03-05,63.77368674133333,21000100,62.11,20991200,62.11,21000200
2020-03-06,65.44528934395834,21000100,63.31,20991200,63.31,21000200
2020-03-07,63.325513109333336,21000100,60.49,20991200,60.49,21000200
2020-03-08,52.34053261275,21000100,50.99,20991200,50.99,21000200
2020-03-09,50.651061451875,21000100,50.37,20991200,50.37,21000200
2020-03-10,50.4125181775,21000100,50.28,20991200,50.28,21000200
2020-03-11,48.98419771266667,21000100,48.59,20991200,48.59,21000200
2020-03-12,29.738117869500005,21000100,29.67,20991200,29.67,21000200
2020-03-13,33.88139086058333,21000100,37.54,20991200,37.54,21000200
2020-03-14,34.39503044125,21000100,34.42,20991200,34.42,21000200
2020-03-15,36.42,21000100,36.42,20991200,36.42,21000200
2020-03-16,33.19,21000100,33.19,20991200,33.19,21000200
2020-03-17,34.07,21000100,34.07,20991200,34.07,21000200
2020-03-18,34.47851206875001,21000100,34.7,20991200,34.7,21000200
2020-03-19,38.92,21000100,38.92,20991200,38.92,21000200
2020-03-20,38.12,21000100,38.12,20991200,38.12,21000200
2020-03-21,38.33,21000100,38.33,20991200,38.33,21000200
2020-03-22,35.42,21000100,35.42,20991200,35.42,21000200
2020-03-23,39.00666253895833,21000100,38.99,20991200,38.99,21000200
2020-03-24,40.85037977625,21000100,40.59,20991200,40.59,21000200
2020-03-25,39.66383159375,21000100,39.19,20991200,39.19,21000200
2020-03-26,40.453259939,21000100,40.44,20991200,40.44,21000200
2020-03-27,38.033044662,21000100,38.02,20991200,38.02,21000200
2020-03-28,38.88,21000100,38.88,20991200,38.88,21000200
2020-03-29,37.12,21000100,37.12,20991200,37.12,21000200
2020-03-30,39.15164359066667,21000100,38.96,20991200,38.96,21000200
2020-03-31,39.09,21000100,39.09,20991200,39.09,21000200
2020-04-02,39.92,21000100,39.92,20991200,39.92,21000200
2020-04-03,41.047624414,21000100,40.51,20991200,40.51,21000200
2020-04-04,40.75,21000100,40.75,20991200,40.75,21000200
2020-04-05,40.860959586791665,21000100,40.37,20991200,40.37,21000200
2020-04-06,45.108301223999995,21000100,45.08,20991200,45.08,21000200
2020-04-07,45.76536076516666,21000100,44.83,20991200,44.83,21000200
2020-04-08,47.03573856575,21000100,46.59,20991200,46.59,21000200
2020-04-09,47.055577209333336,21000100,46.28,20991200,46.28,21000200
2020-04-10,42.3,21000100,42.3,20991200,42.3,21000200
2020-04-11,42.55,21000100,42.55,20991200,42.55,21000200
2020-04-12,41.98,21000100,41.98,20991200,41.98,21000200
2020-04-13,41.2,21000100,41.2,20991200,41.2,21000200
2020-04-14,41.2,21000100,41.2,20991200,41.2,21000200
2020-04-15,39.21,21000100,39.21,20991200,39.21,21000200
2020-04-16,42.54,21000100,42.54,20991200,42.54,21000200
2020-04-17,42.19,21000100,42.19,20991200,42.19,21000200
2020-04-18,44.12,21000100,44.12,20991200,44.12,21000200
2020-04-19,42.23,21000100,42.23,20991200,42.23,21000200
2020-04-20,40.19,21000100,40.19,20991200,40.19,21000200
2020-04-21,40.59,21000100,40.59,20991200,40.59,21000200
2020-04-22,41.83,21000100,41.83,20991200,41.83,21000200
2020-04-23,43.0,21000100,43.0,20991200,43.0,21000200
2020-04-24,45.37745568416667,21000100,44.59,20991200,44.59,21000200
2020-04-25,47.23480167333333,21000100,44.41,20991200,44.41,21000200
2020-04-26,45.14728037666667,21000100,44.56,20991200,44.56,21000200
2020-04-27,45.17046719725,21000100,44.53,20991200,44.53,21000200
2020-04-28,46.387600021875,21000100,45.75,20991200,45.75,21000200
2020-04-29,50.94508409208334,21000100,48.85,20991200,48.85,21000200
2020-04-30,48.348522593625,21000100,46.39,20991200,46.39,21000200
2020-05-02,50.01122175416666,21000100,49.22,20991200,49.22,21000200
2020-05-03,49.743357352249994,21000100,48.11,20991200,48.11,21000200
2020-05-04,47.93873589583333,21000100,47.0,20991200,47.0,21000200
2020-05-05,46.630835083,21000100,46.58,20991200,46.58,21000200
2020-05-06,45.53368380354167,21000100,44.95,20991200,44.95,21000200
2020-05-07,47.92735659220833,21000100,47.39,20991200,47.39,21000200
2020-05-08,50.23533975,21000100,47.75,20991200,47.75,21000200
2020-05-09,49.953476279166665,21000100,47.0,20991200,47.0,21000200
2020-05-10,42.60941253166666,21000100,42.04,20991200,42.04,21000200
2020-05-11,41.51,21000100,41.51,20991200,41.51,21000200
2020-05-12,42.2,21000100,42.2,20991200,42.2,21000200
2020-05-13,43.19,21000100,43.19,20991200,43.19,21000200
2020-05-14,43.98,21000100,43.98,20991200,43.98,21000200
2020-05-15,42.72,21000100,42.72,20991200,42.72,21000200
2020-05-16,43.26,21000100,43.26,20991200,43.26,21000200
2020-05-17,43.68,21000100,43.68,20991200,43.68,21000200
2020-05-18,45.35,21000100,45.35,20991200,45.35,21000200
2020-05-19,45.77475589687501,21000100,45.75,20991200,45.75,21000200
2020-05-20,44.26,21000100,44.26,20991200,44.26,21000200
2020-05-21,42.72,21000100,42.72,20991200,42.72,21000200
2020-05-22,44.23,21000100,44.23,20991200,44.23,21000200
2020-05-23,43.84,21000100,43.84,20991200,43.84,21000200
2020-05-24,42.04,21000100,42.04,20991200,42.04,21000200
2020-05-25,42.97,21000100,42.97,20991200,42.97,21000200
2020-05-26,42.25,21000100,42.25,20991200,42.25,21000200
2020-05-27,43.86,21000100,43.86,20991200,43.86,21000200
2020-05-28,44.77,21000100,44.77,20991200,44.77,21000200
2020-05-29,44.53,21000100,44.53,20991200,44.53,21000200
2020-05-30,47.77,21000100,47.77,20991200,47.77,21000200
2020-05-31,45.711261539166664,21000100,45.65,20991200,45.65,21000200
2020-06-02,47.76703556666667,21000100,46.0,20991200,46.0,21000200
2020-06-03,47.18,21000100,47.18,20991200,47.18,21000200
2020-06-04,47.49,21000100,47.49,20991200,47.49,21000200
2020-06-05,46.93046950833334,21000100,46.84,20991200,46.84,21000200
2020-06-06,47.157953309999996,21000100,46.8,20991200,46.8,21000200
2020-06-07,46.63,21000100,46.63,20991200,46.63,21000200
2020-06-08,46.822527388,21000100,46.48,20991200,46.48,21000200
2020-06-09,46.0533782925,21000100,45.9,20991200,45.9,21000200
2020-06-10,46.93859438625,21000100,46.7,20991200,46.7,21000200
2020-06-11,43.549181860249995,21000100,43.23,20991200,43.23,21000200
2020-06-12,44.76,21000100,44.76,20991200,44.76,21000200
2020-06-13,45.11,21000100,45.11,20991200,45.11,21000200
2020-06-14,44.03,21000100,44.03,20991200,44.03,21000200
2020-06-15,43.74,21000100,43.74,20991200,43.74,21000200
2020-06-16,43.87,21000100,43.87,20991200,43.87,21000200
2020-06-17,44.06,21000100,44.06,20991200,44.06,21000200
2020-06-18,43.44,21000100,43.44,20991200,43.44,21000200
2020-06-19,42.89,21000100,42.89,20991200,42.89,21000200
2020-06-20,43.58,21000100,43.58,20991200,43.58,21000200
2020-06-21,43.04,21000100,43.04,20991200,43.04,21000200
2020-06-22,44.34,21000100,44.34,20991200,44.34,21000200
2020-06-23,44.41362397795833,21000100,44.23,20991200,44.23,21000200
2020-06-24,43.17806706541666,21000100,42.65,20991200,42.65,21000200
2020-06-25,42.35,21000100,42.35,20991200,42.35,21000200
2020-06-26,43.12,21000100,43.12,20991200,43.12,21000200
2020-06-27,41.204698519500006,21000100,41.06,20991200,41.06,21000200
2020-06-28,41.37,21000100,41.37,20991200,41.37,21000200
2020-06-29,41.88,21000100,41.88,20991200,41.88,21000200
2020-06-30,41.19,21000100,41.19,20991200,41.19,21000200
2020-07-02,41.04,21000100,41.04,20991200,41.04,21000200
2020-07-03,41.16,21000100,41.16,20991200,41.16,21000200
2020-07-04,42.14,21000100,42.14,20991200,42.14,21000200
2020-07-05,41.6,21000100,41.6,20991200,41.6,21000200
2020-07-06,44.09,21000100,44.09,20991200,44.09,21000200
2020-07-07,43.61949047625,21000100,43.42,20991200,43.42,21000200
2020-07-08,45.635679994374996,21000100,45.39,20991200,45.39,21000200
2020-07-09,45.160210473,21000100,44.37,20991200,44.37,21000200
2020-07-10,44.81974131016667,21000100,44.36,20991200,44.36,21000200
2020-07-11,44.841768155625,21000100,44.73,20991200,44.73,21000200
2020-07-12,44.977389493666664,21000100,44.78,20991200,44.78,21000200
2020-07-13,45.04898018812501,21000100,43.95,20991200,43.95,21000200
2020-07-14,44.019298524458335,21000100,43.93,20991200,43.93,21000200
2020-07-15,43.43959945316666,21000100,43.37,20991200,43.37,21000200
2020-07-16,42.1340029695,21000100,42.12,20991200,42.12,21000200
2020-07-17,41.93,21000100,41.93,20991200,41.93,21000200
2020-07-18,42.49,21000100,42.49,20991200,42.49,21000200
2020-07-19,42.761144130125,21000100,42.69,20991200,42.69,21000200
2020-07-20,42.00338696833333,21000100,41.95,20991200,41.95,21000200
2020-07-21,43.79,21000100,43.79,20991200,43.79,21000200
2020-07-22,45.2676090505,21000100,45.03,20991200,45.03,21000200
2020-07-23,47.32453523944529,21000100,45.0,20991200,45.0,21000200
2020-07-24,46.145857210833334,21000100,44.18,20991200,44.18,21000200
2020-07-25,52.03185457784684,21000100,49.22,20991200,49.22,21000200
2020-07-26,51.26168750130928,21000100,48.13,20991200,48.13,21000200
2020-07-27,56.41687106154166,21000100,53.41,20991200,53.41,21000200
2020-07-28,59.93405318296965,21000100,55.79,20991200,55.79,21000200
2020-07-29,59.60983480396863,21000100,55.19,20991200,55.19,21000200
2020-07-30,61.65080650067272,21000100,56.82,20991200,56.82,21000200
2020-07-31,63.41293786789233,21000100,58.22,20991200,58.22,21000200
2020-08-02,62.12727101,21000100,56.84,20991200,56.84,21000200
2020-08-03,61.370471104874994,21000100,58.57,20991200,58.57,21000200
2020-08-04,60.834717715874994,21000100,57.69,20991200,57.69,21000200
2020-08-05,61.615902229833324,21000100,58.91,20991200,58.91,21000200
2020-08-06,62.44794198,21000100,59.13,20991200,59.13,21000200
2020-08-07,60.166589816666665,21000100,57.2,20991200,57.2,21000200
2020-08-08,59.354486747,21000100,58.53,20991200,58.53,21000200
2020-08-09,59.43100961233333,21000100,57.04,20991200,57.04,21000200
2020-08-10,61.74796991883334,21000100,58.36,20991200,58.36,21000200
2020-08-11,57.54783463016667,21000100,54.14,20991200,54.14,21000200
2020-08-12,55.092732623875,21000100,54.57,20991200,54.57,21000200
2020-08-13,59.153397875,21000100,57.2,20991200,57.2,21000200
2020-08-14,60.89111647158333,21000100,56.86,20991200,56.86,21000200
2020-08-15,63.84472011312501,21000100,59.89,20991200,59.89,21000200
2020-08-16,70.48526456399999,21000100,64.02,20991200,64.02,21000200
2020-08-17,75.35389704539156,21000100,67.32,20991200,67.32,21000200
2020-08-18,72.87588953537501,21000100,65.51,20991200,65.51,21000200
2020-08-19,65.06056906775,21000100,62.13,20991200,62.13,21000200
2020-08-20,64.70197940833333,21000100,62.87,20991200,62.87,21000200
2020-08-21,60.687909924833335,21000100,59.23,20991200,59.23,21000200
2020-08-22,60.830055,21000100,60.28,20991200,60.28,21000200
2020-08-23,61.1731575,21000100,60.62,20991200,60.62,21000200
2020-08-24,63.294175285250006,21000100,62.11,20991200,62.11,21000200
2020-08-25,60.74685737233334,21000100,58.36,20991200,58.36,21000200
2020-08-26,60.450394907500005,21000100,58.2,20991200,58.2,21000200
2020-08-27,58.58680557599999,21000100,56.16,20991200,56.16,21000200
2020-08-28,57.923775,21000100,57.4,20991200,57.4,21000200
2020-08-29,58.39911611183333,21000100,57.01,20991200,57.01,21000200
2020-08-30,64.66518807991667,21000100,62.99,20991200,62.99,21000200
2020-08-31,64.44881771904167,21000100,61.01,20991200,61.01,21000200
2020-09-02,62.07929855845833,21000100,58.09,20991200,58.09,21000200
2020-09-03,47.71143,21000100,47.28,20991200,47.28,21000200
2020-09-04,50.758987499999996,21000100,50.3,20991200,50.3,21000200
2020-09-05,48.26644875,21000100,47.83,20991200,47.83,21000200
2020-09-06,48.34717875,21000100,47.91,20991200,47.91,21000200
2020-09-07,49.32603,21000100,48.88,20991200,48.88,21000200
2020-09-08,47.8930725,21000100,47.46,20991200,47.46,21000200
2020-09-09,48.276540000000004,21000100,47.84,20991200,47.84,21000200
2020-09-10,49.124205,21000100,48.68,20991200,48.68,21000200
2020-09-11,49.406760000000006,21000100,48.96,20991200,48.96,21000200
2020-09-12,51.33418875,21000100,50.87,20991200,50.87,21000200
2020-09-13,48.742217643249994,21000100,48.19,20991200,48.19,21000200
2020-09-14,49.56822,21000100,49.12,20991200,49.12,21000200
2020-09-15,48.77101125,21000100,48.33,20991200,48.33,21000200
2020-09-16,48.175627500000004,21000100,47.74,20991200,47.74,21000200
2020-09-17,49.32603,21000100,48.88,20991200,48.88,21000200
2020-09-18,49.033383750000006,21000100,48.59,20991200,48.59,21000200
2020-09-19,49.00311000000001,21000100,48.56,20991200,48.56,21000200
2020-09-20,47.529787500000005,21000100,47.1,20991200,47.1,21000200
2020-09-21,43.54374375,21000100,43.15,20991200,43.15,21000200
2020-09-22,44.87578875,21000100,44.47,20991200,44.47,21000200
2020-09-23,43.392375,21000100,43.0,20991200,43.0,21000200
2020-09-24,45.3500775,21000100,44.94,20991200,44.94,21000200
2020-09-25,46.460115,21000100,46.04,20991200,46.04,21000200
2020-09-26,46.439932500000005,21000100,46.02,20991200,46.02,21000200
2020-09-27,46.460115,21000100,46.04,20991200,46.04,21000200
2020-09-28,45.64272375,21000100,45.23,20991200,45.23,21000200
2020-09-29,46.10692125,21000100,45.69,20991200,45.69,21000200
2020-09-30,46.712396250000005,21000100,46.29,20991200,46.29,21000200
2020-10-02,45.31980375,21000100,44.91,20991200,44.91,21000200
2020-10-03,45.9151875,21000100,45.5,20991200,45.5,21000200
2020-10-04,47.126137500000006,21000100,46.7,20991200,46.7,21000200
2020-10-05,46.742670000000004,21000100,46.32,20991200,46.32,21000200
2020-10-06,46.439932500000005,21000100,46.02,20991200,46.02,21000200
2020-10-07,47.0050425,21000100,46.58,20991200,46.58,21000200
2020-10-08,47.671065000000006,21000100,47.24,20991200,47.24,21000200
2020-10-09,48.236175,21000100,47.8,20991200,47.8,21000200
2020-10-10,49.485860498375,21000100,48.93,20991200,48.93,21000200
2020-10-11,51.24229924145833,21000100,50.51,20991200,50.51,21000200
2020-10-12,51.622957848,21000100,50.64,20991200,50.64,21000200
2020-10-13,50.695320590708334,21000100,49.93,20991200,49.93,21000200
2020-10-14,50.294790000000006,21000100,49.84,20991200,49.84,21000200
2020-10-15,50.06722716908334,21000100,49.57,20991200,49.57,21000200
2020-10-16,48.137673681500004,21000100,47.58,20991200,47.58,21000200
2020-10-17,47.348145,21000100,46.92,20991200,46.92,21000200
2020-10-18,47.95362000000001,21000100,47.52,20991200,47.52,21000200
2020-10-19,48.44809125,21000100,48.01,20991200,48.01,21000200
2020-10-20,47.33805375,21000100,46.91,20991200,46.91,21000200
2020-10-21,53.643293535000005,21000100,53.04,20991200,53.04,21000200
2020-10-22,55.73041818666666,21000100,54.4,20991200,54.4,21000200
2020-10-23,56.9307197,21000100,55.5,20991200,55.5,21000200
2020-10-24,59.976011234375,21000100,59.25,20991200,59.25,21000200
2020-10-25,59.85445392449999,21000100,58.86,20991200,58.86,21000200
2020-10-26,57.814986467000004,21000100,56.84,20991200,56.84,21000200
2020-10-27,59.18466290041667,21000100,57.95,20991200,57.95,21000200
2020-10-28,56.288992500000006,21000100,55.78,20991200,55.78,21000200
2020-10-29,55.75330686483333,21000100,54.91,20991200,54.91,21000200
2020-10-30,54.50284125,21000100,54.01,20991200,54.01,21000200
2020-10-31,56.218353750000006,21000100,55.71,20991200,55.71,21000200
2020-11-02,54.290925,21000100,53.8,20991200,53.8,21000200
2020-11-03,54.46247625,21000100,53.97,20991200,53.97,21000200
2020-11-04,55.18904625,21000100,54.69,20991200,54.69,21000200
2020-11-05,59.669152607375004,21000100,58.99,20991200,58.99,21000200
2020-11-06,66.78120830966667,21000100,63.28,20991200,63.28,21000200
2020-11-07,62.068310022750005,21000100,58.98,20991200,58.98,21000200
2020-11-08,61.653597534374995,21000100,61.05,20991200,61.05,21000200
2020-11-09,59.820930000000004,21000100,59.28,20991200,59.28,21000200
2020-11-10,59.17931482125,21000100,58.01,20991200,58.01,21000200
2020-11-11,60.548563852916665,21000100,59.35,20991200,59.35,21000200
2020-11-12,61.6605764945,21000100,60.82,20991200,60.82,21000200
2020-11-13,67.59626463625,21000100,66.02,20991200,66.02,21000200
2020-11-14,64.56107343975,21000100,63.86,20991200,63.86,21000200
2020-11-15,62.90885250000001,21000100,62.34,20991200,62.34,21000200
2020-11-16,74.89937792375001,21000100,73.86,20991200,73.86,21000200
2020-11-17,77.46194042266667,21000100,76.48,20991200,76.48,21000200
2020-11-18,76.39958395800001,21000100,73.44,20991200,73.44,21000200
2020-11-19,82.91712271349999,21000100,81.58,20991200,81.58,21000200
2020-11-20,84.90762403900001,21000100,82.64,20991200,82.64,21000200
2020-11-21,91.75368609799999,21000100,87.32,20991200,87.32,21000200
2020-11-22,87.88084605533808,21000100,82.95,20991200,82.95,21000200
2020-11-23,96.06714727662285,21000100,89.21,20991200,89.21,21000200
2020-11-24,96.96393301115192,21000100,89.47,20991200,89.47,21000200
2020-11-25,87.77800312283333,21000100,81.83,20991200,81.83,21000200
2020-11-26,72.09851347600001,21000100,71.06,20991200,71.06,21000200
2020-11-27,69.85163250000001,21000100,69.22,20991200,69.22,21000200
2020-11-28,73.30284,21000100,72.64,20991200,72.64,21000200
2020-11-29,79.67041875000001,21000100,78.95,20991200,78.95,21000200
2020-11-30,88.98775104375,21000100,87.75,20991200,87.75,21000200
2020-12-02,91.96175057225,21000100,88.98,20991200,88.98,21000200
2020-12-03,93.04110115354166,21000100,89.05,20991200,89.05,21000200
2020-12-04,81.06575782208334,21000100,79.54,20991200,79.54,21000200
2020-12-05,84.03398286449999,21000100,83.21,20991200,83.21,21000200
2020-12-06,84.403215,21000100,83.64,20991200,83.64,21000200
2020-12-07,84.677717898,21000100,83.43,20991200,83.43,21000200
2020-12-08,77.4402525,21000100,76.74,20991200,76.74,21000200
2020-12-09,78.11636625,21000100,77.41,20991200,77.41,21000200
2020-12-10,75.41191125,21000100,74.73,20991200,74.73,21000200
2020-12-11,72.8790075,21000100,72.22,20991200,72.22,21000200
2020-12-12,77.32924875,21000100,76.63,20991200,76.63,21000200
2020-12-13,83.0509875,21000100,82.3,20991200,82.3,21000200
2020-12-14,83.1317175,21000100,82.38,20991200,82.38,21000200
2020-12-15,82.09231875,21000100,81.35,20991200,81.35,21000200
2020-12-16,94.955932681875,21000100,93.05,20991200,93.05,21000200
2020-12-17,106.83745510166668,21000100,101.09,20991200,101.09,21000200
2020-12-18,114.19527434474999,21000100,109.43,20991200,109.43,21000200
2020-12-19,126.18817883175001,21000100,119.91,20991200,119.91,21000200
2020-12-20,120.58207596366668,21000100,114.68,20991200,114.68,21000200
2020-12-21,108.22834397908332,21000100,104.57,20991200,104.57,21000200
2020-12-22,116.23662991075,21000100,114.37,20991200,114.37,21000200
2020-12-23,103.43531250000001,21000100,102.5,20991200,102.5,21000200
2020-12-24,112.26515625,21000100,111.25,20991200,111.25,21000200
2020-12-25,130.19018285,21000100,127.96,20991200,127.96,21000200
2020-12-26,131.399864866375,21000100,129.79,20991200,129.79,21000200
2020-12-27,132.24476943683334,21000100,127.99,20991200,127.99,21000200
2020-12-28,135.47758412983333,21000100,130.04,20991200,130.04,21000200
2020-12-29,133.9595717475,21000100,129.05,20991200,129.05,21000200
2020-12-30,134.02298391841668,21000100,130.21,20991200,130.21,21000200
2020-12-31,127.67137828233334,21000100,124.36,20991200,124.36,21000200
2021-01-02,143.0451190191667,21000100,137.08,20991200,137.08,21000200
2021-01-03,177.77279272659433,21000100,161.97,20991200,161.97,21000200
2021-01-04,172.95111042845224,21000100,155.58,20991200,155.58,21000200
2021-01-05,168.69019742249998,21000100,158.6,20991200,158.6,21000200
2021-01-06,189.91429288403666,21000100,169.18,20991200,169.18,21000200
2021-01-07,190.60428299250003,21000100,169.65,20991200,169.65,21000200
2021-01-08,191.689108215,21000100,172.47,20991200,172.47,21000200
2021-01-09,194.96040576683333,21000100,177.56,20991200,177.56,21000200
2021-01-10,195.18816138236477,21000100,170.36,20991200,170.36,21000200
2021-01-11,143.95766017325,21000100,139.06,20991200,139.06,21000200
2021-01-12,136.75809805683332,21000100,133.48,20991200,133.48,21000200
2021-01-13,150.74010460162498,21000100,147.63,20991200,147.63,21000200
2021-01-14,160.161521712,21000100,152.64,20991200,152.64,21000200
2021-01-15,151.06721666708333,21000100,143.54,20991200,143.54,21000200
2021-01-16,149.13109264083334,21000100,143.65,20991200,143.65,21000200
2021-01-17,147.420069894375,21000100,142.91,20991200,142.91,21000200
2021-01-18,162.8744351087917,21000100,152.09,20991200,152.09,21000200
2021-01-19,170.61606589583332,21000100,151.85,20991200,151.85,21000200
2021-01-20,157.70907556458332,21000100,149.81,20991200,149.81,21000200
2021-01-21,133.88605311037503,21000100,129.83,20991200,129.83,21000200
2021-01-22,139.4078670545,21000100,137.72,20991200,137.72,21000200
2021-01-23,140.70070005175,21000100,137.78,20991200,137.78,21000200
2021-01-24,146.08001132075,21000100,141.18,20991200,141.18,21000200
2021-01-25,143.92915055641666,21000100,137.14,20991200,137.14,21000200
2021-01-26,137.68235611525003,21000100,134.77,20991200,134.77,21000200
2021-01-27,123.65728011558335,21000100,122.39,20991200,122.39,21000200
2021-01-28,134.99215563120833,21000100,133.43,20991200,133.43,21000200
2021-01-29,142.48337899383336,21000100,134.84,20991200,134.84,21000200
2021-01-30,136.03713901983332,21000100,133.54,20991200,133.54,21000200
2021-01-31,134.09686187775,21000100,129.53,20991200,129.53,21000200
2021-02-02,154.0998291565,21000100,142.26,20991200,142.26,21000200
2021-02-03,182.01807996970686,21000100,156.29,20991200,156.29,21000200
2021-02-04,167.24868287733335,21000100,145.28,20991200,145.28,21000200
2021-02-05,179.654549401,21000100,155.28,20991200,155.28,21000200
2021-02-06,176.94941062699996,21000100,155.76,20991200,155.76,21000200
2021-02-07,168.92328600554166,21000100,150.91,20991200,150.91,21000200
2021-02-08,189.54748485920834,21000100,167.71,20991200,167.71,21000200
2021-02-09,215.98280892466664,21000100,182.06,20991200,182.06,21000200
2021-02-10,214.87113581108335,21000100,181.82,20991200,181.82,21000200
2021-02-11,208.05541741433333,21000100,184.12,20991200,184.12,21000200
2021-02-12,227.512514319,21000100,197.04,20991200,197.04,21000200
2021-02-13,275.17274516875005,21000100,226.27,20991200,226.27,21000200
2021-02-14,249.75960273808332,21000100,213.79,20991200,213.79,21000200
2021-02-15,220.0827799765,21000100,208.18,20991200,208.18,21000200
2021-02-16,230.99564900533332,21000100,210.56,20991200,210.56,21000200
2021-02-17,261.21262334,21000100,237.59,20991200,237.59,21000200
2021-02-18,269.34994800000004,21000100,226.8,20991200,226.8,21000200
2021-02-19,279.56764462008334,21000100,236.78,20991200,236.78,21000200
2021-02-20,270.029820817125,21000100,227.07,20991200,227.07,21000200
2021-02-21,246.677116083625,21000100,227.49,20991200,227.49,21000200
2021-02-22,220.42484226933334,21000100,208.18,20991200,208.18,21000200
2021-02-23,179.23069125000004,21000100,177.61,20991200,177.61,21000200
2021-02-24,183.77381880937497,21000100,181.45,20991200,181.45,21000200
2021-02-25,183.8783161333333,21000100,179.5,20991200,179.5,21000200
2021-02-26,173.04988448041667,21000100,170.3,20991200,170.3,21000200
2021-02-27,174.02564520750002,21000100,171.9,20991200,171.9,21000200
2021-02-28,166.875197125,21000100,165.36,20991200,165.36,21000200
2021-03-02,182.32400189033336,21000100,179.27,20991200,179.27,21000200
2021-03-03,191.62522910916667,21000100,187.72,20991200,187.72,21000200
2021-03-04,183.54538609408334,21000100,180.82,20991200,180.82,21000200
2021-03-05,182.00578500000003,21000100,180.36,20991200,180.36,21000200
2021-03-06,185.98592600425002,21000100,182.99,20991200,182.99,21000200
2021-03-07,198.34824239999998,21000100,190.96,20991200,190.96,21000200
2021-03-08,198.26143006954166,21000100,192.07,20991200,192.07,21000200
2021-03-09,221.28659215891665,21000100,203.98,20991200,203.98,21000200
2021-03-10,211.2095532645,21000100,200.52,20991200,200.52,21000200
2021-03-11,214.563920293125,21000100,201.57,20991200,201.57,21000200
2021-03-12,232.81944961275,21000100,221.13,20991200,221.13,21000200
2021-03-13,236.745245895,21000100,226.34,20991200,226.34,21000200
2021-03-14,225.76220109600004,21000100,214.08,20991200,214.08,21000200
2021-03-15,210.67872271450003,21000100,200.74,20991200,200.74,21000200
2021-03-16,204.45435932879167,21000100,201.83,20991200,201.83,21000200
2021-03-17,212.50919529187502,21000100,206.13,20991200,206.13,21000200
2021-03-18,211.59855219524997,21000100,199.98,20991200,199.98,21000200
2021-03-19,207.680300993125,21000100,200.15,20991200,200.15,21000200
2021-03-20,216.86360913000001,21000100,200.34,20991200,200.34,21000200
2021-03-21,206.15817232400002,21000100,195.52,20991200,195.52,21000200
2021-03-22,196.34889180287502,21000100,185.71,20991200,185.71,21000200
2021-03-23,189.77907662525,21000100,185.99,20991200,185.99,21000200
2021-03-24,182.50339287916668,21000100,176.15,20991200,176.15,21000200
2021-03-25,173.66467552049997,21000100,171.66,20991200,171.66,21000200
2021-03-26,187.69651542475,21000100,183.63,20991200,183.63,21000200
2021-03-27,188.8247708016667,21000100,184.3,20991200,184.3,21000200
2021-03-28,192.06200286333336,21000100,184.4,20991200,184.4,21000200
2021-03-29,198.388229773125,21000100,193.95,20991200,193.95,21000200
2021-03-30,211.30065360104166,21000100,195.95,20991200,195.95,21000200
2021-03-31,212.393836961625,21000100,197.01,20991200,197.01,21000200
2021-04-02,239.993739517,21000100,211.96,20991200,211.96,21000200
2021-04-03,227.777068012,21000100,195.52,20991200,195.52,21000200
2021-04-04,217.7445157825,21000100,202.66,20991200,202.66,21000200
2021-04-05,250.50144977566669,21000100,221.84,20991200,221.84,21000200
2021-04-06,277.892251201,21000100,237.52,20991200,237.52,21000200
2021-04-07,238.68902979000003,21000100,219.36,20991200,219.36,21000200
2021-04-08,244.27190938500001,21000100,226.45,20991200,226.45,21000200
2021-04-09,239.60067826124998,21000100,221.35,20991200,221.35,21000200
2021-04-10,292.62444911737504,21000100,257.13,20991200,257.13,21000200
2021-04-11,294.35246397375,21000100,252.85,20991200,252.85,21000200
2021-04-12,278.32653999149994,21000100,244.92,20991200,244.92,21000200
2021-04-13,319.31839603987504,21000100,267.99,20991200,267.99,21000200
2021-04-14,334.4011296885,21000100,279.54,20991200,279.54,21000200
2021-04-15,328.193522922375,21000100,286.11,20991200,286.11,21000200
2021-04-16,357.49274232933334,21000100,308.74,20991200,308.74,21000200
2021-04-17,337.7331254039167,21000100,301.49,20991200,301.49,21000200
2021-04-18,286.4634307751666,21000100,273.71,20991200,273.71,21000200
2021-04-19,267.45193442699997,21000100,261.61,20991200,261.61,21000200
2021-04-20,265.594639665,21000100,260.88,20991200,260.88,21000200
2021-04-21,264.3750278337083,21000100,257.99,20991200,257.99,21000200
2021-04-22,259.54687548466666,21000100,252.64,20991200,252.64,21000200
2021-04-23,243.5825925,21000100,241.38,20991200,241.38,21000200
2021-04-24,227.07330750000003,21000100,225.02,20991200,225.02,21000200
2021-04-25,226.46529214650002,21000100,223.96,20991200,223.96,21000200
2021-04-26,251.09066012883332,21000100,247.64,20991200,247.64,21000200
2021-04-27,264.853914072,21000100,259.92,20991200,259.92,21000200
2021-04-28,264.96763669725004,21000100,258.69,20991200,258.69,21000200
2021-04-29,260.67631721308334,21000100,255.43,20991200,255.43,21000200
2021-04-30,280.75283561491665,21000100,271.43,20991200,271.43,21000200
2021-05-02,284.44507412658334,21000100,269.11,20991200,269.11,21000200
2021-05-03,313.4081983572916,21000100,294.95,20991200,294.95,21000200
2021-05-04,325.53207429199995,21000100,305.52,20991200,305.52,21000200
2021-05-05,378.887625753,21000100,356.76,20991200,356.76,21000200
2021-05-06,400.5972114629167,21000100,354.94,20991200,354.94,21000200
2021-05-07,363.9459421812501,21000100,344.91,20991200,344.91,21000200
2021-05-08,382.595433633,21000100,347.76,20991200,347.76,21000200
2021-05-09,412.817365203125,21000100,388.49,20991200,388.49,21000200
2021-05-10,386.342026274375,21000100,359.39,20991200,359.39,21000200
2021-05-11,382.96959422875,21000100,378.15,20991200,378.15,21000200
2021-05-12,322.2274212386667,21000100,311.54,20991200,311.54,21000200
2021-05-13,320.94211500000006,21000100,318.04,20991200,318.04,21000200
2021-05-14,329.50958625,21000100,326.53,20991200,326.53,21000200
2021-05-15,308.95833696000005,21000100,300.42,20991200,300.42,21000200
2021-05-16,305.4234709419583,21000100,295.87,20991200,295.87,21000200
2021-05-17,288.77416336254163,21000100,281.63,20991200,281.63,21000200
2021-05-18,302.132216352875,21000100,294.27,20991200,294.27,21000200
2021-05-19,165.70346544962334,21000100,185.96,20991200,185.96,21000200
2021-05-20,212.7033675,21000100,210.78,20991200,210.78,21000200
2021-05-21,181.47094875000002,21000100,179.83,20991200,179.83,21000200
2021-05-22,170.8852275,21000100,169.34,20991200,169.34,21000200
2021-05-23,143.57708314666667,21000100,142.4,20991200,142.4,21000200
2021-05-24,185.92985564999998,21000100,185.22,20991200,185.22,21000200
2021-05-25,185.42671875000002,21000100,183.75,20991200,183.75,21000200
2021-05-26,200.67459750000003,21000100,198.86,20991200,198.86,21000200
2021-05-27,196.0729875,21000100,194.3,20991200,194.3,21000200
2021-05-28,178.97841000000003,21000100,177.36,20991200,177.36,21000200
2021-05-29,165.32494875000003,21000100,163.83,20991200,163.83,21000200
2021-05-30,172.06590375,21000100,170.51,20991200,170.51,21000200
2021-05-31,189.66504375,21000100,187.95,20991200,187.95,21000200
2021-06-02,188.89810875,21000100,187.19,20991200,187.19,21000200
2021-06-03,195.31614375,21000100,193.55,20991200,193.55,21000200
2021-06-04,180.10863,21000100,178.48,20991200,178.48,21000200
2021-06-05,174.44743875,21000100,172.87,20991200,172.87,21000200
2021-06-06,177.95919375,21000100,176.35,20991200,176.35,21000200
2021-06-07,163.3773375,21000100,161.9,20991200,161.9,21000200
2021-06-08,162.065475,21000100,160.6,20991200,160.6,21000200
2021-06-09,171.49393621725,21000100,172.47,20991200,172.47,21000200
2021-06-10,168.963735226,21000100,168.08,20991200,168.08,21000200
2021-06-11,164.21193063079167,21000100,162.79,20991200,162.79,21000200
2021-06-12,163.22596875000002,21000100,161.75,20991200,161.75,21000200
2021-06-13,172.38882375000003,21000100,170.83,20991200,170.83,21000200
2021-06-14,181.45076625000002,21000100,179.81,20991200,179.81,21000200
2021-06-15,176.72806125,21000100,175.13,20991200,175.13,21000200
2021-06-16,168.0193125,21000100,166.5,20991200,166.5,21000200
2021-06-17,168.326148512875,21000100,167.07,20991200,167.07,21000200
2021-06-18,157.01269940425001,21000100,156.21,20991200,156.21,21000200
2021-06-19,153.70937166525,21000100,152.43,20991200,152.43,21000200
2021-06-20,155.32434018312497,21000100,154.87,20991200,154.87,21000200
2021-06-21,124.66748410158333,21000100,124.34,20991200,124.34,21000200
2021-06-22,119.54919681283333,21000100,119.57,20991200,119.57,21000200
2021-06-23,127.07092755,21000100,129.0,20991200,129.0,21000200
2021-06-24,133.70858732275002,21000100,134.49,20991200,134.49,21000200
2021-06-25,124.28086632345833,21000100,124.91,20991200,124.91,21000200
2021-06-26,125.679574454375,21000100,126.65,20991200,126.65,21000200
2021-06-27,130.07002932183335,21000100,132.52,20991200,132.52,21000200
2021-06-28,138.33513681583332,21000100,137.65,20991200,137.65,21000200
2021-06-29,145.515825,21000100,144.2,20991200,144.2,21000200
2021-06-30,145.4956425,21000100,144.18,20991200,144.18,21000200
2021-07-02,137.22939125499997,21000100,136.7,20991200,136.7,21000200
2021-07-03,140.29984078854167,21000100,140.15,20991200,140.15,21000200
2021-07-04,146.29285125,21000100,144.97,20991200,144.97,21000200
2021-07-05,138.8957979105,21000100,137.66,20991200,137.66,21000200
2021-07-06,139.71539516549998,21000100,138.81,20991200,138.81,21000200
2021-07-07,138.456444175125,21000100,137.33,20991200,137.33,21000200
2021-07-08,132.81525780299998,21000100,132.07,20991200,132.07,21000200
2021-07-09,135.33068588054167,21000100,134.47,20991200,134.47,21000200
2021-07-10,133.84739779058333,21000100,133.94,20991200,133.94,21000200
2021-07-11,135.020606590875,21000100,134.21,20991200,134.21,21000200
2021-07-12,134.37728934316667,21000100,133.27,20991200,133.27,21000200
2021-07-13,131.84918086970836,21000100,131.33,20991200,131.33,21000200
2021-07-14,131.07694838891666,21000100,131.02,20991200,131.02,21000200
2021-07-15,126.76235601379167,21000100,125.81,20991200,125.81,21000200
2021-07-16,121.20137185116667,21000100,120.58,20991200,120.58,21000200
2021-07-17,120.74762605583332,21000100,119.9,20991200,119.9,21000200
2021-07-18,119.33148573749999,21000100,119.1,20991200,119.1,21000200
2021-07-19,113.29401771208333,21000100,113.06,20991200,113.06,21000200
2021-07-20,106.2644421035,21000100,107.23,20991200,107.23,21000200
2021-07-21,116.31659791074999,21000100,117.69,20991200,117.69,21000200
2021-07-22,121.319884541375,21000100,120.59,20991200,120.59,21000200
2021-07-23,125.1508218975,21000100,124.2,20991200,124.2,21000200
2021-07-24,127.07911125000001,21000100,125.93,20991200,125.93,21000200
2021-07-25,128.2059151185,21000100,127.62,20991200,127.62,21000200
2021-07-26,132.24583125,21000100,131.05,20991200,131.05,21000200
2021-07-27,135.81896091704166,21000100,134.69,20991200,134.69,21000200
2021-07-28,141.76188,21000100,140.48,20991200,140.48,21000200
2021-07-29,142.68018375,21000100,141.39,20991200,141.39,21000200
2021-07-30,146.81759625,21000100,145.49,20991200,145.49,21000200
2021-07-31,145.677285,21000100,144.36,20991200,144.36,21000200
2021-08-02,142.63981875,21000100,141.35,20991200,141.35,21000200
2021-08-03,139.74363,21000100,138.48,20991200,138.48,21000200
2021-08-04,143.91131625000003,21000100,142.61,20991200,142.61,21000200
2021-08-05,144.9305325,21000100,143.62,20991200,143.62,21000200
2021-08-06,149.40095625,21000100,148.05,20991200,148.05,21000200
2021-08-07,157.45377375,21000100,156.03,20991200,156.03,21000200
2021-08-08,151.12656,21000100,149.76,20991200,149.76,21000200
2021-08-09,167.92849125,21000100,166.41,20991200,166.41,21000200
2021-08-10,167.423973609375,21000100,165.45,20991200,165.45,21000200
2021-08-11,172.59090436137498,21000100,170.67,20991200,170.67,21000200
2021-08-12,167.45649938616666,21000100,165.41,20991200,165.41,21000200
2021-08-13,186.93511361825,21000100,183.39,20991200,183.39,21000200
2021-08-14,184.56896250000003,21000100,182.9,20991200,182.9,21000200
2021-08-15,186.48630000000003,21000100,184.8,20991200,184.8,21000200
2021-08-16,183.05494025958333,21000100,177.98,20991200,177.98,21000200
2021-08-17,170.280349575625,21000100,168.69,20991200,168.69,21000200
2021-08-18,168.20095500000002,21000100,166.68,20991200,166.68,21000200
2021-08-19,177.3032625,21000100,175.7,20991200,175.7,21000200
2021-08-20,186.47354393249998,21000100,183.7,20991200,183.7,21000200
2021-08-21,184.72557561923136,21000100,179.79,20991200,179.79,21000200
2021-08-22,191.6570562529081,21000100,186.05,20991200,186.05,21000200
2021-08-23,193.27252109356306,21000100,187.19,20991200,187.19,21000200
2021-08-24,179.48984502476586,21000100,173.51,20991200,173.51,21000200
2021-08-25,179.48297250000002,21000100,177.86,20991200,177.86,21000200
2021-08-26,169.250445,21000100,167.72,20991200,167.72,21000200
2021-08-27,177.95919375,21000100,176.35,20991200,176.35,21000200
2021-08-28,178.02785723962498,21000100,175.79,20991200,175.79,21000200
2021-08-29,176.61454174649998,21000100,174.46,20991200,174.46,21000200
2021-08-30,169.006205627,21000100,167.46,20991200,167.46,21000200
2021-08-31,174.80015738600002,21000100,171.68,20991200,171.68,21000200
2021-09-02,190.4822054600238,21000100,183.58,20991200,183.58,21000200
2021-09-03,222.141794832955,21000100,213.23,20991200,213.23,21000200
2021-09-04,222.2375578974313,21000100,212.23,20991200,212.23,21000200
2021-09-05,240.466413727875,21000100,232.51,20991200,232.51,21000200
2021-09-06,228.596712079125,21000100,219.57,20991200,219.57,21000200
2021-09-07,183.685978894,21000100,178.26,20991200,178.26,21000200
2021-09-08,181.2993975,21000100,179.66,20991200,179.66,21000200
2021-09-09,182.0663325,21000100,180.42,20991200,180.42,21000200
2021-09-10,175.74921,21000100,174.16,20991200,174.16,21000200
2021-09-11,180.21963375,21000100,178.59,20991200,178.59,21000200
2021-09-12,184.8111525,21000100,183.14,20991200,183.14,21000200
2021-09-13,176.94774594175001,21000100,179.43,20991200,179.43,21000200
2021-09-14,184.80106125,21000100,183.13,20991200,183.13,21000200
2021-09-15,190.9062675,21000100,189.18,20991200,189.18,21000200
2021-09-16,187.1770026410417,21000100,185.33,20991200,185.33,21000200
2021-09-17,181.72323000000003,21000100,180.08,20991200,180.08,21000200
2021-09-18,183.00481875,21000100,181.35,20991200,181.35,21000200
2021-09-19,177.29317125,21000100,175.69,20991200,175.69,21000200
2021-09-20,158.65463250000002,21000100,157.22,20991200,157.22,21000200
2021-09-21,149.76424125,21000100,148.41,20991200,148.41,21000200
2021-09-22,162.9333225,21000100,161.46,20991200,161.46,21000200
2021-09-23,165.26440125000002,21000100,163.77,20991200,163.77,21000200
2021-09-24,153.35672625,21000100,151.97,20991200,151.97,21000200
2021-09-25,152.19539134816668,21000100,150.86,20991200,150.86,21000200
2021-09-26,151.62873482558334,21000100,150.61,20991200,150.61,21000200
2021-09-27,145.75189084287499,21000100,144.89,20991200,144.89,21000200
2021-09-28,138.67531532950002,21000100,140.37,20991200,140.37,21000200
2021-09-29,142.96251189458334,21000100,144.65,20991200,144.65,21000200
2021-09-30,153.60360576195833,21000100,153.17,20991200,153.17,21000200
2021-10-02,170.37057375000003,21000100,168.83,20991200,168.83,21000200
2021-10-03,172.0961775,21000100,170.54,20991200,170.54,21000200
2021-10-04,169.11925875,21000100,167.59,20991200,167.59,21000200
2021-10-05,175.466655,21000100,173.88,20991200,173.88,21000200
2021-10-06,180.32054625,21000100,178.69,20991200,178.69,21000200
2021-10-07,182.04345912999997,21000100,178.7,20991200,178.7,21000200
2021-10-08,178.29818842541667,21000100,176.06,20991200,176.06,21000200
2021-10-09,181.71313875,21000100,180.07,20991200,180.07,21000200
2021-10-10,177.50153276100002,21000100,174.77,20991200,174.77,21000200
2021-10-11,181.33014875645833,21000100,179.15,20991200,179.15,21000200
2021-10-12,174.255705,21000100,172.68,20991200,172.68,21000200
2021-10-13,179.39215125,21000100,177.77,20991200,177.77,21000200
2021-10-14,185.307449449875,21000100,181.53,20991200,181.53,21000200
2021-10-15,196.05179896591667,21000100,189.86,20991200,189.86,21000200
2021-10-16,195.03252749108333,21000100,186.14,20991200,186.14,21000200
2021-10-17,188.30750181225,21000100,183.93,20991200,183.93,21000200
2021-10-18,188.5108802158333,21000100,185.72,20991200,185.72,21000200
2021-10-19,194.366340696,21000100,188.88,20991200,188.88,21000200
2021-10-20,214.223758653625,21000100,207.51,20991200,207.51,21000200
2021-10-21,208.1262515844679,21000100,196.92,20991200,196.92,21000200
2021-10-22,195.04940155191665,21000100,191.14,20991200,191.14,21000200
2021-10-23,199.80487967066662,21000100,196.42,20991200,196.42,21000200
2021-10-24,195.405740376875,21000100,190.47,20991200,190.47,21000200
2021-10-25,198.73613123525,21000100,195.62,20991200,195.62,21000200
2021-10-26,208.2842355486667,21000100,197.68,20991200,197.68,21000200
2021-10-27,183.62506833616666,21000100,179.21,20991200,179.21,21000200
2021-10-28,191.72365875000003,21000100,189.99,20991200,189.99,21000200
2021-10-29,198.636165,21000100,196.84,20991200,196.84,21000200
2021-10-30,193.49026365229165,21000100,190.45,20991200,190.45,21000200
2021-10-31,195.18117229375,21000100,192.03,20991200,192.03,21000200
2021-11-02,208.931980974,21000100,201.12,20991200,201.12,21000200
2021-11-03,215.777758014,21000100,207.48,20991200,207.48,21000200
2021-11-04,211.26284655800004,21000100,202.83,20991200,202.83,21000200
2021-11-05,205.76402338387504,21000100,198.99,20991200,198.99,21000200
2021-11-06,202.2816181675,21000100,197.74,20991200,197.74,21000200
2021-11-07,206.882159160875,21000100,202.29,20991200,202.29,21000200
2021-11-08,240.8070173141667,21000100,229.3,20991200,229.3,21000200
2021-11-09,272.50835866666665,21000100,262.4,20991200,262.4,21000200
2021-11-10,266.81013011458333,21000100,260.3,20991200,260.3,21000200
2021-11-11,264.8922892625,21000100,262.41,20991200,262.41,21000200
2021-11-12,255.84719399662498,21000100,251.27,20991200,251.27,21000200
2021-11-13,261.103105264625,21000100,257.79,20991200,257.79,21000200
2021-11-14,283.98917245000007,21000100,279.6,20991200,279.6,21000200
2021-11-15,268.987234664,21000100,263.04,20991200,263.04,21000200
2021-11-16,232.35103125,21000100,230.25,20991200,230.25,21000200
2021-11-17,231.84646875,21000100,229.75,20991200,229.75,21000200
2021-11-18,206.10369000000003,21000100,204.24,20991200,204.24,21000200
2021-11-19,219.9287025,21000100,217.94,20991200,217.94,21000200
2021-11-20,228.7282725,21000100,226.66,20991200,226.66,21000200
2021-11-21,223.39000125,21000100,221.37,20991200,221.37,21000200
2021-11-22,210.97776375,21000100,209.07,20991200,209.07,21000200
2021-11-23,218.30401125000003,21000100,216.33,20991200,216.33,21000200
2021-11-24,214.6831458436667,21000100,212.36,20991200,212.36,21000200
2021-11-25,227.41772821716665,21000100,223.19,20991200,223.19,21000200
2021-11-26,199.72573769562499,21000100,195.67,20991200,195.67,21000200
2021-11-27,196.87019625000002,21000100,195.09,20991200,195.09,21000200
2021-11-28,201.37089375000002,21000100,199.55,20991200,199.55,21000200
2021-11-29,207.42564375000003,21000100,205.55,20991200,205.55,21000200
2021-11-30,209.85763500000002,21000100,207.96,20991200,207.96,21000200
2021-12-02,205.36702875,21000100,203.51,20991200,203.51,21000200
2021-12-03,189.6549525,21000100,187.94,20991200,187.94,21000200
2021-12-04,163.20926079,21000100,162.74,20991200,162.74,21000200
2021-12-05,157.360255859375,21000100,156.25,20991200,156.25,21000200
2021-12-06,162.60789171,21000100,161.26,20991200,161.26,21000200
2021-12-07,161.251152916,21000100,161.76,20991200,161.76,21000200
2021-12-08,166.15912288275,21000100,165.03,20991200,165.03,21000200
2021-12-09,152.01495781083332,21000100,151.16,20991200,151.16,21000200
2021-12-10,147.52798463,21000100,148.2,20991200,148.2,21000200
2021-12-11,157.64368230225,21000100,157.98,20991200,157.98,21000200
2021-12-12,159.34173915916668,21000100,158.84,20991200,158.84,21000200
2021-12-13,145.04025900833335,21000100,144.5,20991200,144.5,21000200
2021-12-14,150.14713210800002,21000100,150.21,20991200,150.21,21000200
2021-12-15,154.30231266524999,21000100,153.54,20991200,153.54,21000200
2021-12-16,150.1578,21000100,148.8,20991200,148.8,21000200
2021-12-17,144.11595912416666,21000100,143.9,20991200,143.9,21000200
2021-12-18,149.748960344,21000100,148.56,20991200,148.56,21000200
2021-12-19,154.64840625,21000100,153.25,20991200,153.25,21000200
2021-12-20,153.992475,21000100,152.6,20991200,152.6,21000200
2021-12-21,156.13182,21000100,154.72,20991200,154.72,21000200
2021-12-22,156.72720375,21000100,155.31,20991200,155.31,21000200
2021-12-23,165.1533975,21000100,163.66,20991200,163.66,21000200
2021-12-24,162.72140625,21000100,161.25,20991200,161.25,21000200
2021-12-25,159.3004725,21000100,157.86,20991200,157.86,21000200
2021-12-26,157.19140125,21000100,155.77,20991200,155.77,21000200
2021-12-27,157.31249624999998,21000100,155.89,20991200,155.89,21000200
2021-12-28,146.75544262304166,21000100,145.57,20991200,145.57,21000200
2021-12-29,146.83777874999998,21000100,145.51,20991200,145.51,21000200
2021-12-30,149.229405,21000100,147.88,20991200,147.88,21000200
2021-12-31,147.50380124999998,21000100,146.17,20991200,146.17,21000200
2022-01-01,152.11550250000002,21000100,150.74,20991200,150.74,21000200
2022-01-02,152.50906125,21000100,151.13,20991200,151.13,21000200
2022-01-03,149.78442375,21000100,148.43,20991200,148.43,21000200
2022-01-04,147.78635624999998,21000100,146.45,20991200,146.45,21000200
2022-01-05,136.44379125,21000100,135.21,20991200,135.21,21000200
2022-01-06,136.99054157833334,21000100,135.88,20991200,135.88,21000200
2022-01-07,132.50372141666668,21000100,131.36,20991200,131.36,21000200
2022-01-08,130.58077500000002,21000100,129.4,20991200,129.4,21000200
2022-01-09,132.00139799700003,21000100,130.86,20991200,130.86,21000200
2022-01-10,127.42841742462498,21000100,126.41,20991200,126.41,21000200
2022-01-11,132.413009292,21000100,131.52,20991200,131.52,21000200
2022-01-12,142.50245813445832,21000100,141.89,20991200,141.89,21000200
2022-01-13,137.93729625,21000100,136.69,20991200,136.69,21000200
2022-01-14,146.0203875,21000100,144.7,20991200,144.7,21000200
2022-01-15,148.45460463400002,21000100,147.56,20991200,147.56,21000200
2022-01-16,147.6753525,21000100,146.34,20991200,146.34,21000200
2022-01-17,152.46869625000002,21000100,151.09,20991200,151.09,21000200
2022-01-18,142.1687788915,21000100,141.34,20991200,141.34,21000200
2022-01-19,135.9403738575,21000100,136.2,20991200,136.2,21000200
2022-01-20,130.637049440625,21000100,129.57,20991200,129.57,21000200
2022-01-21,113.87771171079167,21000100,114.47,20991200,114.47,21000200
2022-01-22,109.06209019520833,21000100,108.35,20991200,108.35,21000200
2022-01-23,112.35555468875,21000100,112.18,20991200,112.18,21000200
2022-01-24,110.10434482483335,21000100,109.48,20991200,109.48,21000200
2022-01-25,108.39931123991666,21000100,107.77,20991200,107.77,21000200
2022-01-26,107.67157186500002,21000100,106.92,20991200,106.92,21000200
2022-01-27,106.96761637350001,21000100,106.84,20991200,106.84,21000200
2022-01-28,109.58417717683334,21000100,109.34,20991200,109.34,21000200
2022-01-29,111.46011054166668,21000100,110.75,20991200,110.75,21000200
2022-01-30,108.85514088666666,21000100,108.4,20991200,108.4,21000200
2022-01-31,107.02900357771753,21000100,109.42,20991200,109.42,21000200
2022-02-01,114.44422602091667,21000100,115.03,20991200,115.03,21000200
2022-02-02,108.0352191,21000100,108.18,20991200,108.18,21000200
2022-02-03,108.82075702279167,21000100,110.89,20991200,110.89,21000200
2022-02-04,120.98551049429166,21000100,121.21,20991200,121.21,21000200
2022-02-05,122.69078565858332,21000100,121.69,20991200,121.69,21000200
2022-02-06,128.68362,21000100,127.52,20991200,127.52,21000200
2022-02-07,136.87740376366668,21000100,137.26,20991200,137.26,21000200
2022-02-08,134.49884243,21000100,133.6,20991200,133.6,21000200
2022-02-09,139.78034967666667,21000100,139.96,20991200,139.96,21000200
2022-02-10,134.778600245625,21000100,134.47,20991200,134.47,21000200
2022-02-11,124.9018290505,21000100,125.53,20991200,125.53,21000200
2022-02-12,126.65805124604168,21000100,126.65,20991200,126.65,21000200
2022-02-13,124.3849608365,21000100,125.58,20991200,125.58,21000200
2022-02-14,124.33970158125,21000100,124.5,20991200,124.5,21000200
2022-02-15,131.70694573091666,21000100,131.57,20991200,131.57,21000200
2022-02-16,128.79462375,21000100,127.63,20991200,127.63,21000200
2022-02-17,115.5828393125,21000100,116.25,20991200,116.25,21000200
2022-02-18,114.540400582,21000100,114.72,20991200,114.72,21000200
2022-02-19,115.46961146875,21000100,115.5,20991200,115.5,21000200
2022-02-20,109.774871474625,21000100,110.53,20991200,110.53,21000200
2022-02-21,101.88615732916666,21000100,102.67,20991200,102.67,21000200
2022-02-22,106.43857411408334,21000100,107.41,20991200,107.41,21000200
2022-02-23,104.56791635420834,21000100,105.29,20991200,105.29,21000200
2022-02-24,102.86862842625,21000100,104.1,20991200,104.1,21000200
2022-02-25,109.00818777112501,21000100,109.17,20991200,109.17,21000200
2022-03-02,110.57397729483334,21000100,110.26,20991200,110.26,21000200
2022-03-03,109.856958195,21000100,111.6,20991200,111.6,21000200
2022-03-04,98.79783600622214,21000100,100.91,20991200,100.91,21000200
2022-03-05,102.23142077042884,21000100,104.79,20991200,104.79,21000200
2022-03-06,99.30731239191667,21000100,101.02,20991200,101.02,21000200
2022-03-07,95.88524940625,21000100,98.25,20991200,98.25,21000200
2022-03-08,99.580205087375,21000100,100.61,20991200,100.61,21000200
2022-03-09,106.99107337762499,21000100,106.83,20991200,106.83,21000200
2022-03-10,101.71587528475,21000100,102.46,20991200,102.46,21000200
2022-03-11,103.01942671854167,21000100,104.39,20991200,104.39,21000200
2022-03-12,105.35361209716667,21000100,105.47,20991200,105.47,21000200
2022-03-13,101.75726706333332,21000100,101.6,20991200,101.6,21000200
2022-03-14,105.68980988541666,21000100,105.5,20991200,105.5,21000200
2022-03-15,106.75067683591666,21000100,106.81,20991200,106.81,21000200
2022-03-16,111.51979961666666,21000100,111.2,20991200,111.2,21000200
2022-03-17,110.53254514079168,21000100,110.17,20991200,110.17,21000200
2022-03-18,112.74007358625002,21000100,111.87,20991200,111.87,21000200
2022-03-19,117.50019782475,21000100,116.61,20991200,116.61,21000200
2022-03-20,115.2572504575,21000100,114.78,20991200,114.78,21000200
2022-03-21,116.49629536666667,21000100,116.0,20991200,116.0,21000200
2022-03-22,123.77625840816665,21000100,122.69,20991200,122.69,21000200
2022-03-23,123.10701054587499,21000100,122.37,20991200,122.37,21000200
2022-03-24,127.343430894375,21000100,126.45,20991200,126.45,21000200
2022-03-25,124.98013125,21000100,123.85,20991200,123.85,21000200
2022-03-26,125.85807000000001,21000100,124.72,20991200,124.72,21000200
2022-03-27,130.11557163433335,21000100,129.56,20991200,129.56,21000200
2022-03-28,128.52201416850002,21000100,127.42,20991200,127.42,21000200
2022-03-29,131.18625,21000100,130.0,20991200,130.0,21000200
2022-03-30,132.26601375,21000100,131.07,20991200,131.07,21000200
2022-03-31,125.00031375,21000100,123.87,20991200,123.87,21000200
2022-04-03,129.94502625,21000100,128.77,20991200,128.77,21000200
2022-04-04,125.83788750000001,21000100,124.7,20991200,124.7,21000200
2022-04-05,123.80954625,21000100,122.69,20991200,122.69,21000200
2022-04-06,112.1826265925,21000100,111.59,20991200,111.59,21000200
2022-04-07,113.36843580295833,21000100,113.99,20991200,113.99,21000200
2022-04-08,110.92392758416666,21000100,110.6,20991200,110.6,21000200
2022-04-09,113.12324387775,21000100,112.62,20991200,112.62,21000200
2022-04-10,110.80031624125002,21000100,110.23,20991200,110.23,21000200
2022-04-11,102.07679015325,21000100,102.42,20991200,102.42,21000200
2022-04-12,104.08369149533334,21000100,104.78,20991200,104.78,21000200
2022-04-13,109.73429971895833,21000100,110.47,20991200,110.47,21000200
2022-04-14,108.29325601416666,21000100,107.32,20991200,107.32,21000200
2022-04-15,111.35147108187499,21000100,110.85,20991200,110.85,21000200
2022-04-16,115.34351719479167,21000100,114.31,20991200,114.31,21000200
2022-04-17,109.4002583545,21000100,108.69,20991200,108.69,21000200
2022-04-18,110.795621578875,21000100,111.19,20991200,111.19,21000200
2022-04-19,114.80815125,21000100,113.77,20991200,113.77,21000200
2022-04-20,112.83026625000001,21000100,111.81,20991200,111.81,21000200
2022-04-21,107.58281625000001,21000100,106.61,20991200,106.61,21000200
2022-04-22,105.07461368625,21000100,105.3,20991200,105.3,21000200
2022-04-23,105.34036480800002,21000100,105.12,20991200,105.12,21000200
2022-04-24,104.60724381750002,21000100,104.43,20991200,104.43,21000200
2022-04-25,103.902248539125,21000100,104.49,20991200,104.49,21000200
2022-04-26,99.34696928162501,21000100,98.51,20991200,98.51,21000200
2022-04-27,100.31538316708334,21000100,100.54,20991200,100.54,21000200
2022-04-28,103.83884765625,21000100,103.25,20991200,103.25,21000200
2022-04-29,100.932202382,21000100,100.32,20991200,100.32,21000200
2022-04-30,96.370017769,21000100,95.72,20991200,95.72,21000200
2022-05-01,98.59526819325,21000100,99.18,20991200,99.18,21000200
2022-05-02,101.23541036700001,21000100,100.62,20991200,100.62,21000200
2022-05-03,100.1911918475,21000100,99.3,20991200,99.3,21000200
2022-05-04,106.77380142691668,21000100,106.22,20991200,106.22,21000200
2022-05-05,97.69339125,21000100,96.81,20991200,96.81,21000200
2022-05-06,96.55877891104167,21000100,96.65,20991200,96.65,21000200
2022-05-07,94.398616339875,21000100,94.23,20991200,94.23,21000200
2022-05-08,94.37198443400001,21000100,93.84,20991200,93.84,21000200
2022-05-09,76.32906293999999,21000100,76.05,20991200,76.05,21000200
2022-05-10,80.23226858349999,21000100,80.13,20991200,80.13,21000200
2022-05-11,65.797747225875,21000100,66.57,20991200,66.57,21000200
2022-05-12,62.530669339026495,21000100,64.38,20991200,64.38,21000200
2022-05-13,67.33030309866668,21000100,67.84,20991200,67.84,21000200
2022-05-14,68.84141000645833,21000100,68.83,20991200,68.83,21000200
2022-05-15,71.451794254625,21000100,71.49,20991200,71.49,21000200
2022-05-16,66.82941637316667,21000100,67.16,20991200,67.16,21000200
2022-05-17,72.8726650275,21000100,73.06,20991200,73.06,21000200
2022-05-18,65.89141666516667,21000100,65.93,20991200,65.93,21000200
2022-05-19,71.90727549833333,21000100,72.1,20991200,72.1,21000200
2022-05-20,68.41816903395834,21000100,68.53,20991200,68.53,21000200
2022-05-21,69.21082314416665,21000100,69.8,20991200,69.8,21000200
2022-05-22,71.750826483,21000100,71.64,20991200,71.64,21000200
2022-05-23,69.26984191529168,21000100,69.01,20991200,69.01,21000200
2022-05-24,69.547795144,21000100,70.23,20991200,70.23,21000200
2022-05-25,68.18914549475,21000100,68.18,20991200,68.18,21000200
2022-05-26,63.04793980916667,21000100,63.35,20991200,63.35,21000200
2022-05-27,60.94518456708333,21000100,61.55,20991200,61.55,21000200
2022-05-28,62.6953737375,21000100,63.0,20991200,63.0,21000200
2022-05-29,63.325293566875004,21000100,63.61,20991200,63.61,21000200
2022-05-30,69.453830530875,21000100,69.09,20991200,69.09,21000200
2022-05-31,68.983785,21000100,68.36,20991200,68.36,21000200
2022-06-01,63.2317725,21000100,62.66,20991200,62.66,21000200
2022-06-02,64.25300088479166,21000100,64.39,20991200,64.39,21000200
2022-06-03,62.355142498250004,21000100,62.58,20991200,62.58,21000200
2022-06-04,63.62306823591667,21000100,63.71,20991200,63.71,21000200
2022-06-05,63.176790859583335,21000100,63.1,20991200,63.1,21000200
2022-06-06,64.803069135,21000100,64.4,20991200,64.4,21000200
2022-06-07,63.203458829750005,21000100,63.78,20991200,63.78,21000200
2022-06-08,61.453717970416676,21000100,61.34,20991200,61.34,21000200
2022-06-09,60.37505234016667,21000100,60.17,20991200,60.17,21000200
2022-06-10,55.906655099750004,21000100,56.63,20991200,56.63,21000200
2022-06-11,51.53444625725,21000100,52.14,20991200,52.14,21000200
2022-06-12,47.274973956000004,21000100,47.88,20991200,47.88,21000200
2022-06-13,42.652003106,21000100,43.44,20991200,43.44,21000200
2022-06-14,45.73462861158333,21000100,46.13,20991200,46.13,21000200
2022-06-15,50.31693424704167,21000100,50.63,20991200,50.63,21000200
2022-06-16,45.168435,21000100,44.76,20991200,44.76,21000200
2022-06-17,47.993985,21000100,47.56,20991200,47.56,21000200
2022-06-18,46.98208241329167,21000100,47.11,20991200,47.11,21000200
2022-06-19,54.213458485,21000100,54.26,20991200,54.26,21000200
2022-06-20,53.211161249999996,21000100,52.73,20991200,52.73,21000200
2022-06-21,53.80988515208333,21000100,53.5,20991200,53.5,21000200
2022-06-22,52.345976660999995,21000100,52.11,20991200,52.11,21000200
2022-06-23,56.15325057975,21000100,55.71,20991200,55.71,21000200
2022-06-24,56.09701875,21000100,55.8,20991200,55.8,21000200
2022-06-25,58.86486089429167,21000100,58.87,20991200,58.87,21000200
2022-06-26,56.89025878900001,21000100,56.56,20991200,56.56,21000200
2022-06-27,55.876854824,21000100,55.86,20991200,55.86,21000200
2022-06-28,52.527978636875,21000100,52.67,20991200,52.67,21000200
2022-06-29,53.54446799104167,21000100,53.65,20991200,53.65,21000200
2022-06-30,53.55098647583333,21000100,53.8,20991200,53.8,21000200
2022-07-01,51.35059316933334,21000100,51.16,20991200,51.16,21000200
2022-07-02,50.795683507708326,21000100,50.51,20991200,50.51,21000200
2022-07-03,51.12734008716667,21000100,50.92,20991200,50.92,21000200
2022-07-04,52.44143509212499,21000100,52.23,20991200,52.23,21000200
2022-07-05,50.09770630041667,21000100,49.67,20991200,49.67,21000200
2022-07-06,50.69501944466666,21000100,50.32,20991200,50.32,21000200
2022-07-07,52.605686250000005,21000100,52.13,20991200,52.13,21000200
2022-07-08,51.7681125,21000100,51.3,20991200,51.3,21000200
2022-07-09,54.5370904925,21000100,54.05,20991200,54.05,21000200
2022-07-10,52.565321250000004,21000100,52.09,20991200,52.09,21000200
2022-07-11,48.944548384375,21000100,48.65,20991200,48.65,21000200
2022-07-12,47.066528436000006,21000100,47.28,20991200,47.28,21000200
2022-07-13,49.10239455,21000100,49.5,20991200,49.5,21000200
2022-07-14,51.324461964708334,21000100,51.29,20991200,51.29,21000200
2022-07-15,52.176523715625,21000100,51.75,20991200,51.75,21000200
2022-07-16,55.562422500000004,21000100,55.06,20991200,55.06,21000200
2022-07-17,56.25871875,21000100,55.75,20991200,55.75,21000200
2022-07-18,59.08426875,21000100,58.55,20991200,58.55,21000200
2022-07-19,58.39806375,21000100,57.87,20991200,57.87,21000200
2022-07-20,57.681585,21000100,57.16,20991200,57.16,21000200
2022-07-21,58.51915875,21000100,57.99,20991200,57.99,21000200
2022-07-22,56.56145625,21000100,56.05,20991200,56.05,21000200
2022-07-23,56.5910602635,21000100,56.28,20991200,56.28,21000200
2022-07-24,58.86226125,21000100,58.33,20991200,58.33,21000200
2022-07-25,54.26043630066666,21000100,53.93,20991200,53.93,21000200
2022-07-26,53.768320789,21000100,53.84,20991200,53.84,21000200
2022-07-27,59.078758323749994,21000100,58.98,20991200,58.98,21000200
2022-07-28,63.978525000000005,21000100,63.4,20991200,63.4,21000200
2022-07-29,61.16306625,21000100,60.61,20991200,60.61,21000200
2022-07-30,60.95115,21000100,60.4,20991200,60.4,21000200
2022-07-31,60.25485375,21000100,59.71,20991200,59.71,21000200
2022-08-01,59.97229875,21000100,59.43,20991200,59.43,21000200
2022-08-02,58.088036080500004,21000100,58.04,20991200,58.04,21000200
2022-08-03,58.080879142499995,21000100,57.7,20991200,57.7,21000200
2022-08-04,59.90089978049999,21000100,59.61,20991200,59.61,21000200
2022-08-05,62.90062332729167,21000100,62.45,20991200,62.45,21000200
2022-08-06,61.3548,21000100,60.8,20991200,60.8,21000200
2022-08-07,61.6171725,21000100,61.06,20991200,61.06,21000200
2022-08-08,63.14095125,21000100,62.57,20991200,62.57,21000200
2022-08-09,59.47826983120834,21000100,59.11,20991200,59.11,21000200
2022-08-10,61.61917852441666,21000100,61.57,20991200,61.57,21000200
2022-08-11,62.384107500000006,21000100,61.82,20991200,61.82,21000200
2022-08-12,63.32012037950001,21000100,62.84,20991200,62.84,21000200
2022-08-13,64.33428525733333,21000100,63.76,20991200,63.76,21000200
2022-08-14,63.66569625,21000100,63.09,20991200,63.09,21000200
2022-08-15,60.81480363291666,21000100,60.62,20991200,60.62,21000200
2022-08-16,61.46421253133333,21000100,61.28,20991200,61.28,21000200
2022-08-17,60.91553303566666,21000100,60.49,20991200,60.49,21000200
2022-08-18,60.157476821333326,21000100,59.98,20991200,59.98,21000200
2022-08-19,53.635670440625006,21000100,53.95,20991200,53.95,21000200
2022-08-20,53.70643827641666,21000100,54.07,20991200,54.07,21000200
2022-08-21,55.52625874725,21000100,55.62,20991200,55.62,21000200
2022-08-22,57.10585897420833,21000100,57.19,20991200,57.19,21000200
2022-08-23,57.4870800175,21000100,57.05,20991200,57.05,21000200
2022-08-24,56.72543343799999,21000100,56.41,20991200,56.41,21000200
2022-08-25,56.71550102583333,21000100,56.6,20991200,56.6,21000200
2022-08-26,52.826996362,21000100,52.64,20991200,52.64,21000200
2022-08-27,52.564741646,21000100,52.96,20991200,52.96,21000200
2022-08-28,53.478717413333335,21000100,53.38,20991200,53.38,21000200
2022-08-29,55.80258456145833,21000100,55.75,20991200,55.75,21000200
2022-08-30,53.24513964320833,21000100,52.97,20991200,52.97,21000200
2022-08-31,54.067554125,21000100,53.8,20991200,53.8,21000200
2022-09-01,57.867449396874996,21000100,57.55,20991200,57.55,21000200
2022-09-02,61.035799696,21000100,60.96,20991200,60.96,21000200
2022-09-03,60.41310317225,21000100,60.11,20991200,60.11,21000200
2022-09-04,60.93802632375,21000100,60.86,20991200,60.86,21000200
2022-09-05,60.600325855,21000100,60.36,20991200,60.36,21000200
2022-09-06,54.14885014537501,21000100,54.09,20991200,54.09,21000200
2022-09-07,56.728456548958334,21000100,57.29,20991200,57.29,21000200
2022-09-08,57.546809704875,21000100,57.93,20991200,57.93,21000200
2022-09-09,61.38113559483334,21000100,61.09,20991200,61.09,21000200
2022-09-10,63.837247500000004,21000100,63.26,20991200,63.26,21000200
2022-09-11,62.63214445749999,21000100,62.12,20991200,62.12,21000200
2022-09-12,61.62837920375,21000100,61.35,20991200,61.35,21000200
2022-09-13,59.450861081999996,21000100,59.04,20991200,59.04,21000200
2022-09-14,59.919310464374995,21000100,60.15,20991200,60.15,21000200
2022-09-15,56.365476377375,21000100,56.31,20991200,56.31,21000200
2022-09-16,56.08186221491666,21000100,55.91,20991200,55.91,21000200
2022-09-17,57.502444906125,21000100,57.79,20991200,57.79,21000200
2022-09-18,52.669036404166675,21000100,52.6,20991200,52.6,21000200
2022-09-19,52.45655024766667,21000100,52.84,20991200,52.84,21000200
2022-09-20,52.105233067125,21000100,52.29,20991200,52.29,21000200
2022-09-21,51.01179066941667,21000100,51.02,20991200,51.02,21000200
2022-09-22,53.275115003,21000100,53.52,20991200,53.52,21000200
2022-09-23,55.37616068,21000100,55.2,20991200,55.2,21000200
2022-09-24,53.85700125,21000100,53.37,20991200,53.37,21000200
2022-09-25,52.860148982,21000100,52.49,20991200,52.49,21000200
2022-09-26,53.5468809275,21000100,53.4,20991200,53.4,21000200
2022-09-27,52.95553348166667,21000100,52.6,20991200,52.6,21000200
2022-09-28,52.962877996875,21000100,53.25,20991200,53.25,21000200
2022-09-29,54.33802019200001,21000100,53.92,20991200,53.92,21000200
2022-09-30,53.9478225,21000100,53.46,20991200,53.46,21000200
2022-10-01,52.949152117583324,21000100,52.87,20991200,52.87,21000200
2022-10-02,51.729798653625004,21000100,51.77,20991200,51.77,21000200
2022-10-03,54.40811903783334,21000100,54.13,20991200,54.13,21000200
2022-10-04,55.645419479500006,21000100,55.24,20991200,55.24,21000200
2022-10-05,54.79061506558333,21000100,54.59,20991200,54.59,21000200
2022-10-06,53.796336024999995,21000100,53.52,20991200,53.52,21000200
2022-10-07,52.88771854125,21000100,52.82,20991200,52.82,21000200
2022-10-08,53.036728838,21000100,52.76,20991200,52.76,21000200
2022-10-09,54.2322708075,21000100,53.88,20991200,53.88,21000200
2022-10-10,52.93585450666667,21000100,52.6,20991200,52.6,21000200
2022-10-11,52.16828280825,21000100,51.99,20991200,51.99,21000200
2022-10-12,52.54640752516667,21000100,52.18,20991200,52.18,21000200
2022-10-13,51.19830132875,21000100,51.06,20991200,51.06,21000200
2022-10-14,51.578629597,21000100,51.26,20991200,51.26,21000200
2022-10-15,50.12208341266667,21000100,50.36,20991200,50.36,21000200
2022-10-16,51.279003381375006,21000100,51.39,20991200,51.39,21000200
2022-10-17,52.0020685625,21000100,51.8,20991200,51.8,21000200
2022-10-18,52.176836015999996,21000100,51.84,20991200,51.84,21000200
2022-10-19,51.13596197208334,21000100,50.89,20991200,50.89,21000200
2022-10-20,51.36519692183333,21000100,51.19,20991200,51.19,21000200
2022-10-21,51.727490485,21000100,51.6,20991200,51.6,21000200
2022-10-22,52.40105911425,21000100,52.14,20991200,52.14,21000200
2022-10-23,54.392945591625,21000100,53.99,20991200,53.99,21000200
2022-10-24,52.892527438500004,21000100,52.49,20991200,52.49,21000200
2022-10-25,56.19984955383333,21000100,55.91,20991200,55.91,21000200
2022-10-26,56.83386399825,21000100,56.34,20991200,56.34,21000200
2022-10-27,55.115279132333335,21000100,54.73,20991200,54.73,21000200
2022-10-28,55.094889732666665,21000100,54.89,20991200,54.89,21000200
2022-10-29,56.992434476250004,21000100,56.55,20991200,56.55,21000200
2022-10-30,55.82569732024999,21000100,55.33,20991200,55.33,21000200
2022-10-31,55.38657642375001,21000100,54.99,20991200,54.99,21000200
2022-11-01,55.47486700566667,21000100,55.06,20991200,55.06,21000200
2022-11-02,61.191421965416666,21000100,60.91,20991200,60.91,21000200
2022-11-03,62.169822015,21000100,61.8,20991200,61.8,21000200
2022-11-04,68.07475654583334,21000100,67.55,20991200,67.55,21000200
2022-11-05,69.7847025375,21000100,69.21,20991200,69.21,21000200
2022-11-06,68.290884832,21000100,68.19,20991200,68.19,21000200
2022-11-07,67.8455177515,21000100,67.38,20991200,67.38,21000200
2022-11-08,57.93211709908334,21000100,57.74,20991200,57.74,21000200
2022-11-09,50.455256418,21000100,50.64,20991200,50.64,21000200
2022-11-10,60.091758008041666,21000100,60.53,20991200,60.53,21000200
2022-11-11,61.99054875,21000100,61.43,20991200,61.43,21000200
2022-11-12,60.45667875,21000100,59.91,20991200,59.91,21000200
2022-11-13,57.81373704516667,21000100,57.32,20991200,57.32,21000200
2022-11-14,57.046253468,21000100,56.64,20991200,56.64,21000200
2022-11-15,58.374208194249995,21000100,57.98,20991200,57.98,21000200
2022-11-16,57.648404053750006,21000100,57.45,20991200,57.45,21000200
2022-11-17,62.66727265624999,21000100,62.5,20991200,62.5,21000200
2022-11-18,63.04761191000001,21000100,62.6,20991200,62.6,21000200
2022-11-19,64.2102467445,21000100,63.93,20991200,63.93,21000200
2022-11-20,61.93105405925,21000100,62.06,20991200,62.06,21000200
2022-11-21,61.54581066975,21000100,61.29,20991200,61.29,21000200
2022-11-22,71.16043280166666,21000100,70.6,20991200,70.6,21000200
2022-11-23,79.68051,21000100,78.96,20991200,78.96,21000200
2022-11-24,79.35759,21000100,78.64,20991200,78.64,21000200
2022-11-25,74.70800307100001,21000100,74.04,20991200,74.04,21000200
2022-11-26,77.09062302345833,21000100,76.43,20991200,76.43,21000200
2022-11-27,75.023671008,21000100,74.88,20991200,74.88,21000200
2022-11-28,74.09672672666666,21000100,73.9,20991200,73.9,21000200
2022-11-29,76.29641047266666,21000100,75.76,20991200,75.76,21000200
2022-11-30,79.479529732125,21000100,79.11,20991200,79.11,21000200
2022-12-01,77.756631975,21000100,77.55,20991200,77.55,21000200
2022-12-02,78.22373823758333,21000100,77.86,20991200,77.86,21000200
2022-12-03,76.50879367166668,21000100,76.42,20991200,76.42,21000200
2022-12-04,77.16243742500001,21000100,77.04,20991200,77.04,21000200
2022-12-05,80.60795873229166,21000100,80.15,20991200,80.15,21000200
2022-12-06,80.27928533533334,21000100,79.84,20991200,79.84,21000200
2022-12-07,76.92276702354167,21000100,76.85,20991200,76.85,21000200
2022-12-08,78.193448221,21000100,78.22,20991200,78.22,21000200
2022-12-09,76.559153345125,21000100,76.29,20991200,76.29,21000200
2022-12-10,76.70154337416666,21000100,76.3,20991200,76.3,21000200
2022-12-11,76.73293926199999,21000100,76.46,20991200,76.46,21000200
2022-12-12,76.42988055733335,21000100,76.18,20991200,76.18,21000200
2022-12-13,77.81576918925,21000100,77.37,20991200,77.37,21000200
2022-12-14,76.007295,21000100,75.32,20991200,75.32,21000200
2022-12-15,73.07074125,21000100,72.41,20991200,72.41,21000200
2022-12-16,66.67242884775,21000100,66.21,20991200,66.21,21000200
2022-12-17,64.86177594937499,21000100,64.85,20991200,64.85,21000200
2022-12-18,64.19582336266667,21000100,64.37,20991200,64.37,21000200
2022-12-19,63.73726428916667,21000100,63.32,20991200,63.32,21000200
2022-12-20,65.97852853541667,21000100,65.5,20991200,65.5,21000200
2022-12-21,65.23246766166666,21000100,65.36,20991200,65.36,21000200
2022-12-22,66.12607149799999,21000100,66.16,20991200,66.16,21000200
2022-12-23,66.056151244875,21000100,65.71,20991200,65.71,21000200
2022-12-24,65.95461995062502,21000100,65.73,20991200,65.73,21000200
2022-12-25,69.20633905204167,21000100,69.11,20991200,69.11,21000200
2022-12-26,70.44472822750001,21000100,70.73,20991200,70.73,21000200
2022-12-27,68.98143898091668,21000100,68.62,20991200,68.62,21000200
2022-12-28,66.67592418324999,21000100,66.27,20991200,66.27,21000200
2022-12-29,66.73414476491666,21000100,66.62,20991200,66.62,21000200
2022-12-30,68.323015772,21000100,67.92,20991200,67.92,21000200
2022-12-31,70.35379247270835,21000100,70.15,20991200,70.15,21000200
2023-01-01,71.21906363533333,21000100,70.88,20991200,70.88,21000200
2023-01-02,74.189813207125,21000100,74.69,20991200,74.69,21000200
2023-01-03,75.95009723058334,21000100,75.53,20991200,75.53,21000200
2023-01-04,76.02651726975,21000100,75.42,20991200,75.42,21000200
2023-01-05,74.79908949308333,21000100,74.21,20991200,74.21,21000200
2023-01-06,76.58249625,21000100,75.89,20991200,75.89,21000200
2023-01-07,76.72862249116666,21000100,76.36,20991200,76.36,21000200
2023-01-08,79.26644292208334,21000100,78.7,20991200,78.7,21000200
2023-01-09,82.4051475,21000100,81.66,20991200,81.66,21000200
2023-01-10,81.658395,21000100,80.92,20991200,80.92,21000200
2023-01-11,84.85732125000001,21000100,84.09,20991200,84.09,21000200
2023-01-12,86.86548,21000100,86.08,20991200,86.08,21000200
2023-01-13,87.02694,21000100,86.24,20991200,86.24,21000200
2023-01-14,89.09222343933334,21000100,87.92,20991200,87.92,21000200
2023-01-15,88.24798125000001,21000100,87.45,20991200,87.45,21000200
2023-01-16,86.73429375,21000100,85.95,20991200,85.95,21000200
2023-01-17,87.84433125,21000100,87.05,20991200,87.05,21000200
2023-01-18,83.39409,21000100,82.64,20991200,82.64,21000200
2023-01-19,84.95823375,21000100,84.19,20991200,84.19,21000200
2023-01-20,91.11389625000001,21000100,90.29,20991200,90.29,21000200
2023-01-21,88.87287972845834,21000100,87.97,20991200,87.97,21000200
2023-01-22,88.39935,21000100,87.6,20991200,87.6,21000200
2023-01-23,90.82125,21000100,90.0,20991200,90.0,21000200
2023-01-24,87.97551750000001,21000100,87.18,20991200,87.18,21000200
2023-01-25,90.24604875000001,21000100,89.43,20991200,89.43,21000200
2023-01-26,88.30852875000001,21000100,87.51,20991200,87.51,21000200
2023-01-27,89.76166875000001,21000100,88.95,20991200,88.95,21000200
2023-01-28,90.52860375,21000100,89.71,20991200,89.71,21000200
2023-01-29,95.81966894349999,21000100,94.94,20991200,94.94,21000200
2023-01-30,92.19875066666667,21000100,91.31,20991200,91.31,21000200
2023-01-31,94.96875375,21000100,94.11,20991200,94.11,21000200
2023-02-01,101.356515,21000100,100.44,20991200,100.44,21000200
2023-02-02,99.65718310066666,21000100,98.72,20991200,98.72,21000200
2023-02-03,100.8519525,21000100,99.94,20991200,99.94,21000200
2023-02-04,99.40890375000001,21000100,98.51,20991200,98.51,21000200
2023-02-05,97.51174875,21000100,96.63,20991200,96.63,21000200
2023-02-06,96.84572625,21000100,95.97,20991200,95.97,21000200
2023-02-07,101.82071250000001,21000100,100.9,20991200,100.9,21000200
2023-02-08,100.09510875000001,21000100,99.19,20991200,99.19,21000200
2023-02-09,92.84959125,21000100,92.01,20991200,92.01,21000200
2023-02-10,94.11714977320834,21000100,93.31,20991200,93.31,21000200
2023-02-11,95.03426924866666,21000100,94.24,20991200,94.24,21000200
2023-02-12,92.92747944187502,21000100,92.43,20991200,92.43,21000200
2023-02-13,91.50562254483334,21000100,90.98,20991200,90.98,21000200
2023-02-14,96.379502163,21000100,95.76,20991200,95.76,21000200
2023-02-15,103.53921776008332,21000100,102.82,20991200,102.82,21000200
2023-02-16,99.499725,21000100,98.6,20991200,98.6,21000200
2023-02-17,101.12441625,21000100,100.21,20991200,100.21,21000200
2023-02-18,100.629945,21000100,99.72,20991200,99.72,21000200
2023-02-19,98.32914000000001,21000100,97.44,20991200,97.44,21000200
2023-02-20,96.835635,21000100,95.96,20991200,95.96,21000200
2023-02-21,94.66601625000001,21000100,93.81,20991200,93.81,21000200
2023-02-22,96.0888825,21000100,95.22,20991200,95.22,21000200
2023-02-23,95.45313375,21000100,94.59,20991200,94.59,21000200
2023-02-24,92.34502875000001,21000100,91.51,20991200,91.51,21000200
2023-02-25,93.9495375,21000100,93.1,20991200,93.1,21000200
2023-02-26,96.09897375000001,21000100,95.23,20991200,95.23,21000200
2023-02-27,94.8779325,21000100,94.02,20991200,94.02,21000200
2023-02-28,94.59591063866667,21000100,93.76,20991200,93.76,21000200
2023-03-01,98.6318775,21000100,97.74,20991200,97.74,21000200
2023-03-02,96.189795,21000100,95.32,20991200,95.32,21000200
2023-03-03,90.94183754075002,21000100,90.51,20991200,90.51,21000200
2023-03-04,89.83739048479168,21000100,89.29,20991200,89.29,21000200
2023-03-05,90.38213969333334,21000100,89.9,20991200,89.9,21000200
2023-03-06,87.84111231749999,21000100,87.3,20991200,87.3,21000200
2023-03-07,86.73086116970833,21000100,86.27,20991200,86.27,21000200
2023-03-08,83.35475329866667,21000100,82.72,20991200,82.72,21000200
2023-03-09,77.26075454350001,21000100,76.62,20991200,76.62,21000200
2023-03-10,71.44855776,21000100,71.36,20991200,71.36,21000200
2023-03-11,69.17632406533333,21000100,69.16,20991200,69.16,21000200
2023-03-12,76.31610448204167,21000100,76.31,20991200,76.31,21000200
2023-03-13,81.45140735462499,21000100,81.49,20991200,81.49,21000200
2023-03-14,84.619964187,21000100,83.97,20991200,83.97,21000200
2023-03-15,77.09715000000001,21000100,76.4,20991200,76.4,21000200
2023-03-16,79.5392325,21000100,78.82,20991200,78.82,21000200
2023-03-17,86.0803085065,21000100,85.47,20991200,85.47,21000200
2023-03-18,83.76746625000001,21000100,83.01,20991200,83.01,21000200
2023-03-19,84.7463175,21000100,83.98,20991200,83.98,21000200
2023-03-20,78.752115,21000100,78.04,20991200,78.04,21000200
2023-03-21,82.72852228375001,21000100,82.45,20991200,82.45,21000200
2023-03-22,88.036065,21000100,87.24,20991200,87.24,21000200
2023-03-23,94.413735,21000100,93.56,20991200,93.56,21000200
2023-03-24,94.36327875,21000100,93.51,20991200,93.51,21000200
2023-03-25,92.26429875000001,21000100,91.43,20991200,91.43,21000200
2023-03-26,93.931551285375,21000100,93.27,20991200,93.27,21000200
2023-03-27,89.68977638850001,21000100,89.17,20991200,89.17,21000200
2023-03-28,88.98772632566667,21000100,89.06,20991200,89.06,21000200
2023-03-29,91.53998641666666,21000100,91.25,20991200,91.25,21000200
2023-03-30,89.32802700399999,21000100,89.02,20991200,89.02,21000200
2023-03-31,89.59498763325001,21000100,89.54,20991200,89.54,21000200
2023-04-01,93.26655872920834,21000100,92.51,20991200,92.51,21000200
2023-04-02,93.59634375,21000100,92.75,20991200,92.75,21000200
2023-04-03,93.63032357766669,21000100,92.93,20991200,92.93,21000200
2023-04-04,93.35415375000001,21000100,92.51,20991200,92.51,21000200
2023-04-05,93.41470125,21000100,92.57,20991200,92.57,21000200
2023-04-06,91.12636036633333,21000100,90.92,20991200,90.92,21000200
2023-04-07,90.83638987466668,21000100,90.56,20991200,90.56,21000200
2023-04-08,90.65151945424999,21000100,89.86,20991200,89.86,21000200
2023-04-09,91.30582410983332,21000100,90.52,20991200,90.52,21000200
2023-04-10,94.48319375,21000100,93.75,20991200,93.75,21000200
2023-04-11,95.02930125,21000100,94.17,20991200,94.17,21000200
2023-04-12,92.59872277595832,21000100,92.03,20991200,92.03,21000200
2023-04-13,94.819662558,21000100,94.14,20991200,94.14,21000200
2023-04-14,97.23928500000001,21000100,96.36,20991200,96.36,21000200
2023-04-15,97.61266125,21000100,96.73,20991200,96.73,21000200
2023-04-16,101.02350375,21000100,100.11,20991200,100.11,21000200
2023-04-17,100.31566284166666,21000100,98.9,20991200,98.9,21000200
2023-04-18,102.8702025,21000100,101.94,20991200,101.94,21000200
2023-04-19,91.25517375000001,21000100,90.43,20991200,90.43,21000200
2023-04-20,90.836887653,21000100,90.18,20991200,90.18,21000200
2023-04-21,85.723964049,21000100,85.29,20991200,85.29,21000200
2023-04-22,87.00151932416668,21000100,86.95,20991200,86.95,21000200
2023-04-23,87.09197315466668,21000100,86.72,20991200,86.72,21000200
2023-04-24,88.99024136770834,21000100,88.25,20991200,88.25,21000200
2023-04-25,91.59746950841668,21000100,90.98,20991200,90.98,21000200
2023-04-26,88.50275946687498,21000100,88.07,20991200,88.07,21000200
2023-04-27,90.01188054625001,21000100,89.7,20991200,89.7,21000200
2023-04-28,90.32910864425,21000100,89.58,20991200,89.58,21000200
2023-04-29,91.87074000000001,21000100,91.04,20991200,91.04,21000200
2023-04-30,88.79079174450001,21000100,88.17,20991200,88.17,21000200
2023-05-01,86.86479071779166,21000100,86.71,20991200,86.71,21000200
2023-05-02,88.88452349133334,21000100,88.16,20991200,88.16,21000200
2023-05-03,89.17040003183334,21000100,88.84,20991200,88.84,21000200
2023-05-04,89.13601125,21000100,88.33,20991200,88.33,21000200
2023-05-05,89.26936348166666,21000100,88.57,20991200,88.57,21000200
2023-05-06,83.740835144,21000100,83.22,20991200,83.22,21000200
2023-05-07,83.514973829875,21000100,83.37,20991200,83.37,21000200
2023-05-08,78.247881952125,21000100,77.67,20991200,77.67,21000200
2023-05-09,79.99859284349999,21000100,79.88,20991200,79.88,21000200
2023-05-10,81.17595003,21000100,80.88,20991200,80.88,21000200
2023-05-11,81.35888955033333,21000100,80.83,20991200,80.83,21000200
2023-05-12,80.99014474833332,21000100,80.41,20991200,80.41,21000200
2023-05-13,80.76242598829165,21000100,80.21,20991200,80.21,21000200
2023-05-14,83.945450007,21000100,83.43,20991200,83.43,21000200
2023-05-15,87.09069449799999,21000100,86.88,20991200,86.88,21000200
2023-05-16,90.36592763249999,21000100,89.96,20991200,89.96,21000200
2023-05-17,94.41398462741667,21000100,93.83,20991200,93.83,21000200
2023-05-18,91.03748834474999,21000100,90.41,20991200,90.41,21000200
2023-05-19,92.352340045,21000100,91.7,20991200,91.7,21000200
2023-05-20,92.8617956415,21000100,92.34,20991200,92.34,21000200
2023-05-21,92.70398936633333,21000100,92.12,20991200,92.12,21000200
2023-05-22,91.48623673350001,21000100,90.79,20991200,90.79,21000200
2023-05-23,92.41930953041667,21000100,91.66,20991200,91.66,21000200
2023-05-24,86.55265125,21000100,85.77,20991200,85.77,21000200
2023-05-25,87.12466372441668,21000100,86.53,20991200,86.53,21000200
2023-05-26,87.75365111466667,21000100,87.04,20991200,87.04,21000200
2023-05-27,89.28928466875001,21000100,88.5,20991200,88.5,21000200
2023-05-28,92.26429875000001,21000100,91.43,20991200,91.43,21000200
2023-05-29,91.67900625,21000100,90.85,20991200,90.85,21000200
2023-05-30,93.03123375,21000100,92.19,20991200,92.19,21000200
2023-05-31,91.1517933615,21000100,90.39,20991200,90.39,21000200
2023-06-01,94.721733423,21000100,94.14,20991200,94.14,21000200
2023-06-02,96.29070750000001,21000100,95.42,20991200,95.42,21000200
2023-06-03,96.8961825,21000100,96.02,20991200,96.02,21000200
2023-06-04,95.01921,21000100,94.16,20991200,94.16,21000200
2023-06-05,88.4598975,21000100,87.66,20991200,87.66,21000200
2023-06-06,91.34083089599999,21000100,90.88,20991200,90.88,21000200
2023-06-07,89.60160278000001,21000100,88.8,20991200,88.8,21000200
2023-06-08,88.90065701466666,21000100,88.42,20991200,88.42,21000200
2023-06-09,90.02720234516669,21000100,89.26,20991200,89.26,21000200
2023-06-10,77.53197527887501,21000100,77.09,20991200,77.09,21000200
2023-06-11,77.50888288256459,21000100,77.63,20991200,77.63,21000200
2023-06-12,77.78077378270832,21000100,77.45,20991200,77.45,21000200
2023-06-13,77.78228147604167,21000100,77.45,20991200,77.45,21000200
2023-06-14,73.38043286033334,21000100,73.09,20991200,73.09,21000200
2023-06-15,74.53255881333334,21000100,74.56,20991200,74.56,21000200
2023-06-16,76.27117155816667,21000100,76.09,20991200,76.09,21000200
2023-06-17,76.96431289020835,21000100,76.81,20991200,76.81,21000200
2023-06-18,77.53136979,21000100,77.14,20991200,77.14,21000200
2023-06-19,77.95430627575,21000100,77.43,20991200,77.43,21000200
2023-06-20,80.57135712083333,21000100,80.3,20991200,80.3,21000200
2023-06-21,85.70410820650001,21000100,84.98,20991200,84.98,21000200
2023-06-22,86.55587081400002,21000100,85.89,20991200,85.89,21000200
2023-06-23,92.09274750000002,21000100,91.26,20991200,91.26,21000200
2023-06-24,90.50842125,21000100,89.69,20991200,89.69,21000200
2023-06-25,88.95436875000001,21000100,88.15,20991200,88.15,21000200
2023-06-26,87.97551750000001,21000100,87.18,20991200,87.18,21000200
2023-06-27,88.83327375,21000100,88.03,20991200,88.03,21000200
2023-06-28,83.61149188912499,21000100,82.97,20991200,82.97,21000200
2023-06-29,85.17033283616666,21000100,84.68,20991200,84.68,21000200
2023-06-30,109.5905108155,21000100,108.66,20991200,108.66,21000200
2023-07-01,108.06719625000001,21000100,107.09,20991200,107.09,21000200
2023-07-02,114.66687375000001,21000100,113.63,20991200,113.63,21000200
2023-07-03,108.48004021383332,21000100,107.32,20991200,107.32,21000200
2023-07-04,105.26182875,21000100,104.31,20991200,104.31,21000200
2023-07-05,103.49586000000001,21000100,102.56,20991200,102.56,21000200
2023-07-06,95.89040834729165,21000100,95.21,20991200,95.21,21000200
2023-07-07,98.65139723020835,21000100,98.15,20991200,98.15,21000200
2023-07-08,98.33840205208332,21000100,97.75,20991200,97.75,21000200
2023-07-09,95.56975528916668,21000100,95.06,20991200,95.06,21000200
2023-07-10,97.09668933975,21000100,96.66,20991200,96.66,21000200
2023-07-11,97.15826978904165,21000100,96.71,20991200,96.71,21000200
2023-07-12,96.50404753625,21000100,96.15,20991200,96.15,21000200
2023-07-13,101.708021524375,21000100,101.85,20991200,101.85,21000200
2023-07-14,95.9274225,21000100,95.06,20991200,95.06,21000200
2023-07-15,95.180781008,21000100,94.74,20991200,94.74,21000200
2023-07-16,93.545180146,21000100,92.84,20991200,92.84,21000200
2023-07-17,92.584460544,21000100,92.16,20991200,92.16,21000200
2023-07-18,92.30513023124999,21000100,91.5,20991200,91.5,21000200
2023-07-19,92.80922625000001,21000100,91.97,20991200,91.97,21000200
2023-07-20,92.87273984266665,21000100,92.32,20991200,92.32,21000200
2023-07-21,94.77779629891667,21000100,94.03,20991200,94.03,21000200
2023-07-22,92.70384994354167,21000100,92.05,20991200,92.05,21000200
2023-07-23,93.9443354325,21000100,93.11,20991200,93.11,21000200
2023-07-24,89.57294426891667,21000100,89.09,20991200,89.09,21000200
2023-07-25,89.40456089166666,21000100,89.41,20991200,89.41,21000200
2023-07-26,90.958556465,21000100,90.58,20991200,90.58,21000200
2023-07-27,90.87712942266668,21000100,90.56,20991200,90.56,21000200
2023-07-28,92.210340629875,21000100,91.39,20991200,91.39,21000200
2023-07-29,95.06436874533334,21000100,94.28,20991200,94.28,21000200
2023-07-30,94.82696176425,21000100,93.97,20991200,93.97,21000200
2023-07-31,92.86773508262499,21000100,92.21,20991200,92.21,21000200
2023-08-01,94.67826518866667,21000100,93.91,20991200,93.91,21000200
2023-08-02,88.14106157399999,21000100,87.48,20991200,87.48,21000200
2023-08-03,82.95344406250001,21000100,82.5,20991200,82.5,21000200
2023-08-04,82.39964351325,21000100,82.18,20991200,82.18,21000200
2023-08-05,83.81792250000001,21000100,83.06,20991200,83.06,21000200
2023-08-06,83.15107023037501,21000100,82.53,20991200,82.53,21000200
2023-08-07,83.2124475,21000100,82.46,20991200,82.46,21000200
2023-08-08,84.56023569125,21000100,83.81,20991200,83.81,21000200
2023-08-09,84.37848736187499,21000100,84.05,20991200,84.05,21000200
2023-08-10,83.73949618095833,21000100,83.09,20991200,83.09,21000200
2023-08-11,83.9850321995,21000100,83.54,20991200,83.54,21000200
2023-08-12,84.07101465233333,21000100,83.44,20991200,83.44,21000200
2023-08-13,82.42691745999998,21000100,81.88,20991200,81.88,21000200
2023-08-14,82.67618546275,21000100,82.06,20991200,82.06,21000200
2023-08-15,79.95297375000001,21000100,79.23,20991200,79.23,21000200
2023-08-16,74.39510265446508,21000100,74.53,20991200,74.53,21000200
2023-08-17,64.60887067274999,21000100,64.71,20991200,64.71,21000200
2023-08-18,63.865383018874994,21000100,63.93,20991200,63.93,21000200
2023-08-19,63.74233666680587,21000100,64.1,20991200,64.1,21000200
2023-08-20,64.67969699541321,21000100,65.2,20991200,65.2,21000200
2023-08-21,66.32922745953987,21000100,66.95,20991200,66.95,21000200
2023-08-22,64.41786817516667,21000100,64.81,20991200,64.81,21000200
2023-08-23,65.79596681116668,21000100,65.59,20991200,65.59,21000200
2023-08-24,64.86431127750001,21000100,64.83,20991200,64.83,21000200
2023-08-25,65.22391508116667,21000100,65.09,20991200,65.09,21000200
2023-08-26,65.50534467874999,21000100,64.97,20991200,64.97,21000200
2023-08-27,65.91371999166667,21000100,65.35,20991200,65.35,21000200
2023-08-28,65.85097093766667,21000100,65.48,20991200,65.48,21000200
2023-08-29,69.13164678199999,21000100,68.82,20991200,68.82,21000200
2023-08-30,68.21497258975,21000100,67.61,20991200,67.61,21000200
2023-08-31,64.24214678,21000100,63.84,20991200,63.84,21000200
2023-09-01,62.80195081325,21000100,62.94,20991200,62.94,21000200
2023-09-02,64.23770351425001,21000100,64.54,20991200,64.54,21000200
2023-09-03,63.939631181500005,21000100,63.88,20991200,63.88,21000200
2023-09-04,63.868384764000005,21000100,63.72,20991200,63.72,21000200
2023-09-05,63.33985387958334,21000100,63.1,20991200,63.1,21000200
2023-09-06,63.00086202133333,21000100,62.84,20991200,62.84,21000200
2023-09-07,63.87962034933334,21000100,63.68,20991200,63.68,21000200
2023-09-08,62.611072941333326,21000100,62.56,20991200,62.56,21000200
2023-09-09,62.77943427916667,21000100,63.02,20991200,63.02,21000200
2023-09-10,61.020254922583334,21000100,61.07,20991200,61.07,21000200
2023-09-11,58.951637513916666,21000100,58.81,20991200,58.81,21000200
2023-09-12,59.9008746645,21000100,59.94,20991200,59.94,21000200
2023-09-13,62.118777870624996,21000100,61.95,20991200,61.95,21000200
2023-09-14,63.01626965258333,21000100,62.78,20991200,62.78,21000200
2023-09-15,66.13316549366667,21000100,65.84,20991200,65.84,21000200
2023-09-16,65.8678203315,21000100,65.34,20991200,65.34,21000200
2023-09-17,63.84166977933334,21000100,63.52,20991200,63.52,21000200
2023-09-18,66.174279556,21000100,65.84,20991200,65.84,21000200
2023-09-19,67.40502853283333,21000100,67.24,20991200,67.24,21000200
2023-09-20,64.87234425625,21000100,64.5,20991200,64.5,21000200
2023-09-21,64.83521874812502,21000100,64.65,20991200,64.65,21000200
2023-09-22,64.452819996,21000100,64.32,20991200,64.32,21000200
2023-09-23,65.193793042,21000100,65.04,20991200,65.04,21000200
2023-09-24,63.710765877291664,21000100,63.55,20991200,63.55,21000200
2023-09-25,64.72034978391667,21000100,64.31,20991200,64.31,21000200
2023-09-26,64.24605470016667,21000100,63.74,20991200,63.74,21000200
2023-09-27,64.06348859149999,21000100,63.51,20991200,63.51,21000200
2023-09-28,65.68041754891668,21000100,65.18,20991200,65.18,21000200
2023-09-29,66.00266931979166,21000100,65.51,20991200,65.51,21000200
2023-09-30,66.31424910537501,21000100,65.93,20991200,65.93,21000200
2023-10-01,68.77186875000001,21000100,68.15,20991200,68.15,21000200
2023-10-02,66.31501818400001,21000100,65.92,20991200,65.92,21000200
2023-10-03,65.86563313458333,21000100,65.45,20991200,65.45,21000200
2023-10-04,64.59037232933333,21000100,64.36,20991200,64.36,21000200
2023-10-05,64.9839355375,21000100,64.78,20991200,64.78,21000200
2023-10-06,65.62616331104167,21000100,65.45,20991200,65.45,21000200
2023-10-07,65.5164308025,21000100,65.4,20991200,65.4,21000200
2023-10-08,65.66853319320833,21000100,65.29,20991200,65.29,21000200
2023-10-09,63.431012880124996,21000100,63.03,20991200,63.03,21000200
2023-10-10,64.007358156625,21000100,63.57,20991200,63.57,21000200
2023-10-11,61.75399772833334,21000100,61.52,20991200,61.52,21000200
2023-10-12,61.51925219404168,21000100,61.09,20991200,61.09,21000200
2023-10-13,61.50735508133333,21000100,61.54,20991200,61.54,21000200
2023-10-14,61.706616815625,21000100,61.59,20991200,61.59,21000200
2023-10-15,61.784313202999996,21000100,61.58,20991200,61.58,21000200
2023-10-16,63.461748539333335,21000100,63.17,20991200,63.17,21000200
2023-10-17,62.51974261595833,21000100,62.03,20991200,62.03,21000200
2023-10-18,60.6915602605,21000100,60.19,20991200,60.19,21000200
2023-10-19,61.65660135075,21000100,61.74,20991200,61.74,21000200
2023-10-20,63.72481977750001,21000100,63.35,20991200,63.35,21000200
2023-10-21,64.824730021125,21000100,64.71,20991200,64.71,21000200
2023-10-22,65.71917471854167,21000100,65.23,20991200,65.23,21000200
2023-10-23,69.45299800725,21000100,69.03,20991200,69.03,21000200
2023-10-24,69.75072,21000100,69.12,20991200,69.12,21000200
2023-10-25,69.35716125,21000100,68.73,20991200,68.73,21000200
2023-10-26,69.37734375000001,21000100,68.75,20991200,68.75,21000200
2023-10-27,67.62146625000001,21000100,67.01,20991200,67.01,21000200
2023-10-28,68.38840125,21000100,67.77,20991200,67.77,21000200
2023-10-29,69.4479825,21000100,68.82,20991200,68.82,21000200
2023-10-30,69.8919975,21000100,69.26,20991200,69.26,21000200
2023-10-31,69.57916875000001,21000100,68.95,20991200,68.95,21000200
2023-11-01,70.85427511766667,21000100,70.04,20991200,70.04,21000200
2023-11-02,70.92288307333104,21000100,69.48,20991200,69.48,21000200
2023-11-03,70.12409625,21000100,69.49,20991200,69.49,21000200
2023-11-04,71.082765,21000100,70.44,20991200,70.44,21000200
2023-11-05,72.30380625000001,21000100,71.65,20991200,71.65,21000200
2023-11-06,75.18990375000001,21000100,74.51,20991200,74.51,21000200
2023-11-07,74.13032249999999,21000100,73.46,20991200,73.46,21000200
2023-11-08,73.7670375,21000100,73.1,20991200,73.1,21000200
2023-11-09,74.84494052333332,21000100,73.88,20991200,73.88,21000200
2023-11-10,73.97895375,21000100,73.31,20991200,73.31,21000200
2023-11-11,76.61836804837499,21000100,75.33,20991200,75.33,21000200
2023-11-12,76.5165248925,21000100,74.97,20991200,74.97,21000200
2023-11-13,72.46857714491667,21000100,71.14,20991200,71.14,21000200
2023-11-14,71.431427602,21000100,70.64,20991200,70.64,21000200
2023-11-15,75.02651643120834,21000100,74.09,20991200,74.09,21000200
2023-11-16,71.85847839541667,21000100,71.02,20991200,71.02,21000200
2023-11-17,70.93139625,21000100,70.29,20991200,70.29,21000200
2023-11-18,70.517655,21000100,69.88,20991200,69.88,21000200
2023-11-19,71.2240425,21000100,70.58,20991200,70.58,21000200
2023-11-20,70.16446125,21000100,69.53,20991200,69.53,21000200
2023-11-21,66.77380125,21000100,66.17,20991200,66.17,21000200
2023-11-22,69.35716125,21000100,68.73,20991200,68.73,21000200
2023-11-23,70.15437,21000100,69.52,20991200,69.52,21000200
2023-11-24,71.37541125000001,21000100,70.73,20991200,70.73,21000200
2023-11-25,72.535905,21000100,71.88,20991200,71.88,21000200
2023-11-26,70.66902375000001,21000100,70.03,20991200,70.03,21000200
2023-11-27,69.85163250000001,21000100,69.22,20991200,69.22,21000200
2023-11-28,70.42683375000001,21000100,69.79,20991200,69.79,21000200
2023-11-29,70.66902375000001,21000100,70.03,20991200,70.03,21000200
2023-11-30,70.0938225,21000100,69.46,20991200,69.46,21000200
2023-12-01,72.25335,21000100,71.6,20991200,71.6,21000200
2023-12-02,72.89919,21000100,72.24,20991200,72.24,21000200
2023-12-03,72.99001125,21000100,72.33,20991200,72.33,21000200
2023-12-04,74.324404719,21000100,72.98,20991200,72.98,21000200
2023-12-05,75.15681480266666,21000100,74.38,20991200,74.38,21000200
2023-12-06,73.65972691183333,21000100,72.44,20991200,72.44,21000200
2023-12-07,75.17351031333332,21000100,74.08,20991200,74.08,21000200
2023-12-08,80.20478012083333,21000100,78.55,20991200,78.55,21000200
2023-12-09,78.11419830205648,21000100,76.39,20991200,76.39,21000200
2023-12-10,78.2339661675,21000100,77.22,20991200,77.22,21000200
2023-12-11,73.46026418791668,21000100,72.7,20991200,72.7,21000200
2023-12-12,73.09092375000002,21000100,72.43,20991200,72.43,21000200
2023-12-13,73.85785875,21000100,73.19,20991200,73.19,21000200
2023-12-14,73.74545988149998,21000100,72.99,20991200,72.99,21000200
2023-12-15,72.155259631,21000100,70.98,20991200,70.98,21000200
2023-12-16,73.07172199600001,21000100,72.24,20991200,72.24,21000200
2023-12-17,72.12549050116667,21000100,71.23,20991200,71.23,21000200
2023-12-18,71.62375694875001,21000100,70.9,20991200,70.9,21000200
2023-12-19,71.41577625,21000100,70.77,20991200,70.77,21000200
2023-12-20,70.99355818166666,21000100,69.88,20991200,69.88,21000200
2023-12-21,72.70199843271313,21000100,70.99,20991200,70.99,21000200
2023-12-22,75.70084360794206,21000100,73.66,20991200,73.66,21000200
2023-12-23,74.30536595183332,21000100,72.52,20991200,72.52,21000200
2023-12-24,73.29847613824136,21000100,71.18,20991200,71.18,21000200
2023-12-25,74.09151563070834,21000100,72.31,20991200,72.31,21000200
2023-12-26,75.70956816376987,21000100,73.31,20991200,73.31,21000200
2023-12-27,78.63089202985414,21000100,76.02,20991200,76.02,21000200
2023-12-28,79.42718148811137,21000100,76.6,20991200,76.6,21000200
2023-12-29,76.17243406877428,21000100,73.31,20991200,73.31,21000200
2023-12-30,75.12675794575001,21000100,73.29,20991200,73.29,21000200
2023-12-31,74.80353166554167,21000100,72.89,20991200,72.89,21000200
2024-01-01,76.65162956425,21000100,74.81,20991200,74.81,21000200
2024-01-02,76.24817756147908,21000100,73.04,20991200,73.04,21000200
2024-01-03,66.60566129020835,21000100,65.23,20991200,65.23,21000200
2024-01-04,67.01599125,21000100,66.41,20991200,66.41,21000200
2024-01-05,66.59215875,21000100,65.99,20991200,65.99,21000200
2024-01-06,66.24905625000001,21000100,65.65,20991200,65.65,21000200
2024-01-07,64.82619,21000100,64.24,20991200,64.24,21000200
2024-01-08,68.37831000000001,21000100,67.76,20991200,67.76,21000200
2024-01-09,67.61137500000001,21000100,67.0,20991200,67.0,21000200
2024-01-10,70.74975375,21000100,70.11,20991200,70.11,21000200
2024-01-11,72.56617875,21000100,71.91,20991200,71.91,21000200
2024-01-12,73.6459425,21000100,72.98,20991200,72.98,21000200
2024-01-13,72.64690875,21000100,71.99,20991200,71.99,21000200
2024-01-14,70.45710749999999,21000100,69.82,20991200,69.82,21000200
2024-01-15,69.76081125,21000100,69.13,20991200,69.13,21000200
2024-01-16,70.08373125,21000100,69.45,20991200,69.45,21000200
2024-01-17,70.10391375,21000100,69.47,20991200,69.47,21000200
2024-01-18,68.73150375,21000100,68.11,20991200,68.11,21000200
2024-01-19,71.970795,21000100,71.32,20991200,71.32,21000200
2024-01-20,72.02125125,21000100,71.37,20991200,71.37,21000200
2024-01-21,72.42490125,21000100,71.77,20991200,71.77,21000200
2024-01-22,67.97466,21000100,67.36,20991200,67.36,21000200
2024-01-23,66.077505,21000100,65.48,20991200,65.48,21000200
2024-01-24,66.71325375,21000100,66.11,20991200,66.11,21000200
2024-01-25,66.08759625,21000100,65.49,20991200,65.49,21000200
2024-01-26,67.6315575,21000100,67.02,20991200,67.02,21000200
2024-01-27,68.66086500000002,21000100,68.04,20991200,68.04,21000200
2024-01-28,68.94342,21000100,68.32,20991200,68.32,21000200
2024-01-29,69.03424125,21000100,68.41,20991200,68.41,21000200
2024-01-30,68.07557249999999,21000100,67.46,20991200,67.46,21000200
2024-01-31,67.32882000000001,21000100,66.72,20991200,66.72,21000200
2024-02-01,68.14621125000001,21000100,67.53,20991200,67.53,21000200
2024-02-02,68.65077375,21000100,68.03,20991200,68.03,21000200
2024-02-03,69.4479825,21000100,68.82,20991200,68.82,21000200
2024-02-04,67.54073625000001,21000100,66.93,20991200,66.93,21000200
2024-02-05,68.29758000000001,21000100,67.68,20991200,67.68,21000200
2024-02-06,68.90305500000001,21000100,68.28,20991200,68.28,21000200
2024-02-07,69.23606625000001,21000100,68.61,20991200,68.61,21000200
2024-02-08,71.15340375000001,21000100,70.51,20991200,70.51,21000200
2024-02-09,71.28459000000001,21000100,70.64,20991200,70.64,21000200
2024-02-10,71.43595875000001,21000100,70.79,20991200,70.79,21000200
2024-02-11,72.20289375,21000100,71.55,20991200,71.55,21000200
2024-02-12,73.5248475,21000100,72.86,20991200,72.86,21000200
2024-02-13,69.59935125,21000100,68.97,20991200,68.97,21000200
2024-02-14,70.517655,21000100,69.88,20991200,69.88,21000200
2024-02-15,70.75937253491666,21000100,69.82,20991200,69.82,21000200
2024-02-16,72.35659066795833,21000100,70.63,20991200,70.63,21000200
2024-02-17,71.03726612499999,21000100,70.0,20991200,70.0,21000200
2024-02-18,71.88285258525,21000100,70.86,20991200,70.86,21000200
2024-02-19,73.01566112133334,21000100,71.36,20991200,71.36,21000200
2024-02-20,71.7187583665,21000100,69.69,20991200,69.69,21000200
2024-02-21,69.58926,21000100,68.96,20991200,68.96,21000200
2024-02-22,69.69822821620834,21000100,68.83,20991200,68.83,21000200
2024-02-23,70.28965812183334,21000100,68.86,20991200,68.86,21000200
2024-02-24,72.49784181266666,21000100,70.48,20991200,70.48,21000200
2024-02-25,72.71231922666666,21000100,70.24,20991200,70.24,21000200
2024-02-26,75.040072774625,21000100,72.03,20991200,72.03,21000200
2024-02-27,77.73985898492026,21000100,74.06,20991200,74.06,21000200
2024-02-28,77.78744641066666,21000100,74.56,20991200,74.56,21000200
2024-02-29,84.41409890157057,21000100,79.99,20991200,79.99,21000200
2024-03-01,89.6606778605,21000100,84.99,20991200,84.99,21000200
2024-03-02,100.39141071566333,21000100,94.59,20991200,94.59,21000200
2024-03-03,95.91492728475,21000100,90.81,20991200,90.81,21000200
2024-03-04,94.03643437683334,21000100,89.03,20991200,89.03,21000200
2024-03-05,87.63779076518749,21000100,81.96,20991200,81.96,21000200
2024-03-06,87.57362786520834,21000100,85.93,20991200,85.93,21000200
2024-03-07,90.73080365625,21000100,88.1,20991200,88.1,21000200
2024-03-08,92.7706022065,21000100,88.42,20991200,88.42,21000200
2024-03-09,94.93460059420833,21000100,90.77,20991200,90.77,21000200
2024-03-10,91.94439951341666,21000100,87.49,20991200,87.49,21000200
2024-03-11,109.58481552241666,21000100,104.06,20991200,104.06,21000200
2024-03-12,103.9060145605,21000100,97.62,20991200,97.62,21000200
2024-03-13,101.73064814591666,21000100,97.31,20991200,97.31,21000200
2024-03-14,98.65319525533334,21000100,94.18,20991200,94.18,21000200
2024-03-15,92.413976642,21000100,89.84,20991200,89.84,21000200
2024-03-16,85.65158310933333,21000100,84.16,20991200,84.16,21000200
2024-03-17,87.083735831625,21000100,85.99,20991200,85.99,21000200
2024-03-18,88.42921469633333,21000100,86.84,20991200,86.84,21000200
2024-03-19,79.56717313375,21000100,78.51,20991200,78.51,21000200
2024-03-20,85.64212409866668,21000100,84.73,20991200,84.73,21000200
2024-03-21,87.23433265929167,21000100,85.81,20991200,85.81,21000200
2024-03-22,84.65161975295833,21000100,83.47,20991200,83.47,21000200
2024-03-23,86.47298610591666,21000100,85.33,20991200,85.33,21000200
2024-03-24,90.75623581375001,21000100,89.7,20991200,89.7,21000200
2024-03-25,92.15743445333332,21000100,90.64,20991200,90.64,21000200
2024-03-26,98.42407706404167,21000100,95.87,20991200,95.87,21000200
2024-03-27,96.86746125166668,21000100,93.65,20991200,93.65,21000200
2024-03-28,97.2573650125,21000100,94.2,20991200,94.2,21000200
2024-03-29,114.53785794350001,21000100,109.14,20991200,109.14,21000200
2024-03-30,108.81197659616666,21000100,102.92,20991200,102.92,21000200
2024-03-31,109.76654021187501,21000100,105.15,20991200,105.15,21000200
2024-04-01,104.30141900166667,21000100,99.28,20991200,99.28,21000200
2024-04-02,108.3544344285,21000100,106.86,20991200,106.86,21000200
2024-04-03,99.45232781137501,21000100,98.37,20991200,98.37,21000200
2024-04-04,99.52117053233334,21000100,98.47,20991200,98.47,21000200
2024-04-05,98.7933375,21000100,97.9,20991200,97.9,21000200
2024-04-06,102.75105602433334,21000100,101.68,20991200,101.68,21000200
2024-04-07,102.34677890708333,21000100,101.3,20991200,101.3,21000200
2024-04-08,104.59529084875,21000100,103.35,20991200,103.35,21000200
2024-04-09,98.51853515333332,21000100,97.6,20991200,97.6,21000200
2024-04-10,97.69793859500001,21000100,96.79,20991200,96.79,21000200
2024-04-11,99.906189185,21000100,98.85,20991200,98.85,21000200
2024-04-12,87.20119053312501,21000100,86.09,20991200,86.09,21000200
2024-04-13,78.03563625,21000100,77.33,20991200,77.33,21000200
2024-04-14,80.40708000000001,21000100,79.68,20991200,79.68,21000200
2024-04-15,78.77229750000001,21000100,78.06,20991200,78.06,21000200
2024-04-16,80.42608523708334,21000100,79.9,20991200,79.9,21000200
2024-04-17,80.55500763479166,21000100,80.15,20991200,80.15,21000200
2024-04-18,81.24036215266666,21000100,80.72,20991200,80.72,21000200
2024-04-19,81.46392055349999,21000100,80.82,20991200,80.82,21000200
2024-04-20,85.459689090125,21000100,84.99,20991200,84.99,21000200
2024-04-21,84.706237888,21000100,84.12,20991200,84.12,21000200
2024-04-22,85.7899487495,21000100,85.34,20991200,85.34,21000200
2024-04-23,85.18433293054166,21000100,84.97,20991200,84.97,21000200
2024-04-24,83.74394695849999,21000100,83.19,20991200,83.19,21000200
2024-04-25,84.40283950583333,21000100,83.72,20991200,83.72,21000200
2024-04-26,88.46942537133334,21000100,88.04,20991200,88.04,21000200
2024-04-27,84.35245999624999,21000100,83.83,20991200,83.83,21000200
2024-04-28,83.85886009849999,21000100,83.94,20991200,83.94,21000200
2024-04-29,84.17070865033334,21000100,83.48,20991200,83.48,21000200
2024-04-30,80.01068459854167,21000100,79.43,20991200,79.43,21000200
2024-05-01,80.64784819245834,21000100,80.11,20991200,80.11,21000200
2024-05-02,80.66724433333333,21000100,80.0,20991200,80.0,21000200
2024-05-03,82.33195578970832,21000100,81.83,20991200,81.83,21000200
2024-05-04,82.06252070000001,21000100,81.6,20991200,81.6,21000200
2024-05-05,81.74849453333333,21000100,81.28,20991200,81.28,21000200
2024-05-06,81.28976144733333,21000100,80.72,20991200,80.72,21000200
2024-05-07,80.94692716925,21000100,80.79,20991200,80.79,21000200
2024-05-08,82.251945174,21000100,81.66,20991200,81.66,21000200
2024-05-09,83.77033545183332,21000100,83.02,20991200,83.02,21000200
2024-05-10,80.91164250000001,21000100,80.18,20991200,80.18,21000200
2024-05-11,82.02565852625,21000100,81.35,20991200,81.35,21000200
2024-05-12,82.069728924125,21000100,81.39,20991200,81.39,21000200
2024-05-13,81.32538375000001,21000100,80.59,20991200,80.59,21000200
2024-05-14,79.26564742800001,21000100,78.73,20991200,78.73,21000200
2024-05-15,82.77779071466666,21000100,82.42,20991200,82.42,21000200
2024-05-16,83.14180875000001,21000100,82.39,20991200,82.39,21000200
2024-05-17,84.89768625,21000100,84.13,20991200,84.13,21000200
2024-05-18,84.5848575,21000100,83.82,20991200,83.82,21000200
2024-05-19,83.111535,21000100,82.36,20991200,82.36,21000200
2024-05-20,89.44680314091667,21000100,88.67,20991200,88.67,21000200
2024-05-21,89.09564625000002,21000100,88.29,20991200,88.29,21000200
2024-05-22,86.63338125,21000100,85.85,20991200,85.85,21000200
2024-05-23,86.260005,21000100,85.48,20991200,85.48,21000200
2024-05-24,85.82608125,21000100,85.05,20991200,85.05,21000200
2024-05-25,85.78571625000001,21000100,85.01,20991200,85.01,21000200
2024-05-26,84.726135,21000100,83.96,20991200,83.96,21000200
2024-05-27,86.0783625,21000100,85.3,20991200,85.3,21000200
2024-05-28,84.24175500000001,21000100,83.48,20991200,83.48,21000200
2024-05-29,84.46350919720832,21000100,83.63,20991200,83.63,21000200
2024-05-30,85.331514048,21000100,84.48,20991200,84.48,21000200
2024-05-31,84.00965625,21000100,83.25,20991200,83.25,21000200
2024-06-01,84.493684512,21000100,83.52,20991200,83.52,21000200
2024-06-02,84.052744083,21000100,83.16,20991200,83.16,21000200
2024-06-03,83.8877041035,21000100,82.89,20991200,82.89,21000200
2024-06-04,84.47385375,21000100,83.71,20991200,83.71,21000200
2024-06-05,86.71017188566667,21000100,85.48,20991200,85.48,21000200
2024-06-06,85.660875998875,21000100,84.27,20991200,84.27,21000200
2024-06-07,81.29302961016667,21000100,80.14,20991200,80.14,21000200
2024-06-08,80.689635,21000100,79.96,20991200,79.96,21000200
2024-06-09,81.21438,21000100,80.48,20991200,80.48,21000200
2024-06-10,80.42726250000001,21000100,79.7,20991200,79.7,21000200
2024-06-11,77.99527125000002,21000100,77.29,20991200,77.29,21000200
2024-06-12,79.20622125,21000100,78.49,20991200,78.49,21000200
2024-06-13,79.85206125,21000100,79.13,20991200,79.13,21000200
2024-06-14,78.267735,21000100,77.56,20991200,77.56,21000200
2024-06-15,79.93279125,21000100,79.21,20991200,79.21,21000200
2024-06-16,79.68051,21000100,78.96,20991200,78.96,21000200
2024-06-17,77.25861,21000100,76.56,20991200,76.56,21000200
2024-06-18,72.672479997375,21000100,72.61,20991200,72.61,21000200
2024-06-19,74.07578830175,21000100,73.74,20991200,73.74,21000200
2024-06-20,75.18367146166668,21000100,74.66,20991200,74.66,21000200
2024-06-21,74.45334790566667,21000100,74.12,20991200,74.12,21000200
2024-06-22,75.2605425,21000100,74.58,20991200,74.58,21000200
2024-06-23,74.01931875,21000100,73.35,20991200,73.35,21000200
2024-06-24,70.178238855,21000100,69.64,20991200,69.64,21000200
2024-06-25,71.6543133915,21000100,71.32,20991200,71.32,21000200
2024-06-26,71.57619794341667,21000100,70.97,20991200,70.97,21000200
2024-06-27,73.9081145055,21000100,73.24,20991200,73.24,21000200
2024-06-28,73.53493875000001,21000100,72.87,20991200,72.87,21000200
2024-06-29,75.48158102333335,21000100,74.9,20991200,74.9,21000200
2024-06-30,75.44418230699999,21000100,75.27,20991200,75.27,21000200
2024-07-01,75.04862625000001,21000100,74.37,20991200,74.37,21000200
2024-07-02,76.70359125,21000100,76.01,20991200,76.01,21000200
2024-07-03,72.70745625,21000100,72.05,20991200,72.05,21000200
2024-07-04,65.88788238525001,21000100,65.37,20991200,65.37,21000200
2024-07-05,61.770143650477124,21000100,61.8,20991200,61.8,21000200
2024-07-06,65.28899516188307,21000100,65.37,20991200,65.37,21000200
2024-07-07,62.380499002499995,21000100,62.02,20991200,62.02,21000200
2024-07-08,65.10107148825,21000100,64.89,20991200,64.89,21000200
2024-07-09,65.30440517679166,21000100,65.27,20991200,65.27,21000200
2024-07-10,67.19679744816666,21000100,66.91,20991200,66.91,21000200
2024-07-11,67.69539567449999,21000100,67.32,20991200,67.32,21000200
2024-07-12,69.40138379958333,21000100,69.22,20991200,69.22,21000200
2024-07-13,70.00313579675,21000100,69.78,20991200,69.78,21000200
2024-07-14,70.02098552049999,21000100,69.88,20991200,69.88,21000200
2024-07-15,72.21081671770834,21000100,72.25,20991200,72.25,21000200
2024-07-16,73.515655994625,21000100,73.17,20991200,73.17,21000200
2024-07-17,71.56270314866667,21000100,71.32,20991200,71.32,21000200
2024-07-18,72.08200276825,21000100,71.58,20991200,71.58,21000200
2024-07-19,73.787819931,21000100,73.36,20991200,73.36,21000200
2024-07-20,73.010957862,21000100,72.99,20991200,72.99,21000200
2024-07-21,73.837421909375,21000100,73.95,20991200,73.95,21000200
2024-07-22,71.79140025333334,21000100,71.2,20991200,71.2,21000200
2024-07-23,73.12786705775001,21000100,72.86,20991200,72.86,21000200
2024-07-24,71.691347734375,21000100,71.25,20991200,71.25,21000200
2024-07-25,69.11195997116667,21000100,68.77,20991200,68.77,21000200
2024-07-26,71.77601791800001,21000100,71.28,20991200,71.28,21000200
2024-07-27,71.9506125,21000100,71.3,20991200,71.3,21000200
2024-07-28,71.671295836875,21000100,71.05,20991200,71.05,21000200
2024-07-29,74.1948949805,21000100,73.66,20991200,73.66,21000200
2024-07-30,72.22525079558334,21000100,71.66,20991200,71.66,21000200
2024-07-31,70.71552590166665,21000100,70.1,20991200,70.1,21000200
2024-08-01,69.96586933450001,21000100,69.54,20991200,69.54,21000200
2024-08-02,65.35638557558333,21000100,65.02,20991200,65.02,21000200
2024-08-03,65.044946505,21000100,64.62,20991200,64.62,21000200
2024-08-04,62.5827866785,21000100,62.42,20991200,62.42,21000200
2024-08-05,56.320841658,21000100,56.04,20991200,56.04,21000200
2024-08-06,58.18640681741667,21000100,58.22,20991200,58.22,21000200
2024-08-07,56.1187564215,21000100,55.96,20991200,55.96,21000200
2024-08-08,61.04340645333333,21000100,61.12,20991200,61.12,21000200
2024-08-09,60.82704176708334,21000100,60.67,20991200,60.67,21000200
2024-08-10,61.559431099499996,21000100,61.14,20991200,61.14,21000200
2024-08-11,60.095079923750006,21000100,59.7,20991200,59.7,21000200
2024-08-12,61.91351914229167,21000100,61.45,20991200,61.45,21000200
2024-08-13,63.685146931249996,21000100,63.37,20991200,63.37,21000200
2024-08-14,64.28577557195833,21000100,64.03,20991200,64.03,21000200
2024-08-15,65.66518426416667,21000100,65.3,20991200,65.3,21000200
2024-08-16,66.63348241108334,21000100,66.47,20991200,66.47,21000200
2024-08-17,67.916815920625,21000100,67.55,20991200,67.55,21000200
2024-08-18,66.35217398887501,21000100,66.31,20991200,66.31,21000200
2024-08-19,66.667397719375,21000100,66.27,20991200,66.27,21000200
2024-08-20,64.65573766225,21000100,64.38,20991200,64.38,21000200
2024-08-21,64.43999918212499,21000100,64.23,20991200,64.23,21000200
2024-08-22,63.912438913500004,21000100,63.72,20991200,63.72,21000200
2024-08-23,66.25667445329167,21000100,66.07,20991200,66.07,21000200
2024-08-24,66.89683142541666,21000100,66.55,20991200,66.55,21000200
2024-08-25,65.16808001316667,21000100,64.76,20991200,64.76,21000200
2024-08-26,63.025468174,21000100,62.97,20991200,62.97,21000200
2024-08-27,60.627065790083336,21000100,60.34,20991200,60.34,21000200
2024-08-28,61.764909398125,21000100,61.79,20991200,61.79,21000200
2024-08-29,62.503468924625004,21000100,62.43,20991200,62.43,21000200
2024-08-30,65.10397772541668,21000100,64.9,20991200,64.9,21000200
2024-08-31,65.23042223274999,21000100,64.94,20991200,64.94,21000200
2024-09-01,63.936352989,21000100,63.54,20991200,63.54,21000200
2024-09-02,65.453207686125,21000100,65.31,20991200,65.31,21000200
2024-09-03,64.69539493608333,21000100,64.33,20991200,64.33,21000200
2024-09-04,65.58518453566667,21000100,65.36,20991200,65.36,21000200
2024-09-05,66.41874877225,21000100,66.01,20991200,66.01,21000200
2024-09-06,63.14654588649999,21000100,62.98,20991200,62.98,21000200
2024-09-07,62.122754477583335,21000100,62.02,20991200,62.02,21000200
2024-09-08,60.794266458624996,21000100,60.89,20991200,60.89,21000200
2024-09-09,61.233031728,21000100,61.38,20991200,61.38,21000200
2024-09-10,61.542256764083334,21000100,61.49,20991200,61.49,21000200
2024-09-11,62.31159103583333,21000100,62.15,20991200,62.15,21000200
2024-09-12,62.76192502125,21000100,62.79,20991200,62.79,21000200
2024-09-13,65.01932439333332,21000100,64.88,20991200,64.88,21000200
2024-09-14,66.0489445935,21000100,65.88,20991200,65.88,21000200
2024-09-15,63.40638170666667,21000100,63.2,20991200,63.2,21000200
2024-09-16,62.65802344024999,21000100,62.58,20991200,62.58,21000200
2024-09-17,63.61733704383333,21000100,63.73,20991200,63.73,21000200
2024-09-18,64.80862008708334,21000100,64.81,20991200,64.81,21000200
2024-09-19,65.77013172216667,21000100,65.38,20991200,65.38,21000200
2024-09-20,65.845318382125,21000100,65.29,20991200,65.29,21000200
2024-09-21,67.22337741025001,21000100,66.81,20991200,66.81,21000200
2024-09-22,69.05803643520834,21000100,68.65,20991200,68.65,21000200
2024-09-23,67.3738831065,21000100,66.93,20991200,66.93,21000200
2024-09-24,67.16528920766667,21000100,66.67,20991200,66.67,21000200
2024-09-25,66.7405375115,21000100,66.53,20991200,66.53,21000200
2024-09-26,69.15533625,21000100,68.53,20991200,68.53,21000200
2024-09-27,71.74878749999999,21000100,71.1,20991200,71.1,21000200
2024-09-28,70.55802,21000100,69.92,20991200,69.92,21000200
2024-09-29,69.86172375000001,21000100,69.23,20991200,69.23,21000200
2024-09-30,67.3893675,21000100,66.78,20991200,66.78,21000200
2024-10-01,63.83977644,21000100,63.36,20991200,63.36,21000200
2024-10-02,63.095989061666664,21000100,62.9,20991200,62.9,21000200
2024-10-03,63.80174314383333,21000100,63.43,20991200,63.43,21000200
2024-10-04,65.255911195125,21000100,64.89,20991200,64.89,21000200
2024-10-05,66.57047365375001,21000100,66.26,20991200,66.26,21000200
2024-10-06,67.60536430541669,21000100,67.01,20991200,67.01,21000200
2024-10-07,65.21755148445834,21000100,64.73,20991200,64.73,21000200
2024-10-08,66.2591475,21000100,65.66,20991200,65.66,21000200
2024-10-09,65.14911000000001,21000100,64.56,20991200,64.56,21000200
2024-10-10,64.71795692250001,21000100,64.26,20991200,64.26,21000200
2024-10-11,65.88130856175002,21000100,65.54,20991200,65.54,21000200
2024-10-12,66.59004275666666,21000100,66.16,20991200,66.16,21000200
2024-10-13,65.20442399462499,21000100,64.77,20991200,64.77,21000200
2024-10-14,67.3839569155,21000100,66.81,20991200,66.81,21000200
2024-10-15,71.49650625,21000100,70.85,20991200,70.85,21000200
2024-10-16,70.68920625,21000100,70.05,20991200,70.05,21000200
2024-10-17,73.4441175,21000100,72.78,20991200,72.78,21000200
2024-10-18,73.75694625000001,21000100,73.09,20991200,73.09,21000200
2024-10-19,75.55318875,21000100,74.87,20991200,74.87,21000200
2024-10-20,74.9779875,21000100,74.3,20991200,74.3,21000200
2024-10-21,71.3855025,21000100,70.74,20991200,70.74,21000200
2024-10-22,70.63875,21000100,70.0,20991200,70.0,21000200
2024-10-23,70.64134551266667,21000100,70.01,20991200,70.01,21000200
2024-10-24,71.7891525,21000100,71.14,20991200,71.14,21000200
2024-10-25,69.4278,21000100,68.8,20991200,68.8,21000200
2024-10-26,68.82427610483334,21000100,68.42,20991200,68.42,21000200
2024-10-27,71.41721482,21000100,71.05,20991200,71.05,21000200
2024-10-28,71.43595875000001,21000100,70.79,20991200,70.79,21000200
2024-10-29,74.6550675,21000100,73.98,20991200,73.98,21000200
2024-10-30,72.4349925,21000100,71.78,20991200,71.78,21000200
2024-10-31,69.952545,21000100,69.32,20991200,69.32,21000200
2024-11-01,70.90112250000001,21000100,70.26,20991200,70.26,21000200
2024-11-02,69.82135875,21000100,69.19,20991200,69.19,21000200
2024-11-03,67.4297325,21000100,66.82,20991200,66.82,21000200
2024-11-04,66.12796125,21000100,65.53,20991200,65.53,21000200
2024-11-05,65.96650125000001,21000100,65.37,20991200,65.37,21000200
2024-11-06,71.68824000000001,21000100,71.04,20991200,71.04,21000200
2024-11-07,72.132255,21000100,71.48,20991200,71.48,21000200
2024-11-08,73.4643,21000100,72.8,20991200,72.8,21000200
2024-11-09,74.6954325,21000100,74.02,20991200,74.02,21000200
2024-11-10,77.9028162186417,21000100,76.65,20991200,76.65,21000200
2024-11-11,81.42315246766667,21000100,80.12,20991200,80.12,21000200
2024-11-12,78.37491591709022,21000100,76.76,20991200,76.76,21000200
2024-11-13,76.811448118625,21000100,75.47,20991200,75.47,21000200
2024-11-14,83.2811576475,21000100,82.44,20991200,82.44,21000200
2024-11-15,84.52431000000001,21000100,83.76,20991200,83.76,21000200
2024-11-16,96.40171125,21000100,95.53,20991200,95.53,21000200
2024-11-17,88.29079547191667,21000100,87.26,20991200,87.26,21000200
2024-11-18,90.30371123020834,21000100,89.29,20991200,89.29,21000200
2024-11-19,87.89356212691666,21000100,86.74,20991200,86.74,21000200
2024-11-20,84.2142439055,21000100,83.42,20991200,83.42,21000200
2024-11-21,90.4176,21000100,89.6,20991200,89.6,21000200
2024-11-22,93.69512956450001,21000100,92.28,20991200,92.28,21000200
2024-11-23,102.1052937758845,21000100,99.59,20991200,99.59,21000200
2024-11-24,99.02593310833332,21000100,97.0,20991200,97.0,21000200
2024-11-25,93.83658741283334,21000100,92.36,20991200,92.36,21000200
2024-11-26,94.092448167,21000100,92.88,20991200,92.88,21000200
2024-11-27,99.16510025941668,21000100,97.34,20991200,97.34,21000200
2024-11-28,97.12639656225001,21000100,95.59,20991200,95.59,21000200
2024-11-29,106.7810278205,21000100,104.83,20991200,104.83,21000200
2024-11-30,105.08089012966666,21000100,102.82,20991200,102.82,21000200
2024-12-01,122.59171698270833,21000100,119.69,20991200,119.69,21000200
2024-12-02,136.96908565339314,21000100,133.0,20991200,133.0,21000200
2024-12-03,135.1781149783586,21000100,131.03,20991200,131.03,21000200
2024-12-04,138.35897624695332,21000100,133.84,20991200,133.84,21000200
2024-12-05,140.9586859628902,21000100,135.89,20991200,135.89,21000200
2024-12-06,139.54378228500002,21000100,136.06,20991200,136.06,21000200
2024-12-07,138.89507533958334,21000100,133.9,20991200,133.9,21000200
2024-12-08,137.8140373160833,21000100,135.01,20991200,135.01,21000200
2024-12-09,112.45247598791667,21000100,110.45,20991200,110.45,21000200
2024-12-10,110.79183375000001,21000100,109.79,20991200,109.79,21000200
2024-12-11,118.34008875,21000100,117.27,20991200,117.27,21000200
2024-12-12,120.328065,21000100,119.24,20991200,119.24,21000200
2024-12-13,125.62597125,21000100,124.49,20991200,124.49,21000200
2024-12-14,119.26848375,21000100,118.19,20991200,118.19,21000200
2024-12-15,122.24540250000001,21000100,121.14,20991200,121.14,21000200
2024-12-16,119.07675,21000100,118.0,20991200,118.0,21000200
2024-12-17,126.68555250000001,21000100,125.54,20991200,125.54,21000200
2024-12-18,109.27814625,21000100,108.29,20991200,108.29,21000200
2024-12-19,100.2061125,21000100,99.3,20991200,99.3,21000200
2024-12-20,102.244545,21000100,101.32,20991200,101.32,21000200
2024-12-21,102.392825814,21000100,101.52,20991200,101.52,21000200
2024-12-22,100.49076417475,21000100,99.74,20991200,99.74,21000200
2024-12-23,107.67363750000001,21000100,106.7,20991200,106.7,21000200
2024-12-24,109.268055,21000100,108.28,20991200,108.28,21000200
2024-12-25,110.79183375000001,21000100,109.79,20991200,109.79,21000200
2024-12-26,103.11611635074999,21000100,102.21,20991200,102.21,21000200
2024-12-27,101.437245,21000100,100.52,20991200,100.52,21000200
2024-12-28,101.09638772950001,21000100,100.68,20991200,100.68,21000200
2024-12-29,98.92215870983333,21000100,98.44,20991200,98.44,21000200
2024-12-30,100.12990545,21000100,99.36,20991200,99.36,21000200
2024-12-31,104.06248250016667,21000100,103.22,20991200,103.22,21000200
2025-01-01,106.10144987370832,21000100,105.19,20991200,105.19,21000200
2025-01-02,106.038855,21000100,105.08,20991200,105.08,21000200
2025-01-03,113.74857,21000100,112.72,20991200,112.72,21000200
2025-01-04,112.20460875,21000100,111.19,20991200,111.19,21000200
2025-01-05,116.7557625,21000100,115.7,20991200,115.7,21000200
2025-01-06,115.00997625000001,21000100,113.97,20991200,113.97,21000200
2025-01-07,103.60686375,21000100,102.67,20991200,102.67,21000200
2025-01-08,102.06349766562501,21000100,101.35,20991200,101.35,21000200
2025-01-09,102.87167983625,21000100,102.18,20991200,102.18,21000200
2025-01-10,104.827905,21000100,103.88,20991200,103.88,21000200
2025-01-11,104.85365742833334,21000100,104.3,20991200,104.3,21000200
2025-01-12,102.26477640499999,21000100,102.3,20991200,102.3,21000200
2025-01-13,98.07134949033333,21000100,98.33,20991200,98.33,21000200
2025-01-14,102.57875072,21000100,102.4,20991200,102.4,21000200
2025-01-15,117.99181829175,21000100,116.94,20991200,116.94,21000200
2025-01-16,125.49478500000001,21000100,124.36,20991200,124.36,21000200
2025-01-17,138.27030750000003,21000100,137.02,20991200,137.02,21000200
2025-01-18,126.48372750000001,21000100,125.34,20991200,125.34,21000200
2025-01-19,116.614485,21000100,115.56,20991200,115.56,21000200
2025-01-20,119.58131250000001,21000100,118.5,20991200,118.5,21000200
2025-01-21,120.14642250000001,21000100,119.06,20991200,119.06,21000200
2025-01-22,116.30354315125,21000100,115.34,20991200,115.34,21000200
2025-01-23,117.421785,21000100,116.36,20991200,116.36,21000200
2025-01-24,119.59598580120831,21000100,118.63,20991200,118.63,21000200
2025-01-25,124.66728940233332,21000100,123.88,20991200,123.88,21000200
2025-01-26,118.11808125,21000100,117.05,20991200,117.05,21000200
2025-01-27,115.17587525,21000100,115.0,20991200,115.0,21000200
2025-01-28,110.68954599375,21000100,109.86,20991200,109.86,21000200
2025-01-29,116.62195225999999,21000100,115.8,20991200,115.8,21000200
2025-01-30,131.12697051241668,21000100,130.06,20991200,130.06,21000200
2025-01-31,129.17809125,21000100,128.01,20991200,128.01,21000200
2025-02-01,119.09693250000001,21000100,118.02,20991200,118.02,21000200
2025-02-02,109.79115111733333,21000100,109.04,20991200,109.04,21000200
2025-02-03,106.71085625966667,21000100,106.84,20991200,106.84,21000200
2025-02-04,101.220151305,21000100,101.01,20991200,101.01,21000200
2025-02-05,103.67492062162499,21000100,103.31,20991200,103.31,21000200
2025-02-06,101.99627703483333,21000100,101.59,20991200,101.59,21000200
2025-02-07,103.35648232258335,21000100,103.03,20991200,103.03,21000200
2025-02-08,105.42528542316668,21000100,104.62,20991200,104.62,21000200
2025-02-09,108.1176525,21000100,107.14,20991200,107.14,21000200
2025-02-10,121.14607681933333,21000100,120.17,20991200,120.17,21000200
2025-02-11,120.25742625000001,21000100,119.17,20991200,119.17,21000200
2025-02-12,122.92219759750002,21000100,122.01,20991200,122.01,21000200
2025-02-13,127.07127003400001,21000100,126.53,20991200,126.53,21000200
2025-02-14,125.904184515375,21000100,124.83,20991200,124.83,21000200
2025-02-15,134.972382169625,21000100,133.77,20991200,133.77,21000200
2025-02-16,126.233792439,21000100,125.64,20991200,125.64,21000200
2025-02-17,122.68264377333334,21000100,122.24,20991200,122.24,21000200
2025-02-18,130.280906166625,21000100,129.67,20991200,129.67,21000200
2025-02-19,136.0502325,21000100,134.82,20991200,134.82,21000200
2025-02-20,131.56130375,21000100,130.75,20991200,130.75,21000200
2025-02-21,128.08614983766665,21000100,127.97,20991200,127.97,21000200
2025-02-22,126.40671939133334,21000100,125.84,20991200,125.84,21000200
2025-02-23,130.08849158279165,21000100,129.79,20991200,129.79,21000200
2025-02-24,114.747943777375,21000100,114.69,20991200,114.69,21000200
2025-02-25,114.1342526115,21000100,114.51,20991200,114.51,21000200
2025-02-26,124.59598268833332,21000100,124.6,20991200,124.6,21000200
2025-02-27,127.96714125000001,21000100,126.81,20991200,126.81,21000200
2025-02-28,128.36061637666666,21000100,127.99,20991200,127.99,21000200
2025-03-01,125.37369,21000100,124.24,20991200,124.24,21000200
2025-03-02,127.43770689008332,21000100,127.82,20991200,127.82,21000200
2025-03-03,109.39730290716668,21000100,109.81,20991200,109.81,21000200
2025-03-04,103.21641547233332,21000100,103.57,20991200,103.57,21000200
2025-03-05,104.23663852575,21000100,104.66,20991200,104.66,21000200
2025-03-06,103.09559847825,21000100,103.33,20991200,103.33,21000200
2025-03-07,103.74924315487499,21000100,103.63,20991200,103.63,21000200
2025-03-08,102.69007566566667,21000100,102.32,20991200,102.32,21000200
2025-03-09,94.73378814725,21000100,94.57,20991200,94.57,21000200
2025-03-10,87.76460824833333,21000100,87.44,20991200,87.44,21000200
2025-03-11,90.94409933525,21000100,90.41,20991200,90.41,21000200
2025-03-12,91.69621183658333,21000100,91.46,20991200,91.46,21000200
2025-03-13,88.47063041883334,21000100,88.04,20991200,88.04,21000200
2025-03-14,91.835747362875,21000100,91.27,20991200,91.27,21000200
2025-03-15,92.75144738808333,21000100,92.39,20991200,92.39,21000200
2025-03-16,90.030094091,21000100,90.16,20991200,90.16,21000200
2025-03-17,93.022870182375,21000100,92.23,20991200,92.23,21000200
2025-03-18,89.77629315325001,21000100,89.98,20991200,89.98,21000200
2025-03-19,94.67062871350002,21000100,94.04,20991200,94.04,21000200
2025-03-20,93.88026094649999,21000100,93.22,20991200,93.22,21000200
2025-03-21,91.50037576283334,21000100,90.79,20991200,90.79,21000200
2025-03-22,90.779755618125,21000100,91.35,20991200,91.35,21000200
2025-03-23,92.068545987,21000100,91.44,20991200,91.44,21000200
2025-03-24,94.33397464020834,21000100,93.73,20991200,93.73,21000200
2025-03-25,94.84865862000001,21000100,94.35,20991200,94.35,21000200
2025-03-26,93.09275712016665,21000100,92.38,20991200,92.38,21000200
2025-03-27,92.901968171375,21000100,92.73,20991200,92.73,21000200
2025-03-28,87.07378860375,21000100,87.3,20991200,87.3,21000200
2025-03-29,85.41189645787499,21000100,85.41,20991200,85.41,21000200
2025-03-30,86.09756339708333,21000100,86.06,20991200,86.06,21000200
2025-03-31,82.95617088091666,21000100,82.94,20991200,82.94,21000200
2025-04-01,84.83688646316668,21000100,84.43,20991200,84.43,21000200
2025-04-02,81.59972569937499,21000100,81.47,20991200,81.47,21000200
2025-04-03,83.74108556875,21000100,83.41,20991200,83.41,21000200
2025-04-04,85.041157087,21000100,84.36,20991200,84.36,21000200
2025-04-05,83.20555237916666,21000100,82.63,20991200,82.63,21000200
2025-04-06,70.457926728,21000100,70.56,20991200,70.56,21000200
2025-04-07,70.984118968125,21000100,70.95,20991200,70.95,21000200
2025-04-08,69.592703616,21000100,69.12,20991200,69.12,21000200
2025-04-09,76.629446345375,21000100,76.01,20991200,76.01,21000200
2025-04-10,74.29371414466668,21000100,73.76,20991200,73.76,21000200
2025-04-11,76.555918712,21000100,76.16,20991200,76.16,21000200
2025-04-12,78.86301667475,21000100,78.58,20991200,78.58,21000200
2025-04-13,78.28788412416667,21000100,77.8,20991200,77.8,21000200
2025-04-14,77.15944277062499,21000100,77.13,20991200,77.13,21000200
2025-04-15,75.53651876458332,21000100,75.25,20991200,75.25,21000200
2025-04-16,74.4304953035,21000100,74.28,20991200,74.28,21000200
2025-04-17,75.13226333958335,21000100,74.9,20991200,74.9,21000200
2025-04-18,76.53695548033333,21000100,75.94,20991200,75.94,21000200
2025-04-19,76.30445693179166,21000100,76.07,20991200,76.07,21000200
2025-04-20,78.395841437375,21000100,77.77,20991200,77.77,21000200
2025-04-21,78.75644413775001,21000100,78.09,20991200,78.09,21000200
2025-04-22,83.73875369,21000100,83.45,20991200,83.45,21000200
2025-04-23,83.77557074241665,21000100,83.21,20991200,83.21,21000200
2025-04-24,84.92916698229166,21000100,84.25,20991200,84.25,21000200
2025-04-25,86.898590086,21000100,86.24,20991200,86.24,21000200
2025-04-26,87.4811147125,21000100,87.0,20991200,87.0,21000200
2025-04-27,85.66421663304166,21000100,85.33,20991200,85.33,21000200
2025-04-28,85.898553254,21000100,85.62,20991200,85.62,21000200
2025-04-29,85.72858208716667,21000100,85.51,20991200,85.51,21000200
2025-04-30,83.37155147983334,21000100,83.48,20991200,83.48,21000200
2025-05-01,89.44288855320835,21000100,88.81,20991200,88.81,21000200
2025-05-02,88.11781777483333,21000100,87.91,20991200,87.91,21000200
2025-05-03,86.5599776175,21000100,86.49,20991200,86.49,21000200
2025-05-04,84.62834276125,21000100,84.99,20991200,84.99,21000200
2025-05-05,83.367909787375,21000100,83.19,20991200,83.19,21000200
2025-05-06,90.89890313191667,21000100,91.58,20991200,91.58,21000200
2025-05-07,90.3166875,21000100,89.5,20991200,89.5,21000200
2025-05-08,95.64943808016668,21000100,94.93,20991200,94.93,21000200
2025-05-09,101.40697125,21000100,100.49,20991200,100.49,21000200
2025-05-10,106.19022375000002,21000100,105.23,20991200,105.23,21000200
2025-05-11,100.736460165,21000100,100.08,20991200,100.08,21000200
2025-05-12,104.7673575,21000100,103.82,20991200,103.82,21000200
2025-05-13,104.31325125000001,21000100,103.37,20991200,103.37,21000200
2025-05-14,101.45965845183333,21000100,100.91,20991200,100.91,21000200
2025-05-15,99.87735053312498,21000100,99.21,20991200,99.21,21000200
2025-05-16,100.18769074416669,21000100,99.4,20991200,99.4,21000200
2025-05-17,96.6194488,21000100,96.0,20991200,96.0,21000200
2025-05-18,101.39763055725,21000100,100.89,20991200,100.89,21000200
2025-05-19,98.37511886262499,21000100,98.23,20991200,98.23,21000200
2025-05-20,94.238477092125,21000100,94.41,20991200,94.41,21000200
2025-05-21,97.41078580125001,21000100,97.05,20991200,97.05,21000200
2025-05-22,101.1345075,21000100,100.22,20991200,100.22,21000200
2025-05-23,96.04851750000002,21000100,95.18,20991200,95.18,21000200
2025-05-24,95.5328812665,21000100,95.56,20991200,95.56,21000200
2025-05-25,95.41479834249999,21000100,95.55,20991200,95.55,21000200
2025-05-26,95.44986698666666,21000100,94.96,20991200,94.96,21000200
2025-05-27,96.35034027608333,21000100,95.86,20991200,95.86,21000200
2025-05-28,96.10763914675,21000100,95.34,20991200,95.34,21000200
2025-05-29,93.75433785708333,21000100,93.14,20991200,93.14,21000200
2025-05-30,85.53649486312499,21000100,85.55,20991200,85.55,21000200
2025-05-31,86.86145995141666,21000100,86.99,20991200,86.99,21000200
2025-06-01,88.75376271783333,21000100,88.36,20991200,88.36,21000200
2025-06-02,89.94288428025,21000100,89.49,20991200,89.49,21000200
2025-06-03,90.00397614937499,21000100,89.45,20991200,89.45,21000200
2025-06-04,88.57273334395833,21000100,87.91,20991200,87.91,21000200
2025-06-05,83.79433486149999,21000100,83.53,20991200,83.53,21000200
2025-06-06,87.36827290975,21000100,87.22,20991200,87.22,21000200
2025-06-07,88.94767083583334,21000100,88.28,20991200,88.28,21000200
2025-06-08,87.686391909375,21000100,87.15,20991200,87.15,21000200
2025-06-09,91.13203866650001,21000100,90.68,20991200,90.68,21000200
2025-06-10,94.10940046449998,21000100,93.27,20991200,93.27,21000200
2025-06-11,92.34502875000001,21000100,91.51,20991200,91.51,21000200
2025-06-12,86.43791705333334,21000100,86.08,20991200,86.08,21000200
2025-06-13,86.21030104608333,21000100,86.47,20991200,86.47,21000200
2025-06-14,85.66395415954166,21000100,85.13,20991200,85.13,21000200
2025-06-15,86.61870175933332,21000100,86.24,20991200,86.24,21000200
2025-06-16,87.07355955599999,21000100,86.64,20991200,86.64,21000200
2025-06-17,84.784210584625,21000100,84.17,20991200,84.17,21000200
2025-06-18,85.07179507933333,21000100,85.03,20991200,85.03,21000200
2025-06-19,85.46265242058334,21000100,85.06,20991200,85.06,21000200
2025-06-20,83.382321176,21000100,82.88,20991200,82.88,21000200
2025-06-21,80.22588221083335,21000100,80.2,20991200,80.2,21000200
2025-06-22,80.13844437375,21000100,80.15,20991200,80.15,21000200
2025-06-23,85.0212191495,21000100,84.86,20991200,84.86,21000200
2025-06-24,85.41790509333333,21000100,84.8,20991200,84.8,21000200
2025-06-25,85.2496172255,21000100,84.62,20991200,84.62,21000200
2025-06-26,84.41516713875,21000100,84.21,20991200,84.21,21000200
2025-06-27,84.66122907370834,21000100,84.79,20991200,84.79,21000200
2025-06-28,86.60472328649999,21000100,86.27,20991200,86.27,21000200
2025-06-29,88.31364714666668,21000100,87.92,20991200,87.92,21000200
2025-06-30,86.47398134433332,21000100,85.96,20991200,85.96,21000200
2025-07-01,83.61517452749999,21000100,83.16,20991200,83.16,21000200
2025-07-02,87.4008511425,21000100,87.3,20991200,87.3,21000200
2025-07-03,89.86258125,21000100,89.05,20991200,89.05,21000200
2025-07-04,87.41077525491667,21000100,86.78,20991200,86.78,21000200
2025-07-05,87.45833226541666,21000100,87.49,20991200,87.49,21000200
2025-07-06,87.6583163025,21000100,87.3,20991200,87.3,21000200
2025-07-07,86.49511099266665,21000100,85.99,20991200,85.99,21000200
2025-07-08,88.05730017058333,21000100,87.71,20991200,87.71,21000200
2025-07-09,91.41663375,21000100,90.59,20991200,90.59,21000200
2025-07-10,95.705415,21000100,94.84,20991200,94.84,21000200
2025-07-11,95.09994,21000100,94.24,20991200,94.24,21000200
2025-07-12,93.57616125000001,21000100,92.73,20991200,92.73,21000200
2025-07-13,95.17578010500002,21000100,94.59,20991200,94.59,21000200
2025-07-14,96.4521675,21000100,95.58,20991200,95.58,21000200
2025-07-15,97.143384316,21000100,96.36,20991200,96.36,21000200
2025-07-16,98.3493225,21000100,97.46,20991200,97.46,21000200
2025-07-17,102.5271,21000100,101.6,20991200,101.6,21000200
2025-07-18,102.648195,21000100,101.72,20991200,101.72,21000200
2025-07-19,114.22285875,21000100,113.19,20991200,113.19,21000200
2025-07-20,117.69424875,21000100,116.63,20991200,116.63,21000200
2025-07-21,116.56402875,21000100,115.51,20991200,115.51,21000200
2025-07-22,120.78217125,21000100,119.69,20991200,119.69,21000200
2025-07-23,113.0825475,21000100,112.06,20991200,112.06,21000200
2025-07-24,113.26419,21000100,112.24,20991200,112.24,21000200
2025-07-25,114.79806,21000100,113.76,20991200,113.76,21000200
2025-07-26,114.94942875,21000100,113.91,20991200,113.91,21000200
2025-07-27,115.81727625,21000100,114.77,20991200,114.77,21000200
2025-07-28,109.95426,21000100,108.96,20991200,108.96,21000200
2025-07-29,109.25386935466666,21000100,108.46,20991200,108.46,21000200
2025-07-30,111.26858084625002,21000100,110.45,20991200,110.45,21000200
2025-07-31,106.53271896679166,21000100,106.01,20991200,106.01,21000200
2025-08-01,106.61459105395832,21000100,106.55,20991200,106.55,21000200
2025-08-02,106.94525730875,21000100,106.05,20991200,106.05,21000200
2025-08-03,110.972169123,21000100,110.34,20991200,110.34,21000200
2025-08-04,122.10075941,21000100,121.2,20991200,121.2,21000200
2025-08-05,121.3170075,21000100,120.22,20991200,120.22,21000200
2025-08-06,120.09119067291668,21000100,119.15,20991200,119.15,21000200
2025-08-07,123.71573352566668,21000100,122.84,20991200,122.84,21000200
2025-08-08,124.74816784299999,21000100,123.72,20991200,123.72,21000200
2025-08-09,121.05660623712501,21000100,120.13,20991200,120.13,21000200
2025-08-10,124.56998735125,21000100,123.69,20991200,123.69,21000200
2025-08-11,121.08490875,21000100,119.99,20991200,119.99,21000200
2025-08-12,131.07558040225,21000100,130.46,20991200,130.46,21000200
2025-08-13,132.08437125,21000100,130.89,20991200,130.89,21000200
2025-08-14,122.3261325,21000100,121.22,20991200,121.22,21000200
2025-08-15,119.67658098283333,21000100,119.06,20991200,119.06,21000200
2025-08-16,121.49396139333332,21000100,120.97,20991200,120.97,21000200
2025-08-17,121.02830241425002,21000100,120.67,20991200,120.67,21000200
2025-08-18,118.19996940424998,21000100,117.69,20991200,117.69,21000200
2025-08-19,113.22992309175,21000100,112.59,20991200,112.59,21000200
2025-08-20,116.44017619762501,21000100,116.01,20991200,116.01,21000200
2025-08-21,115.33826563212499,21000100,114.69,20991200,114.69,21000200
2025-08-22,123.60638102224999,21000100,122.97,20991200,122.97,21000200
2025-08-23,122.54814,21000100,121.44,20991200,121.44,21000200
2025-08-24,119.25839250000001,21000100,118.18,20991200,118.18,21000200
2025-08-25,109.59111479250001,21000100,109.08,20991200,109.08,21000200
2025-08-26,113.33939873275,21000100,113.43,20991200,113.43,21000200
2025-08-27,113.0618365905,21000100,112.14,20991200,112.14,21000200
2025-08-28,114.40391785333333,21000100,113.6,20991200,113.6,21000200
2025-08-29,110.53342760974999,21000100,109.86,20991200,109.86,21000200
2025-08-30,111.740229692,21000100,110.76,20991200,110.76,21000200
2025-08-31,109.5967109115,21000100,108.82,20991200,108.82,21000200
2025-09-01,109.43739816533333,21000100,108.68,20991200,108.68,21000200
2025-09-02,112.335237318375,21000100,111.69,20991200,111.69,21000200
2025-09-03,113.697268347,21000100,112.94,20991200,112.94,21000200
2025-09-04,111.71448202500001,21000100,111.0,20991200,111.0,21000200
2025-09-05,112.63385042929167,21000100,112.01,20991200,112.01,21000200
2025-09-06,112.73584343129166,21000100,112.09,20991200,112.09,21000200
2025-09-07,115.90809750000001,21000100,114.86,20991200,114.86,21000200
2025-09-08,112.71042881883332,21000100,112.69,20991200,112.69,21000200
2025-09-09,112.40450695883334,21000100,111.88,20991200,111.88,21000200
2025-09-10,118.13723446249999,21000100,117.59,20991200,117.59,21000200
2025-09-11,116.61969549866669,21000100,115.76,20991200,115.76,21000200
2025-09-12,118.67656312795833,21000100,117.97,20991200,117.97,21000200
2025-09-13,120.25742625000001,21000100,119.17,20991200,119.17,21000200
2025-09-14,115.54859214225,21000100,115.02,20991200,115.02,21000200
2025-09-15,114.18012947125001,21000100,113.66,20991200,113.66,21000200
2025-09-16,115.49555457199999,21000100,114.96,20991200,114.96,21000200
2025-09-17,117.66271096125001,21000100,116.97,20991200,116.97,21000200
2025-09-18,118.82494273924999,21000100,118.14,20991200,118.14,21000200
2025-09-19,114.70475162333334,21000100,113.95,20991200,113.95,21000200
2025-09-20,113.68648009124999,21000100,113.85,20991200,113.85,21000200
2025-09-21,114.157946128,21000100,113.92,20991200,113.92,21000200
2025-09-22,105.34310482344183,21000100,105.61,20991200,105.61,21000200
2025-09-23,106.19966337441666,21000100,106.01,20991200,106.01,21000200
2025-09-24,105.98355518391665,21000100,105.49,20991200,105.49,21000200
2025-09-25,102.10067606829166,21000100,102.23,20991200,102.23,21000200
2025-09-26,104.82198627083334,21000100,104.5,20991200,104.5,21000200
2025-09-27,105.16765590166668,21000100,104.42,20991200,104.42,21000200
2025-09-28,107.56160897708332,21000100,106.82,20991200,106.82,21000200
2025-09-29,107.60796153666666,21000100,106.72,20991200,106.72,21000200
2025-09-30,107.60264530424999,21000100,106.83,20991200,106.83,21000200
2025-10-01,116.03460805933335,21000100,115.06,20991200,115.06,21000200
2025-10-02,120.59043750000001,21000100,119.5,20991200,119.5,21000200
2025-10-03,121.57857787883333,21000100,120.52,20991200,120.52,21000200
2025-10-04,121.46775032791668,21000100,120.43,20991200,120.43,21000200
2025-10-05,119.75761235608333,21000100,118.78,20991200,118.78,21000200
2025-10-06,119.04272829166666,21000100,118.25,20991200,118.25,21000200
2025-10-07,117.643045856875,21000100,116.85,20991200,116.85,21000200
2025-10-08,119.476534934375,21000100,118.55,20991200,118.55,21000200
2025-10-09,126.78913823766666,21000100,125.84,20991200,125.84,21000200
2025-10-10,97.65302625,21000100,96.77,20991200,96.77,21000200
2025-10-11,94.75143631200822,21000100,93.28,20991200,93.28,21000200
2025-10-12,98.58128094395285,21000100,98.89,20991200,98.89,21000200
2025-10-13,99.40287224583335,21000100,99.4,20991200,99.4,21000200
2025-10-14,97.052639560125,21000100,97.29,20991200,97.29,21000200
2025-10-15,95.398796378125,21000100,95.43,20991200,95.43,21000200
2025-10-16,91.37481761791668,21000100,91.73,20991200,91.73,21000200
2025-10-17,89.91817953733333,21000100,90.08,20991200,90.08,21000200
2025-10-18,91.4413677225,21000100,91.62,20991200,91.62,21000200
2025-10-19,93.16554304075,21000100,93.27,20991200,93.27,21000200
2025-10-20,94.06146413333333,21000100,93.97,20991200,93.97,21000200
2025-10-21,92.74603234450001,21000100,92.42,20991200,92.42,21000200
2025-10-22,92.05328541025,21000100,91.83,20991200,91.83,21000200
2025-10-23,94.43419106399999,21000100,93.96,20991200,93.96,21000200
2025-10-24,96.74335671666667,21000100,96.4,20991200,96.4,21000200
2025-10-25,97.17443629804167,21000100,96.91,20991200,96.91,21000200
2025-10-26,100.42277307854168,21000100,99.95,20991200,99.95,21000200
2025-10-27,100.15308935362499,21000100,99.33,20991200,99.33,21000200
2025-10-28,96.16103354549999,21000100,96.58,20991200,96.58,21000200
2025-10-29,98.35215490533334,21000100,98.48,20991200,98.48,21000200
2025-10-30,93.64246534012499,21000100,93.33,20991200,93.33,21000200
2025-10-31,95.44642724750001,21000100,95.34,20991200,95.34,21000200
2025-11-01,101.92808977725001,21000100,101.31,20991200,101.31,21000200
2025-11-02,99.80662071600001,21000100,99.36,20991200,99.36,21000200
2025-11-03,87.02009324437499,21000100,87.35,20991200,87.35,21000200
2025-11-04,84.994523550625,21000100,85.15,20991200,85.15,21000200
2025-11-05,89.1109210725,21000100,89.34,20991200,89.34,21000200
2025-11-06,86.69250916833333,21000100,86.95,20991200,86.95,21000200
2025-11-07,102.35784489437499,21000100,101.85,20991200,101.85,21000200
2025-11-08,107.85968158437501,21000100,106.89,20991200,106.89,21000200
2025-11-09,110.52340351250001,21000100,110.22,20991200,110.22,21000200
2025-11-10,104.57132885666667,21000100,104.2,20991200,104.2,21000200
2025-11-11,100.48572148583332,21000100,99.64,20991200,99.64,21000200
2025-11-12,98.304058413,21000100,97.56,20991200,97.56,21000200
2025-11-13,96.758367637,21000100,96.49,20991200,96.49,21000200
2025-11-14,98.14284632208333,21000100,97.63,20991200,97.63,21000200
2025-11-15,102.371123098,21000100,101.67,20991200,101.67,21000200
2025-11-16,95.99320637041666,21000100,95.74,20991200,95.74,21000200
2025-11-17,91.13641992,21000100,91.2,20991200,91.2,21000200
2025-11-18,95.72743059225,21000100,95.61,20991200,95.61,21000200
2025-11-19,93.07630214437499,21000100,92.85,20991200,92.85,21000200
2025-11-20,87.67094548937499,21000100,87.19,20991200,87.19,21000200
2025-11-21,82.48853507491667,21000100,82.61,20991200,82.61,21000200
2025-11-22,82.25559473625,21000100,82.05,20991200,82.05,21000200
2025-11-23,82.79631587054166,21000100,83.03,20991200,83.03,21000200
2025-11-24,85.47103024920834,21000100,85.43,20991200,85.43,21000200
2025-11-25,85.0945977315,21000100,85.26,20991200,85.26,21000200
2025-11-26,86.89208901333333,21000100,86.8,20991200,86.8,21000200
2025-11-27,86.75861153891667,21000100,86.53,20991200,86.53,21000200
2025-11-28,84.2156930215,21000100,84.18,20991200,84.18,21000200
2025-11-29,83.83738489108333,21000100,83.89,20991200,83.89,21000200
2025-11-30,82.385577141,21000100,82.32,20991200,82.32,21000200
2025-12-01,77.04168046683334,21000100,77.48,20991200,77.48,21000200
2025-12-02,82.27056580833333,21000100,82.75,20991200,82.75,21000200
2025-12-03,85.93438063795834,21000100,85.79,20991200,85.79,21000200
2025-12-04,84.22179701900001,21000100,83.48,20991200,83.48,21000200
2025-12-05,80.81598645875,21000100,80.33,20991200,80.33,21000200
2025-12-06,81.44155809645834,21000100,81.65,20991200,81.65,21000200
2025-12-07,81.58527732008332,21000100,81.38,20991200,81.38,21000200
2025-12-08,84.08748174925,21000100,83.83,20991200,83.83,21000200
2025-12-09,86.11863360825,21000100,85.79,20991200,85.79,21000200
2025-12-10,84.673602349,21000100,84.28,20991200,84.28,21000200
2025-12-11,82.848223094625,21000100,82.89,20991200,82.89,21000200
2025-12-12,82.41576012083333,21000100,81.91,20991200,81.91,21000200
2025-12-13,81.63282005866667,21000100,81.44,20991200,81.44,21000200
2025-12-14,79.16465726133335,21000100,78.92,20991200,78.92,21000200
2025-12-15,77.55411769083334,21000100,77.48,20991200,77.48,21000200
2025-12-16,79.00677487733334,21000100,79.04,20991200,79.04,21000200
2025-12-17,76.14946990758334,21000100,75.98,20991200,75.98,21000200
2025-12-18,74.115554272,21000100,74.24,20991200,74.24,21000200
2025-12-19,77.75476607270834,21000100,77.45,20991200,77.45,21000200
2025-12-20,78.28932763833333,21000100,77.8,20991200,77.8,21000200
2025-12-21,76.93631418166666,21000100,76.73,20991200,76.73,21000200
2025-12-22,77.410103208875,21000100,77.01,20991200,77.01,21000200
2025-12-23,77.22304318733333,21000100,76.96,20991200,76.96,21000200
2025-12-24,75.60346162500001,21000100,75.75,20991200,75.75,21000200
2025-12-25,76.08442943850001,21000100,75.64,20991200,75.64,21000200
2025-12-26,77.14161781083334,21000100,76.84,20991200,76.84,21000200
2025-12-27,81.02264625000001,21000100,80.29,20991200,80.29,21000200
2025-12-28,79.27724283266667,21000100,78.68,20991200,78.68,21000200
2025-12-29,78.49891332,21000100,78.3,20991200,78.3,21000200
2025-12-30,79.2505221795,21000100,78.84,20991200,78.84,21000200
2025-12-31,77.27928373399999,21000100,76.82,20991200,76.82,21000200
2026-01-01,80.48812563899999,21000100,79.92,20991200,79.92,21000200
2026-01-02,82.529875419,21000100,81.88,20991200,81.88,21000200
2026-01-03,82.6891240665,21000100,82.04,20991200,82.04,21000200
2026-01-04,82.46022602000001,21000100,82.2,20991200,82.2,21000200
2026-01-05,83.81600551508335,21000100,83.42,20991200,83.42,21000200
2026-01-06,84.46584758791667,21000100,83.93,20991200,83.93,21000200
2026-01-07,81.78040967895834,21000100,81.65,20991200,81.65,21000200
2026-01-08,81.4725131835,21000100,81.26,20991200,81.26,21000200
2026-01-09,81.64469086383333,21000100,81.46,20991200,81.46,21000200
2026-01-10,81.741407675,21000100,81.15,20991200,81.15,21000200
2026-01-11,79.327473676,21000100,78.76,20991200,78.76,21000200
2026-01-12,76.40843891654166,21000100,76.07,20991200,76.07,21000200
2026-01-13,78.64362079875,21000100,78.15,20991200,78.15,21000200
2026-01-14,77.30144195804166,21000100,76.63,20991200,76.63,21000200
2026-01-15,72.35683751562502,21000100,72.15,20991200,72.15,21000200
2026-01-16,75.161563107125,21000100,75.17,20991200,75.17,21000200
2026-01-17,75.029797752,21000100,74.88,20991200,74.88,21000200
2026-01-18,72.65349291683334,21000100,72.23,20991200,72.23,21000200
2026-01-19,70.63032843854167,21000100,70.75,20991200,70.75,21000200
2026-01-20,67.30289163233333,21000100,67.07,20991200,67.07,21000200
2026-01-21,68.48494929000002,21000100,68.43,20991200,68.43,21000200
2026-01-22,68.31877517875002,21000100,68.15,20991200,68.15,21000200
2026-01-23,68.12224709716665,21000100,68.02,20991200,68.02,21000200
2026-01-24,68.20884951270834,21000100,68.15,20991200,68.15,21000200
2026-01-25,67.29279387891667,21000100,67.27,20991200,67.27,21000200
2026-01-26,70.03108413166666,21000100,69.68,20991200,69.68,21000200
2026-01-27,70.35818970833333,21000100,70.0,20991200,70.0,21000200
2026-01-28,69.497214888,21000100,69.36,20991200,69.36,21000200
2026-01-29,66.18551038745832,21000100,66.19,20991200,66.19,21000200
2026-01-30,65.52325901475001,21000100,65.43,20991200,65.43,21000200
2026-01-31,59.286740269125005,21000100,59.49,20991200,59.49,21000200
2026-02-01,58.351216489624996,21000100,58.47,20991200,58.47,21000200
2026-02-02,59.989919035499994,21000100,59.97,20991200,59.97,21000200
2026-02-03,59.508666573999996,21000100,59.44,20991200,59.44,21000200
2026-02-04,58.837022348958335,21000100,58.85,20991200,58.85,21000200
2026-02-05,50.606680442999995,21000100,50.73,20991200,50.73,21000200
2026-02-06,54.87248224575,21000100,54.99,20991200,54.99,21000200
2026-02-07,55.30394494425,21000100,55.17,20991200,55.17,21000200
2026-02-08,54.356243533333334,21000100,54.5,20991200,54.5,21000200
2026-02-09,54.373077600708335,21000100,54.41,20991200,54.41,21000200
2026-02-10,53.26662373904166,21000100,53.33,20991200,53.33,21000200
2026-02-11,52.143832601166665,21000100,52.28,20991200,52.28,21000200
2026-02-12,53.26797728175,21000100,53.13,20991200,53.13,21000200
2026-02-13,55.2584154375,21000100,55.0,20991200,55.0,21000200
2026-02-14,56.12171288125001,21000100,55.95,20991200,55.95,21000200
2026-02-15,55.208385043125,21000100,55.05,20991200,55.05,21000200
2026-02-16,55.364834935833336,21000100,55.1,20991200,55.1,21000200
2026-02-17,54.176608984874996,21000100,53.91,20991200,53.91,21000200
2026-02-18,53.32763739475,21000100,53.29,20991200,53.29,21000200
2026-02-19,52.4247296215,21000100,52.68,20991200,52.68,21000200
2026-02-20,55.30496552541666,21000100,55.15,20991200,55.15,21000200
2026-02-21,54.6891512235,21000100,54.87,20991200,54.87,21000200
2026-02-22,53.239023718958336,21000100,53.45,20991200,53.45,21000200
2026-02-23,51.063459512041675,21000100,51.31,20991200,51.31,21000200
2026-02-24,51.00628350854167,21000100,51.13,20991200,51.13,21000200
2026-02-25,56.75435900266667,21000100,56.74,20991200,56.74,21000200
2026-02-26,55.954792973083336,21000100,55.82,20991200,55.82,21000200
