DATETIME,CARRY,CARRY_CONTRACT,PRICE,PRICE_CONTRACT,FORWARD,FORWARD_CONTRACT
2020-10-16,0.82304235,21000100,0.8156,20991200,0.8156,21000200
2020-10-17,0.8152720875,21000100,0.8079,20991200,0.8079,21000200
2020-10-18,0.878140575,21000100,0.8702,20991200,0.8702,21000200
2020-10-19,0.808712775,21000100,0.8014,20991200,0.8014,21000200
2020-10-20,0.6830767125,21000100,0.6769,20991200,0.6769,21000200
2020-10-21,0.7124422499999999,21000100,0.706,20991200,0.706,21000200
2020-10-22,0.7563391875000001,21000100,0.7495,20991200,0.7495,21000200
2020-10-23,0.7355512125,21000100,0.7289,20991200,0.7289,21000200
2020-10-24,0.7474588875000001,21000100,0.7407,20991200,0.7407,21000200
2020-10-25,0.852710625,21000100,0.845,20991200,0.845,21000200
2020-10-26,0.78671385,21000100,0.7796,20991200,0.7796,21000200
2020-10-27,0.768751425,21000100,0.7618,20991200,0.7618,21000200
2020-10-28,0.7079011875000001,21000100,0.7015,20991200,0.7015,21000200
2020-10-29,0.69710355,21000100,0.6908,20991200,0.6908,21000200
2020-10-30,0.63655605,21000100,0.6308,20991200,0.6308,21000200
2020-10-31,0.6453354375,21000100,0.6395,20991200,0.6395,21000200
2020-11-02,0.6114288375,21000100,0.6059,20991200,0.6059,21000200
2020-11-03,0.567733725,21000100,0.5626,20991200,0.5626,21000200
2020-11-04,0.5387718375,21000100,0.5339,20991200,0.5339,21000200
2020-11-05,0.6056405826833332,21000100,0.692,20991200,0.692,21000200
2020-11-06,0.673876535045,21000100,0.7196,20991200,0.7196,21000200
2020-11-07,0.7028555625,21000100,0.6965,20991200,0.6965,21000200
2020-11-08,0.8231432625,21000100,0.8157,20991200,0.8157,21000200
2020-11-09,0.91639664818625,21000100,0.9273,20991200,0.9273,21000200
2020-11-10,0.9376412724845834,21000100,0.9443,20991200,0.9443,21000200
2020-11-11,0.8657283375,21000100,0.8579,20991200,0.8579,21000200
2020-11-12,0.7964014500000001,21000100,0.7892,20991200,0.7892,21000200
2020-11-13,0.9069006375,21000100,0.8987,20991200,0.8987,21000200
2020-11-14,0.87632415,21000100,0.8684,20991200,0.8684,21000200
2020-11-15,0.8382801375000001,21000100,0.8307,20991200,0.8307,21000200
2020-11-16,0.875315025,21000100,0.8674,20991200,0.8674,21000200
2020-11-17,0.9414127125,21000100,0.9329,20991200,0.9329,21000200
2020-11-18,0.84080295,21000100,0.8332,20991200,0.8332,21000200
2020-11-19,0.8532151875,21000100,0.8455,20991200,0.8455,21000200
2020-11-20,0.9566505,21000100,0.948,20991200,0.948,21000200
2020-11-21,1.19843685,21000100,1.1876,20991200,1.1876,21000200
2020-11-22,1.09025865,21000100,1.0804,20991200,1.0804,21000200
2020-11-23,1.2007748756933332,21000100,1.1722,20991200,1.1722,21000200
2020-11-24,1.2939225419625,21000100,1.2465,20991200,1.2465,21000200
2020-11-25,1.2147376276649389,21000100,1.1056,20991200,1.1056,21000200
2020-11-26,1.0249031015400003,21000100,1.0092,20991200,1.0092,21000200
2020-11-27,1.004886675,21000100,0.9958,20991200,0.9958,21000200
2020-11-28,1.0301148,21000100,1.0208,20991200,1.0208,21000200
2020-11-29,1.0235554875000001,21000100,1.0143,20991200,1.0143,21000200
2020-11-30,1.0882404,21000100,1.0784,20991200,1.0784,21000200
2020-12-02,1.1880428625000001,21000100,1.1773,20991200,1.1773,21000200
2020-12-03,1.1666494125,21000100,1.1561,20991200,1.1561,21000200
2020-12-04,1.1135694375,21000100,1.1035,20991200,1.1035,21000200
2020-12-05,1.1216424375,21000100,1.1115,20991200,1.1115,21000200
2020-12-06,1.0417197375,21000100,1.0323,20991200,1.0323,21000200
2020-12-07,1.0217390625,21000100,1.0125,20991200,1.0125,21000200
2020-12-08,0.9414127125,21000100,0.9329,20991200,0.9329,21000200
2020-12-09,1.004886675,21000100,0.9958,20991200,0.9958,21000200
2020-12-10,0.96512715,21000100,0.9564,20991200,0.9564,21000200
2020-12-11,0.8765259750000001,21000100,0.8686,20991200,0.8686,21000200
2020-12-12,0.9259731,21000100,0.9176,20991200,0.9176,21000200
2020-12-13,0.9622006875000001,21000100,0.9535,20991200,0.9535,21000200
2020-12-14,1.003272075,21000100,0.9942,20991200,0.9942,21000200
2020-12-15,1.015381575,21000100,1.0062,20991200,1.0062,21000200
2020-12-16,1.0582693875,21000100,1.0487,20991200,1.0487,21000200
2020-12-17,1.0284184172708335,21000100,0.9959,20991200,0.9959,21000200
2020-12-18,1.0379018170199998,21000100,1.0064,20991200,1.0064,21000200
2020-12-19,1.10500796695,21000100,1.0488,20991200,1.0488,21000200
2020-12-20,1.0777958367516667,21000100,1.0598,20991200,1.0598,21000200
2020-12-21,1.3015580180883335,21000100,1.2212,20991200,1.2212,21000200
2020-12-22,1.1760417121425,21000100,1.1593,20991200,1.1593,21000200
2020-12-23,0.9707782500000001,21000100,0.962,20991200,0.962,21000200
2020-12-24,1.0716907500000001,21000100,1.062,20991200,1.062,21000200
2020-12-25,1.029105675,21000100,1.0198,20991200,1.0198,21000200
2020-12-26,1.0346558625000002,21000100,1.0253,20991200,1.0253,21000200
2020-12-27,1.2080235375000001,21000100,1.1971,20991200,1.1971,21000200
2020-12-28,1.2379419442020831,21000100,1.2235,20991200,1.2235,21000200
2020-12-29,1.1762361000000001,21000100,1.1656,20991200,1.1656,21000200
2020-12-30,1.2202339500000001,21000100,1.2092,20991200,1.2092,21000200
2020-12-31,1.40672025,21000100,1.394,20991200,1.394,21000200
2021-01-02,1.4263981875,21000100,1.4135,20991200,1.4135,21000200
2021-01-03,1.55901862706,21000100,1.4802,20991200,1.4802,21000200
2021-01-04,1.5217364431111575,21000100,1.3891,20991200,1.3891,21000200
2021-01-05,1.5262376345066666,21000100,1.5008,20991200,1.5008,21000200
2021-01-06,1.710713894433326,21000100,1.5466,20991200,1.5466,21000200
2021-01-07,1.6835396246693306,21000100,1.5006,20991200,1.5006,21000200
2021-01-08,1.8440617898666667,21000100,1.7408,20991200,1.7408,21000200
2021-01-09,1.8290980768362501,21000100,1.7637,20991200,1.7637,21000200
2021-01-10,1.9733984506768398,21000100,1.7449,20991200,1.7449,21000200
2021-01-11,1.5184853768,21000100,1.4834,20991200,1.4834,21000200
2021-01-12,1.4476907250000002,21000100,1.4346,20991200,1.4346,21000200
2021-01-13,1.6237830375,21000100,1.6091,20991200,1.6091,21000200
2021-01-14,1.7831102797083336,21000100,1.729,20991200,1.729,21000200
2021-01-15,1.8922783972425001,21000100,1.8362,20991200,1.8362,21000200
2021-01-16,2.1219936660937497,21000100,2.0885,20991200,2.0885,21000200
2021-01-17,2.5468238084100006,21000100,2.5074,20991200,2.5074,21000200
2021-01-18,2.5305106050362496,21000100,2.4153,20991200,2.4153,21000200
2021-01-19,2.42234543518,21000100,2.1648,20991200,2.1648,21000200
2021-01-20,2.5525903274666666,21000100,2.486,20991200,2.486,21000200
2021-01-21,2.1885903,21000100,2.1688,20991200,2.1688,21000200
2021-01-22,2.3939472375000004,21000100,2.3723,20991200,2.3723,21000200
2021-01-23,2.4203321103033333,21000100,2.3899,20991200,2.3899,21000200
2021-01-24,2.6178306672,21000100,2.564,20991200,2.564,21000200
2021-01-25,2.52727031169125,21000100,2.4513,20991200,2.4513,21000200
2021-01-26,2.4217605931999997,21000100,2.384,20991200,2.384,21000200
2021-01-27,2.061139416225,21000100,2.034,20991200,2.034,21000200
2021-01-28,2.2722467625,21000100,2.2517,20991200,2.2517,21000200
2021-01-29,2.2471504172104164,21000100,2.2055,20991200,2.2055,21000200
2021-01-30,2.2174804818558336,21000100,2.1761,20991200,2.1761,21000200
2021-01-31,2.1990544032150003,21000100,2.1444,20991200,2.1444,21000200
2021-02-02,2.626989002483333,21000100,2.4646,20991200,2.4646,21000200
2021-02-03,2.937467674255444,21000100,2.5657,20991200,2.5657,21000200
2021-02-04,2.76505029747375,21000100,2.5003,20991200,2.5003,21000200
2021-02-05,3.3317708234469183,21000100,2.8684,20991200,2.8684,21000200
2021-02-06,3.0675952079758333,21000100,2.6953,20991200,2.6953,21000200
2021-02-07,3.7553892214208338,21000100,3.4079,20991200,3.4079,21000200
2021-02-08,3.8369305462112506,21000100,3.4719,20991200,3.4719,21000200
2021-02-09,3.8315662844783334,21000100,3.3148,20991200,3.3148,21000200
2021-02-10,3.887909932571425,21000100,3.2522,20991200,3.2522,21000200
2021-02-11,4.0297759037775,21000100,3.4623,20991200,3.4623,21000200
2021-02-12,5.343717177979167,21000100,4.735,20991200,4.735,21000200
2021-02-13,5.943002075698727,21000100,4.8401,20991200,4.8401,21000200
2021-02-14,5.380410633345139,21000100,4.3231,20991200,4.3231,21000200
2021-02-15,4.33504794146,21000100,4.0308,20991200,4.0308,21000200
2021-02-16,4.12815956599375,21000100,4.0899,20991200,4.0899,21000200
2021-02-17,4.453926247635001,21000100,4.2396,20991200,4.2396,21000200
2021-02-18,5.036756604180001,21000100,4.4507,20991200,4.4507,21000200
2021-02-19,5.122879554204165,21000100,4.3961,20991200,4.3961,21000200
2021-02-20,4.83271127355375,21000100,4.0041,20991200,4.0041,21000200
2021-02-21,4.225551633764999,21000100,4.1076,20991200,4.1076,21000200
2021-02-22,3.8281422844633335,21000100,3.7397,20991200,3.7397,21000200
2021-02-23,3.39510015,21000100,3.3644,20991200,3.3644,21000200
2021-02-24,3.5956746351725,21000100,3.5746,20991200,3.5746,21000200
2021-02-25,3.9356884125000002,21000100,3.9001,20991200,3.9001,21000200
2021-02-26,4.2672868875,21000100,4.2287,20991200,4.2287,21000200
2021-02-27,4.0472976375,21000100,4.0107,20991200,4.0107,21000200
2021-02-28,3.8527383375,21000100,3.8179,20991200,3.8179,21000200
2021-03-02,4.0779750375,21000100,4.0411,20991200,4.0411,21000200
2021-03-03,4.206335737500001,21000100,4.1683,20991200,4.1683,21000200
2021-03-04,4.5805192875000005,21000100,4.5391,20991200,4.5391,21000200
2021-03-05,4.204620225,21000100,4.1666,20991200,4.1666,21000200
2021-03-06,4.0919009625000005,21000100,4.0549,20991200,4.0549,21000200
2021-03-07,4.320165037500001,21000100,4.2811,20991200,4.2811,21000200
2021-03-08,4.753927523899999,21000100,4.584,20991200,4.584,21000200
2021-03-09,5.638903639272916,21000100,5.4209,20991200,5.4209,21000200
2021-03-10,5.738728032117083,21000100,5.3191,20991200,5.3191,21000200
2021-03-11,6.22328380443,21000100,6.0837,20991200,6.0837,21000200
2021-03-12,7.10811757108625,21000100,6.9297,20991200,6.9297,21000200
2021-03-13,7.726795626947917,21000100,7.4075,20991200,7.4075,21000200
2021-03-14,7.048628720620834,21000100,6.6203,20991200,6.6203,21000200
2021-03-15,6.152870913043749,21000100,5.9105,20991200,5.9105,21000200
2021-03-16,6.524504176968749,21000100,6.3931,20991200,6.3931,21000200
2021-03-17,6.37790176946375,21000100,6.2427,20991200,6.2427,21000200
2021-03-18,6.428254645199999,21000100,6.066,20991200,6.066,21000200
2021-03-19,6.5593200855000005,21000100,6.1785,20991200,6.1785,21000200
2021-03-20,6.961476664935001,21000100,6.2868,20991200,6.2868,21000200
2021-03-21,6.34203184322125,21000100,6.0519,20991200,6.0519,21000200
2021-03-22,5.892181493686667,21000100,5.4118,20991200,5.4118,21000200
2021-03-23,5.47467833984375,21000100,5.3125,20991200,5.3125,21000200
2021-03-24,4.987395742297499,21000100,4.8546,20991200,4.8546,21000200
2021-03-25,4.8580286625,21000100,4.8141,20991200,4.8141,21000200
2021-03-26,5.533234200000001,21000100,5.4832,20991200,5.4832,21000200
2021-03-27,5.384691000000001,21000100,5.336,20991200,5.336,21000200
2021-03-28,5.6766621530100005,21000100,5.6116,20991200,5.6116,21000200
2021-03-29,6.046163878186667,21000100,5.8124,20991200,5.8124,21000200
2021-03-30,6.92797719964625,21000100,6.3669,20991200,6.3669,21000200
2021-03-31,6.490010876258333,21000100,6.0119,20991200,6.0119,21000200
2021-04-02,6.819308519814166,21000100,6.0062,20991200,6.0062,21000200
2021-04-03,6.69947099314,21000100,5.6976,20991200,5.6976,21000200
2021-04-04,6.355682316850833,21000100,6.0947,20991200,6.0947,21000200
2021-04-05,6.746171630850417,21000100,6.1483,20991200,6.1483,21000200
2021-04-06,7.809398232945834,21000100,6.787,20991200,6.787,21000200
2021-04-07,6.613454849759999,21000100,6.1358,20991200,6.1358,21000200
2021-04-08,7.15043609028125,21000100,6.8231,20991200,6.8231,21000200
2021-04-09,6.929073027800001,21000100,6.424,20991200,6.424,21000200
2021-04-10,7.221258804196249,21000100,6.5181,20991200,6.5181,21000200
2021-04-11,7.519431878917916,21000100,6.7937,20991200,6.7937,21000200
2021-04-12,7.606037179979166,21000100,6.7345,20991200,6.7345,21000200
2021-04-13,7.554787593166667,21000100,6.5234,20991200,6.5234,21000200
2021-04-14,7.672541144115001,21000100,6.3513,20991200,6.3513,21000200
2021-04-15,7.528444189759999,21000100,6.5442,20991200,6.5442,21000200
2021-04-16,7.005878045133334,21000100,5.9552,20991200,5.9552,21000200
2021-04-17,7.177123265118333,21000100,5.8844,20991200,5.8844,21000200
2021-04-18,5.392138130555001,21000100,5.1612,20991200,5.1612,21000200
2021-04-19,4.7776014,21000100,4.7344,20991200,4.7344,21000200
2021-04-20,4.95611839205625,21000100,4.9395,20991200,4.9395,21000200
2021-04-21,4.8228102,21000100,4.7792,20991200,4.7792,21000200
2021-04-22,4.8354242625,21000100,4.7917,20991200,4.7917,21000200
2021-04-23,4.6933394625,21000100,4.6509,20991200,4.6509,21000200
2021-04-24,4.2842401875,21000100,4.2455,20991200,4.2455,21000200
2021-04-25,4.6901102625,21000100,4.6477,20991200,4.6477,21000200
2021-04-26,5.0705503875,21000100,5.0247,20991200,5.0247,21000200
2021-04-27,5.2062777,21000100,5.1592,20991200,5.1592,21000200
2021-04-28,4.967075443977083,21000100,4.9163,20991200,4.9163,21000200
2021-04-29,5.561899476750833,21000100,5.4989,20991200,5.4989,21000200
2021-04-30,5.694042595420834,21000100,5.5705,20991200,5.5705,21000200
2021-05-02,5.4328124578966674,21000100,5.2828,20991200,5.2828,21000200
2021-05-03,5.71415685661125,21000100,5.4837,20991200,5.4837,21000200
2021-05-04,4.95092172163875,21000100,4.8191,20991200,4.8191,21000200
2021-05-05,5.3216082486,21000100,5.2524,20991200,5.2524,21000200
2021-05-06,5.580217909695,21000100,5.2173,20991200,5.2173,21000200
2021-05-07,5.645548281037501,21000100,5.3285,20991200,5.3285,21000200
2021-05-08,5.664394425187499,21000100,5.2425,20991200,5.2425,21000200
2021-05-09,5.233621782198334,21000100,5.0726,20991200,5.0726,21000200
2021-05-10,4.8979824736,21000100,4.696,20991200,4.696,21000200
2021-05-11,4.995875137500001,21000100,4.9507,20991200,4.9507,21000200
2021-05-12,4.853260645306667,21000100,4.7507,20991200,4.7507,21000200
2021-05-13,5.546958300000001,21000100,5.4968,20991200,5.4968,21000200
2021-05-14,5.792781150000001,21000100,5.7404,20991200,5.7404,21000200
2021-05-15,6.05239667521125,21000100,5.9553,20991200,5.9553,21000200
2021-05-16,5.9319394875,21000100,5.8783,20991200,5.8783,21000200
2021-05-17,5.7778461000000005,21000100,5.7256,20991200,5.7256,21000200
2021-05-18,5.735664675,21000100,5.6838,20991200,5.6838,21000200
2021-05-19,3.20788443340625,21000100,3.6075,20991200,3.6075,21000200
2021-05-20,4.2295456125,21000100,4.1913,20991200,4.1913,21000200
2021-05-21,3.4963153875,21000100,3.4647,20991200,3.4647,21000200
2021-05-22,3.1935778875,21000100,3.1647,20991200,3.1647,21000200
2021-05-23,2.6840706750000005,21000100,2.6598,20991200,2.6598,21000200
2021-05-24,3.2970132,21000100,3.2672,20991200,3.2672,21000200
2021-05-25,3.3633127125,21000100,3.3329,20991200,3.3329,21000200
2021-05-26,3.569678775,21000100,3.5374,20991200,3.5374,21000200
2021-05-27,3.3318280125,21000100,3.3017,20991200,3.3017,21000200
2021-05-28,2.9471495625000004,21000100,2.9205,20991200,2.9205,21000200
2021-05-29,2.7181791,21000100,2.6936,20991200,2.6936,21000200
2021-05-30,3.1314138176258335,21000100,3.1147,20991200,3.1147,21000200
2021-05-31,3.3856143750000003,21000100,3.355,20991200,3.355,21000200
2021-06-02,3.3441393375,21000100,3.3139,20991200,3.3139,21000200
2021-06-03,3.644354025,21000100,3.6114,20991200,3.6114,21000200
2021-06-04,3.198724425,21000100,3.1698,20991200,3.1698,21000200
2021-06-05,3.3140674125,21000100,3.2841,20991200,3.2841,21000200
2021-06-06,3.2315209875,21000100,3.2023,20991200,3.2023,21000200
2021-06-07,2.950076025,21000100,2.9234,20991200,2.9234,21000200
2021-06-08,2.9184583500800003,21000100,2.8977,20991200,2.8977,21000200
2021-06-09,3.2392666546633335,21000100,3.2264,20991200,3.2264,21000200
2021-06-10,2.995083,21000100,2.968,20991200,2.968,21000200
2021-06-11,3.0492730125,21000100,3.0217,20991200,3.0217,21000200
2021-06-12,2.9269806700666665,21000100,2.9104,20991200,2.9104,21000200
2021-06-13,3.1423157670624997,21000100,3.1325,20991200,3.1325,21000200
2021-06-14,3.2519053125000004,21000100,3.2225,20991200,3.2225,21000200
2021-06-15,3.2459514750000005,21000100,3.2166,20991200,3.2166,21000200
2021-06-16,3.1039675875,21000100,3.0759,20991200,3.0759,21000200
2021-06-17,3.1126460625,21000100,3.0845,20991200,3.0845,21000200
2021-06-18,2.9554243875000004,21000100,2.9287,20991200,2.9287,21000200
2021-06-19,2.88650115,21000100,2.8604,20991200,2.8604,21000200
2021-06-20,2.87404819088,21000100,2.8816,20991200,2.8816,21000200
2021-06-21,2.2349643457733332,21000100,2.2394,20991200,2.2394,21000200
2021-06-22,2.1227699842087504,21000100,2.1303,20991200,2.1303,21000200
2021-06-23,2.16558225,21000100,2.146,20991200,2.146,21000200
2021-06-24,2.1885903,21000100,2.1688,20991200,2.1688,21000200
2021-06-25,1.9068837349899999,21000100,1.8897,20991200,1.8897,21000200
2021-06-26,1.8907720008133333,21000100,1.8847,20991200,1.8847,21000200
2021-06-27,1.9296623593325,21000100,1.9583,20991200,1.9583,21000200
2021-06-28,1.9694994570883333,21000100,1.9733,20991200,1.9733,21000200
2021-06-29,2.11222076627,21000100,2.0936,20991200,2.0936,21000200
2021-06-30,2.10567574943,21000100,2.0868,20991200,2.0868,21000200
2021-07-02,2.0891445044166663,21000100,2.1028,20991200,2.1028,21000200
2021-07-03,2.2122624272258333,21000100,2.2534,20991200,2.2534,21000200
2021-07-04,2.289385952544167,21000100,2.2889,20991200,2.2889,21000200
2021-07-05,2.1349630450899997,21000100,2.1668,20991200,2.1668,21000200
2021-07-06,2.21787602803625,21000100,2.2521,20991200,2.2521,21000200
2021-07-07,2.3274459000000003,21000100,2.3064,20991200,2.3064,21000200
2021-07-08,2.1097599039366663,21000100,2.0966,20991200,2.0966,21000200
2021-07-09,2.109273075,21000100,2.0902,20991200,2.0902,21000200
2021-07-10,2.1269260238391667,21000100,2.1107,20991200,2.1107,21000200
2021-07-11,2.17906732463125,21000100,2.1715,20991200,2.1715,21000200
2021-07-12,2.09804877367,21000100,2.0868,20991200,2.0868,21000200
2021-07-13,1.9500088164974998,21000100,1.9459,20991200,1.9459,21000200
2021-07-14,2.006407417554167,21000100,1.993,20991200,1.993,21000200
2021-07-15,1.9299778693216665,21000100,1.9253,20991200,1.9253,21000200
2021-07-16,1.8377921860020832,21000100,1.8367,20991200,1.8367,21000200
2021-07-17,1.89187921206375,21000100,1.9357,20991200,1.9357,21000200
2021-07-18,1.9068989060700001,21000100,1.9044,20991200,1.9044,21000200
2021-07-19,1.7188879207270833,21000100,1.7293,20991200,1.7293,21000200
2021-07-20,1.668554516195,21000100,1.6772,20991200,1.6772,21000200
2021-07-21,1.7829941773416667,21000100,1.826,20991200,1.826,21000200
2021-07-22,1.8942573923991666,21000100,1.9313,20991200,1.9313,21000200
2021-07-23,1.92791003358,21000100,1.9374,20991200,1.9374,21000200
2021-07-24,2.1513952912,21000100,2.136,20991200,2.136,21000200
2021-07-25,2.17446255,21000100,2.1548,20991200,2.1548,21000200
2021-07-26,2.163765825,21000100,2.1442,20991200,2.1442,21000200
2021-07-27,2.2528715625,21000100,2.2325,20991200,2.2325,21000200
2021-07-28,2.2455049500000004,21000100,2.2252,20991200,2.2252,21000200
2021-07-29,2.27537505,21000100,2.2548,20991200,2.2548,21000200
2021-07-30,2.34164744294,21000100,2.3218,20991200,2.3218,21000200
2021-07-31,2.410720374475,21000100,2.399,20991200,2.399,21000200
2021-08-02,2.3746729500000003,21000100,2.3532,20991200,2.3532,21000200
2021-08-03,2.3629671,21000100,2.3416,20991200,2.3416,21000200
2021-08-04,2.479823775,21000100,2.4574,20991200,2.4574,21000200
2021-08-05,2.539563975,21000100,2.5166,20991200,2.5166,21000200
2021-08-06,2.5489488375000002,21000100,2.5259,20991200,2.5259,21000200
2021-08-07,2.8479212586825002,21000100,2.7846,20991200,2.7846,21000200
2021-08-08,2.5839654750000003,21000100,2.5606,20991200,2.5606,21000200
2021-08-09,2.71373895,21000100,2.6892,20991200,2.6892,21000200
2021-08-10,2.8876111875,21000100,2.8615,20991200,2.8615,21000200
2021-08-11,3.0227732917316668,21000100,2.9764,20991200,2.9764,21000200
2021-08-12,3.39102406803875,21000100,3.3429,20991200,3.3429,21000200
2021-08-13,3.4494947487475005,21000100,3.4169,20991200,3.4169,21000200
2021-08-14,3.3341636272475004,21000100,3.2511,20991200,3.2511,21000200
2021-08-15,3.3919912095737503,21000100,3.2347,20991200,3.2347,21000200
2021-08-16,3.597682533411666,21000100,3.4663,20991200,3.4663,21000200
2021-08-17,3.797513414496667,21000100,3.7286,20991200,3.7286,21000200
2021-08-18,4.473249300000001,21000100,4.4328,20991200,4.4328,21000200
2021-08-19,4.5308703375,21000100,4.4899,20991200,4.4899,21000200
2021-08-20,4.505593872023334,21000100,4.4164,20991200,4.4164,21000200
2021-08-21,6.435470512260512,21000100,6.1879,20991200,6.1879,21000200
2021-08-22,5.710652543243728,21000100,5.467,20991200,5.467,21000200
2021-08-23,5.775205260553982,21000100,5.5036,20991200,5.5036,21000200
2021-08-24,5.315457591171071,21000100,5.0502,20991200,5.0502,21000200
2021-08-25,5.6538246375,21000100,5.6027,20991200,5.6027,21000200
2021-08-26,4.918497782372084,21000100,4.8707,20991200,4.8707,21000200
2021-08-27,5.371572375,21000100,5.323,20991200,5.323,21000200
2021-08-28,5.818005726041666,21000100,5.725,20991200,5.725,21000200
2021-08-29,5.718808477156667,21000100,5.5492,20991200,5.5492,21000200
2021-08-30,5.525795903648751,21000100,5.3349,20991200,5.3349,21000200
2021-08-31,5.39612537219125,21000100,5.2867,20991200,5.2867,21000200
2021-09-02,5.822804137106821,21000100,5.5016,20991200,5.5016,21000200
2021-09-03,6.54398684314375,21000100,6.1815,20991200,6.1815,21000200
2021-09-04,6.502310909711608,21000100,6.0874,20991200,6.0874,21000200
2021-09-05,6.615113689074347,21000100,6.15,20991200,6.15,21000200
2021-09-06,6.458459210690001,21000100,6.1032,20991200,6.1032,21000200
2021-09-07,8.100168950357205,21000100,8.6751,20991200,8.6751,21000200
2021-09-08,10.5854042027475,21000100,10.3838,20991200,10.3838,21000200
2021-09-09,9.8307948375,21000100,9.7419,20991200,9.7419,21000200
2021-09-10,10.073185306141667,21000100,9.9389,20991200,9.9389,21000200
2021-09-11,9.1344985875,21000100,9.0519,20991200,9.0519,21000200
2021-09-12,9.02924685,21000100,8.9476,20991200,8.9476,21000200
2021-09-13,8.286127200000001,21000100,8.2112,20991200,8.2112,21000200
2021-09-14,8.6985565875,21000100,8.6199,20991200,8.6199,21000200
2021-09-15,9.33763545,21000100,9.2532,20991200,9.2532,21000200
2021-09-16,8.8103676375,21000100,8.7307,20991200,8.7307,21000200
2021-09-17,8.400965625,21000100,8.325,20991200,8.325,21000200
2021-09-18,9.159895798631666,21000100,9.0748,20991200,9.0748,21000200
2021-09-19,10.2360588564525,21000100,10.0701,20991200,10.0701,21000200
2021-09-20,7.793526777255,21000100,7.6892,20991200,7.6892,21000200
2021-09-21,6.760935675,21000100,6.6998,20991200,6.6998,21000200
2021-09-22,7.832222775000001,21000100,7.7614,20991200,7.7614,21000200
2021-09-23,9.263525981520418,21000100,9.1819,20991200,9.1819,21000200
2021-09-24,8.0385888375,21000100,7.9659,20991200,7.9659,21000200
2021-09-25,7.623551997775,21000100,7.611,20991200,7.611,21000200
2021-09-26,7.326717424885834,21000100,7.2919,20991200,7.2919,21000200
2021-09-27,6.9461101125,21000100,6.8833,20991200,6.8833,21000200
2021-09-28,6.474646912500001,21000100,6.4161,20991200,6.4161,21000200
2021-09-29,6.702608250000001,21000100,6.642,20991200,6.642,21000200
2021-09-30,6.9862732875,21000100,6.9231,20991200,6.9231,21000200
2021-10-02,7.881568987500001,21000100,7.8103,20991200,7.8103,21000200
2021-10-03,8.1173005875,21000100,8.0439,20991200,8.0439,21000200
2021-10-04,7.70446755,21000100,7.6348,20991200,7.6348,21000200
2021-10-05,8.09837169408,21000100,7.9938,20991200,7.9938,21000200
2021-10-06,7.868147625,21000100,7.797,20991200,7.797,21000200
2021-10-07,8.567947268008332,21000100,8.2951,20991200,8.2951,21000200
2021-10-08,8.404249846575,21000100,8.118,20991200,8.118,21000200
2021-10-09,8.375826198529584,21000100,8.0501,20991200,8.0501,21000200
2021-10-10,7.653879673657083,21000100,7.3901,20991200,7.3901,21000200
2021-10-11,7.49686013745,21000100,7.4215,20991200,7.4215,21000200
2021-10-12,7.3421916750000005,21000100,7.2758,20991200,7.2758,21000200
2021-10-13,7.315550775,21000100,7.2494,20991200,7.2494,21000200
2021-10-14,8.17058555129,21000100,8.0572,20991200,8.0572,21000200
2021-10-15,7.99023581399125,21000100,7.8761,20991200,7.8761,21000200
2021-10-16,8.23872392074375,21000100,7.8713,20991200,7.8713,21000200
2021-10-17,8.140284219808333,21000100,7.802,20991200,7.802,21000200
2021-10-18,7.984860233699999,21000100,7.8547,20991200,7.8547,21000200
2021-10-19,8.443415094923333,21000100,8.1911,20991200,8.1911,21000200
2021-10-20,9.010498202194581,21000100,8.7473,20991200,8.7473,21000200
2021-10-21,10.149466057125002,21000100,9.486,20991200,9.486,21000200
2021-10-22,9.35824778325,21000100,9.1178,20991200,9.1178,21000200
2021-10-23,9.759247622918334,21000100,9.3169,20991200,9.3169,21000200
2021-10-24,9.950450821094998,21000100,9.6101,20991200,9.6101,21000200
2021-10-25,12.8368088004,21000100,12.3435,20991200,12.3435,21000200
2021-10-26,13.256722029959999,21000100,12.3243,20991200,12.3243,21000200
2021-10-27,11.558677604458333,21000100,10.861,20991200,10.861,21000200
2021-10-28,11.476801119796251,21000100,11.3631,20991200,11.3631,21000200
2021-10-29,11.699593514834586,21000100,11.5867,20991200,11.5867,21000200
2021-10-30,10.77280918516625,21000100,10.5023,20991200,10.5023,21000200
2021-10-31,10.567233208900833,21000100,10.1702,20991200,10.1702,21000200
2021-11-02,11.004693850485,21000100,10.4796,20991200,10.4796,21000200
2021-11-03,11.508947030944999,21000100,10.9798,20991200,10.9798,21000200
2021-11-04,11.0873711624625,21000100,10.611,20991200,10.611,21000200
2021-11-05,10.799184280388333,21000100,10.3723,20991200,10.3723,21000200
2021-11-06,10.554478821778332,21000100,10.2044,20991200,10.2044,21000200
2021-11-07,10.775216965846665,21000100,10.3532,20991200,10.3532,21000200
2021-11-08,11.460361468815,21000100,10.7271,20991200,10.7271,21000200
2021-11-09,12.005976899294168,21000100,11.3914,20991200,11.3914,21000200
2021-11-10,11.31814997258,21000100,10.7844,20991200,10.7844,21000200
2021-11-11,12.255812491366248,21000100,12.0467,20991200,12.0467,21000200
2021-11-12,11.600460658919584,21000100,11.4071,20991200,11.4071,21000200
2021-11-13,11.35593654171375,21000100,11.1637,20991200,11.1637,21000200
2021-11-14,11.9826529875,21000100,11.8743,20991200,11.8743,21000200
2021-11-15,11.63739374265,21000100,11.089,20991200,11.089,21000200
2021-11-16,9.948308766097917,21000100,9.6827,20991200,9.6827,21000200
2021-11-17,9.505352025,21000100,9.4194,20991200,9.4194,21000200
2021-11-18,8.885547449999999,21000100,8.8052,20991200,8.8052,21000200
2021-11-19,9.511801055055,21000100,9.4228,20991200,9.4228,21000200
2021-11-20,9.905534344729999,21000100,9.8088,20991200,9.8088,21000200
2021-11-21,9.8509063508125,21000100,9.6825,20991200,9.6825,21000200
2021-11-22,9.411504105245001,21000100,9.2818,20991200,9.2818,21000200
2021-11-23,10.12843119119,21000100,9.9866,20991200,9.9866,21000200
2021-11-24,9.540239432873333,21000100,9.2848,20991200,9.2848,21000200
2021-11-25,9.496563636960001,21000100,9.2934,20991200,9.2934,21000200
2021-11-26,8.545404990173333,21000100,8.2768,20991200,8.2768,21000200
2021-11-27,8.411609916596667,21000100,8.3176,20991200,8.3176,21000200
2021-11-28,8.4759436125,21000100,8.3993,20991200,8.3993,21000200
2021-11-29,8.5062173625,21000100,8.4293,20991200,8.4293,21000200
2021-11-30,8.8367058,21000100,8.7568,20991200,8.7568,21000200
2021-12-02,8.402218050235001,21000100,8.2452,20991200,8.2452,21000200
2021-12-03,9.2178523125,21000100,9.1345,20991200,9.1345,21000200
2021-12-04,8.043331725,21000100,7.9706,20991200,7.9706,21000200
2021-12-05,7.412224950000001,21000100,7.3452,20991200,7.3452,21000200
2021-12-06,7.322009175,21000100,7.2558,20991200,7.2558,21000200
2021-12-07,7.660267875000001,21000100,7.591,20991200,7.591,21000200
2021-12-08,9.428153962500001,21000100,9.3429,20991200,9.3429,21000200
2021-12-09,9.855013837500001,21000100,9.7659,20991200,9.7659,21000200
2021-12-10,10.102754025000001,21000100,10.0114,20991200,10.0114,21000200
2021-12-11,11.735417362500002,21000100,11.6293,20991200,11.6293,21000200
2021-12-12,10.6615065375,21000100,10.5651,20991200,10.5651,21000200
2021-12-13,9.186872175,21000100,9.1038,20991200,9.1038,21000200
2021-12-14,9.414833512500001,21000100,9.3297,20991200,9.3297,21000200
2021-12-15,9.9354411,21000100,9.8456,20991200,9.8456,21000200
2021-12-16,9.319572112500001,21000100,9.2353,20991200,9.2353,21000200
2021-12-17,8.4844202625,21000100,8.4077,20991200,8.4077,21000200
2021-12-18,8.497437975,21000100,8.4206,20991200,8.4206,21000200
2021-12-19,9.1039221,21000100,9.0216,20991200,9.0216,21000200
2021-12-20,8.588259225,21000100,8.5106,20991200,8.5106,21000200
2021-12-21,9.33763545,21000100,9.2532,20991200,9.2532,21000200
2021-12-22,10.9287228375,21000100,10.8299,20991200,10.8299,21000200
2021-12-23,13.838534775000001,21000100,13.7134,20991200,13.7134,21000200
2021-12-24,15.0795567,21000100,14.9432,20991200,14.9432,21000200
2021-12-25,15.35928615,21000100,15.2204,20991200,15.2204,21000200
2021-12-26,16.3973730375,21000100,16.2491,20991200,16.2491,21000200
2021-12-27,14.819265616400001,21000100,14.752,20991200,14.752,21000200
2021-12-28,13.406660882866667,21000100,13.3132,20991200,13.3132,21000200
2021-12-29,15.025669425,21000100,14.8898,20991200,14.8898,21000200
2021-12-30,15.515143510253335,21000100,15.4168,20991200,15.4168,21000200
2021-12-31,14.6691753332175,21000100,14.5989,20991200,14.5989,21000200
2022-01-01,15.040807286633333,21000100,15.169,20991200,15.169,21000200
2022-01-02,14.5144467,21000100,14.3832,20991200,14.3832,21000200
2022-01-03,16.619279625,21000100,16.469,20991200,16.469,21000200
2022-01-04,16.093133610274165,21000100,16.0387,20991200,16.0387,21000200
2022-01-05,15.437392425,21000100,15.2978,20991200,15.2978,21000200
2022-01-06,15.948320287745835,21000100,15.9227,20991200,15.9227,21000200
2022-01-07,15.099272232165,21000100,15.0606,20991200,15.0606,21000200
2022-01-08,13.942272825000002,21000100,13.8162,20991200,13.8162,21000200
2022-01-09,13.59142792422,21000100,13.5152,20991200,13.5152,21000200
2022-01-10,15.505917863125,21000100,15.45,20991200,15.45,21000200
2022-01-11,18.041917071486665,21000100,18.0296,20991200,18.0296,21000200
2022-01-12,17.608416396015002,21000100,17.5788,20991200,17.5788,21000200
2022-01-13,19.78086825,21000100,19.602,20991200,19.602,21000200
2022-01-14,20.367977175000004,21000100,20.1838,20991200,20.1838,21000200
2022-01-15,19.36235301525,21000100,19.2696,20991200,19.2696,21000200
2022-01-16,20.279617304685,21000100,20.1371,20991200,20.1371,21000200
2022-01-17,17.8381008,21000100,17.6768,20991200,17.6768,21000200
2022-01-18,17.80755928400375,21000100,17.6899,20991200,17.6899,21000200
2022-01-19,15.951776049105835,21000100,16.2053,20991200,16.2053,21000200
2022-01-20,15.1972189705,21000100,15.24,20991200,15.24,21000200
2022-01-21,13.253188612904168,21000100,13.211,20991200,13.211,21000200
2022-01-22,11.263445859050002,21000100,11.396,20991200,11.396,21000200
2022-01-23,11.3248875038875,21000100,11.689,20991200,11.689,21000200
2022-01-24,10.492096257000002,21000100,10.704,20991200,10.704,21000200
2022-01-25,11.765771414666666,21000100,12.112,20991200,12.112,21000200
2022-01-26,10.857733163083333,21000100,11.27,20991200,11.27,21000200
2022-01-27,10.035636643299556,21000100,10.524,20991200,10.524,21000200
2022-01-28,10.7510573752,21000100,10.763,20991200,10.763,21000200
2022-01-29,11.01105404,21000100,11.04,20991200,11.04,21000200
2022-01-30,10.431216954166668,21000100,10.345,20991200,10.345,21000200
2022-01-31,11.1580173385,21000100,11.112,20991200,11.112,21000200
2022-02-01,11.2944662922875,21000100,11.207,20991200,11.207,21000200
2022-02-02,10.954051875000001,21000100,10.855,20991200,10.855,21000200
2022-02-03,11.006260114875001,21000100,10.951,20991200,10.951,21000200
2022-02-04,13.011052242779167,21000100,12.977,20991200,12.977,21000200
2022-02-05,12.933955125,21000100,12.817,20991200,12.817,21000200
2022-02-06,13.607041500000001,21000100,13.484,20991200,13.484,21000200
2022-02-07,13.574512012500001,21000100,13.5,20991200,13.5,21000200
2022-02-08,12.830798667245833,21000100,12.767,20991200,12.767,21000200
2022-02-09,12.977270007045833,21000100,12.983,20991200,12.983,21000200
2022-02-10,11.721816044575,21000100,11.778,20991200,11.778,21000200
2022-02-11,10.849148776383332,21000100,10.844,20991200,10.844,21000200
2022-02-12,10.787278103,21000100,10.788,20991200,10.788,21000200
2022-02-13,10.323899170416666,21000100,10.369,20991200,10.369,21000200
2022-02-14,10.558387055520834,21000100,10.555,20991200,10.555,21000200
2022-02-15,11.3311543821,21000100,11.501,20991200,11.501,21000200
2022-02-16,11.224914869216667,21000100,11.212,20991200,11.212,21000200
2022-02-17,10.4956397106875,21000100,10.441,20991200,10.441,21000200
2022-02-18,10.097746196000001,21000100,10.265,20991200,10.265,21000200
2022-02-19,10.099239897029166,21000100,10.037,20991200,10.037,21000200
2022-02-20,9.311462731916668,21000100,9.287,20991200,9.287,21000200
2022-02-21,8.486375643899999,21000100,8.536,20991200,8.536,21000200
2022-02-22,8.7081730526,21000100,8.953,20991200,8.953,21000200
2022-02-23,8.367134712583333,21000100,8.546,20991200,8.546,21000200
2022-02-24,8.381268278666667,21000100,8.48,20991200,8.48,21000200
2022-02-25,8.958858449566666,21000100,8.932,20991200,8.932,21000200
2022-03-02,11.181105,21000100,11.08,20991200,11.08,21000200
2022-03-03,11.121566625000002,21000100,11.021,20991200,11.021,21000200
2022-03-04,10.51306425,21000100,10.418,20991200,10.418,21000200
2022-03-05,10.372133319041668,21000100,10.493,20991200,10.493,21000200
2022-03-06,10.111460948,21000100,10.083,20991200,10.083,21000200
2022-03-07,9.605681558025,21000100,9.651,20991200,9.651,21000200
2022-03-08,9.747832438500001,21000100,9.726,20991200,9.726,21000200
2022-03-09,11.592345056825001,21000100,11.598,20991200,11.598,21000200
2022-03-10,11.14074,21000100,11.04,20991200,11.04,21000200
2022-03-11,10.232835661445833,21000100,10.241,20991200,10.241,21000200
2022-03-12,10.088319827,21000100,10.32,20991200,10.32,21000200
2022-03-13,9.773061018733332,21000100,9.844,20991200,9.844,21000200
2022-03-14,10.03391879935,21000100,10.124,20991200,10.124,21000200
2022-03-15,10.163338233766666,21000100,10.109,20991200,10.109,21000200
2022-03-16,10.717494759920834,21000100,10.807,20991200,10.807,21000200
2022-03-17,10.780713613333335,21000100,10.72,20991200,10.72,21000200
2022-03-18,11.413286333058332,21000100,11.357,20991200,11.357,21000200
2022-03-19,11.394030375000002,21000100,11.291,20991200,11.291,21000200
2022-03-20,10.748190375,21000100,10.651,20991200,10.651,21000200
2022-03-21,10.9369156408875,21000100,10.851,20991200,10.851,21000200
2022-03-22,11.151231460970832,21000100,11.059,20991200,11.059,21000200
2022-03-23,12.5903338968125,21000100,12.491,20991200,12.491,21000200
2022-03-24,13.005603,21000100,12.888,20991200,12.888,21000200
2022-03-25,12.32855087005,21000100,12.219,20991200,12.219,21000200
2022-03-26,12.826987875,21000100,12.711,20991200,12.711,21000200
2022-03-27,13.3050123421875,21000100,13.185,20991200,13.185,21000200
2022-03-28,12.735931375208333,21000100,12.634,20991200,12.634,21000200
2022-03-29,14.215543875,21000100,14.087,20991200,14.087,21000200
2022-03-30,14.163069375000001,21000100,14.035,20991200,14.035,21000200
2022-03-31,13.42741725,21000100,13.306,20991200,13.306,21000200
2022-04-03,16.95531825,21000100,16.802,20991200,16.802,21000200
2022-04-04,17.277229124999998,21000100,17.121,20991200,17.121,21000200
2022-04-05,16.288286624999998,21000100,16.141,20991200,16.141,21000200
2022-04-06,15.385119750000001,21000100,15.246,20991200,15.246,21000200
2022-04-07,17.400001010933334,21000100,17.437,20991200,17.437,21000200
2022-04-08,17.43274669066667,21000100,17.524,20991200,17.524,21000200
2022-04-09,17.701061625,21000100,17.541,20991200,17.541,21000200
2022-04-10,15.816549345483335,21000100,15.796,20991200,15.796,21000200
2022-04-11,16.061843250804166,21000100,16.037,20991200,16.037,21000200
2022-04-12,16.668384276654166,21000100,16.519,20991200,16.519,21000200
2022-04-13,16.8347710245,21000100,16.83,20991200,16.83,21000200
2022-04-14,16.518367125,21000100,16.369,20991200,16.369,21000200
2022-04-15,16.041201138616668,21000100,16.018,20991200,16.018,21000200
2022-04-16,16.0457032211625,21000100,15.929,20991200,15.929,21000200
2022-04-17,15.818034375000002,21000100,15.675,20991200,15.675,21000200
2022-04-18,16.312505625,21000100,16.165,20991200,16.165,21000200
2022-04-19,17.575930125000003,21000100,17.417,20991200,17.417,21000200
2022-04-20,16.794867375000003,21000100,16.643,20991200,16.643,21000200
2022-04-21,15.771614625,21000100,15.629,20991200,15.629,21000200
2022-04-22,15.702994125,21000100,15.561,20991200,15.561,21000200
2022-04-23,15.458785875000002,21000100,15.319,20991200,15.319,21000200
2022-04-24,15.141920625000001,21000100,15.005,20991200,15.005,21000200
2022-04-25,14.371388766208334,21000100,14.27,20991200,14.27,21000200
2022-04-26,12.745622894400002,21000100,12.672,20991200,12.672,21000200
2022-04-27,12.6698658300375,21000100,12.873,20991200,12.873,21000200
2022-04-28,12.289137622333334,21000100,12.392,20991200,12.392,21000200
2022-04-29,11.244453179320834,21000100,11.281,20991200,11.281,21000200
2022-04-30,10.322524098166667,21000100,10.324,20991200,10.324,21000200
2022-05-01,11.37695970513153,21000100,11.826,20991200,11.826,21000200
2022-05-02,11.4405065113875,21000100,11.839,20991200,11.839,21000200
2022-05-03,11.809271498675,21000100,11.991,20991200,11.991,21000200
2022-05-04,12.776811309583334,21000100,12.97,20991200,12.97,21000200
2022-05-05,11.271985283766668,21000100,11.207,20991200,11.207,21000200
2022-05-06,10.675245447166667,21000100,10.772,20991200,10.772,21000200
2022-05-07,10.269672297391667,21000100,10.427,20991200,10.427,21000200
2022-05-08,11.076008781374998,21000100,11.133,20991200,11.133,21000200
2022-05-09,9.3225266822875,21000100,9.383,20991200,9.383,21000200
2022-05-10,9.465407743808333,21000100,9.562,20991200,9.562,21000200
2022-05-11,6.095298115308875,21000100,6.484,20991200,6.484,21000200
2022-05-12,5.819285877551256,21000100,6.411,20991200,6.411,21000200
2022-05-13,6.2959514841083335,21000100,6.518,20991200,6.518,21000200
2022-05-14,6.112422382616667,21000100,6.671,20991200,6.671,21000200
2022-05-15,7.004151057525,21000100,7.341,20991200,7.341,21000200
2022-05-16,6.3711265464,21000100,6.534,20991200,6.534,21000200
2022-05-17,6.398358997375,21000100,6.67,20991200,6.67,21000200
2022-05-18,5.698477486075,21000100,5.918,20991200,5.918,21000200
2022-05-19,5.999664652454167,21000100,6.101,20991200,6.101,21000200
2022-05-20,5.730616398745833,21000100,5.749,20991200,5.749,21000200
2022-05-21,5.993275540670834,21000100,6.131,20991200,6.131,21000200
2022-05-22,6.168951716625,21000100,6.234,20991200,6.234,21000200
2022-05-23,5.792261625808333,21000100,5.842,20991200,5.842,21000200
2022-05-24,5.829725956166667,21000100,5.963,20991200,5.963,21000200
2022-05-25,5.6818038862,21000100,5.752,20991200,5.752,21000200
2022-05-26,5.12344385565,21000100,5.228,20991200,5.228,21000200
2022-05-27,4.67039872,21000100,4.8,20991200,4.8,21000200
2022-05-28,4.831138415166667,21000100,4.988,20991200,4.988,21000200
2022-05-29,5.0057025827374995,21000100,5.177,20991200,5.177,21000200
2022-05-30,5.6470573068,21000100,5.754,20991200,5.754,21000200
2022-05-31,5.928483065583333,21000100,5.953,20991200,5.953,21000200
2022-06-01,5.332650100708333,21000100,5.338,20991200,5.338,21000200
2022-06-02,5.51725599505,21000100,5.601,20991200,5.601,21000200
2022-06-03,5.1651542551125,21000100,5.247,20991200,5.247,21000200
2022-06-04,5.269025815083333,21000100,5.327,20991200,5.327,21000200
2022-06-05,5.296049594066666,21000100,5.326,20991200,5.326,21000200
2022-06-06,5.4783848385,21000100,5.48,20991200,5.48,21000200
2022-06-07,5.1649050376625,21000100,5.191,20991200,5.191,21000200
2022-06-08,5.091708350708333,21000100,5.062,20991200,5.062,21000200
2022-06-09,5.104963712666667,21000100,5.08,20991200,5.08,21000200
2022-06-10,4.4762500485,21000100,4.49,20991200,4.49,21000200
2022-06-11,4.035839181670833,21000100,4.097,20991200,4.097,21000200
2022-06-12,3.60209334525,21000100,3.69,20991200,3.69,21000200
2022-06-13,3.35210144025,21000100,3.516,20991200,3.516,21000200
2022-06-14,3.3258150502041666,21000100,3.377,20991200,3.377,21000200
2022-06-15,3.6726032809333335,21000100,3.811,20991200,3.811,21000200
2022-06-16,3.1764330840625,21000100,3.219,20991200,3.219,21000200
2022-06-17,3.141098970458333,21000100,3.37,20991200,3.37,21000200
2022-06-18,2.91521896525,21000100,3.09,20991200,3.09,21000200
2022-06-19,3.0898386975000003,21000100,3.285,20991200,3.285,21000200
2022-06-20,3.3057823101333335,21000100,3.406,20991200,3.406,21000200
2022-06-21,3.508535239,21000100,3.516,20991200,3.516,21000200
2022-06-22,3.2420220514499998,21000100,3.276,20991200,3.276,21000200
2022-06-23,3.5265911528,21000100,3.552,20991200,3.552,21000200
2022-06-24,4.006709699299999,21000100,3.993,20991200,3.993,21000200
2022-06-25,4.166496188958333,21000100,4.171,20991200,4.171,21000200
2022-06-26,3.70235706065,21000100,3.788,20991200,3.788,21000200
2022-06-27,3.6439224817333336,21000100,3.736,20991200,3.736,21000200
2022-06-28,3.3797507257291666,21000100,3.415,20991200,3.415,21000200
2022-06-29,3.37839851115,21000100,3.428,20991200,3.428,21000200
2022-06-30,3.2981013515625,21000100,3.335,20991200,3.335,21000200
2022-07-01,3.2933342048,21000100,3.351,20991200,3.351,21000200
2022-07-02,3.2632686929791666,21000100,3.311,20991200,3.311,21000200
2022-07-03,3.248051624475,21000100,3.318,20991200,3.318,21000200
2022-07-04,3.5047181531625005,21000100,3.519,20991200,3.519,21000200
2022-07-05,3.4085054158166663,21000100,3.391,20991200,3.391,21000200
2022-07-06,3.4858047185500003,21000100,3.498,20991200,3.498,21000200
2022-07-07,3.7123292544666664,21000100,3.701,20991200,3.701,21000200
2022-07-08,3.5844436842666667,21000100,3.584,20991200,3.584,21000200
2022-07-09,3.788662674745833,21000100,3.791,20991200,3.791,21000200
2022-07-10,3.55312414205,21000100,3.524,20991200,3.524,21000200
2022-07-11,3.2061883351208333,21000100,3.223,20991200,3.223,21000200
2022-07-12,3.1130986675,21000100,3.183,20991200,3.183,21000200
2022-07-13,3.230341578016667,21000100,3.334,20991200,3.334,21000200
2022-07-14,3.4037003592,21000100,3.488,20991200,3.488,21000200
2022-07-15,3.4541438259625,21000100,3.499,20991200,3.499,21000200
2022-07-16,3.6209204463208335,21000100,3.641,20991200,3.641,21000200
2022-07-17,3.5146799779249998,21000100,3.522,20991200,3.522,21000200
2022-07-18,4.0579024294875,21000100,4.059,20991200,4.059,21000200
2022-07-19,4.570327125,21000100,4.529,20991200,4.529,21000200
2022-07-20,4.180006736825001,21000100,4.182,20991200,4.182,21000200
2022-07-21,4.40912183225,21000100,4.372,20991200,4.372,21000200
2022-07-22,4.327482915816667,21000100,4.316,20991200,4.316,21000200
2022-07-23,4.285427530874999,21000100,4.302,20991200,4.302,21000200
2022-07-24,4.300630098033333,21000100,4.348,20991200,4.348,21000200
2022-07-25,3.7480935024,21000100,3.783,20991200,3.783,21000200
2022-07-26,3.74813854965,21000100,3.751,20991200,3.751,21000200
2022-07-27,4.077404665858333,21000100,4.147,20991200,4.147,21000200
2022-07-28,4.319704882508333,21000100,4.366,20991200,4.366,21000200
2022-07-29,4.3976757170625005,21000100,4.365,20991200,4.365,21000200
2022-07-30,4.3644545059499995,21000100,4.356,20991200,4.356,21000200
2022-07-31,4.1908158031000005,21000100,4.226,20991200,4.226,21000200
2022-08-01,4.227360174491667,21000100,4.267,20991200,4.267,21000200
2022-08-02,4.230715937279167,21000100,4.309,20991200,4.309,21000200
2022-08-03,4.473853289583333,21000100,4.51,20991200,4.51,21000200
2022-08-04,4.4509315412333335,21000100,4.417,20991200,4.417,21000200
2022-08-05,5.1854814015,21000100,5.193,20991200,5.193,21000200
2022-08-06,4.945721625,21000100,4.901,20991200,4.901,21000200
2022-08-07,5.010784023066666,21000100,4.976,20991200,4.976,21000200
2022-08-08,5.441955763291666,21000100,5.486,20991200,5.486,21000200
2022-08-09,5.399668228733333,21000100,5.362,20991200,5.362,21000200
2022-08-10,5.82157182295,21000100,5.902,20991200,5.902,21000200
2022-08-11,5.627498598458334,21000100,5.755,20991200,5.755,21000200
2022-08-12,6.013921762245833,21000100,5.971,20991200,5.971,21000200
2022-08-13,5.855135680554167,21000100,5.881,20991200,5.881,21000200
2022-08-14,5.601459377916667,21000100,5.612,20991200,5.612,21000200
2022-08-15,5.3717768628333324,21000100,5.395,20991200,5.395,21000200
2022-08-16,5.307647125458333,21000100,5.263,20991200,5.263,21000200
2022-08-17,5.0325063750000005,21000100,4.987,20991200,4.987,21000200
2022-08-18,4.891750704225,21000100,4.851,20991200,4.851,21000200
2022-08-19,4.264133834491667,21000100,4.246,20991200,4.246,21000200
2022-08-20,4.184452870216667,21000100,4.147,20991200,4.147,21000200
2022-08-21,4.211526302166667,21000100,4.226,20991200,4.226,21000200
2022-08-22,4.150385096083333,21000100,4.117,20991200,4.117,21000200
2022-08-23,4.3407109795,21000100,4.305,20991200,4.305,21000200
2022-08-24,4.304339448525,21000100,4.266,20991200,4.266,21000200
2022-08-25,4.34932875,21000100,4.31,20991200,4.31,21000200
2022-08-26,3.9698977500000003,21000100,3.934,20991200,3.934,21000200
2022-08-27,3.93853637675,21000100,3.914,20991200,3.914,21000200
2022-08-28,3.7952709399,21000100,3.762,20991200,3.762,21000200
2022-08-29,4.0299776664,21000100,4.032,20991200,4.032,21000200
2022-08-30,4.2115084169375,21000100,4.197,20991200,4.197,21000200
2022-08-31,4.3753428595875,21000100,4.369,20991200,4.369,21000200
2022-09-01,4.370920622520833,21000100,4.345,20991200,4.345,21000200
2022-09-02,4.200519826666667,21000100,4.175,20991200,4.175,21000200
2022-09-03,4.194670007366667,21000100,4.168,20991200,4.168,21000200
2022-09-04,4.277680875,21000100,4.239,20991200,4.239,21000200
2022-09-05,4.2502823565000005,21000100,4.23,20991200,4.23,21000200
2022-09-06,4.091701409583334,21000100,4.07,20991200,4.07,21000200
2022-09-07,4.398879131966667,21000100,4.376,20991200,4.376,21000200
2022-09-08,4.728344980425,21000100,4.686,20991200,4.686,21000200
2022-09-09,4.8495587854,21000100,4.809,20991200,4.809,21000200
2022-09-10,4.854109210500001,21000100,4.812,20991200,4.812,21000200
2022-09-11,4.9376486250000005,21000100,4.893,20991200,4.893,21000200
2022-09-12,5.134428000000001,21000100,5.088,20991200,5.088,21000200
2022-09-13,4.452449336104166,21000100,4.415,20991200,4.415,21000200
2022-09-14,4.5204402117499995,21000100,4.505,20991200,4.505,21000200
2022-09-15,4.207757234225,21000100,4.182,20991200,4.182,21000200
2022-09-16,4.2085738785,21000100,4.203,20991200,4.203,21000200
2022-09-17,4.363500237749999,21000100,4.377,20991200,4.377,21000200
2022-09-18,3.9401304258999996,21000100,3.912,20991200,3.912,21000200
2022-09-19,4.026561639275,21000100,4.053,20991200,4.053,21000200
2022-09-20,3.839752466391667,21000100,3.818,20991200,3.818,21000200
2022-09-21,3.62558526885,21000100,3.636,20991200,3.636,21000200
2022-09-22,3.7799031196708333,21000100,3.863,20991200,3.863,21000200
2022-09-23,3.77526041155,21000100,3.786,20991200,3.786,21000200
2022-09-24,3.6535001463541668,21000100,3.695,20991200,3.695,21000200
2022-09-25,3.6116229628125,21000100,3.645,20991200,3.645,21000200
2022-09-26,3.658988650808333,21000100,3.683,20991200,3.683,21000200
2022-09-27,3.6283651079,21000100,3.614,20991200,3.614,21000200
2022-09-28,3.522601967675,21000100,3.577,20991200,3.577,21000200
2022-09-29,3.614609853866667,21000100,3.584,20991200,3.584,21000200
2022-09-30,3.5870849726125003,21000100,3.557,20991200,3.557,21000200
2022-10-01,3.5852854005,21000100,3.555,20991200,3.555,21000200
2022-10-02,3.508727625,21000100,3.477,20991200,3.477,21000200
2022-10-03,3.5531778680708332,21000100,3.539,20991200,3.539,21000200
2022-10-04,3.64601911845,21000100,3.621,20991200,3.621,21000200
2022-10-05,3.71984036115,21000100,3.694,20991200,3.694,21000200
2022-10-06,3.620258754583334,21000100,3.62,20991200,3.62,21000200
2022-10-07,3.581898125625,21000100,3.55,20991200,3.55,21000200
2022-10-08,3.5190481511583336,21000100,3.494,20991200,3.494,21000200
2022-10-09,3.5480835,21000100,3.516,20991200,3.516,21000200
2022-10-10,3.244336875,21000100,3.215,20991200,3.215,21000200
2022-10-11,3.189055064216667,21000100,3.172,20991200,3.172,21000200
2022-10-12,3.181771125,21000100,3.153,20991200,3.153,21000200
2022-10-13,3.0222762823375002,21000100,3.037,20991200,3.037,21000200
2022-10-14,2.9880915338666667,21000100,3.002,20991200,3.002,21000200
2022-10-15,2.931075506070833,21000100,2.923,20991200,2.923,21000200
2022-10-16,3.0261296162791664,21000100,2.999,20991200,2.999,21000200
2022-10-17,3.08000088675,21000100,3.06,20991200,3.06,21000200
2022-10-18,2.9910465,21000100,2.964,20991200,2.964,21000200
2022-10-19,2.8435851688541667,21000100,2.825,20991200,2.825,21000200
2022-10-20,2.874561207291667,21000100,2.87,20991200,2.87,21000200
2022-10-21,2.904238570025,21000100,2.886,20991200,2.886,21000200
2022-10-22,2.9446267500000003,21000100,2.918,20991200,2.918,21000200
2022-10-23,3.008201625,21000100,2.981,20991200,2.981,21000200
2022-10-24,2.9355418375749998,21000100,2.917,20991200,2.917,21000200
2022-10-25,3.017303209395833,21000100,2.999,20991200,2.999,21000200
2022-10-26,3.0676434219208333,21000100,3.053,20991200,3.053,21000200
2022-10-27,2.9870149141875,21000100,2.961,20991200,2.961,21000200
2022-10-28,3.0375859193749997,21000100,3.021,20991200,3.021,21000200
2022-10-29,3.1141597500000002,21000100,3.086,20991200,3.086,21000200
2022-10-30,3.12626925,21000100,3.098,20991200,3.098,21000200
2022-10-31,3.129437707,21000100,3.102,20991200,3.102,21000200
2022-11-01,3.025813806354167,21000100,3.011,20991200,3.011,21000200
2022-11-02,2.89526213865,21000100,2.898,20991200,2.898,21000200
2022-11-03,3.0199510251,21000100,3.027,20991200,3.027,21000200
2022-11-04,3.3227028193750003,21000100,3.305,20991200,3.305,21000200
2022-11-05,3.3311799993749998,21000100,3.33,20991200,3.33,21000200
2022-11-06,3.1128958326125,21000100,3.091,20991200,3.091,21000200
2022-11-07,3.061105596458333,21000100,3.05,20991200,3.05,21000200
2022-11-08,2.5949434259583333,21000100,2.63,20991200,2.63,21000200
2022-11-09,1.952467566918275,21000100,2.024,20991200,2.024,21000200
2022-11-10,2.187480822821471,21000100,2.313,20991200,2.313,21000200
2022-11-11,2.047768465625,21000100,2.13,20991200,2.13,21000200
2022-11-12,2.007041458333333,21000100,2.0,20991200,2.0,21000200
2022-11-13,1.9698120000000001,21000100,1.952,20991200,1.952,21000200
2022-11-14,1.98797625,21000100,1.97,20991200,1.97,21000200
2022-11-15,1.9970583750000002,21000100,1.979,20991200,1.979,21000200
2022-11-16,1.93953825,21000100,1.922,20991200,1.922,21000200
2022-11-17,1.84669875,21000100,1.83,20991200,1.83,21000200
2022-11-18,1.7935661991541665,21000100,1.783,20991200,1.783,21000200
2022-11-19,1.7618966835583334,21000100,1.747,20991200,1.747,21000200
2022-11-20,1.5810007257333334,21000100,1.568,20991200,1.568,21000200
2022-11-21,1.5629711235833335,21000100,1.558,20991200,1.558,21000200
2022-11-22,1.6355611239,21000100,1.626,20991200,1.626,21000200
2022-11-23,1.7015993502083333,21000100,1.69,20991200,1.69,21000200
2022-11-24,1.6527810254500002,21000100,1.643,20991200,1.643,21000200
2022-11-25,1.66101975,21000100,1.646,20991200,1.646,21000200
2022-11-26,1.623682125,21000100,1.609,20991200,1.609,21000200
2022-11-27,1.616732979475,21000100,1.614,20991200,1.614,21000200
2022-11-28,1.58462886075,21000100,1.59,20991200,1.59,21000200
2022-11-29,1.621663875,21000100,1.607,20991200,1.607,21000200
2022-11-30,1.7367041250000002,21000100,1.721,20991200,1.721,21000200
2022-12-01,1.7564683116500002,21000100,1.742,20991200,1.742,21000200
2022-12-02,1.7666244076916668,21000100,1.754,20991200,1.754,21000200
2022-12-03,1.6780520780291668,21000100,1.667,20991200,1.667,21000200
2022-12-04,1.7258308903499997,21000100,1.722,20991200,1.722,21000200
2022-12-05,1.72799284515,21000100,1.716,20991200,1.716,21000200
2022-12-06,1.7983046662416666,21000100,1.787,20991200,1.787,21000200
2022-12-07,1.7028242963625002,21000100,1.691,20991200,1.691,21000200
2022-12-08,1.6982892620833334,21000100,1.705,20991200,1.705,21000200
2022-12-09,1.7012417212,21000100,1.696,20991200,1.696,21000200
2022-12-10,1.7141332833,21000100,1.704,20991200,1.704,21000200
2022-12-11,1.6442392384,21000100,1.632,20991200,1.632,21000200
2022-12-12,1.6347908348749998,21000100,1.63,20991200,1.63,21000200
2022-12-13,1.706014282125,21000100,1.71,20991200,1.71,21000200
2022-12-14,1.6751475,21000100,1.66,20991200,1.66,21000200
2022-12-15,1.605517875,21000100,1.591,20991200,1.591,21000200
2022-12-16,1.3786762938,21000100,1.368,20991200,1.368,21000200
2022-12-17,1.373152849425,21000100,1.393,20991200,1.393,21000200
2022-12-18,1.3493433476708334,21000100,1.363,20991200,1.363,21000200
2022-12-19,1.2493702824916668,21000100,1.258,20991200,1.258,21000200
2022-12-20,1.3499706697875,21000100,1.341,20991200,1.341,21000200
2022-12-21,1.3045639713750001,21000100,1.306,20991200,1.306,21000200
2022-12-22,1.3330336329874999,21000100,1.321,20991200,1.321,21000200
2022-12-23,1.3504609505625,21000100,1.341,20991200,1.341,21000200
2022-12-24,1.3481910000000001,21000100,1.336,20991200,1.336,21000200
2022-12-25,1.3401810938083334,21000100,1.331,20991200,1.331,21000200
2022-12-26,1.3617650181,21000100,1.361,20991200,1.361,21000200
2022-12-27,1.369608160375,21000100,1.362,20991200,1.362,21000200
2022-12-28,1.326999375,21000100,1.315,20991200,1.315,21000200
2022-12-29,1.306816875,21000100,1.295,20991200,1.295,21000200
2022-12-30,1.2762941924333333,21000100,1.276,20991200,1.276,21000200
2022-12-31,1.255894009708333,21000100,1.255,20991200,1.255,21000200
2023-01-01,1.2611963371583332,21000100,1.274,20991200,1.274,21000200
2023-01-02,1.3008459474291665,21000100,1.313,20991200,1.313,21000200
2023-01-03,1.3433198631583334,21000100,1.334,20991200,1.334,21000200
2023-01-04,1.4569368809765237,21000100,1.549,20991200,1.549,21000200
2023-01-05,1.517227030425,21000100,1.523,20991200,1.523,21000200
2023-01-06,1.6045087500000002,21000100,1.59,20991200,1.59,21000200
2023-01-07,1.5663078319875001,21000100,1.559,20991200,1.559,21000200
2023-01-08,1.6508854240166666,21000100,1.646,20991200,1.646,21000200
2023-01-09,1.6559741250000002,21000100,1.641,20991200,1.641,21000200
2023-01-10,1.6590015,21000100,1.644,20991200,1.644,21000200
2023-01-11,1.8366075000000002,21000100,1.82,20991200,1.82,21000200
2023-01-12,1.847707875,21000100,1.831,20991200,1.831,21000200
2023-01-13,1.9728393750000002,21000100,1.955,20991200,1.955,21000200
2023-01-14,2.3107615128,21000100,2.253,20991200,2.253,21000200
2023-01-15,2.291579886933333,21000100,2.242,20991200,2.242,21000200
2023-01-16,2.226398567625,21000100,2.193,20991200,2.193,21000200
2023-01-17,2.176682625,21000100,2.157,20991200,2.157,21000200
2023-01-18,1.9910036250000003,21000100,1.973,20991200,1.973,21000200
2023-01-19,2.114116875,21000100,2.095,20991200,2.095,21000200
2023-01-20,2.410799625,21000100,2.389,20991200,2.389,21000200
2023-01-21,2.3654306165625005,21000100,2.325,20991200,2.325,21000200
2023-01-22,2.420890875,21000100,2.399,20991200,2.399,21000200
2023-01-23,2.5682231250000003,21000100,2.545,20991200,2.545,21000200
2023-01-24,2.3774985,21000100,2.356,20991200,2.356,21000200
2023-01-25,2.570241375,21000100,2.547,20991200,2.547,21000200
2023-01-26,2.546022375,21000100,2.523,20991200,2.523,21000200
2023-01-27,2.5880785841083336,21000100,2.561,20991200,2.561,21000200
2023-01-28,2.5190014194916666,21000100,2.471,20991200,2.471,21000200
2023-01-29,2.5984968750000004,21000100,2.575,20991200,2.575,21000200
2023-01-30,2.3270422500000003,21000100,2.306,20991200,2.306,21000200
2023-01-31,2.348233875,21000100,2.327,20991200,2.327,21000200
2023-02-01,2.4501555,21000100,2.428,20991200,2.428,21000200
2023-02-02,2.4693338106416665,21000100,2.446,20991200,2.446,21000200
2023-02-03,2.53290375,21000100,2.51,20991200,2.51,21000200
2023-02-04,2.52483075,21000100,2.502,20991200,2.502,21000200
2023-02-05,2.4077722500000003,21000100,2.386,20991200,2.386,21000200
2023-02-06,2.3280513750000003,21000100,2.307,20991200,2.307,21000200
2023-02-07,2.5167577500000005,21000100,2.494,20991200,2.494,21000200
2023-02-08,2.6640900000000003,21000100,2.64,20991200,2.64,21000200
2023-02-09,2.2866772500000003,21000100,2.266,20991200,2.266,21000200
2023-02-10,2.255172844575,21000100,2.247,20991200,2.247,21000200
2023-02-11,2.2872720256999997,21000100,2.283,20991200,2.283,21000200
2023-02-12,2.247391954166667,21000100,2.236,20991200,2.236,21000200
2023-02-13,2.2037835183000003,21000100,2.184,20991200,2.184,21000200
2023-02-14,2.263373399575,21000100,2.246,20991200,2.246,21000200
2023-02-15,2.529140680116667,21000100,2.516,20991200,2.516,21000200
2023-02-16,2.336065048225,21000100,2.311,20991200,2.311,21000200
2023-02-17,2.478411,21000100,2.456,20991200,2.456,21000200
2023-02-18,2.6005151250000003,21000100,2.577,20991200,2.577,21000200
2023-02-19,2.6005151250000003,21000100,2.577,20991200,2.577,21000200
2023-02-20,2.729683125,21000100,2.705,20991200,2.705,21000200
2023-02-21,2.5924421250000003,21000100,2.569,20991200,2.569,21000200
2023-02-22,2.529876375,21000100,2.507,20991200,2.507,21000200
2023-02-23,2.4905205,21000100,2.468,20991200,2.468,21000200
2023-02-24,2.332087875,21000100,2.311,20991200,2.311,21000200
2023-02-25,2.303472263708333,21000100,2.285,20991200,2.285,21000200
2023-02-26,2.3771852473958335,21000100,2.375,20991200,2.375,21000200
2023-02-27,2.3663981250000004,21000100,2.345,20991200,2.345,21000200
2023-02-28,2.249339625,21000100,2.229,20991200,2.229,21000200
2023-03-01,2.33915175,21000100,2.318,20991200,2.318,21000200
2023-03-02,2.2786042500000003,21000100,2.258,20991200,2.258,21000200
2023-03-03,2.096690010975,21000100,2.097,20991200,2.097,21000200
2023-03-04,2.03755286125,21000100,2.05,20991200,2.05,21000200
2023-03-05,2.01787317355,21000100,2.028,20991200,2.028,21000200
2023-03-06,2.0504707401749998,21000100,2.054,20991200,2.054,21000200
2023-03-07,2.0118623534625,21000100,2.001,20991200,2.001,21000200
2023-03-08,1.8365706886625,21000100,1.839,20991200,1.839,21000200
2023-03-09,1.7684714342,21000100,1.788,20991200,1.788,21000200
2023-03-10,1.7725995667499999,21000100,1.795,20991200,1.795,21000200
2023-03-11,1.752855868125,21000100,1.795,20991200,1.795,21000200
2023-03-12,1.9026668983583332,21000100,1.943,20991200,1.943,21000200
2023-03-13,2.0349226276041668,21000100,2.035,20991200,2.035,21000200
2023-03-14,2.13077733015,21000100,2.117,20991200,2.117,21000200
2023-03-15,1.938529125,21000100,1.921,20991200,1.921,21000200
2023-03-16,1.9729771343333333,21000100,1.961,20991200,1.961,21000200
2023-03-17,2.176634468916667,21000100,2.164,20991200,2.164,21000200
2023-03-18,2.096477234775,21000100,2.079,20991200,2.079,21000200
2023-03-19,2.150445375,21000100,2.131,20991200,2.131,21000200
2023-03-20,2.011186125,21000100,1.993,20991200,1.993,21000200
2023-03-21,2.077246545,21000100,2.068,20991200,2.068,21000200
2023-03-22,1.9647663750000002,21000100,1.947,20991200,1.947,21000200
2023-03-23,2.042085112666667,21000100,2.044,20991200,2.044,21000200
2023-03-24,1.97990325,21000100,1.962,20991200,1.962,21000200
2023-03-25,1.9127992910208333,21000100,1.921,20991200,1.921,21000200
2023-03-26,1.9553866900333334,21000100,1.958,20991200,1.958,21000200
2023-03-27,1.8507872492166668,21000100,1.844,20991200,1.844,21000200
2023-03-28,1.8940367928333333,21000100,1.88,20991200,1.88,21000200
2023-03-29,2.0073006234,21000100,1.998,20991200,1.998,21000200
2023-03-30,1.9358512332,21000100,1.926,20991200,1.926,21000200
2023-03-31,2.0071496250000003,21000100,1.989,20991200,1.989,21000200
2023-04-01,2.0051313750000004,21000100,1.987,20991200,1.987,21000200
2023-04-02,1.93550175,21000100,1.918,20991200,1.918,21000200
2023-04-03,1.9554852207,21000100,1.947,20991200,1.947,21000200
2023-04-04,2.0150926369416666,21000100,1.997,20991200,1.997,21000200
2023-04-05,2.04448725,21000100,2.026,20991200,2.026,21000200
2023-04-06,2.0051313750000004,21000100,1.987,20991200,1.987,21000200
2023-04-07,2.033386875,21000100,2.015,20991200,2.015,21000200
2023-04-08,1.9859580000000001,21000100,1.968,20991200,1.968,21000200
2023-04-09,2.0177672962999997,21000100,2.004,20991200,2.004,21000200
2023-04-10,2.0858613750000004,21000100,2.067,20991200,2.067,21000200
2023-04-11,2.0697153750000004,21000100,2.051,20991200,2.051,21000200
2023-04-12,2.2453031250000004,21000100,2.225,20991200,2.225,21000200
2023-04-13,2.2097466364375,21000100,2.201,20991200,2.201,21000200
2023-04-14,2.241266625,21000100,2.221,20991200,2.221,21000200
2023-04-15,2.33915175,21000100,2.318,20991200,2.318,21000200
2023-04-16,2.3441973750000002,21000100,2.323,20991200,2.323,21000200
2023-04-17,2.3108962500000003,21000100,2.29,20991200,2.29,21000200
2023-04-18,2.3735491945666665,21000100,2.348,20991200,2.348,21000200
2023-04-19,2.16558225,21000100,2.146,20991200,2.146,21000200
2023-04-20,2.065678875,21000100,2.047,20991200,2.047,21000200
2023-04-21,1.942565625,21000100,1.925,20991200,1.925,21000200
2023-04-22,1.9571626241500002,21000100,1.943,20991200,1.943,21000200
2023-04-23,1.9094637754583332,21000100,1.91,20991200,1.91,21000200
2023-04-24,1.9001823750000002,21000100,1.883,20991200,1.883,21000200
2023-04-25,1.9722233806,21000100,1.959,20991200,1.959,21000200
2023-04-26,1.90724625,21000100,1.89,20991200,1.89,21000200
2023-04-27,1.9285119522249998,21000100,1.922,20991200,1.922,21000200
2023-04-28,1.9247017729999998,21000100,1.915,20991200,1.915,21000200
2023-04-29,1.9511644943999997,21000100,1.936,20991200,1.936,21000200
2023-04-30,1.9329487433750001,21000100,1.929,20991200,1.929,21000200
2023-05-01,1.8501408220208333,21000100,1.835,20991200,1.835,21000200
2023-05-02,1.8507352500000003,21000100,1.834,20991200,1.834,21000200
2023-05-03,1.9084648681583332,21000100,1.898,20991200,1.898,21000200
2023-05-04,1.8504931903333335,21000100,1.84,20991200,1.84,21000200
2023-05-05,1.882018125,21000100,1.865,20991200,1.865,21000200
2023-05-06,1.7748222838333332,21000100,1.765,20991200,1.765,21000200
2023-05-07,1.7521696263000002,21000100,1.737,20991200,1.737,21000200
2023-05-08,1.6559741250000002,21000100,1.641,20991200,1.641,21000200
2023-05-09,1.626715197,21000100,1.62,20991200,1.62,21000200
2023-05-10,1.66198932445,21000100,1.659,20991200,1.659,21000200
2023-05-11,1.5988469621416666,21000100,1.594,20991200,1.594,21000200
2023-05-12,1.6398998584875,21000100,1.647,20991200,1.647,21000200
2023-05-13,1.6638518491875,21000100,1.659,20991200,1.659,21000200
2023-05-14,1.6336268197083335,21000100,1.655,20991200,1.655,21000200
2023-05-15,1.66909275,21000100,1.654,20991200,1.654,21000200
2023-05-16,1.671111,21000100,1.656,20991200,1.656,21000200
2023-05-17,1.714503375,21000100,1.699,20991200,1.699,21000200
2023-05-18,1.6691877081666668,21000100,1.655,20991200,1.655,21000200
2023-05-19,1.6773969097416668,21000100,1.663,20991200,1.663,21000200
2023-05-20,1.6737462910875,21000100,1.659,20991200,1.659,21000200
2023-05-21,1.6098981971000002,21000100,1.608,20991200,1.608,21000200
2023-05-22,1.6237152612916665,21000100,1.61,20991200,1.61,21000200
2023-05-23,1.657992375,21000100,1.643,20991200,1.643,21000200
2023-05-24,1.5809166025,21000100,1.57,20991200,1.57,21000200
2023-05-25,1.5593783522166669,21000100,1.562,20991200,1.562,21000200
2023-05-26,1.575407203125,21000100,1.575,20991200,1.575,21000200
2023-05-27,1.6418300849583332,21000100,1.63,20991200,1.63,21000200
2023-05-28,1.6801931250000002,21000100,1.665,20991200,1.665,21000200
2023-05-29,1.64083725,21000100,1.626,20991200,1.626,21000200
2023-05-30,1.6226730000000003,21000100,1.608,20991200,1.608,21000200
2023-05-31,1.5694345872,21000100,1.564,20991200,1.564,21000200
2023-06-01,1.5527004735083332,21000100,1.546,20991200,1.546,21000200
2023-06-02,1.626355109475,21000100,1.614,20991200,1.614,21000200
2023-06-03,1.631755125,21000100,1.617,20991200,1.617,21000200
2023-06-04,1.629736875,21000100,1.615,20991200,1.615,21000200
2023-06-05,1.509651,21000100,1.496,20991200,1.496,21000200
2023-06-06,1.5084811041869353,21000100,1.532,20991200,1.532,21000200
2023-06-07,1.4174813942625,21000100,1.413,20991200,1.413,21000200
2023-06-08,1.424994433275,21000100,1.414,20991200,1.414,21000200
2023-06-09,1.3971683649,21000100,1.386,20991200,1.386,21000200
2023-06-10,1.1896376499999999,21000100,1.2,20991200,1.2,21000200
2023-06-11,1.1934956080476127,21000100,1.208,20991200,1.208,21000200
2023-06-12,1.1932312062583332,21000100,1.198,20991200,1.198,21000200
2023-06-13,1.1935810222583332,21000100,1.198,20991200,1.198,21000200
2023-06-14,1.1724916784,21000100,1.176,20991200,1.176,21000200
2023-06-15,1.1800355627083334,21000100,1.195,20991200,1.195,21000200
2023-06-16,1.2007694739166666,21000100,1.214,20991200,1.214,21000200
2023-06-17,1.2469898686833334,21000100,1.258,20991200,1.258,21000200
2023-06-18,1.2436934408,21000100,1.236,20991200,1.236,21000200
2023-06-19,1.23285111145,21000100,1.239,20991200,1.239,21000200
2023-06-20,1.3065014078416668,21000100,1.298,20991200,1.298,21000200
2023-06-21,1.3241202768666667,21000100,1.336,20991200,1.336,21000200
2023-06-22,1.3121130121500002,21000100,1.324,20991200,1.324,21000200
2023-06-23,1.3906753552833333,21000100,1.382,20991200,1.382,21000200
2023-06-24,1.40392884405,21000100,1.411,20991200,1.411,21000200
2023-06-25,1.3966587885708333,21000100,1.397,20991200,1.397,21000200
2023-06-26,1.4545938913398933,21000100,1.484,20991200,1.484,21000200
2023-06-27,1.4703728607,21000100,1.476,20991200,1.476,21000200
2023-06-28,1.3721049958000002,21000100,1.362,20991200,1.362,21000200
2023-06-29,1.3397717855333333,21000100,1.348,20991200,1.348,21000200
2023-06-30,1.3941323091250002,21000100,1.385,20991200,1.385,21000200
2023-07-01,1.4887291431833332,21000100,1.484,20991200,1.484,21000200
2023-07-02,1.4541923473333331,21000100,1.466,20991200,1.466,21000200
2023-07-03,1.4687963212416668,21000100,1.457,20991200,1.457,21000200
2023-07-04,1.4085489233291666,21000100,1.397,20991200,1.397,21000200
2023-07-05,1.3624748278624998,21000100,1.353,20991200,1.353,21000200
2023-07-06,1.3043945507541665,21000100,1.309,20991200,1.309,21000200
2023-07-07,1.3103546475833334,21000100,1.33,20991200,1.33,21000200
2023-07-08,1.3687667625041668,21000100,1.381,20991200,1.381,21000200
2023-07-09,1.3292603332291666,21000100,1.325,20991200,1.325,21000200
2023-07-10,1.3135144698499999,21000100,1.329,20991200,1.329,21000200
2023-07-11,1.3363654593333334,21000100,1.328,20991200,1.328,21000200
2023-07-12,1.3348050648666667,21000100,1.328,20991200,1.328,21000200
2023-07-13,1.4762911706000001,21000100,1.464,20991200,1.464,21000200
2023-07-14,1.5106601250000002,21000100,1.497,20991200,1.497,21000200
2023-07-15,1.5046053750000001,21000100,1.491,20991200,1.491,21000200
2023-07-16,1.45919475,21000100,1.446,20991200,1.446,21000200
2023-07-17,1.5126783750000001,21000100,1.499,20991200,1.499,21000200
2023-07-18,1.4824046250000003,21000100,1.469,20991200,1.469,21000200
2023-07-19,1.4783681250000003,21000100,1.465,20991200,1.465,21000200
2023-07-20,1.541943,21000100,1.528,20991200,1.528,21000200
2023-07-21,1.493505,21000100,1.48,20991200,1.48,21000200
2023-07-22,1.4552557537375002,21000100,1.443,20991200,1.443,21000200
2023-07-23,1.466258625,21000100,1.453,20991200,1.453,21000200
2023-07-24,1.3897954847833331,21000100,1.378,20991200,1.378,21000200
2023-07-25,1.3513847431750001,21000100,1.347,20991200,1.347,21000200
2023-07-26,1.3700660092166668,21000100,1.364,20991200,1.364,21000200
2023-07-27,1.3775440699125,21000100,1.377,20991200,1.377,21000200
2023-07-28,1.3984294985125,21000100,1.389,20991200,1.389,21000200
2023-07-29,1.4172018161666666,21000100,1.405,20991200,1.405,21000200
2023-07-30,1.40672025,21000100,1.394,20991200,1.394,21000200
2023-07-31,1.381492125,21000100,1.369,20991200,1.369,21000200
2023-08-01,1.42690275,21000100,1.414,20991200,1.414,21000200
2023-08-02,1.4096388452666666,21000100,1.397,20991200,1.397,21000200
2023-08-03,1.3720794803333336,21000100,1.36,20991200,1.36,21000200
2023-08-04,1.340428419825,21000100,1.338,20991200,1.338,21000200
2023-08-05,1.3508237897,21000100,1.353,20991200,1.353,21000200
2023-08-06,1.3485064666000002,21000100,1.338,20991200,1.338,21000200
2023-08-07,1.3502092500000002,21000100,1.338,20991200,1.338,21000200
2023-08-08,1.3670083406666669,21000100,1.36,20991200,1.36,21000200
2023-08-09,1.361309625,21000100,1.349,20991200,1.349,21000200
2023-08-10,1.3481910000000001,21000100,1.336,20991200,1.336,21000200
2023-08-11,1.3441545000000001,21000100,1.332,20991200,1.332,21000200
2023-08-12,1.3508026532916668,21000100,1.342,20991200,1.342,21000200
2023-08-13,1.351218375,21000100,1.339,20991200,1.339,21000200
2023-08-14,1.347181875,21000100,1.335,20991200,1.335,21000200
2023-08-15,1.290690704,21000100,1.28,20991200,1.28,21000200
2023-08-16,1.210135807375,21000100,1.21,20991200,1.21,21000200
2023-08-17,1.1175071580000002,21000100,1.116,20991200,1.116,21000200
2023-08-18,1.1128054870608528,21000100,1.141,20991200,1.141,21000200
2023-08-19,1.14617252035,21000100,1.164,20991200,1.164,21000200
2023-08-20,1.1433463638875,21000100,1.167,20991200,1.167,21000200
2023-08-21,1.1331573023875001,21000100,1.131,20991200,1.131,21000200
2023-08-22,1.1487481076166668,21000100,1.169,20991200,1.169,21000200
2023-08-23,1.1726625278266054,21000100,1.21,20991200,1.21,21000200
2023-08-24,1.1756148583750001,21000100,1.193,20991200,1.193,21000200
2023-08-25,1.1805825680833333,21000100,1.19,20991200,1.19,21000200
2023-08-26,1.191438784375,21000100,1.19,20991200,1.19,21000200
2023-08-27,1.1580705296875,21000100,1.177,20991200,1.177,21000200
2023-08-28,1.1792027978,21000100,1.194,20991200,1.194,21000200
2023-08-29,1.22593511395,21000100,1.226,20991200,1.226,21000200
2023-08-30,1.2080171819499999,21000100,1.202,20991200,1.202,21000200
2023-08-31,1.1626744689416666,21000100,1.154,20991200,1.154,21000200
2023-09-01,1.1148012074833331,21000100,1.126,20991200,1.126,21000200
2023-09-02,1.0961490828375,21000100,1.119,20991200,1.119,21000200
2023-09-03,1.0976185725833334,21000100,1.124,20991200,1.124,21000200
2023-09-04,1.1121576260083332,21000100,1.127,20991200,1.127,21000200
2023-09-05,1.1291435023458334,21000100,1.127,20991200,1.127,21000200
2023-09-06,1.1194598888458334,21000100,1.129,20991200,1.129,21000200
2023-09-07,1.1590422820875002,21000100,1.153,20991200,1.153,21000200
2023-09-08,1.1568622129166666,21000100,1.15,20991200,1.15,21000200
2023-09-09,1.1638711258,21000100,1.164,20991200,1.164,21000200
2023-09-10,1.1469060927083332,21000100,1.15,20991200,1.15,21000200
2023-09-11,1.0959505379166667,21000100,1.1,20991200,1.1,21000200
2023-09-12,1.0780124587083333,21000100,1.07,20991200,1.07,21000200
2023-09-13,1.0809157101333333,21000100,1.088,20991200,1.088,21000200
2023-09-14,1.104329869875,21000100,1.107,20991200,1.107,21000200
2023-09-15,1.1340205689166667,21000100,1.129,20991200,1.129,21000200
2023-09-16,1.1342734419916667,21000100,1.127,20991200,1.127,21000200
2023-09-17,1.1010984007666669,21000100,1.094,20991200,1.094,21000200
2023-09-18,1.1024418675,21000100,1.098,20991200,1.098,21000200
2023-09-19,1.1287492441291667,21000100,1.121,20991200,1.121,21000200
2023-09-20,1.1298466293333334,21000100,1.12,20991200,1.12,21000200
2023-09-21,1.1161164703125,21000100,1.125,20991200,1.125,21000200
2023-09-22,1.1213256271458334,21000100,1.121,20991200,1.121,21000200
2023-09-23,1.1098066598541667,21000100,1.115,20991200,1.115,21000200
2023-09-24,1.0979505069333335,21000100,1.094,20991200,1.094,21000200
2023-09-25,1.1073153084749998,21000100,1.101,20991200,1.101,21000200
2023-09-26,1.0742224532541667,21000100,1.079,20991200,1.079,21000200
2023-09-27,1.0563059700375,21000100,1.077,20991200,1.077,21000200
2023-09-28,1.10880985105,21000100,1.108,20991200,1.108,21000200
2023-09-29,1.1302200000000002,21000100,1.12,20991200,1.12,21000200
2023-09-30,1.1433386250000002,21000100,1.133,20991200,1.133,21000200
2023-10-01,1.170585,21000100,1.16,20991200,1.16,21000200
2023-10-02,1.1241652500000001,21000100,1.114,20991200,1.114,21000200
2023-10-03,1.1083935788625,21000100,1.099,20991200,1.099,21000200
2023-10-04,1.09592067165,21000100,1.098,20991200,1.098,21000200
2023-10-05,1.0603515944000002,21000100,1.072,20991200,1.072,21000200
2023-10-06,1.0791268624500001,21000100,1.092,20991200,1.092,21000200
2023-10-07,1.0686603613124999,21000100,1.089,20991200,1.089,21000200
2023-10-08,1.0818531442458335,21000100,1.093,20991200,1.093,21000200
2023-10-09,1.0401209554541666,21000100,1.039,20991200,1.039,21000200
2023-10-10,1.0208121326416668,21000100,1.042,20991200,1.042,21000200
2023-10-11,1.0313408209,21000100,1.027,20991200,1.027,21000200
2023-10-12,1.0199117122499999,21000100,1.011,20991200,1.011,21000200
2023-10-13,1.017198,21000100,1.008,20991200,1.008,21000200
2023-10-14,1.0202253749999999,21000100,1.011,20991200,1.011,21000200
2023-10-15,1.0363713749999999,21000100,1.027,20991200,1.027,21000200
2023-10-16,1.041417,21000100,1.032,20991200,1.032,21000200
2023-10-17,1.0161888749999999,21000100,1.007,20991200,1.007,21000200
2023-10-18,1.00710675,21000100,0.998,20991200,0.998,21000200
2023-10-19,0.99499725,21000100,0.986,20991200,0.986,21000200
2023-10-20,1.0151797500000002,21000100,1.006,20991200,1.006,21000200
2023-10-21,1.050499125,21000100,1.041,20991200,1.041,21000200
2023-10-22,1.065636,21000100,1.056,20991200,1.056,21000200
2023-10-23,1.1100375000000002,21000100,1.1,20991200,1.1,21000200
2023-10-24,1.1483842499999999,21000100,1.138,20991200,1.138,21000200
2023-10-25,1.154439,21000100,1.144,20991200,1.144,21000200
2023-10-26,1.202877,21000100,1.192,20991200,1.192,21000200
2023-10-27,1.2321416250000001,21000100,1.221,20991200,1.221,21000200
2023-10-28,1.2301233750000002,21000100,1.219,20991200,1.219,21000200
2023-10-29,1.28966175,21000100,1.278,20991200,1.278,21000200
2023-10-30,1.3393280544083335,21000100,1.322,20991200,1.322,21000200
2023-10-31,1.34913581925,21000100,1.332,20991200,1.332,21000200
2023-11-01,1.541943,21000100,1.528,20991200,1.528,21000200
2023-11-02,1.5629758718624998,21000100,1.527,20991200,1.527,21000200
2023-11-03,1.4884593750000001,21000100,1.475,20991200,1.475,21000200
2023-11-04,1.5278152500000002,21000100,1.514,20991200,1.514,21000200
2023-11-05,1.6674650264999997,21000100,1.638,20991200,1.638,21000200
2023-11-06,1.6193937933541667,21000100,1.585,20991200,1.585,21000200
2023-11-07,1.4733978805625,21000100,1.445,20991200,1.445,21000200
2023-11-08,1.4824046250000003,21000100,1.469,20991200,1.469,21000200
2023-11-09,1.4491035,21000100,1.436,20991200,1.436,21000200
2023-11-10,1.5701985,21000100,1.556,20991200,1.556,21000200
2023-11-11,1.6278392799999999,21000100,1.6,20991200,1.6,21000200
2023-11-12,1.7602225925000001,21000100,1.704,20991200,1.704,21000200
2023-11-13,1.6121520599458334,21000100,1.591,20991200,1.591,21000200
2023-11-14,1.5581209042250002,21000100,1.538,20991200,1.538,21000200
2023-11-15,1.7263227623958333,21000100,1.703,20991200,1.703,21000200
2023-11-16,1.7618379348041666,21000100,1.723,20991200,1.723,21000200
2023-11-17,1.888072875,21000100,1.871,20991200,1.871,21000200
2023-11-18,1.78615125,21000100,1.77,20991200,1.77,21000200
2023-11-19,2.0051313750000004,21000100,1.987,20991200,1.987,21000200
2023-11-20,2.0142135,21000100,1.996,20991200,1.996,21000200
2023-11-21,1.76596875,21000100,1.75,20991200,1.75,21000200
2023-11-22,1.8406440000000002,21000100,1.824,20991200,1.824,21000200
2023-11-23,1.8244980000000002,21000100,1.808,20991200,1.808,21000200
2023-11-24,1.8487170000000002,21000100,1.832,20991200,1.832,21000200
2023-11-25,1.9011915,21000100,1.884,20991200,1.884,21000200
2023-11-26,1.8446805000000002,21000100,1.828,20991200,1.828,21000200
2023-11-27,1.7962425000000002,21000100,1.78,20991200,1.78,21000200
2023-11-28,1.8376166250000001,21000100,1.821,20991200,1.821,21000200
2023-11-29,1.81440675,21000100,1.798,20991200,1.798,21000200
2023-11-30,1.89917325,21000100,1.882,20991200,1.882,21000200
2023-12-01,1.91128275,21000100,1.894,20991200,1.894,21000200
2023-12-02,2.0293503750000004,21000100,2.011,20991200,2.011,21000200
2023-12-03,2.0085167237916663,21000100,1.982,20991200,1.982,21000200
2023-12-04,2.1922911606374997,21000100,2.151,20991200,2.151,21000200
2023-12-05,2.2920220100625004,21000100,2.257,20991200,2.257,21000200
2023-12-06,2.314692301495833,21000100,2.287,20991200,2.287,21000200
2023-12-07,2.3000759554499997,21000100,2.268,20991200,2.268,21000200
2023-12-08,2.4642975249650574,21000100,2.38,20991200,2.38,21000200
2023-12-09,2.5168438340670107,21000100,2.424,20991200,2.424,21000200
2023-12-10,2.5709461143166665,21000100,2.522,20991200,2.522,21000200
2023-12-11,2.2718652276375004,21000100,2.241,20991200,2.241,21000200
2023-12-12,2.3371603049625,21000100,2.307,20991200,2.307,21000200
2023-12-13,2.3532794999999997,21000100,2.332,20991200,2.332,21000200
2023-12-14,2.352315860033334,21000100,2.326,20991200,2.326,21000200
2023-12-15,2.2469161577333336,21000100,2.192,20991200,2.192,21000200
2023-12-16,2.4376066173125004,21000100,2.391,20991200,2.391,21000200
2023-12-17,2.3308108425,21000100,2.268,20991200,2.268,21000200
2023-12-18,2.3163164091249997,21000100,2.291,20991200,2.291,21000200
2023-12-19,2.4772128004,21000100,2.433,20991200,2.433,21000200
2023-12-20,2.8961349736,21000100,2.848,20991200,2.848,21000200
2023-12-21,3.5944509671291667,21000100,3.541,20991200,3.541,21000200
2023-12-22,3.495108836316667,21000100,3.362,20991200,3.362,21000200
2023-12-23,4.0001537266875,21000100,3.909,20991200,3.909,21000200
2023-12-24,3.8917200919250003,21000100,3.803,20991200,3.803,21000200
2023-12-25,4.3304137895,21000100,4.252,20991200,4.252,21000200
2023-12-26,4.473383681108334,21000100,4.307,20991200,4.307,21000200
2023-12-27,4.187618433850001,21000100,4.089,20991200,4.089,21000200
2023-12-28,3.9110852303500003,21000100,3.758,20991200,3.758,21000200
2023-12-29,3.7539446548958333,21000100,3.623,20991200,3.623,21000200
2023-12-30,3.817139674508333,21000100,3.679,20991200,3.679,21000200
2023-12-31,3.8078035767416667,21000100,3.653,20991200,3.653,21000200
2024-01-01,3.9494534631750002,21000100,3.798,20991200,3.798,21000200
2024-01-02,4.135265925513782,21000100,3.926,20991200,3.926,21000200
2024-01-03,3.8187072615,21000100,3.772,20991200,3.772,21000200
2024-01-04,3.9466878750000003,21000100,3.911,20991200,3.911,21000200
2024-01-05,3.58239375,21000100,3.55,20991200,3.55,21000200
2024-01-06,3.5067093750000002,21000100,3.475,20991200,3.475,21000200
2024-01-07,3.2423186250000002,21000100,3.213,20991200,3.213,21000200
2024-01-08,3.446161875,21000100,3.415,20991200,3.415,21000200
2024-01-09,3.2493825000000003,21000100,3.22,20991200,3.22,21000200
2024-01-10,3.6338591250000003,21000100,3.601,20991200,3.601,21000200
2024-01-11,3.645968625,21000100,3.613,20991200,3.613,21000200
2024-01-12,3.4915725,21000100,3.46,20991200,3.46,21000200
2024-01-13,3.438088875,21000100,3.407,20991200,3.407,21000200
2024-01-14,3.339194625,21000100,3.309,20991200,3.309,21000200
2024-01-15,3.3361672500000004,21000100,3.306,20991200,3.306,21000200
2024-01-16,3.268555875,21000100,3.239,20991200,3.239,21000200
2024-01-17,3.341212875,21000100,3.311,20991200,3.311,21000200
2024-01-18,3.1111323750000004,21000100,3.083,20991200,3.083,21000200
2024-01-19,3.036457125,21000100,3.009,20991200,3.009,21000200
2024-01-20,2.9930647500000003,21000100,2.966,20991200,2.966,21000200
2024-01-21,2.949672375,21000100,2.923,20991200,2.923,21000200
2024-01-22,2.67418125,21000100,2.65,20991200,2.65,21000200
2024-01-23,2.67418125,21000100,2.65,20991200,2.65,21000200
2024-01-24,2.7044550000000003,21000100,2.68,20991200,2.68,21000200
2024-01-25,2.719591875,21000100,2.695,20991200,2.695,21000200
2024-01-26,2.943617625,21000100,2.917,20991200,2.917,21000200
2024-01-27,2.9351483096625,21000100,2.911,20991200,2.911,21000200
2024-01-28,2.9052708750000003,21000100,2.879,20991200,2.879,21000200
2024-01-29,3.036457125,21000100,3.009,20991200,3.009,21000200
2024-01-30,3.03746625,21000100,3.01,20991200,3.01,21000200
2024-01-31,2.8467416250000004,21000100,2.821,20991200,2.821,21000200
2024-02-01,2.8800427500000003,21000100,2.854,20991200,2.854,21000200
2024-02-02,2.925453375,21000100,2.899,20991200,2.899,21000200
2024-02-03,2.8396777500000003,21000100,2.814,20991200,2.814,21000200
2024-02-04,2.778121125,21000100,2.753,20991200,2.753,21000200
2024-02-05,2.776102875,21000100,2.751,20991200,2.751,21000200
2024-02-06,2.7609660000000003,21000100,2.736,20991200,2.736,21000200
2024-02-07,2.8961887500000003,21000100,2.87,20991200,2.87,21000200
2024-02-08,2.9486632500000005,21000100,2.922,20991200,2.922,21000200
2024-02-09,3.0213202500000005,21000100,2.994,20991200,2.994,21000200
2024-02-10,3.0707673750000004,21000100,3.043,20991200,3.043,21000200
2024-02-11,3.15452475,21000100,3.126,20991200,3.126,21000200
2024-02-12,3.41286075,21000100,3.382,20991200,3.382,21000200
2024-02-13,3.244336875,21000100,3.215,20991200,3.215,21000200
2024-02-14,3.370001728229166,21000100,3.335,20991200,3.335,21000200
2024-02-15,3.447742332058333,21000100,3.403,20991200,3.403,21000200
2024-02-16,3.3506643519916666,21000100,3.281,20991200,3.281,21000200
2024-02-17,3.387767856854167,21000100,3.335,20991200,3.335,21000200
2024-02-18,3.655144263125,21000100,3.525,20991200,3.525,21000200
2024-02-19,3.6467682319,21000100,3.534,20991200,3.534,21000200
2024-02-20,3.5168634265875003,21000100,3.399,20991200,3.399,21000200
2024-02-21,3.3091221891125,21000100,3.243,20991200,3.243,21000200
2024-02-22,3.31547078805,21000100,3.252,20991200,3.252,21000200
2024-02-23,3.4682100686666666,21000100,3.368,20991200,3.368,21000200
2024-02-24,3.9448465391166665,21000100,3.868,20991200,3.868,21000200
2024-02-25,3.82995103695,21000100,3.708,20991200,3.708,21000200
2024-02-26,4.2324483678125,21000100,4.103,20991200,4.103,21000200
2024-02-27,4.1385494888,21000100,3.947,20991200,3.947,21000200
2024-02-28,4.05715542495,21000100,3.903,20991200,3.903,21000200
2024-02-29,4.057371786266667,21000100,3.881,20991200,3.881,21000200
2024-03-01,4.1777430647791665,21000100,3.961,20991200,3.961,21000200
2024-03-02,4.7697923238106466,21000100,4.49,20991200,4.49,21000200
2024-03-03,4.730058645910872,21000100,4.439,20991200,4.439,21000200
2024-03-04,4.5938393318,21000100,4.344,20991200,4.344,21000200
2024-03-05,4.563605371926896,21000100,4.25,20991200,4.25,21000200
2024-03-06,6.1001768709875,21000100,5.901,20991200,5.901,21000200
2024-03-07,5.893664596024999,21000100,5.529,20991200,5.529,21000200
2024-03-08,6.110261458908334,21000100,5.749,20991200,5.749,21000200
2024-03-09,6.619078200325,21000100,6.198,20991200,6.198,21000200
2024-03-10,6.387019336533333,21000100,5.954,20991200,5.954,21000200
2024-03-11,7.2058196485125,21000100,6.689,20991200,6.689,21000200
2024-03-12,8.557623790966666,21000100,8.083,20991200,8.083,21000200
2024-03-13,8.313105089516668,21000100,7.771,20991200,7.771,21000200
2024-03-14,9.4472183964,21000100,8.874,20991200,8.874,21000200
2024-03-15,7.938424742633332,21000100,7.492,20991200,7.492,21000200
2024-03-16,6.909830688366666,21000100,6.734,20991200,6.734,21000200
2024-03-17,8.404765703125001,21000100,8.25,20991200,8.25,21000200
2024-03-18,7.189272793083334,21000100,7.03,20991200,7.03,21000200
2024-03-19,6.410971125,21000100,6.353,20991200,6.353,21000200
2024-03-20,6.979108500000001,21000100,6.916,20991200,6.916,21000200
2024-03-21,6.547291384541667,21000100,6.455,20991200,6.455,21000200
2024-03-22,6.570083228375,21000100,6.495,20991200,6.495,21000200
2024-03-23,6.689396867358333,21000100,6.622,20991200,6.622,21000200
2024-03-24,7.071948000000001,21000100,7.008,20991200,7.008,21000200
2024-03-25,7.609879761416667,21000100,7.46,20991200,7.46,21000200
2024-03-26,7.9453610000333335,21000100,7.672,20991200,7.672,21000200
2024-03-27,7.565369021216666,21000100,7.262,20991200,7.262,21000200
2024-03-28,7.441909178625,21000100,7.198,20991200,7.198,21000200
2024-03-29,7.2470117073,21000100,6.984,20991200,6.984,21000200
2024-03-30,7.2870151536000005,21000100,6.948,20991200,6.948,21000200
2024-03-31,7.625321526070834,21000100,7.303,20991200,7.303,21000200
2024-04-01,7.006631466675,21000100,6.739,20991200,6.739,21000200
2024-04-02,6.285717617333334,21000100,6.22,20991200,6.22,21000200
2024-04-03,6.675418448775,21000100,6.602,20991200,6.602,21000200
2024-04-04,6.8096221746916665,21000100,6.731,20991200,6.731,21000200
2024-04-05,7.300449918233333,21000100,7.228,20991200,7.228,21000200
2024-04-06,7.1201723469500005,21000100,7.026,20991200,7.026,21000200
2024-04-07,6.986580212241666,21000100,6.922,20991200,6.922,21000200
2024-04-08,7.4798398544,21000100,7.368,20991200,7.368,21000200
2024-04-09,7.4033020336,21000100,7.232,20991200,7.232,21000200
2024-04-10,7.072904022470833,21000100,6.989,20991200,6.989,21000200
2024-04-11,6.8772023995875,21000100,6.801,20991200,6.801,21000200
2024-04-12,5.850446717375,21000100,5.785,20991200,5.785,21000200
2024-04-13,5.262586875,21000100,5.215,20991200,5.215,21000200
2024-04-14,5.740051006908335,21000100,5.714,20991200,5.714,21000200
2024-04-15,5.2120728695625,21000100,5.217,20991200,5.217,21000200
2024-04-16,5.473125913125,21000100,5.49,20991200,5.49,21000200
2024-04-17,5.4141621281041665,21000100,5.405,20991200,5.405,21000200
2024-04-18,5.713483327800001,21000100,5.704,20991200,5.704,21000200
2024-04-19,5.579308194725001,21000100,5.583,20991200,5.583,21000200
2024-04-20,6.232641974108334,21000100,6.214,20991200,6.214,21000200
2024-04-21,6.499321506516668,21000100,6.442,20991200,6.442,21000200
2024-04-22,7.064974708750001,21000100,7.025,20991200,7.025,21000200
2024-04-23,6.933655700291666,21000100,6.89,20991200,6.89,21000200
2024-04-24,6.907521068866667,21000100,6.856,20991200,6.856,21000200
2024-04-25,7.19102475,21000100,7.126,20991200,7.126,21000200
2024-04-26,6.982085564808334,21000100,6.926,20991200,6.926,21000200
2024-04-27,7.19284094775,21000100,7.135,20991200,7.135,21000200
2024-04-28,7.09534276,21000100,7.04,20991200,7.04,21000200
2024-04-29,6.896824792958334,21000100,6.862,20991200,6.862,21000200
2024-04-30,6.2064790623,21000100,6.186,20991200,6.186,21000200
2024-05-01,6.168808859633333,21000100,6.136,20991200,6.136,21000200
2024-05-02,6.104558832837501,21000100,6.081,20991200,6.081,21000200
2024-05-03,6.919943909879167,21000100,6.869,20991200,6.869,21000200
2024-05-04,6.915957681795834,21000100,6.863,20991200,6.863,21000200
2024-05-05,7.555318875,21000100,7.487,20991200,7.487,21000200
2024-05-06,7.377712875,21000100,7.311,20991200,7.311,21000200
2024-05-07,7.1819426250000005,21000100,7.117,20991200,7.117,21000200
2024-05-08,6.865077375,21000100,6.803,20991200,6.803,21000200
2024-05-09,7.5442185,21000100,7.476,20991200,7.476,21000200
2024-05-10,7.316156250000001,21000100,7.25,20991200,7.25,21000200
2024-05-11,7.0683841753125005,21000100,7.017,20991200,7.017,21000200
2024-05-12,6.905602872145834,21000100,6.881,20991200,6.881,21000200
2024-05-13,7.334744822504166,21000100,7.289,20991200,7.289,21000200
2024-05-14,7.083048375000001,21000100,7.019,20991200,7.019,21000200
2024-05-15,8.0950391061875,21000100,8.049,20991200,8.049,21000200
2024-05-16,8.090155124999999,21000100,8.017,20991200,8.017,21000200
2024-05-17,8.090859021333333,21000100,8.033,20991200,8.033,21000200
2024-05-18,7.96931329285,21000100,7.917,20991200,7.917,21000200
2024-05-19,7.8438594961999994,21000100,7.774,20991200,7.774,21000200
2024-05-20,8.338116058083333,21000100,8.29,20991200,8.29,21000200
2024-05-21,7.888330125,21000100,7.817,20991200,7.817,21000200
2024-05-22,8.061899625,21000100,7.989,20991200,7.989,21000200
2024-05-23,7.764207750000001,21000100,7.694,20991200,7.694,21000200
2024-05-24,7.985206125,21000100,7.913,20991200,7.913,21000200
2024-05-25,8.312162625000001,21000100,8.237,20991200,8.237,21000200
2024-05-26,7.909647497562501,21000100,7.815,20991200,7.815,21000200
2024-05-27,7.90144875,21000100,7.83,20991200,7.83,21000200
2024-05-28,7.779344625,21000100,7.709,20991200,7.709,21000200
2024-05-29,7.65925875,21000100,7.59,20991200,7.59,21000200
2024-05-30,7.351475625000001,21000100,7.285,20991200,7.285,21000200
2024-05-31,7.317165375000001,21000100,7.251,20991200,7.251,21000200
2024-06-01,7.4569519117875,21000100,7.383,20991200,7.383,21000200
2024-06-02,7.2970758255499995,21000100,7.196,20991200,7.196,21000200
2024-06-03,7.207147768254166,21000100,7.123,20991200,7.123,21000200
2024-06-04,7.517630673849999,21000100,7.428,20991200,7.428,21000200
2024-06-05,7.774701128687501,21000100,7.665,20991200,7.665,21000200
2024-06-06,7.4584162073375,21000100,7.333,20991200,7.333,21000200
2024-06-07,6.938922697916667,21000100,6.871,20991200,6.871,21000200
2024-06-08,6.623896500000001,21000100,6.564,20991200,6.564,21000200
2024-06-09,6.645088125,21000100,6.585,20991200,6.585,21000200
2024-06-10,6.4523452500000005,21000100,6.394,20991200,6.394,21000200
2024-06-11,6.116306625,21000100,6.061,20991200,6.061,21000200
2024-06-12,6.46041825,21000100,6.402,20991200,6.402,21000200
2024-06-13,5.97200175,21000100,5.918,20991200,5.918,21000200
2024-06-14,5.635963125,21000100,5.585,20991200,5.585,21000200
2024-06-15,5.6151426433500005,21000100,5.604,20991200,5.604,21000200
2024-06-16,5.688363336083333,21000100,5.639,20991200,5.639,21000200
2024-06-17,5.2101123750000005,21000100,5.163,20991200,5.163,21000200
2024-06-18,4.7564557228124995,21000100,4.725,20991200,4.725,21000200
2024-06-19,4.957003788,21000100,4.96,20991200,4.96,21000200
2024-06-20,5.194633054270833,21000100,5.161,20991200,5.161,21000200
2024-06-21,5.4396850888333335,21000100,5.404,20991200,5.404,21000200
2024-06-22,5.2050433155875,21000100,5.181,20991200,5.181,21000200
2024-06-23,5.232406264066666,21000100,5.192,20991200,5.192,21000200
2024-06-24,5.403096885929166,21000100,5.369,20991200,5.369,21000200
2024-06-25,5.456432043083334,21000100,5.42,20991200,5.42,21000200
2024-06-26,5.189285914691666,21000100,5.174,20991200,5.174,21000200
2024-06-27,5.234133295041667,21000100,5.218,20991200,5.218,21000200
2024-06-28,4.9812944428875,21000100,4.957,20991200,4.957,21000200
2024-06-29,4.9960564104000005,21000100,4.961,20991200,4.961,21000200
2024-06-30,5.351389875000001,21000100,5.303,20991200,5.303,21000200
2024-07-01,5.3140522500000005,21000100,5.266,20991200,5.266,21000200
2024-07-02,5.57238825,21000100,5.522,20991200,5.522,21000200
2024-07-03,5.077917,21000100,5.032,20991200,5.032,21000200
2024-07-04,4.663166625000001,21000100,4.621,20991200,4.621,21000200
2024-07-05,4.4014266415883,21000100,4.421,20991200,4.421,21000200
2024-07-06,4.7851952677375005,21000100,4.807,20991200,4.807,21000200
2024-07-07,4.4356435815,21000100,4.398,20991200,4.398,21000200
2024-07-08,4.4954602260000005,21000100,4.464,20991200,4.464,21000200
2024-07-09,4.5533471929000005,21000100,4.532,20991200,4.532,21000200
2024-07-10,4.66417575,21000100,4.622,20991200,4.622,21000200
2024-07-11,4.968030967954166,21000100,4.927,20991200,4.927,21000200
2024-07-12,5.2204271293625,21000100,5.181,20991200,5.181,21000200
2024-07-13,5.232542791666667,21000100,5.2,20991200,5.2,21000200
2024-07-14,5.438819068725,21000100,5.398,20991200,5.398,21000200
2024-07-15,5.96404249425,21000100,5.913,20991200,5.913,21000200
2024-07-16,6.298306253145833,21000100,6.245,20991200,6.245,21000200
2024-07-17,6.118964853883333,21000100,6.068,20991200,6.068,21000200
2024-07-18,6.0910785,21000100,6.036,20991200,6.036,21000200
2024-07-19,6.477826567387501,21000100,6.429,20991200,6.429,21000200
2024-07-20,6.340332375000001,21000100,6.283,20991200,6.283,21000200
2024-07-21,6.392806875000001,21000100,6.335,20991200,6.335,21000200
2024-07-22,6.08192189165,21000100,6.028,20991200,6.028,21000200
2024-07-23,5.777347262158333,21000100,5.759,20991200,5.759,21000200
2024-07-24,5.647540539312501,21000100,5.615,20991200,5.615,21000200
2024-07-25,5.421821436354167,21000100,5.411,20991200,5.411,21000200
2024-07-26,5.7191424514,21000100,5.712,20991200,5.712,21000200
2024-07-27,5.68272512935,21000100,5.673,20991200,5.673,21000200
2024-07-28,5.455166674666667,21000100,5.44,20991200,5.44,21000200
2024-07-29,5.277806382,21000100,5.268,20991200,5.268,21000200
2024-07-30,5.169600900749999,21000100,5.148,20991200,5.148,21000200
2024-07-31,4.997522590779167,21000100,4.987,20991200,4.987,21000200
2024-08-01,5.002026272916666,21000100,4.975,20991200,4.975,21000200
2024-08-02,4.625418660833333,21000100,4.6,20991200,4.6,21000200
2024-08-03,4.384333948429166,21000100,4.361,20991200,4.361,21000200
2024-08-04,4.114501353001917,21000100,4.131,20991200,4.131,21000200
2024-08-05,3.5280280644250004,21000100,3.522,20991200,3.522,21000200
2024-08-06,3.650138484936739,21000100,3.675,20991200,3.675,21000200
2024-08-07,3.539033799134669,21000100,3.567,20991200,3.567,21000200
2024-08-08,4.0230860961934845,21000100,4.063,20991200,4.063,21000200
2024-08-09,4.032424467216666,21000100,4.052,20991200,4.052,21000200
2024-08-10,4.109027143377921,21000100,4.16,20991200,4.16,21000200
2024-08-11,3.8115606409959075,21000100,3.864,20991200,3.864,21000200
2024-08-12,4.06442310625,21000100,4.108,20991200,4.108,21000200
2024-08-13,4.281638693533333,21000100,4.304,20991200,4.304,21000200
2024-08-14,4.15036023325,21000100,4.165,20991200,4.165,21000200
2024-08-15,4.0311116587125,21000100,4.023,20991200,4.023,21000200
2024-08-16,3.9211102467333334,21000100,3.964,20991200,3.964,21000200
2024-08-17,3.988698994,21000100,3.99,20991200,3.99,21000200
2024-08-18,3.8820805984666666,21000100,3.896,20991200,3.896,21000200
2024-08-19,3.9738235442750005,21000100,3.998,20991200,3.998,21000200
2024-08-20,4.02709054745,21000100,3.998,20991200,3.998,21000200
2024-08-21,4.2632083261250004,21000100,4.245,20991200,4.245,21000200
2024-08-22,4.329795688049999,21000100,4.302,20991200,4.302,21000200
2024-08-23,4.8727544187583325,21000100,4.837,20991200,4.837,21000200
2024-08-24,5.083971750000001,21000100,5.038,20991200,5.038,21000200
2024-08-25,4.959707131833334,21000100,4.916,20991200,4.916,21000200
2024-08-26,4.8236175,21000100,4.78,20991200,4.78,21000200
2024-08-27,4.5652815,21000100,4.524,20991200,4.524,21000200
2024-08-28,4.3604479874874995,21000100,4.341,20991200,4.341,21000200
2024-08-29,4.188684526066667,21000100,4.208,20991200,4.208,21000200
2024-08-30,4.121262272170833,21000100,4.111,20991200,4.111,21000200
2024-08-31,4.0395588003,21000100,4.029,20991200,4.029,21000200
2024-09-01,3.876462243,21000100,3.846,20991200,3.846,21000200
2024-09-02,4.006032705766667,21000100,3.988,20991200,3.988,21000200
2024-09-03,3.715394249375,21000100,3.725,20991200,3.725,21000200
2024-09-04,3.865571638025,21000100,3.886,20991200,3.886,21000200
2024-09-05,3.712578527291667,21000100,3.71,20991200,3.71,21000200
2024-09-06,3.5752666341666663,21000100,3.547,20991200,3.547,21000200
2024-09-07,3.6813143541333337,21000100,3.664,20991200,3.664,21000200
2024-09-08,3.78825525,21000100,3.754,20991200,3.754,21000200
2024-09-09,4.0435423744916665,21000100,4.013,20991200,4.013,21000200
2024-09-10,4.067782875,21000100,4.031,20991200,4.031,21000200
2024-09-11,3.995117066525,21000100,3.966,20991200,3.966,21000200
2024-09-12,4.265655211675,21000100,4.246,20991200,4.246,21000200
2024-09-13,4.322202941333334,21000100,4.285,20991200,4.285,21000200
2024-09-14,4.200344009125,21000100,4.191,20991200,4.191,21000200
2024-09-15,4.04757750925,21000100,4.015,20991200,4.015,21000200
2024-09-16,3.8996169156625,21000100,3.877,20991200,3.877,21000200
2024-09-17,4.1460165808875,21000100,4.131,20991200,4.131,21000200
2024-09-18,4.283271727083333,21000100,4.25,20991200,4.25,21000200
2024-09-19,4.402781852179167,21000100,4.363,20991200,4.363,21000200
2024-09-20,4.424004000000001,21000100,4.384,20991200,4.384,21000200
2024-09-21,4.7065589999999995,21000100,4.664,20991200,4.664,21000200
2024-09-22,4.56326325,21000100,4.522,20991200,4.522,21000200
2024-09-23,5.220203625,21000100,5.173,20991200,5.173,21000200
2024-09-24,5.389804025200001,21000100,5.344,20991200,5.344,21000200
2024-09-25,5.18892075,21000100,5.142,20991200,5.142,21000200
2024-09-26,5.594589,21000100,5.544,20991200,5.544,21000200
2024-09-27,5.49036183945,21000100,5.452,20991200,5.452,21000200
2024-09-28,5.610735,21000100,5.56,20991200,5.56,21000200
2024-09-29,5.5501875,21000100,5.5,20991200,5.5,21000200
2024-09-30,5.3184308137125,21000100,5.283,20991200,5.283,21000200
2024-10-01,4.861737995541667,21000100,4.834,20991200,4.834,21000200
2024-10-02,4.6424458212125,21000100,4.623,20991200,4.623,21000200
2024-10-03,4.667766920058333,21000100,4.637,20991200,4.637,21000200
2024-10-04,4.8537992827625,21000100,4.827,20991200,4.827,21000200
2024-10-05,4.816600973854167,21000100,4.775,20991200,4.775,21000200
2024-10-06,4.994159625,21000100,4.949,20991200,4.949,21000200
2024-10-07,5.085207881183333,21000100,5.042,20991200,5.042,21000200
2024-10-08,4.93462125,21000100,4.89,20991200,4.89,21000200
2024-10-09,4.647020625000001,21000100,4.605,20991200,4.605,21000200
2024-10-10,4.60694058075,21000100,4.59,20991200,4.59,21000200
2024-10-11,4.7507376882,21000100,4.734,20991200,4.734,21000200
2024-10-12,4.889210625,21000100,4.845,20991200,4.845,21000200
2024-10-13,4.741878375,21000100,4.699,20991200,4.699,21000200
2024-10-14,5.070853125,21000100,5.025,20991200,5.025,21000200
2024-10-15,5.109199875,21000100,5.063,20991200,5.063,21000200
2024-10-16,4.988104874999999,21000100,4.943,20991200,4.943,21000200
2024-10-17,4.811508,21000100,4.768,20991200,4.768,21000200
2024-10-18,4.928074667933333,21000100,4.892,20991200,4.892,21000200
2024-10-19,4.85792775,21000100,4.814,20991200,4.814,21000200
2024-10-20,5.019663728750001,21000100,4.98,20991200,4.98,21000200
2024-10-21,4.82159925,21000100,4.778,20991200,4.778,21000200
2024-10-22,4.7206867500000005,21000100,4.678,20991200,4.678,21000200
2024-10-23,4.684541627033333,21000100,4.648,20991200,4.648,21000200
2024-10-24,4.751764093458333,21000100,4.717,20991200,4.717,21000200
2024-10-25,4.1913266936083335,21000100,4.166,20991200,4.166,21000200
2024-10-26,4.228889844266667,21000100,4.234,20991200,4.234,21000200
2024-10-27,4.3273232905,21000100,4.305,20991200,4.305,21000200
2024-10-28,4.2726270571,21000100,4.296,20991200,4.296,21000200
2024-10-29,4.45940062085,21000100,4.436,20991200,4.436,21000200
2024-10-30,4.3473105,21000100,4.308,20991200,4.308,21000200
2024-10-31,4.087393223883333,21000100,4.052,20991200,4.052,21000200
2024-11-01,3.9422417474916673,21000100,3.926,20991200,3.926,21000200
2024-11-02,3.810151362783333,21000100,3.806,20991200,3.806,21000200
2024-11-03,3.674291359291667,21000100,3.685,20991200,3.685,21000200
2024-11-04,3.61124528445,21000100,3.618,20991200,3.618,21000200
2024-11-05,3.8269204288875,21000100,3.807,20991200,3.807,21000200
2024-11-06,4.27263525,21000100,4.234,20991200,4.234,21000200
2024-11-07,4.27263525,21000100,4.234,20991200,4.234,21000200
2024-11-08,4.37354775,21000100,4.334,20991200,4.334,21000200
2024-11-09,4.685367375,21000100,4.643,20991200,4.643,21000200
2024-11-10,4.784547598091667,21000100,4.726,20991200,4.726,21000200
2024-11-11,5.6226152127999995,21000100,5.568,20991200,5.568,21000200
2024-11-12,5.458246875479803,21000100,5.341,20991200,5.341,21000200
2024-11-13,5.2289294848875,21000100,5.171,20991200,5.171,21000200
2024-11-14,5.49143146725,21000100,5.42,20991200,5.42,21000200
2024-11-15,5.612753250000001,21000100,5.562,20991200,5.562,21000200
2024-11-16,6.036191964675,21000100,5.949,20991200,5.949,21000200
2024-11-17,5.760085500000001,21000100,5.708,20991200,5.708,21000200
2024-11-18,6.078969000000001,21000100,6.024,20991200,6.024,21000200
2024-11-19,5.836779,21000100,5.784,20991200,5.784,21000200
2024-11-20,5.52798675,21000100,5.478,20991200,5.478,21000200
2024-11-21,5.845861125000001,21000100,5.793,20991200,5.793,21000200
2024-11-22,6.2132779068125,21000100,6.141,20991200,6.141,21000200
2024-11-23,6.337523065319233,21000100,6.197,20991200,6.197,21000200
2024-11-24,6.9807279672375,21000100,6.881,20991200,6.881,21000200
2024-11-25,6.557095540516667,21000100,6.466,20991200,6.466,21000200
2024-11-26,6.674488412533333,21000100,6.523,20991200,6.523,21000200
2024-11-27,6.911121723558333,21000100,6.821,20991200,6.821,21000200
2024-11-28,7.122904355241667,21000100,7.022,20991200,7.022,21000200
2024-11-29,7.070223824837501,21000100,6.969,20991200,6.969,21000200
2024-11-30,7.1715973838625,21000100,7.011,20991200,7.011,21000200
2024-12-01,7.0354500104625,21000100,6.921,20991200,6.921,21000200
2024-12-02,7.624369022400002,21000100,7.488,20991200,7.488,21000200
2024-12-03,7.59005190408888,21000100,7.39,20991200,7.39,21000200
2024-12-04,7.691743293010619,21000100,7.477,20991200,7.477,21000200
2024-12-05,7.870944380408705,21000100,7.624,20991200,7.624,21000200
2024-12-06,8.281855758108332,21000100,8.029,20991200,8.029,21000200
2024-12-07,7.9174515222625,21000100,7.727,20991200,7.727,21000200
2024-12-08,7.9394121746333335,21000100,7.826,20991200,7.826,21000200
2024-12-09,6.558303375,21000100,6.499,20991200,6.499,21000200
2024-12-10,6.48060075,21000100,6.422,20991200,6.422,21000200
2024-12-11,6.883067668916666,21000100,6.845,20991200,6.845,21000200
2024-12-12,6.9684200064,21000100,6.912,20991200,6.912,21000200
2024-12-13,6.999291,21000100,6.936,20991200,6.936,21000200
2024-12-14,6.738936750000001,21000100,6.678,20991200,6.678,21000200
2024-12-15,6.889377954016667,21000100,6.857,20991200,6.857,21000200
2024-12-16,6.677380125,21000100,6.617,20991200,6.617,21000200
2024-12-17,6.430401875683334,21000100,6.379,20991200,6.379,21000200
2024-12-18,5.71344461205,21000100,5.684,20991200,5.684,21000200
2024-12-19,5.161507592608333,21000100,5.198,20991200,5.198,21000200
2024-12-20,5.3223685950125,21000100,5.353,20991200,5.353,21000200
2024-12-21,5.041778357525,21000100,5.018,20991200,5.018,21000200
2024-12-22,5.04457480775,21000100,5.035,20991200,5.035,21000200
2024-12-23,5.449684294458334,21000100,5.437,20991200,5.437,21000200
2024-12-24,5.483936916249999,21000100,5.55,20991200,5.55,21000200
2024-12-25,5.4756356510833335,21000100,5.444,20991200,5.444,21000200
2024-12-26,5.129013672449999,21000100,5.084,20991200,5.084,21000200
2024-12-27,5.088666991283333,21000100,5.114,20991200,5.114,21000200
2024-12-28,5.289327805620834,21000100,5.341,20991200,5.341,21000200
2024-12-29,5.156905636483334,21000100,5.126,20991200,5.126,21000200
2024-12-30,5.086978011483333,21000100,5.044,20991200,5.044,21000200
2024-12-31,4.9369360145,21000100,4.91,20991200,4.91,21000200
2025-01-01,5.3132328883958335,21000100,5.285,20991200,5.285,21000200
2025-01-02,5.494685625000001,21000100,5.445,20991200,5.445,21000200
2025-01-03,5.869071,21000100,5.816,20991200,5.816,21000200
2025-01-04,5.841824625,21000100,5.789,20991200,5.789,21000200
2025-01-05,5.960901375000001,21000100,5.907,20991200,5.907,21000200
2025-01-06,6.06484125,21000100,6.01,20991200,6.01,21000200
2025-01-07,5.4089100000000006,21000100,5.36,20991200,5.36,21000200
2025-01-08,5.1499964587500004,21000100,5.148,20991200,5.148,21000200
2025-01-09,4.9383403577500005,21000100,4.974,20991200,4.974,21000200
2025-01-10,5.095442059400001,21000100,5.082,20991200,5.082,21000200
2025-01-11,5.12561867895,21000100,5.082,20991200,5.082,21000200
2025-01-12,4.992572828833333,21000100,4.97,20991200,4.97,21000200
2025-01-13,4.6819041516499995,21000100,4.747,20991200,4.747,21000200
2025-01-14,5.005510089166666,21000100,5.05,20991200,5.05,21000200
2025-01-15,5.2869640198375,21000100,5.313,20991200,5.313,21000200
2025-01-16,5.1526487382749995,21000100,5.157,20991200,5.157,21000200
2025-01-17,5.791229538975001,21000100,5.751,20991200,5.751,21000200
2025-01-18,5.477560272825,21000100,5.442,20991200,5.442,21000200
2025-01-19,4.994716440262501,21000100,4.977,20991200,4.977,21000200
2025-01-20,5.122715677525,21000100,5.098,20991200,5.098,21000200
2025-01-21,5.258803571874999,21000100,5.25,20991200,5.25,21000200
2025-01-22,5.142501,21000100,5.096,20991200,5.096,21000200
2025-01-23,5.022415125,21000100,4.977,20991200,4.977,21000200
2025-01-24,5.04360675,21000100,4.998,20991200,4.998,21000200
2025-01-25,4.931667690729166,21000100,4.925,20991200,4.925,21000200
2025-01-26,4.794645848241667,21000100,4.754,20991200,4.754,21000200
2025-01-27,4.589176860804167,21000100,4.637,20991200,4.637,21000200
2025-01-28,4.28997433165,21000100,4.281,20991200,4.281,21000200
2025-01-29,4.408288688800001,21000100,4.416,20991200,4.416,21000200
2025-01-30,4.636658516833333,21000100,4.601,20991200,4.601,21000200
2025-01-31,4.661148375,21000100,4.619,20991200,4.619,21000200
2025-02-01,4.289557058999999,21000100,4.254,20991200,4.254,21000200
2025-02-02,3.7339594095749997,21000100,3.747,20991200,3.747,21000200
2025-02-03,3.683509523958333,21000100,3.77,20991200,3.77,21000200
2025-02-04,3.3263693792,21000100,3.392,20991200,3.392,21000200
2025-02-05,3.2736847956416666,21000100,3.277,20991200,3.277,21000200
2025-02-06,3.1159449628124998,21000100,3.141,20991200,3.141,21000200
2025-02-07,3.1831867624875,21000100,3.203,20991200,3.203,21000200
2025-02-08,3.275669938225,21000100,3.282,20991200,3.282,21000200
2025-02-09,3.1591050430333336,21000100,3.176,20991200,3.176,21000200
2025-02-10,3.2196576014,21000100,3.207,20991200,3.207,21000200
2025-02-11,3.2196557766750002,21000100,3.198,20991200,3.198,21000200
2025-02-12,3.4075780797374997,21000100,3.429,20991200,3.429,21000200
2025-02-13,3.3871432904750005,21000100,3.374,20991200,3.374,21000200
2025-02-14,3.526004422225,21000100,3.551,20991200,3.551,21000200
2025-02-15,3.38543325225,21000100,3.402,20991200,3.402,21000200
2025-02-16,3.3701422195166666,21000100,3.413,20991200,3.413,21000200
2025-02-17,3.22927817625,21000100,3.255,20991200,3.255,21000200
2025-02-18,3.1547367191249998,21000100,3.138,20991200,3.138,21000200
2025-02-19,3.14491929715,21000100,3.156,20991200,3.156,21000200
2025-02-20,3.424393896,21000100,3.465,20991200,3.465,21000200
2025-02-21,3.3381855,21000100,3.308,20991200,3.308,21000200
2025-02-22,3.495461837616667,21000100,3.466,20991200,3.466,21000200
2025-02-23,3.4512812414250003,21000100,3.431,20991200,3.431,21000200
2025-02-24,3.0500936793875004,21000100,3.063,20991200,3.063,21000200
2025-02-25,2.9739901187458333,21000100,3.007,20991200,3.007,21000200
2025-02-26,2.97456677685,21000100,3.021,20991200,3.021,21000200
2025-02-27,3.079637103133334,21000100,3.056,20991200,3.056,21000200
2025-02-28,3.0758879910625,21000100,3.065,20991200,3.065,21000200
2025-03-01,3.2973551713749996,21000100,3.27,20991200,3.27,21000200
2025-03-02,3.5738132815458337,21000100,3.553,20991200,3.553,21000200
2025-03-03,2.992915121808333,21000100,2.969,20991200,2.969,21000200
2025-03-04,2.7740783181666666,21000100,2.81,20991200,2.81,21000200
2025-03-05,2.9405251549875002,21000100,2.987,20991200,2.987,21000200
2025-03-06,3.028132225525,21000100,3.054,20991200,3.054,21000200
2025-03-07,2.9476984215999997,21000100,2.941,20991200,2.941,21000200
2025-03-08,2.8974252106250002,21000100,2.883,20991200,2.883,21000200
2025-03-09,2.55411546625,21000100,2.55,20991200,2.55,21000200
2025-03-10,2.2606579722249998,21000100,2.283,20991200,2.283,21000200
2025-03-11,2.407031354345833,21000100,2.449,20991200,2.449,21000200
2025-03-12,2.5578313831,21000100,2.554,20991200,2.554,21000200
2025-03-13,2.5865698715416667,21000100,2.57,20991200,2.57,21000200
2025-03-14,2.6167375795000005,21000100,2.607,20991200,2.607,21000200
2025-03-15,2.6590960329625,21000100,2.641,20991200,2.641,21000200
2025-03-16,2.5339832517749996,21000100,2.514,20991200,2.514,21000200
2025-03-17,2.6421820548125,21000100,2.635,20991200,2.635,21000200
2025-03-18,2.5905211654333336,21000100,2.584,20991200,2.584,21000200
2025-03-19,2.8035729082499996,21000100,2.79,20991200,2.79,21000200
2025-03-20,2.763998232916667,21000100,2.74,20991200,2.74,21000200
2025-03-21,2.7320019763458334,21000100,2.713,20991200,2.713,21000200
2025-03-22,2.73318033625,21000100,2.73,20991200,2.73,21000200
2025-03-23,2.7864801691,21000100,2.778,20991200,2.778,21000200
2025-03-24,2.9289402856666666,21000100,2.92,20991200,2.92,21000200
2025-03-25,3.039011136,21000100,3.024,20991200,3.024,21000200
2025-03-26,3.0092107500000003,21000100,2.982,20991200,2.982,21000200
2025-03-27,2.9959404761124997,21000100,3.009,20991200,3.009,21000200
2025-03-28,2.730895974625,21000100,2.73,20991200,2.73,21000200
2025-03-29,2.5486160213666667,21000100,2.564,20991200,2.564,21000200
2025-03-30,2.5705686155208336,21000100,2.591,20991200,2.591,21000200
2025-03-31,2.5083596192208333,21000100,2.507,20991200,2.507,21000200
2025-04-01,2.669533260166667,21000100,2.648,20991200,2.648,21000200
2025-04-02,2.4488942328958334,21000100,2.447,20991200,2.447,21000200
2025-04-03,2.5115548810000003,21000100,2.508,20991200,2.508,21000200
2025-04-04,2.5000491793083333,21000100,2.506,20991200,2.506,21000200
2025-04-05,2.452708022570833,21000100,2.441,20991200,2.441,21000200
2025-04-06,2.159377821,21000100,2.16,20991200,2.16,21000200
2025-04-07,2.11052217855,21000100,2.116,20991200,2.116,21000200
2025-04-08,1.8559417945755536,21000100,1.905,20991200,1.905,21000200
2025-04-09,2.0800492482,21000100,2.101,20991200,2.101,21000200
2025-04-10,2.0047461638125,21000100,2.001,20991200,2.001,21000200
2025-04-11,2.086993652041667,21000100,2.087,20991200,2.087,21000200
2025-04-12,2.2114082764583336,21000100,2.21,20991200,2.21,21000200
2025-04-13,2.104036027225,21000100,2.094,20991200,2.094,21000200
2025-04-14,2.1078075930375,21000100,2.113,20991200,2.113,21000200
2025-04-15,2.0218877714,21000100,2.036,20991200,2.036,21000200
2025-04-16,1.930399870625,21000100,1.965,20991200,1.965,21000200
2025-04-17,2.0462918354958335,21000100,2.051,20991200,2.051,21000200
2025-04-18,2.0646004850541666,21000100,2.053,20991200,2.053,21000200
2025-04-19,2.1832714388000003,21000100,2.181,20991200,2.181,21000200
2025-04-20,2.263467375,21000100,2.243,20991200,2.243,21000200
2025-04-21,2.2328834669999997,21000100,2.215,20991200,2.215,21000200
2025-04-22,2.3891689427625,21000100,2.403,20991200,2.403,21000200
2025-04-23,2.479596433625,21000100,2.469,20991200,2.469,21000200
2025-04-24,2.56519575,21000100,2.542,20991200,2.542,21000200
2025-04-25,2.6369393973999995,21000100,2.618,20991200,2.618,21000200
2025-04-26,2.639676669416667,21000100,2.62,20991200,2.62,21000200
2025-04-27,2.4860158422875003,21000100,2.487,20991200,2.487,21000200
2025-04-28,2.580027724466667,21000100,2.584,20991200,2.584,21000200
2025-04-29,2.5221384212,21000100,2.528,20991200,2.528,21000200
2025-04-30,2.44920800195,21000100,2.462,20991200,2.462,21000200
2025-05-01,2.5588773011666666,21000100,2.54,20991200,2.54,21000200
2025-05-02,2.5286198355000002,21000100,2.508,20991200,2.508,21000200
2025-05-03,2.4148833155625,21000100,2.419,20991200,2.419,21000200
2025-05-04,2.300207732275,21000100,2.319,20991200,2.319,21000200
2025-05-05,2.3031167052000003,21000100,2.313,20991200,2.313,21000200
2025-05-06,2.3196275986,21000100,2.327,20991200,2.327,21000200
2025-05-07,2.278301239183333,21000100,2.284,20991200,2.284,21000200
2025-05-08,2.7555864564833334,21000100,2.734,20991200,2.734,21000200
2025-05-09,2.927471625,21000100,2.901,20991200,2.901,21000200
2025-05-10,3.3785505000000002,21000100,3.348,20991200,3.348,21000200
2025-05-11,3.1601054592500004,21000100,3.14,20991200,3.14,21000200
2025-05-12,3.198830172416667,21000100,3.185,20991200,3.185,21000200
2025-05-13,3.226987443566667,21000100,3.208,20991200,3.208,21000200
2025-05-14,3.073900801875,21000100,3.049,20991200,3.049,21000200
2025-05-15,2.888344305220833,21000100,2.881,20991200,2.881,21000200
2025-05-16,2.7996867096624998,21000100,2.793,20991200,2.793,21000200
2025-05-17,2.6945827848749997,21000100,2.69,20991200,2.69,21000200
2025-05-18,2.8583106282,21000100,2.864,20991200,2.864,21000200
2025-05-19,2.7425660359333333,21000100,2.768,20991200,2.768,21000200
2025-05-20,2.8118806628749997,21000100,2.811,20991200,2.811,21000200
2025-05-21,2.8705764123,21000100,2.862,20991200,2.862,21000200
2025-05-22,3.1017859914291668,21000100,3.077,20991200,3.077,21000200
2025-05-23,2.820504375,21000100,2.795,20991200,2.795,21000200
2025-05-24,2.761638940416667,21000100,2.774,20991200,2.774,21000200
2025-05-25,2.7535585846083332,21000100,2.794,20991200,2.794,21000200
2025-05-26,2.7571189733,21000100,2.766,20991200,2.766,21000200
2025-05-27,2.836303266133333,21000100,2.816,20991200,2.816,21000200
2025-05-28,2.8903783393333335,21000100,2.87,20991200,2.87,21000200
2025-05-29,2.7692039629958334,21000100,2.753,20991200,2.753,21000200
2025-05-30,2.4074091345583333,21000100,2.441,20991200,2.441,21000200
2025-05-31,2.3698492158875,21000100,2.419,20991200,2.419,21000200
2025-06-01,2.4493853254999998,21000100,2.46,20991200,2.46,21000200
2025-06-02,2.50731347655,21000100,2.502,20991200,2.502,21000200
2025-06-03,2.527201751958333,21000100,2.506,20991200,2.506,21000200
2025-06-04,2.4478214710499997,21000100,2.433,20991200,2.433,21000200
2025-06-05,2.2481260147500004,21000100,2.244,20991200,2.244,21000200
2025-06-06,2.296608983325,21000100,2.313,20991200,2.313,21000200
2025-06-07,2.4424652945000003,21000100,2.422,20991200,2.422,21000200
2025-06-08,2.4420825,21000100,2.42,20991200,2.42,21000200
2025-06-09,2.5662048750000004,21000100,2.543,20991200,2.543,21000200
2025-06-10,2.68629075,21000100,2.662,20991200,2.662,21000200
2025-06-11,2.5954695,21000100,2.572,20991200,2.572,21000200
2025-06-12,2.372836016025,21000100,2.367,20991200,2.367,21000200
2025-06-13,2.1973178570000003,21000100,2.237,20991200,2.237,21000200
2025-06-14,2.2211420383291665,21000100,2.231,20991200,2.231,21000200
2025-06-15,2.2458589133791667,21000100,2.227,20991200,2.227,21000200
2025-06-16,2.2899324889333332,21000100,2.272,20991200,2.272,21000200
2025-06-17,2.15750925,21000100,2.138,20991200,2.138,21000200
2025-06-18,2.186851747575,21000100,2.186,20991200,2.186,21000200
2025-06-19,2.1861149545000003,21000100,2.18,20991200,2.18,21000200
2025-06-20,2.0720314944,21000100,2.073,20991200,2.073,21000200
2025-06-21,1.9635905703333334,21000100,1.972,20991200,1.972,21000200
2025-06-22,1.8997299042083333,21000100,1.895,20991200,1.895,21000200
2025-06-23,2.094385497575,21000100,2.121,20991200,2.121,21000200
2025-06-24,2.199526253625,21000100,2.19,20991200,2.19,21000200
2025-06-25,2.1518312399,21000100,2.136,20991200,2.136,21000200
2025-06-26,2.0544492288000002,21000100,2.048,20991200,2.048,21000200
2025-06-27,2.113904199454167,21000100,2.111,20991200,2.111,21000200
2025-06-28,2.17270228255,21000100,2.164,20991200,2.164,21000200
2025-06-29,2.2758871026333334,21000100,2.257,20991200,2.257,21000200
2025-06-30,2.154889688758333,21000100,2.146,20991200,2.146,21000200
2025-07-01,2.030944896516667,21000100,2.039,20991200,2.039,21000200
2025-07-02,2.2204291567291667,21000100,2.221,20991200,2.221,21000200
2025-07-03,2.295759375,21000100,2.275,20991200,2.275,21000200
2025-07-04,2.142014528116667,21000100,2.132,20991200,2.132,21000200
2025-07-05,2.0953016266041664,21000100,2.147,20991200,2.147,21000200
2025-07-06,2.1784300099166662,21000100,2.179,20991200,2.179,21000200
2025-07-07,2.1764746452625,21000100,2.157,20991200,2.157,21000200
2025-07-08,2.24704622065,21000100,2.244,20991200,2.244,21000200
2025-07-09,2.3593342500000003,21000100,2.338,20991200,2.338,21000200
2025-07-10,2.537949375,21000100,2.515,20991200,2.515,21000200
2025-07-11,2.52886725,21000100,2.506,20991200,2.506,21000200
2025-07-12,2.5046482500000002,21000100,2.482,20991200,2.482,21000200
2025-07-13,2.552077125,21000100,2.529,20991200,2.529,21000200
2025-07-14,2.6015242499999998,21000100,2.578,20991200,2.578,21000200
2025-07-15,2.688506223683333,21000100,2.671,20991200,2.671,21000200
2025-07-16,2.75491125,21000100,2.73,20991200,2.73,21000200
2025-07-17,2.8416959999999998,21000100,2.816,20991200,2.816,21000200
2025-07-18,2.828577375,21000100,2.803,20991200,2.803,21000200
2025-07-19,2.9377533357,21000100,2.916,20991200,2.916,21000200
2025-07-20,2.9982720036000003,21000100,2.974,20991200,2.974,21000200
2025-07-21,3.048566625,21000100,3.021,20991200,3.021,21000200
2025-07-22,3.056252561804167,21000100,3.031,20991200,3.031,21000200
2025-07-23,2.772058628533333,21000100,2.752,20991200,2.752,21000200
2025-07-24,2.7113143988124997,21000100,2.715,20991200,2.715,21000200
2025-07-25,2.8500286956000003,21000100,2.853,20991200,2.853,21000200
2025-07-26,2.90829825,21000100,2.882,20991200,2.882,21000200
2025-07-27,2.9900373750000004,21000100,2.963,20991200,2.963,21000200
2025-07-28,2.7740846250000004,21000100,2.749,20991200,2.749,21000200
2025-07-29,2.6938678493333335,21000100,2.72,20991200,2.72,21000200
2025-07-30,2.6337982082666667,21000100,2.656,20991200,2.656,21000200
2025-07-31,2.5376019227374997,21000100,2.533,20991200,2.533,21000200
2025-08-01,2.4120913647416664,21000100,2.413,20991200,2.413,21000200
2025-08-02,2.3519876078250004,21000100,2.346,20991200,2.346,21000200
2025-08-03,2.446426196225,21000100,2.442,20991200,2.442,21000200
2025-08-04,2.5609727105125,21000100,2.553,20991200,2.553,21000200
2025-08-05,2.45372127225,21000100,2.466,20991200,2.466,21000200
2025-08-06,2.4787931383375,21000100,2.487,20991200,2.487,21000200
2025-08-07,2.67256298745,21000100,2.649,20991200,2.649,21000200
2025-08-08,2.7340688930333332,21000100,2.711,20991200,2.711,21000200
2025-08-09,2.8540694428249997,21000100,2.829,20991200,2.829,21000200
2025-08-10,2.773527320025,21000100,2.751,20991200,2.751,21000200
2025-08-11,2.6182168458333335,21000100,2.6,20991200,2.6,21000200
2025-08-12,2.7946760366875,21000100,2.787,20991200,2.787,21000200
2025-08-13,3.024347625,21000100,2.997,20991200,2.997,21000200
2025-08-14,2.7811485,21000100,2.756,20991200,2.756,21000200
2025-08-15,2.687844405354167,21000100,2.705,20991200,2.705,21000200
2025-08-16,2.7206472070166665,21000100,2.741,20991200,2.741,21000200
2025-08-17,2.7246375000000005,21000100,2.7,20991200,2.7,21000200
2025-08-18,2.5346384456249997,21000100,2.574,20991200,2.574,21000200
2025-08-19,2.4192211990333337,21000100,2.422,20991200,2.422,21000200
2025-08-20,2.540259311025,21000100,2.546,20991200,2.546,21000200
2025-08-21,2.4663015,21000100,2.444,20991200,2.444,21000200
2025-08-22,2.7126660570624996,21000100,2.689,20991200,2.689,21000200
2025-08-23,2.723628375,21000100,2.699,20991200,2.699,21000200
2025-08-24,2.673988523591667,21000100,2.654,20991200,2.654,21000200
2025-08-25,2.4040466304750003,21000100,2.394,20991200,2.394,21000200
2025-08-26,2.471971233541667,21000100,2.525,20991200,2.525,21000200
2025-08-27,2.5326501396750003,21000100,2.517,20991200,2.517,21000200
2025-08-28,2.56419618,21000100,2.544,20991200,2.544,21000200
2025-08-29,2.44624062315,21000100,2.428,20991200,2.428,21000200
2025-08-30,2.4429616447874998,21000100,2.433,20991200,2.433,21000200
2025-08-31,2.380715730479167,21000100,2.365,20991200,2.365,21000200
2025-09-01,2.3294760644999997,21000100,2.34,20991200,2.34,21000200
2025-09-02,2.4574645450333334,21000100,2.437,20991200,2.437,21000200
2025-09-03,2.489511375,21000100,2.467,20991200,2.467,21000200
2025-09-04,2.3904817422916667,21000100,2.374,20991200,2.374,21000200
2025-09-05,2.4092223089291664,21000100,2.399,20991200,2.399,21000200
2025-09-06,2.422909125,21000100,2.401,20991200,2.401,21000200
2025-09-07,2.486484,21000100,2.464,20991200,2.464,21000200
2025-09-08,2.6005151250000003,21000100,2.577,20991200,2.577,21000200
2025-09-09,2.65803525,21000100,2.634,20991200,2.634,21000200
2025-09-10,2.749097863691667,21000100,2.726,20991200,2.726,21000200
2025-09-11,2.770048125,21000100,2.745,20991200,2.745,21000200
2025-09-12,2.8154587500000003,21000100,2.79,20991200,2.79,21000200
2025-09-13,2.83564125,21000100,2.81,20991200,2.81,21000200
2025-09-14,2.7286740000000003,21000100,2.704,20991200,2.704,21000200
2025-09-15,2.6260930609375004,21000100,2.625,20991200,2.625,21000200
2025-09-16,2.715083113279167,21000100,2.707,20991200,2.707,21000200
2025-09-17,2.8336748922,21000100,2.823,20991200,2.823,21000200
2025-09-18,3.203971875,21000100,3.175,20991200,3.175,21000200
2025-09-19,3.1470292183958333,21000100,3.119,20991200,3.119,21000200
2025-09-20,3.1613936462249996,21000100,3.154,20991200,3.154,21000200
2025-09-21,3.1406762862875,21000100,3.127,20991200,3.127,21000200
2025-09-22,2.9641693433625,21000100,2.961,20991200,2.961,21000200
2025-09-23,2.9323251915000004,21000100,2.918,20991200,2.918,21000200
2025-09-24,3.0363270434999996,21000100,3.021,20991200,3.021,21000200
2025-09-25,2.7378120436874998,21000100,2.727,20991200,2.727,21000200
2025-09-26,2.7854258599999997,21000100,2.775,20991200,2.775,21000200
2025-09-27,2.7390426605833333,21000100,2.726,20991200,2.726,21000200
2025-09-28,2.8235317500000003,21000100,2.798,20991200,2.798,21000200
2025-09-29,2.7900006621833335,21000100,2.773,20991200,2.773,21000200
2025-09-30,2.6261940942249997,21000100,2.626,20991200,2.626,21000200
2025-10-01,2.842005161,21000100,2.832,20991200,2.832,21000200
2025-10-02,2.9813085429375,21000100,2.967,20991200,2.967,21000200
2025-10-03,3.049694890966667,21000100,3.032,20991200,3.032,21000200
2025-10-04,2.98391387945,21000100,2.958,20991200,2.958,21000200
2025-10-05,2.9678988581875005,21000100,2.955,20991200,2.955,21000200
2025-10-06,3.0455175973541664,21000100,3.049,20991200,3.049,21000200
2025-10-07,2.970676062929167,21000100,2.947,20991200,2.947,21000200
2025-10-08,2.9862538601999997,21000100,2.964,20991200,2.964,21000200
2025-10-09,2.8802471304083332,21000100,2.878,20991200,2.878,21000200
2025-10-10,2.3996992500000003,21000100,2.378,20991200,2.378,21000200
2025-10-11,2.30446551875,21000100,2.298,20991200,2.298,21000200
2025-10-12,2.4334053392291666,21000100,2.455,20991200,2.455,21000200
2025-10-13,2.5958785544999996,21000100,2.618,20991200,2.618,21000200
2025-10-14,2.46255377725,21000100,2.46,20991200,2.46,21000200
2025-10-15,2.3144482723458335,21000100,2.323,20991200,2.323,21000200
2025-10-16,2.1601792424426143,21000100,2.198,20991200,2.198,21000200
2025-10-17,2.1377238119708335,21000100,2.149,20991200,2.149,21000200
2025-10-18,2.171820272216667,21000100,2.164,20991200,2.164,21000200
2025-10-19,2.2253178327083334,21000100,2.257,20991200,2.257,21000200
2025-10-20,2.213456512213439,21000100,2.259,20991200,2.259,21000200
2025-10-21,2.2372301250000004,21000100,2.217,20991200,2.217,21000200
2025-10-22,2.156140893,21000100,2.164,20991200,2.164,21000200
2025-10-23,2.214511260358333,21000100,2.201,20991200,2.201,21000200
2025-10-24,2.291722875,21000100,2.271,20991200,2.271,21000200
2025-10-25,2.2915106946083337,21000100,2.278,20991200,2.278,21000200
2025-10-26,2.3779749730666664,21000100,2.368,20991200,2.368,21000200
2025-10-27,2.3476242160874996,21000100,2.331,20991200,2.331,21000200
2025-10-28,2.240012103816667,21000100,2.233,20991200,2.233,21000200
2025-10-29,2.2677126742500002,21000100,2.274,20991200,2.274,21000200
2025-10-30,2.096404259775,21000100,2.097,20991200,2.097,21000200
2025-10-31,2.0935129423875,21000100,2.097,20991200,2.097,21000200
2025-11-01,2.1811382895791662,21000100,2.171,20991200,2.171,21000200
2025-11-02,2.193227962291667,21000100,2.189,20991200,2.189,21000200
2025-11-03,1.9045744301249998,21000100,1.91,20991200,1.91,21000200
2025-11-04,1.8434942598750002,21000100,1.83,20991200,1.83,21000200
2025-11-05,1.9628370043749996,21000100,1.95,20991200,1.95,21000200
2025-11-06,2.098983938125,21000100,2.094,20991200,2.094,21000200
2025-11-07,2.6969303740554773,21000100,2.766,20991200,2.766,21000200
2025-11-08,2.923986135433333,21000100,2.932,20991200,2.932,21000200
2025-11-09,3.0469507295791667,21000100,3.073,20991200,3.073,21000200
2025-11-10,2.783099945354167,21000100,2.785,20991200,2.785,21000200
2025-11-11,2.563579069166667,21000100,2.546,20991200,2.546,21000200
2025-11-12,2.5427986360916663,21000100,2.533,20991200,2.533,21000200
2025-11-13,2.4450104910833335,21000100,2.446,20991200,2.446,21000200
2025-11-14,2.3675695897208335,21000100,2.353,20991200,2.353,21000200
2025-11-15,2.3877965849500002,21000100,2.406,20991200,2.406,21000200
2025-11-16,2.2960192397999997,21000100,2.288,20991200,2.288,21000200
2025-11-17,2.284947732458333,21000100,2.27,20991200,2.27,21000200
2025-11-18,2.2967684999999998,21000100,2.276,20991200,2.276,21000200
2025-11-19,2.396671875,21000100,2.375,20991200,2.375,21000200
2025-11-20,2.091916125,21000100,2.073,20991200,2.073,21000200
2025-11-21,1.8722569986000002,21000100,1.863,20991200,1.863,21000200
2025-11-22,1.849626266666667,21000100,1.84,20991200,1.84,21000200
2025-11-23,1.8194950876625,21000100,1.821,20991200,1.821,21000200
2025-11-24,1.8951356560000001,21000100,1.905,20991200,1.905,21000200
2025-11-25,1.8982029124,21000100,1.912,20991200,1.912,21000200
2025-11-26,1.9536660000000001,21000100,1.936,20991200,1.936,21000200
2025-11-27,1.9148425342666666,21000100,1.904,20991200,1.904,21000200
2025-11-28,1.8846977255958335,21000100,1.877,20991200,1.877,21000200
2025-11-29,1.8464090040041665,21000100,1.849,20991200,1.849,21000200
2025-11-30,1.8085153845125,21000100,1.803,20991200,1.803,21000200
2025-12-01,1.6231770515333335,21000100,1.624,20991200,1.624,21000200
2025-12-02,1.8010072993000001,21000100,1.804,20991200,1.804,21000200
2025-12-03,1.8554532395624999,21000100,1.845,20991200,1.845,21000200
2025-12-04,1.8098812081666666,21000100,1.795,20991200,1.795,21000200
2025-12-05,1.69281588,21000100,1.68,20991200,1.68,21000200
2025-12-06,1.6985487781375,21000100,1.707,20991200,1.707,21000200
2025-12-07,1.7057392695,21000100,1.701,20991200,1.701,21000200
2025-12-08,1.7566739096000001,21000100,1.744,20991200,1.744,21000200
2025-12-09,1.8176706970416667,21000100,1.81,20991200,1.81,21000200
2025-12-10,1.7666101419500002,21000100,1.758,20991200,1.758,21000200
2025-12-11,1.6669597032083334,21000100,1.673,20991200,1.673,21000200
2025-12-12,1.6409696976500001,21000100,1.636,20991200,1.636,21000200
2025-12-13,1.6726923338666668,21000100,1.664,20991200,1.664,21000200
2025-12-14,1.59119068475,21000100,1.59,20991200,1.59,21000200
2025-12-15,1.542556732675,21000100,1.542,20991200,1.542,21000200
2025-12-16,1.55582251815,21000100,1.569,20991200,1.569,21000200
2025-12-17,1.4900805910583337,21000100,1.481,20991200,1.481,21000200
2025-12-18,1.43047101715,21000100,1.428,20991200,1.428,21000200
2025-12-19,1.5506654428166666,21000100,1.538,20991200,1.538,21000200
2025-12-20,1.5358882500000002,21000100,1.522,20991200,1.522,21000200
2025-12-21,1.5104924852333332,21000100,1.508,20991200,1.508,21000200
2025-12-22,1.5141319717333332,21000100,1.504,20991200,1.504,21000200
2025-12-23,1.4792219329666665,21000100,1.486,20991200,1.486,21000200
2025-12-24,1.4417712704875,21000100,1.453,20991200,1.453,21000200
2025-12-25,1.4419122992,21000100,1.436,20991200,1.436,21000200
2025-12-26,1.5273965654750001,21000100,1.518,20991200,1.518,21000200
2025-12-27,1.60258802805,21000100,1.593,20991200,1.593,21000200
2025-12-28,1.595426625,21000100,1.581,20991200,1.581,21000200
2025-12-29,1.5134193762083332,21000100,1.522,20991200,1.522,21000200
2025-12-30,1.5261442895,21000100,1.515,20991200,1.515,21000200
2025-12-31,1.5220894924958335,21000100,1.513,20991200,1.513,21000200
2026-01-01,1.6406349108,21000100,1.627,20991200,1.627,21000200
2026-01-02,1.70542125,21000100,1.69,20991200,1.69,21000200
2026-01-03,1.7214907748041668,21000100,1.709,20991200,1.709,21000200
2026-01-04,1.7427588750000003,21000100,1.727,20991200,1.727,21000200
2026-01-05,1.7718489583666666,21000100,1.771,20991200,1.771,21000200
2026-01-06,1.8091873060666668,21000100,1.808,20991200,1.808,21000200
2026-01-07,1.71525229025,21000100,1.721,20991200,1.721,21000200
2026-01-08,1.6975471064,21000100,1.684,20991200,1.684,21000200
2026-01-09,1.7167610773083333,21000100,1.703,20991200,1.703,21000200
2026-01-10,1.6853641442166667,21000100,1.687,20991200,1.687,21000200
2026-01-11,1.7086112875125001,21000100,1.701,20991200,1.701,21000200
2026-01-12,1.6710316890666665,21000100,1.672,20991200,1.672,21000200
2026-01-13,1.8611789218750001,21000100,1.858,20991200,1.858,21000200
2026-01-14,1.8115426783416666,21000100,1.798,20991200,1.798,21000200
2026-01-15,1.7243862293333332,21000100,1.72,20991200,1.72,21000200
2026-01-16,1.7221198401750002,21000100,1.731,20991200,1.731,21000200
2026-01-17,1.7657534371791666,21000100,1.751,20991200,1.751,21000200
2026-01-18,1.6207610583458334,21000100,1.627,20991200,1.627,21000200
2026-01-19,1.5956015137541666,21000100,1.597,20991200,1.597,21000200
2026-01-20,1.5177296913333331,21000100,1.505,20991200,1.505,21000200
2026-01-21,1.5281527959249999,21000100,1.527,20991200,1.527,21000200
2026-01-22,1.5183434305791665,21000100,1.513,20991200,1.513,21000200
2026-01-23,1.5142130545666668,21000100,1.507,20991200,1.507,21000200
2026-01-24,1.5011540998666668,21000100,1.504,20991200,1.504,21000200
2026-01-25,1.4313124412666665,21000100,1.436,20991200,1.436,21000200
2026-01-26,1.4582461306625,21000100,1.461,20991200,1.461,21000200
2026-01-27,1.4949929962083333,21000100,1.49,20991200,1.49,21000200
2026-01-28,1.5025871250000002,21000100,1.489,20991200,1.489,21000200
2026-01-29,1.3749188635416667,21000100,1.375,20991200,1.375,21000200
2026-01-30,1.3298312537791668,21000100,1.321,20991200,1.321,21000200
2026-01-31,1.2092764809,21000100,1.206,20991200,1.206,21000200
2026-02-01,1.1703719032750002,21000100,1.173,20991200,1.173,21000200
2026-02-02,1.199357235,21000100,1.2,20991200,1.2,21000200
2026-02-03,1.1845411605999998,21000100,1.176,20991200,1.176,21000200
2026-02-04,1.1666897187124998,21000100,1.159,20991200,1.159,21000200
2026-02-05,0.9826127050000001,21000100,0.976,20991200,0.976,21000200
2026-02-06,1.0872145783291665,21000100,1.087,20991200,1.087,21000200
2026-02-07,1.0827222607541667,21000100,1.073,20991200,1.073,21000200
2026-02-08,1.0368605839916667,21000100,1.037,20991200,1.037,21000200
2026-02-09,1.0348901117625,21000100,1.029,20991200,1.029,21000200
2026-02-10,0.9971172035083333,21000100,0.991,20991200,0.991,21000200
2026-02-11,0.9604978214416666,21000100,0.961,20991200,0.961,21000200
2026-02-12,0.9657099810583332,21000100,0.962,20991200,0.962,21000200
2026-02-13,1.0226879040124999,21000100,1.023,20991200,1.023,21000200
2026-02-14,1.0923333929374999,21000100,1.085,20991200,1.085,21000200
2026-02-15,1.0624765520208332,21000100,1.055,20991200,1.055,21000200
2026-02-16,1.0588834124000002,21000100,1.056,20991200,1.056,21000200
2026-02-17,1.0455699672,21000100,1.044,20991200,1.044,21000200
2026-02-18,1.0176987934125,21000100,1.017,20991200,1.017,21000200
2026-02-19,1.0066701193874998,21000100,1.007,20991200,1.007,21000200
2026-02-20,1.0537683697125,21000100,1.053,20991200,1.053,21000200
2026-02-21,1.0597738075333334,21000100,1.058,20991200,1.058,21000200
2026-02-22,1.0175596995666667,21000100,1.022,20991200,1.022,21000200
2026-02-23,0.9754092185833333,21000100,0.98,20991200,0.98,21000200
2026-02-24,0.96436951725,21000100,0.965,20991200,0.965,21000200
2026-02-25,1.17896976845,21000100,1.173,20991200,1.173,21000200
2026-02-26,1.1241602213333335,21000100,1.12,20991200,1.12,21000200
