DATETIME,CARRY,CARRY_CONTRACT,PRICE,PRICE_CONTRACT,FORWARD,FORWARD_CONTRACT
2020-09-15,2.95996545,21000100,2.9332,20991200,2.9332,21000200
2020-09-16,2.5626729375,21000100,2.5395,20991200,2.5395,21000200
2020-09-17,2.9118301875,21000100,2.8855,20991200,2.8855,21000200
2020-09-18,3.1363605000000003,21000100,3.108,20991200,3.108,21000200
2020-09-19,3.0364184245666666,21000100,3.0193,20991200,3.0193,21000200
2020-09-20,2.8171481198375,21000100,2.8635,20991200,2.8635,21000200
2020-09-21,2.7790293375,21000100,2.7539,20991200,2.7539,21000200
2020-09-22,2.9322547390995832,21000100,2.9183,20991200,2.9183,21000200
2020-09-23,2.8571356125000005,21000100,2.8313,20991200,2.8313,21000200
2020-09-24,3.14978249172,21000100,3.1392,20991200,3.1392,21000200
2020-09-25,3.1633277976937504,21000100,3.1821,20991200,3.1821,21000200
2020-09-26,3.1025305498366667,21000100,3.1262,20991200,3.1262,21000200
2020-09-27,3.1905505125,21000100,3.1617,20991200,3.1617,21000200
2020-09-28,2.98337715,21000100,2.9564,20991200,2.9564,21000200
2020-09-29,2.9786342625000004,21000100,2.9517,20991200,2.9517,21000200
2020-09-30,2.92686615,21000100,2.9004,20991200,2.9004,21000200
2020-10-02,2.6475403500000003,21000100,2.6236,20991200,2.6236,21000200
2020-10-03,2.568626775,21000100,2.5454,20991200,2.5454,21000200
2020-10-04,2.54662785,21000100,2.5236,20991200,2.5236,21000200
2020-10-05,2.6736766875000004,21000100,2.6495,20991200,2.6495,21000200
2020-10-06,2.19303045,21000100,2.1732,20991200,2.1732,21000200
2020-10-07,2.3237121375000003,21000100,2.3027,20991200,2.3027,21000200
2020-10-08,2.39324085,21000100,2.3716,20991200,2.3716,21000200
2020-10-09,2.5594437375000005,21000100,2.5363,20991200,2.5363,21000200
2020-10-10,2.4494774021208334,21000100,2.407,20991200,2.407,21000200
2020-10-11,2.492833238595417,21000100,2.4257,20991200,2.4257,21000200
2020-10-12,2.6158512012708335,21000100,2.5825,20991200,2.5825,21000200
2020-10-13,2.43229997016,21000100,2.4048,20991200,2.4048,21000200
2020-10-14,2.3426984452770836,21000100,2.3087,20991200,2.3087,21000200
2020-10-15,2.287686375,21000100,2.267,20991200,2.267,21000200
2020-10-16,2.1599311500000002,21000100,2.1404,20991200,2.1404,21000200
2020-10-17,2.226331575,21000100,2.2062,20991200,2.2062,21000200
2020-10-18,2.238844725,21000100,2.2186,20991200,2.2186,21000200
2020-10-19,2.076577425,21000100,2.0578,20991200,2.0578,21000200
2020-10-20,1.9077508125000002,21000100,1.8905,20991200,1.8905,21000200
2020-10-21,1.9105763625,21000100,1.8933,20991200,1.8933,21000200
2020-10-22,1.9951899933258335,21000100,1.9619,20991200,1.9619,21000200
2020-10-23,2.0032250752833334,21000100,1.9645,20991200,1.9645,21000200
2020-10-24,1.9918146760462716,21000100,1.9196,20991200,1.9196,21000200
2020-10-25,1.8517141024725001,21000100,1.7937,20991200,1.7937,21000200
2020-10-26,1.693917225,21000100,1.6786,20991200,1.6786,21000200
2020-10-27,1.7291356875000001,21000100,1.7135,20991200,1.7135,21000200
2020-10-28,1.53346635,21000100,1.5196,20991200,1.5196,21000200
2020-10-29,1.4455715625,21000100,1.4325,20991200,1.4325,21000200
2020-10-30,1.4464272253491668,21000100,1.4378,20991200,1.4378,21000200
2020-10-31,1.5114534378678752,21000100,1.5472,20991200,1.5472,21000200
2020-11-02,1.4875511625,21000100,1.4741,20991200,1.4741,21000200
2020-11-03,1.4259945375,21000100,1.4131,20991200,1.4131,21000200
2020-11-04,1.4036928750000002,21000100,1.391,20991200,1.391,21000200
2020-11-05,1.4138850375,21000100,1.4011,20991200,1.4011,21000200
2020-11-06,1.9036254056166664,21000100,1.8998,20991200,1.8998,21000200
2020-11-07,1.972733615015547,21000100,2.0283,20991200,2.0283,21000200
2020-11-08,2.1768019088016666,21000100,2.1571,20991200,2.1571,21000200
2020-11-09,2.0686681122475,21000100,2.0393,20991200,2.0393,21000200
2020-11-10,2.3040677739800004,21000100,2.2652,20991200,2.2652,21000200
2020-11-11,2.036900265904167,21000100,2.003,20991200,2.003,21000200
2020-11-12,1.9257132375000001,21000100,1.9083,20991200,1.9083,21000200
2020-11-13,2.0375242875,21000100,2.0191,20991200,2.0191,21000200
2020-11-14,1.9375200000000001,21000100,1.92,20991200,1.92,21000200
2020-11-15,2.0705851773183332,21000100,2.0431,20991200,2.0431,21000200
2020-11-16,2.2886954999999998,21000100,2.268,20991200,2.268,21000200
2020-11-17,2.2767825444666663,21000100,2.207,20991200,2.207,21000200
2020-11-18,2.216352417479644,21000100,2.1166,20991200,2.1166,21000200
2020-11-19,2.0297992882562497,21000100,2.0797,20991200,2.0797,21000200
2020-11-20,2.134075756508333,21000100,2.1052,20991200,2.1052,21000200
2020-11-21,2.4876026590524996,21000100,2.3991,20991200,2.3991,21000200
2020-11-22,2.1314682370474998,21000100,2.1502,20991200,2.1502,21000200
2020-11-23,2.239256117565833,21000100,2.2826,20991200,2.2826,21000200
2020-11-24,2.324476307584167,21000100,2.2894,20991200,2.2894,21000200
2020-11-25,2.3506095389408332,21000100,2.2673,20991200,2.2673,21000200
2020-11-26,1.774609476475132,21000100,1.9032,20991200,1.9032,21000200
2020-11-27,1.6643451735648562,21000100,1.8558,20991200,1.8558,21000200
2020-11-28,1.6824457811608335,21000100,1.8821,20991200,1.8821,21000200
2020-11-29,1.6880336732683334,21000100,1.9093,20991200,1.9093,21000200
2020-11-30,1.826490905525,21000100,1.959,20991200,1.959,21000200
2020-12-02,1.9552876311000003,21000100,2.116,20991200,2.116,21000200
2020-12-03,2.1180524625,21000100,2.0989,20991200,2.0989,21000200
2020-12-04,1.7756944262191667,21000100,1.8463,20991200,1.8463,21000200
2020-12-05,1.9463877287200002,21000100,1.9776,20991200,1.9776,21000200
2020-12-06,1.8683949375,21000100,1.8515,20991200,1.8515,21000200
2020-12-07,1.8465978375000003,21000100,1.8299,20991200,1.8299,21000200
2020-12-08,1.6768630125000001,21000100,1.6617,20991200,1.6617,21000200
2020-12-09,1.6614475772875001,21000100,1.6553,20991200,1.6553,21000200
2020-12-10,1.530677879335,21000100,1.5686,20991200,1.5686,21000200
2020-12-11,1.4171392707675001,21000100,1.4406,20991200,1.4406,21000200
2020-12-12,1.321011613275,21000100,1.4886,20991200,1.4886,21000200
2020-12-13,1.420320823515,21000100,1.5636,20991200,1.5636,21000200
2020-12-14,1.5674144561599999,21000100,1.5936,20991200,1.5936,21000200
2020-12-15,1.6567688255616668,21000100,1.7534,20991200,1.7534,21000200
2020-12-16,1.7786418267591666,21000100,1.7869,20991200,1.7869,21000200
2020-12-17,1.6961373000000002,21000100,1.6808,20991200,1.6808,21000200
2020-12-18,1.7158152375,21000100,1.7003,20991200,1.7003,21000200
2020-12-19,1.6835232375,21000100,1.6683,20991200,1.6683,21000200
2020-12-20,1.578069675,21000100,1.5638,20991200,1.5638,21000200
2020-12-21,1.5566468174854167,21000100,1.5347,20991200,1.5347,21000200
2020-12-22,1.5041008125,21000100,1.4905,20991200,1.4905,21000200
2020-12-23,1.20317230303125,21000100,1.1975,20991200,1.1975,21000200
2020-12-24,1.3150620896524998,21000100,1.3638,20991200,1.3638,21000200
2020-12-25,1.31769366582,21000100,1.4448,20991200,1.4448,21000200
2020-12-26,1.1318616611503471,21000100,1.3215,20991200,1.3215,21000200
2020-12-27,1.1690338177800002,21000100,1.3023,20991200,1.3023,21000200
2020-12-28,1.4822371221670834,21000100,1.5169,20991200,1.5169,21000200
2020-12-29,1.5360349512666667,21000100,1.666,20991200,1.666,21000200
2020-12-30,1.3848587431933332,21000100,1.5304,20991200,1.5304,21000200
2020-12-31,1.3463537844,21000100,1.504,20991200,1.504,21000200
2021-01-02,1.73284165474,21000100,1.7976,20991200,1.7976,21000200
2021-01-03,1.9708574713029166,21000100,2.1767,20991200,2.1767,21000200
2021-01-04,2.0805414841600003,21000100,2.4832,20991200,2.4832,21000200
2021-01-05,1.654942641315631,21000100,2.1355,20991200,2.1355,21000200
2021-01-06,1.2731704346486383,21000100,1.8753,20991200,1.8753,21000200
2021-01-07,1.5237452093194264,21000100,2.3651,20991200,2.3651,21000200
2021-01-08,3.21206842665,21000100,3.222,20991200,3.222,21000200
2021-01-09,3.6070655311200004,21000100,3.3776,20991200,3.3776,21000200
2021-01-10,4.074667549641667,21000100,3.446,20991200,3.446,21000200
2021-01-11,3.213522676108333,21000100,3.0988,20991200,3.0988,21000200
2021-01-12,3.645171565375,21000100,3.6276,20991200,3.6276,21000200
2021-01-13,3.603372012255417,21000100,3.5291,20991200,3.5291,21000200
2021-01-14,3.4454693380012498,21000100,3.2949,20991200,3.2949,21000200
2021-01-15,3.3647523951266667,21000100,3.2464,20991200,3.2464,21000200
2021-01-16,3.7851750893970832,21000100,3.4259,20991200,3.4259,21000200
2021-01-17,4.09839833163,21000100,3.8328,20991200,3.8328,21000200
2021-01-18,4.18705691564125,21000100,3.7933,20991200,3.7933,21000200
2021-01-19,3.9074651078,21000100,3.6276,20991200,3.6276,21000200
2021-01-20,3.69667318867125,21000100,3.7133,20991200,3.7133,21000200
2021-01-21,2.97655873365625,21000100,2.9793,20991200,2.9793,21000200
2021-01-22,3.2546901983841665,21000100,3.3286,20991200,3.3286,21000200
2021-01-23,3.541423275,21000100,3.5094,20991200,3.5094,21000200
2021-01-24,3.67455253777875,21000100,3.6369,20991200,3.6369,21000200
2021-01-25,3.8654515991700005,21000100,3.7044,20991200,3.7044,21000200
2021-01-26,4.0816078875,21000100,4.0447,20991200,4.0447,21000200
2021-01-27,3.7062133875,21000100,3.6727,20991200,3.6727,21000200
2021-01-28,3.8745085600674996,21000100,3.8139,20991200,3.8139,21000200
2021-01-29,4.0660193419825,21000100,3.8409,20991200,3.8409,21000200
2021-01-30,4.5057878454225,21000100,4.2462,20991200,4.2462,21000200
2021-01-31,4.691291842588334,21000100,4.2628,20991200,4.2628,21000200
2021-02-02,5.69462391204375,21000100,5.2529,20991200,5.2529,21000200
2021-02-03,6.3991239465800005,21000100,5.7373,20991200,5.7373,21000200
2021-02-04,7.2720228282158335,21000100,6.4358,20991200,6.4358,21000200
2021-02-05,8.0146224514275,21000100,6.7101,20991200,6.7101,21000200
2021-02-06,6.986718819666667,21000100,6.1325,20991200,6.1325,21000200
2021-02-07,6.885821121757084,21000100,6.7037,20991200,6.7037,21000200
2021-02-08,8.6604543693925,21000100,7.8917,20991200,7.8917,21000200
2021-02-09,9.741853271841666,21000100,7.8335,20991200,7.8335,21000200
2021-02-10,11.0217958851825,21000100,9.1102,20991200,9.1102,21000200
2021-02-11,10.464170897,21000100,9.2215,20991200,9.2215,21000200
2021-02-12,10.288816651073335,21000100,9.2344,20991200,9.2344,21000200
2021-02-13,10.33691069392375,21000100,8.7627,20991200,8.7627,21000200
2021-02-14,10.752180324680001,21000100,8.7306,20991200,8.7306,21000200
2021-02-15,9.1026390205125,21000100,8.8695,20991200,8.8695,21000200
2021-02-16,9.103123681843334,21000100,8.3036,20991200,8.3036,21000200
2021-02-17,8.88649534249125,21000100,8.2533,20991200,8.2533,21000200
2021-02-18,9.933233352256666,21000100,8.9956,20991200,8.9956,21000200
2021-02-19,12.443584713463332,21000100,11.5096,20991200,11.5096,21000200
2021-02-20,11.66802538628125,21000100,9.9965,20991200,9.9965,21000200
2021-02-21,12.053781070586668,21000100,11.0851,20991200,11.0851,21000200
2021-02-22,15.045101627961252,21000100,14.3413,20991200,14.3413,21000200
2021-02-23,14.803402590732501,21000100,15.2413,20991200,15.2413,21000200
2021-02-24,17.494414213594997,21000100,17.2227,20991200,17.2227,21000200
2021-02-25,14.094499050875,21000100,13.8484,20991200,13.8484,21000200
2021-02-26,13.7181461625,21000100,13.5941,20991200,13.5941,21000200
2021-02-27,13.325612215583332,21000100,13.19,20991200,13.19,21000200
2021-02-28,13.2268032,21000100,13.1072,20991200,13.1072,21000200
2021-03-02,14.36678062615,21000100,13.9565,20991200,13.9565,21000200
2021-03-03,14.929087454325833,21000100,14.0941,20991200,14.0941,21000200
2021-03-04,13.573085848066667,21000100,13.0784,20991200,13.0784,21000200
2021-03-05,12.748123770554999,21000100,12.5659,20991200,12.5659,21000200
2021-03-06,13.58110868338,21000100,13.0512,20991200,13.0512,21000200
2021-03-07,14.711586586125001,21000100,13.845,20991200,13.845,21000200
2021-03-08,14.57070583436,21000100,13.6344,20991200,13.6344,21000200
2021-03-09,16.787091192310836,21000100,14.9102,20991200,14.9102,21000200
2021-03-10,15.772684888485834,21000100,14.2333,20991200,14.2333,21000200
2021-03-11,17.019243855151668,21000100,16.0763,20991200,16.0763,21000200
2021-03-12,15.503349397680832,21000100,14.5742,20991200,14.5742,21000200
2021-03-13,16.56308128608,21000100,15.3216,20991200,15.3216,21000200
2021-03-14,16.090309359275,21000100,14.4642,20991200,14.4642,21000200
2021-03-15,15.4589101644,21000100,14.184,20991200,14.184,21000200
2021-03-16,14.563151831976251,21000100,13.6639,20991200,13.6639,21000200
2021-03-17,15.410085944033332,21000100,14.2288,20991200,14.2288,21000200
2021-03-18,16.070518237214582,21000100,14.2183,20991200,14.2183,21000200
2021-03-19,14.52582851699375,21000100,14.1535,20991200,14.1535,21000200
2021-03-20,14.404588390456665,21000100,14.1892,20991200,14.1892,21000200
2021-03-21,14.48217659105,21000100,14.3395,20991200,14.3395,21000200
2021-03-22,14.85324608733625,21000100,14.7957,20991200,14.7957,21000200
2021-03-23,14.259805865175,21000100,14.142,20991200,14.142,21000200
2021-03-24,13.7114859375,21000100,13.5875,20991200,13.5875,21000200
2021-03-25,13.096020600000001,21000100,12.9776,20991200,12.9776,21000200
2021-03-26,15.004066816166668,21000100,14.7725,20991200,14.7725,21000200
2021-03-27,16.775025101710415,21000100,16.4803,20991200,16.4803,21000200
2021-03-28,18.927358541240835,21000100,18.1022,20991200,18.1022,21000200
2021-03-29,20.36125287323292,21000100,18.9811,20991200,18.9811,21000200
2021-03-30,20.835139674184585,21000100,19.0933,20991200,19.0933,21000200
2021-03-31,20.59738825246833,21000100,19.4044,20991200,19.4044,21000200
2021-04-02,21.664728314593752,21000100,19.8353,20991200,19.8353,21000200
2021-04-03,25.229290470420004,21000100,22.4904,20991200,22.4904,21000200
2021-04-04,24.561590544712498,21000100,23.7879,20991200,23.7879,21000200
2021-04-05,24.652329406866667,21000100,23.018,20991200,23.018,21000200
2021-04-06,27.6740016834325,21000100,25.0987,20991200,25.0987,21000200
2021-04-07,26.812350337500003,21000100,26.5699,20991200,26.5699,21000200
2021-04-08,27.4398299266875,21000100,26.9589,20991200,26.9589,21000200
2021-04-09,28.05970766672,21000100,27.6623,20991200,27.6623,21000200
2021-04-10,28.34719129983583,21000100,26.8349,20991200,26.8349,21000200
2021-04-11,29.607442414784586,21000100,27.9493,20991200,27.9493,21000200
2021-04-12,30.891374174270837,21000100,28.585,20991200,28.585,21000200
2021-04-13,30.300445747331246,21000100,27.5083,20991200,27.5083,21000200
2021-04-14,28.76520802766333,21000100,26.4194,20991200,26.4194,21000200
2021-04-15,30.340456765368746,21000100,27.7857,20991200,27.7857,21000200
2021-04-16,27.7776832395825,21000100,25.3449,20991200,25.3449,21000200
2021-04-17,26.980613807688336,21000100,24.8423,20991200,24.8423,21000200
2021-04-18,32.60419189505834,21000100,32.3492,20991200,32.3492,21000200
2021-04-19,32.30332195772,21000100,31.5856,20991200,31.5856,21000200
2021-04-20,32.8062855184975,21000100,31.7022,20991200,31.7022,21000200
2021-04-21,33.151677712965,21000100,32.6637,20991200,32.6637,21000200
2021-04-22,39.289373662500005,21000100,38.9341,20991200,38.9341,21000200
2021-04-23,37.853480924659166,21000100,37.3702,20991200,37.3702,21000200
2021-04-24,41.2392049875,21000100,40.8663,20991200,40.8663,21000200
2021-04-25,47.823598999575,21000100,47.3823,20991200,47.3823,21000200
2021-04-26,44.371024425,21000100,43.9698,20991200,43.9698,21000200
2021-04-27,44.87613134640333,21000100,43.2296,20991200,43.2296,21000200
2021-04-28,46.3616185845,21000100,44.8884,20991200,44.8884,21000200
2021-04-29,43.40418968935417,21000100,42.4925,20991200,42.4925,21000200
2021-04-30,44.16658036710791,21000100,42.8771,20991200,42.8771,21000200
2021-05-02,49.31269897366499,21000100,46.9593,20991200,46.9593,21000200
2021-05-03,48.026613291126665,21000100,46.0232,20991200,46.0232,21000200
2021-05-04,44.8821835545175,21000100,42.6551,20991200,42.6551,21000200
2021-05-05,47.1956790799475,21000100,45.0381,20991200,45.0381,21000200
2021-05-06,48.442044520799165,21000100,43.5641,20991200,43.5641,21000200
2021-05-07,47.13092554565625,21000100,43.2345,20991200,43.2345,21000200
2021-05-08,48.89416732905,21000100,45.7022,20991200,45.7022,21000200
2021-05-09,46.305428705015004,21000100,44.3591,20991200,44.3591,21000200
2021-05-10,46.056768472162496,21000100,42.8909,20991200,42.8909,21000200
2021-05-11,45.399718143133335,21000100,44.624,20991200,44.624,21000200
2021-05-12,44.555535445749996,21000100,43.484,20991200,43.484,21000200
2021-05-13,41.57785029145,21000100,41.052,20991200,41.052,21000200
2021-05-14,43.1887203451125,21000100,42.741,20991200,42.741,21000200
2021-05-15,44.959814855875,21000100,43.53,20991200,43.53,21000200
2021-05-16,48.5309357397,21000100,46.866,20991200,46.866,21000200
2021-05-17,48.734993877250005,21000100,46.74,20991200,46.74,21000200
2021-05-18,57.30414922437501,21000100,55.95,20991200,55.95,21000200
2021-05-19,32.07058672096985,21000100,34.952,20991200,34.952,21000200
2021-05-20,44.852339358129164,21000100,44.431,20991200,44.431,21000200
2021-05-21,39.276154125,21000100,38.921,20991200,38.921,21000200
2021-05-22,31.509928125000002,21000100,31.225,20991200,31.225,21000200
2021-05-23,24.740717625000002,21000100,24.517,20991200,24.517,21000200
2021-05-24,31.703680125,21000100,31.417,20991200,31.417,21000200
2021-05-25,30.280813875000003,21000100,30.007,20991200,30.007,21000200
2021-05-26,35.743207500000004,21000100,35.42,20991200,35.42,21000200
2021-05-27,34.087233375000004,21000100,33.779,20991200,33.779,21000200
2021-05-28,29.257561125,21000100,28.993,20991200,28.993,21000200
2021-05-29,27.6298425,21000100,27.38,20991200,27.38,21000200
2021-05-30,28.85088375,21000100,28.59,20991200,28.59,21000200
2021-05-31,33.04783462500001,21000100,32.749,20991200,32.749,21000200
2021-06-02,34.30419525,21000100,33.994,20991200,33.994,21000200
2021-06-03,39.98859637500001,21000100,39.627,20991200,39.627,21000200
2021-06-04,37.71100125,21000100,37.37,20991200,37.37,21000200
2021-06-05,40.01987925,21000100,39.658,20991200,39.658,21000200
2021-06-06,42.584065875,21000100,42.199,20991200,42.199,21000200
2021-06-07,38.596003875,21000100,38.247,20991200,38.247,21000200
2021-06-08,41.605214625,21000100,41.229,20991200,41.229,21000200
2021-06-09,41.9388059705,21000100,42.024,20991200,42.024,21000200
2021-06-10,41.464946250000004,21000100,41.09,20991200,41.09,21000200
2021-06-11,36.49197825,21000100,36.162,20991200,36.162,21000200
2021-06-12,36.806825249999996,21000100,36.474,20991200,36.474,21000200
2021-06-13,39.0612105,21000100,38.708,20991200,38.708,21000200
2021-06-14,40.034006999999995,21000100,39.672,20991200,39.672,21000200
2021-06-15,39.900802500000005,21000100,39.54,20991200,39.54,21000200
2021-06-16,40.039052625000004,21000100,39.677,20991200,39.677,21000200
2021-06-17,39.627329625,21000100,39.269,20991200,39.269,21000200
2021-06-18,37.135799999999996,21000100,36.8,20991200,36.8,21000200
2021-06-19,35.421351906575,21000100,35.151,20991200,35.151,21000200
2021-06-20,35.13023466726667,21000100,35.228,20991200,35.228,21000200
2021-06-21,26.442598711225,21000100,26.578,20991200,26.578,21000200
2021-06-22,26.374223477799998,21000100,26.956,20991200,26.956,21000200
2021-06-23,30.197575668075004,21000100,30.774,20991200,30.774,21000200
2021-06-24,30.698403097329166,21000100,31.151,20991200,31.151,21000200
2021-06-25,28.6529881471,21000100,28.591,20991200,28.591,21000200
2021-06-26,29.422310752949997,21000100,29.639,20991200,29.639,21000200
2021-06-27,31.94245503615417,21000100,31.853,20991200,31.853,21000200
2021-06-28,33.314243625,21000100,33.013,20991200,33.013,21000200
2021-06-29,34.10581297717499,21000100,33.949,20991200,33.949,21000200
2021-06-30,35.81687362500001,21000100,35.493,20991200,35.493,21000200
2021-07-02,34.27997625,21000100,33.97,20991200,33.97,21000200
2021-07-03,34.8148125,21000100,34.5,20991200,34.5,21000200
2021-07-04,34.60289625,21000100,34.29,20991200,34.29,21000200
2021-07-05,33.187093875,21000100,32.887,20991200,32.887,21000200
2021-07-06,34.51812975000001,21000100,34.206,20991200,34.206,21000200
2021-07-07,36.993513375,21000100,36.659,20991200,36.659,21000200
2021-07-08,33.430293,21000100,33.128,20991200,33.128,21000200
2021-07-09,33.55380792260417,21000100,33.325,20991200,33.325,21000200
2021-07-10,31.977153,21000100,31.688,20991200,31.688,21000200
2021-07-11,32.466578625000004,21000100,32.173,20991200,32.173,21000200
2021-07-12,31.031602875000004,21000100,30.751,20991200,30.751,21000200
2021-07-13,29.412966375,21000100,29.147,20991200,29.147,21000200
2021-07-14,31.641114375,21000100,31.355,20991200,31.355,21000200
2021-07-15,28.8327195,21000100,28.572,20991200,28.572,21000200
2021-07-16,26.498613375,21000100,26.259,20991200,26.259,21000200
2021-07-17,27.03445875,21000100,26.79,20991200,26.79,21000200
2021-07-18,26.90529075,21000100,26.662,20991200,26.662,21000200
2021-07-19,24.734662875,21000100,24.511,20991200,24.511,21000200
2021-07-20,23.44976915445,21000100,23.466,20991200,23.466,21000200
2021-07-21,26.67343406635417,21000100,26.675,20991200,26.675,21000200
2021-07-22,27.931570875,21000100,27.679,20991200,27.679,21000200
2021-07-23,28.779235875,21000100,28.519,20991200,28.519,21000200
2021-07-24,28.882166625,21000100,28.621,20991200,28.621,21000200
2021-07-25,28.489617,21000100,28.232,20991200,28.232,21000200
2021-07-26,28.4371425,21000100,28.18,20991200,28.18,21000200
2021-07-27,28.35843075,21000100,28.102,20991200,28.102,21000200
2021-07-28,28.129359375,21000100,27.875,20991200,27.875,21000200
2021-07-29,31.53515625,21000100,31.25,20991200,31.25,21000200
2021-07-30,32.645193750000004,21000100,32.35,20991200,32.35,21000200
2021-07-31,37.056079125,21000100,36.721,20991200,36.721,21000200
2021-08-02,33.49689525,21000100,33.194,20991200,33.194,21000200
2021-08-03,34.44749100000001,21000100,34.136,20991200,34.136,21000200
2021-08-04,36.097410375,21000100,35.771,20991200,35.771,21000200
2021-08-05,37.74247272765834,21000100,37.399,20991200,37.399,21000200
2021-08-06,39.90685725,21000100,39.546,20991200,39.546,21000200
2021-08-07,40.5640898349125,21000100,39.489,20991200,39.489,21000200
2021-08-08,38.59034415483334,21000100,37.688,20991200,37.688,21000200
2021-08-09,39.059226617166665,21000100,38.68,20991200,38.68,21000200
2021-08-10,41.36959020366667,21000100,40.676,20991200,40.676,21000200
2021-08-11,42.779489169375,21000100,41.65,20991200,41.65,21000200
2021-08-12,41.83197578488333,21000100,41.122,20991200,41.122,21000200
2021-08-13,45.35079300666667,21000100,44.9,20991200,44.9,21000200
2021-08-14,44.828274818237496,21000100,44.141,20991200,44.141,21000200
2021-08-15,55.0254928001875,21000100,53.565,20991200,53.565,21000200
2021-08-16,65.47447915946667,21000100,62.128,20991200,62.128,21000200
2021-08-17,67.982531672825,21000100,64.218,20991200,64.218,21000200
2021-08-18,73.451181375,21000100,72.787,20991200,72.787,21000200
2021-08-19,74.4990859965375,21000100,72.873,20991200,72.873,21000200
2021-08-20,81.7759301792125,21000100,78.771,20991200,78.771,21000200
2021-08-21,76.93607542053334,21000100,73.904,20991200,73.904,21000200
2021-08-22,74.07208299223333,21000100,72.806,20991200,72.806,21000200
2021-08-23,77.7998550857,21000100,75.702,20991200,75.702,21000200
2021-08-24,73.41339258493333,21000100,70.511,20991200,70.511,21000200
2021-08-25,72.68525550000001,21000100,72.028,20991200,72.028,21000200
2021-08-26,75.558234375,21000100,74.875,20991200,74.875,21000200
2021-08-27,88.75658025,21000100,87.954,20991200,87.954,21000200
2021-08-28,97.08765792687498,21000100,96.225,20991200,96.225,21000200
2021-08-29,95.216512089975,21000100,94.239,20991200,94.239,21000200
2021-08-30,111.68603972825,21000100,110.318,20991200,110.318,21000200
2021-08-31,111.66369071790415,21000100,108.341,20991200,108.341,21000200
2021-09-02,135.24139360508846,21000100,128.329,20991200,128.329,21000200
2021-09-03,153.624756203775,21000100,146.403,20991200,146.403,21000200
2021-09-04,146.8253320249375,21000100,139.155,20991200,139.155,21000200
2021-09-05,151.2592095914315,21000100,142.14,20991200,142.14,21000200
2021-09-06,174.23888121619999,21000100,164.272,20991200,164.272,21000200
2021-09-07,175.22850150000002,21000100,173.644,20991200,173.644,21000200
2021-09-08,196.4809758499792,21000100,191.215,20991200,191.215,21000200
2021-09-09,191.03547790995003,21000100,188.127,20991200,188.127,21000200
2021-09-10,183.15508409826666,21000100,179.756,20991200,179.756,21000200
2021-09-11,181.106593952075,21000100,179.243,20991200,179.243,21000200
2021-09-12,177.9350147808875,21000100,174.507,20991200,174.507,21000200
2021-09-13,172.2623996796,21000100,169.656,20991200,169.656,21000200
2021-09-14,160.25510475000002,21000100,158.806,20991200,158.806,21000200
2021-09-15,162.8826068079,21000100,158.991,20991200,158.991,21000200
2021-09-16,159.17534918914583,21000100,152.365,20991200,152.365,21000200
2021-09-17,153.01210385458333,21000100,147.626,20991200,147.626,21000200
2021-09-18,170.7722055,21000100,169.228,20991200,169.228,21000200
2021-09-19,154.4966015191875,21000100,152.973,20991200,152.973,21000200
2021-09-20,134.462954964975,21000100,132.834,20991200,132.834,21000200
2021-09-21,125.381763,21000100,124.248,20991200,124.248,21000200
2021-09-22,149.302062,21000100,147.952,20991200,147.952,21000200
2021-09-23,151.264810125,21000100,149.897,20991200,149.897,21000200
2021-09-24,140.416716375,21000100,139.147,20991200,139.147,21000200
2021-09-25,137.320720875,21000100,136.079,20991200,136.079,21000200
2021-09-26,136.856523375,21000100,135.619,20991200,135.619,21000200
2021-09-27,137.5518105,21000100,136.308,20991200,136.308,21000200
2021-09-28,133.36394174999998,21000100,132.158,20991200,132.158,21000200
2021-09-29,136.49929312499998,21000100,135.265,20991200,135.265,21000200
2021-09-30,142.64789175,21000100,141.358,20991200,141.358,21000200
2021-10-02,170.43011212500002,21000100,168.889,20991200,168.889,21000200
2021-10-03,174.624035625,21000100,173.045,20991200,173.045,21000200
2021-10-04,168.7701015,21000100,167.244,20991200,167.244,21000200
2021-10-05,166.3409513994375,21000100,164.745,20991200,164.745,21000200
2021-10-06,157.9369703155625,21000100,154.005,20991200,154.005,21000200
2021-10-07,160.087371994,21000100,154.38,20991200,154.38,21000200
2021-10-08,161.49459970149996,21000100,158.932,20991200,158.932,21000200
2021-10-09,160.23626837055,21000100,156.943,20991200,156.943,21000200
2021-10-10,152.64115344591667,21000100,147.62,20991200,147.62,21000200
2021-10-11,147.1451383117,21000100,144.888,20991200,144.888,21000200
2021-10-12,153.717993,21000100,152.328,20991200,152.328,21000200
2021-10-13,149.43123000000003,21000100,148.08,20991200,148.08,21000200
2021-10-14,152.55434934436664,21000100,150.164,20991200,150.164,21000200
2021-10-15,165.44447425599998,21000100,163.236,20991200,163.236,21000200
2021-10-16,160.971981103575,21000100,157.686,20991200,157.686,21000200
2021-10-17,164.9509225143917,21000100,160.291,20991200,160.291,21000200
2021-10-18,159.7479369077125,21000100,157.263,20991200,157.263,21000200
2021-10-19,159.80851483264166,21000100,155.941,20991200,155.941,21000200
2021-10-20,179.63939338749583,21000100,176.821,20991200,176.821,21000200
2021-10-21,198.0398910956625,21000100,190.647,20991200,190.647,21000200
2021-10-22,201.35728260105,21000100,196.446,20991200,196.446,21000200
2021-10-23,205.18537918750002,21000100,197.88,20991200,197.88,21000200
2021-10-24,214.482173560275,21000100,202.386,20991200,202.386,21000200
2021-10-25,215.79629397293752,21000100,209.949,20991200,209.949,21000200
2021-10-26,209.38254282029996,21000100,199.998,20991200,199.998,21000200
2021-10-27,189.85901043035,21000100,184.468,20991200,184.468,21000200
2021-10-28,197.2839375,21000100,195.5,20991200,195.5,21000200
2021-10-29,202.358827125,21000100,200.529,20991200,200.529,21000200
2021-10-30,197.65315586020833,21000100,195.85,20991200,195.85,21000200
2021-10-31,205.61807594159998,21000100,202.668,20991200,202.668,21000200
2021-11-02,228.48460905585,21000100,221.044,20991200,221.044,21000200
2021-11-03,250.5757534875,21000100,243.25,20991200,243.25,21000200
2021-11-04,249.248829375,21000100,246.995,20991200,246.995,21000200
2021-11-05,240.528850981175,21000100,236.231,20991200,236.231,21000200
2021-11-06,260.69331600000004,21000100,258.336,20991200,258.336,21000200
2021-11-07,252.02493225000003,21000100,249.746,20991200,249.746,21000200
2021-11-08,260.06396294166666,21000100,248.42,20991200,248.42,21000200
2021-11-09,246.8111298548625,21000100,239.301,20991200,239.301,21000200
2021-11-10,241.62866692130834,21000100,233.233,20991200,233.233,21000200
2021-11-11,236.7240452265375,21000100,233.469,20991200,233.469,21000200
2021-11-12,230.6577195,21000100,228.572,20991200,228.572,21000200
2021-11-13,244.6729882488,21000100,241.568,20991200,241.568,21000200
2021-11-14,240.915475125,21000100,238.737,20991200,238.737,21000200
2021-11-15,240.50075192174165,21000100,238.282,20991200,238.282,21000200
2021-11-16,221.041767375,21000100,219.043,20991200,219.043,21000200
2021-11-17,221.07204112500003,21000100,219.073,20991200,219.073,21000200
2021-11-18,196.96101750000003,21000100,195.18,20991200,195.18,21000200
2021-11-19,217.334242125,21000100,215.369,20991200,215.369,21000200
2021-11-20,219.681466875,21000100,217.695,20991200,217.695,21000200
2021-11-21,233.2812931559667,21000100,230.788,20991200,230.788,21000200
2021-11-22,217.57744125000002,21000100,215.61,20991200,215.61,21000200
2021-11-23,223.94300175,21000100,221.918,20991200,221.918,21000200
2021-11-24,207.65673337500002,21000100,205.779,20991200,205.779,21000200
2021-11-25,214.05912494585831,21000100,210.181,20991200,210.181,21000200
2021-11-26,196.8872737321875,21000100,192.423,20991200,192.423,21000200
2021-11-27,194.53407187500002,21000100,192.775,20991200,192.775,21000200
2021-11-28,202.544506125,21000100,200.713,20991200,200.713,21000200
2021-11-29,206.13900937500003,21000100,204.275,20991200,204.275,21000200
2021-11-30,210.520630125,21000100,208.617,20991200,208.617,21000200
2021-12-02,235.80930262500002,21000100,233.677,20991200,233.677,21000200
2021-12-03,213.53791387500002,21000100,211.607,20991200,211.607,21000200
2021-12-04,201.160282888575,21000100,200.583,20991200,200.583,21000200
2021-12-05,198.10839262500002,21000100,196.317,20991200,196.317,21000200
2021-12-06,195.28385175,21000100,193.518,20991200,193.518,21000200
2021-12-07,191.14554750287502,21000100,190.155,20991200,190.155,21000200
2021-12-08,196.314168375,21000100,194.539,20991200,194.539,21000200
2021-12-09,182.69199,21000100,181.04,20991200,181.04,21000200
2021-12-10,168.754964625,21000100,167.229,20991200,167.229,21000200
2021-12-11,173.66032125,21000100,172.09,20991200,172.09,21000200
2021-12-12,174.375790875,21000100,172.799,20991200,172.799,21000200
2021-12-13,156.60610875,21000100,155.19,20991200,155.19,21000200
2021-12-14,161.52700899649997,21000100,161.16,20991200,161.16,21000200
2021-12-15,180.05817375,21000100,178.43,20991200,178.43,21000200
2021-12-16,178.3937273823333,21000100,176.92,20991200,176.92,21000200
2021-12-17,177.11152875,21000100,175.51,20991200,175.51,21000200
2021-12-18,184.346955,21000100,182.68,20991200,182.68,21000200
2021-12-19,181.5012225,21000100,179.86,20991200,179.86,21000200
2021-12-20,175.49692875,21000100,173.91,20991200,173.91,21000200
2021-12-21,181.198485,21000100,179.56,20991200,179.56,21000200
2021-12-22,179.99762625000002,21000100,178.37,20991200,178.37,21000200
2021-12-23,191.84475375000002,21000100,190.11,20991200,190.11,21000200
2021-12-24,192.09703500000003,21000100,190.36,20991200,190.36,21000200
2021-12-25,194.76112500000002,21000100,193.0,20991200,193.0,21000200
2021-12-26,199.604925,21000100,197.8,20991200,197.8,21000200
2021-12-27,197.49585375,21000100,195.71,20991200,195.71,21000200
2021-12-28,178.81695,21000100,177.2,20991200,177.2,21000200
2021-12-29,172.2172725,21000100,170.66,20991200,170.66,21000200
2021-12-30,174.05388,21000100,172.48,20991200,172.48,21000200
2021-12-31,171.5310675,21000100,169.98,20991200,169.98,21000200
2022-01-01,180.68383125000003,21000100,179.05,20991200,179.05,21000200
2022-01-02,177.89864625,21000100,176.29,20991200,176.29,21000200
2022-01-03,171.73289250000002,21000100,170.18,20991200,170.18,21000200
2022-01-04,169.36144875000002,21000100,167.83,20991200,167.83,21000200
2022-01-05,155.7887175,21000100,154.38,20991200,154.38,21000200
2022-01-06,151.6311225,21000100,150.26,20991200,150.26,21000200
2022-01-07,137.67492375,21000100,136.43,20991200,136.43,21000200
2022-01-08,143.44711875000002,21000100,142.15,20991200,142.15,21000200
2022-01-09,142.05452625,21000100,140.77,20991200,140.77,21000200
2022-01-10,136.96853625,21000100,135.73,20991200,135.73,21000200
2022-01-11,141.40868625000002,21000100,140.13,20991200,140.13,21000200
2022-01-12,152.862255,21000100,151.48,20991200,151.48,21000200
2022-01-13,147.4331625,21000100,146.1,20991200,146.1,21000200
2022-01-14,147.46343625,21000100,146.13,20991200,146.13,21000200
2022-01-15,148.91657625,21000100,147.57,20991200,147.57,21000200
2022-01-16,149.26977,21000100,147.92,20991200,147.92,21000200
2022-01-17,141.0151275,21000100,139.74,20991200,139.74,21000200
2022-01-18,142.47835875,21000100,141.19,20991200,141.19,21000200
2022-01-19,136.44379125,21000100,135.21,20991200,135.21,21000200
2022-01-20,128.61298125000002,21000100,127.45,20991200,127.45,21000200
2022-01-21,113.04516753749999,21000100,112.2,20991200,112.2,21000200
2022-01-22,94.95105149074999,21000100,94.46,20991200,94.46,21000200
2022-01-23,98.11065122183334,21000100,99.67,20991200,99.67,21000200
2022-01-24,91.44381365854166,21000100,91.85,20991200,91.85,21000200
2022-01-25,93.81641486891667,21000100,94.54,20991200,94.54,21000200
2022-01-26,90.79138826708333,21000100,92.06,20991200,92.06,21000200
2022-01-27,88.01556336976488,21000100,89.43,20991200,89.43,21000200
2022-01-28,90.109636656125,21000100,91.29,20991200,91.29,21000200
2022-01-29,96.18738096420833,21000100,96.11,20991200,96.11,21000200
2022-01-30,92.441530209375,21000100,93.15,20991200,93.15,21000200
2022-01-31,98.21934011450001,21000100,99.48,20991200,99.48,21000200
2022-02-01,109.606641249875,21000100,109.97,20991200,109.97,21000200
2022-02-02,101.48683882366667,21000100,101.84,20991200,101.84,21000200
2022-02-03,101.526033832,21000100,101.76,20991200,101.76,21000200
2022-02-04,111.66691890104167,21000100,112.57,20991200,112.57,21000200
2022-02-05,114.53393505508333,21000100,113.66,20991200,113.66,21000200
2022-02-06,115.99261169708335,21000100,115.18,20991200,115.18,21000200
2022-02-07,117.65868016408332,21000100,117.46,20991200,117.46,21000200
2022-02-08,111.96273346625,21000100,113.37,20991200,113.37,21000200
2022-02-09,113.84858743833334,21000100,113.9,20991200,113.9,21000200
2022-02-10,105.25039180487501,21000100,106.09,20991200,106.09,21000200
2022-02-11,95.912695012,21000100,96.44,20991200,96.44,21000200
2022-02-12,95.53149617499999,21000100,95.88,20991200,95.88,21000200
2022-02-13,91.1011735350479,21000100,92.8,20991200,92.8,21000200
2022-02-14,96.06133893625,21000100,96.37,20991200,96.37,21000200
2022-02-15,105.19693136466667,21000100,105.44,20991200,105.44,21000200
2022-02-16,102.65688771041667,21000100,101.78,20991200,101.78,21000200
2022-02-17,94.05123341183332,21000100,93.46,20991200,93.46,21000200
2022-02-18,89.83549058174998,21000100,89.82,20991200,89.82,21000200
2022-02-19,91.40498508333333,21000100,91.25,20991200,91.25,21000200
2022-02-20,90.934997139,21000100,90.63,20991200,90.63,21000200
2022-02-21,82.69541088975,21000100,82.89,20991200,82.89,21000200
2022-02-22,84.5345577326337,21000100,86.34,20991200,86.34,21000200
2022-02-23,83.847598819625,21000100,84.53,20991200,84.53,21000200
2022-02-24,89.99904807958333,21000100,89.35,20991200,89.35,21000200
2022-02-25,93.28036578250001,21000100,92.69,20991200,92.69,21000200
2022-03-02,101.60879625,21000100,100.69,20991200,100.69,21000200
2022-03-03,96.4521675,21000100,95.58,20991200,95.58,21000200
2022-03-04,88.8544185965,21000100,88.26,20991200,88.26,21000200
2022-03-05,89.68731079154168,21000100,89.59,20991200,89.59,21000200
2022-03-06,85.04191015791666,21000100,84.53,20991200,84.53,21000200
2022-03-07,81.39579564141667,21000100,81.62,20991200,81.62,21000200
2022-03-08,82.82075399791667,21000100,82.25,20991200,82.25,21000200
2022-03-09,88.44109336566666,21000100,88.04,20991200,88.04,21000200
2022-03-10,83.140441918625,21000100,82.81,20991200,82.81,21000200
2022-03-11,80.688540912,21000100,80.64,20991200,80.64,21000200
2022-03-12,82.05608096508332,21000100,81.38,20991200,81.38,21000200
2022-03-13,79.248161285,21000100,78.69,20991200,78.69,21000200
2022-03-14,81.94095,21000100,81.2,20991200,81.2,21000200
2022-03-15,83.58582375,21000100,82.83,20991200,82.83,21000200
2022-03-16,88.53053625000001,21000100,87.73,20991200,87.73,21000200
2022-03-17,88.63144875,21000100,87.83,20991200,87.83,21000200
2022-03-18,90.58915125,21000100,89.77,20991200,89.77,21000200
2022-03-19,93.15232875000001,21000100,92.31,20991200,92.31,21000200
2022-03-20,89.3882925,21000100,88.58,20991200,88.58,21000200
2022-03-21,89.10351977770833,21000100,88.55,20991200,88.55,21000200
2022-03-22,91.265265,21000100,90.44,20991200,90.44,21000200
2022-03-23,95.69532375,21000100,94.83,20991200,94.83,21000200
2022-03-24,103.26376125,21000100,102.33,20991200,102.33,21000200
2022-03-25,99.44926875,21000100,98.55,20991200,98.55,21000200
2022-03-26,102.60783,21000100,101.68,20991200,101.68,21000200
2022-03-27,107.86928052824999,21000100,106.94,20991200,106.94,21000200
2022-03-28,106.49813065270834,21000100,105.73,20991200,105.73,21000200
2022-03-29,112.57798500000001,21000100,111.56,20991200,111.56,21000200
2022-03-30,121.95275625000001,21000100,120.85,20991200,120.85,21000200
2022-03-31,123.97100625,21000100,122.85,20991200,122.85,21000200
2022-04-03,138.09875625,21000100,136.85,20991200,136.85,21000200
2022-04-04,133.29532125,21000100,132.09,20991200,132.09,21000200
2022-04-05,127.997415,21000100,126.84,20991200,126.84,21000200
2022-04-06,113.89993875,21000100,112.87,20991200,112.87,21000200
2022-04-07,119.058330766375,21000100,118.41,20991200,118.41,21000200
2022-04-08,110.37365941525,21000100,109.83,20991200,109.83,21000200
2022-04-09,112.30372365925001,21000100,112.89,20991200,112.89,21000200
2022-04-10,110.985892984,21000100,111.04,20991200,111.04,21000200
2022-04-11,100.49176216750001,21000100,99.62,20991200,99.62,21000200
2022-04-12,102.98491559925,21000100,103.17,20991200,103.17,21000200
2022-04-13,104.93543135533334,21000100,104.89,20991200,104.89,21000200
2022-04-14,101.05855475233332,21000100,100.72,20991200,100.72,21000200
2022-04-15,101.60393889966666,21000100,101.33,20991200,101.33,21000200
2022-04-16,102.21695428591667,21000100,102.02,20991200,102.02,21000200
2022-04-17,100.89804099300001,21000100,100.08,20991200,100.08,21000200
2022-04-18,102.04313721520833,21000100,102.35,20991200,102.35,21000200
2022-04-19,109.361064500625,21000100,108.45,20991200,108.45,21000200
2022-04-20,106.48287,21000100,105.52,20991200,105.52,21000200
2022-04-21,102.61792125000001,21000100,101.69,20991200,101.69,21000200
2022-04-22,101.2508296375,21000100,100.5,20991200,100.5,21000200
2022-04-23,100.90445444858332,21000100,100.61,20991200,100.61,21000200
2022-04-24,99.186173253625,21000100,99.13,20991200,99.13,21000200
2022-04-25,100.68980464841665,21000100,100.94,20991200,100.94,21000200
2022-04-26,95.767392440625,21000100,95.65,20991200,95.65,21000200
2022-04-27,98.32221539041666,21000100,98.3,20991200,98.3,21000200
2022-04-28,97.61278059516667,21000100,98.18,20991200,98.18,21000200
2022-04-29,94.41277575216667,21000100,93.94,20991200,93.94,21000200
2022-04-30,84.85746457500001,21000100,84.5,20991200,84.5,21000200
2022-05-01,88.15688087962499,21000100,89.61,20991200,89.61,21000200
2022-05-02,86.98629314966666,21000100,87.44,20991200,87.44,21000200
2022-05-03,85.96793437762501,21000100,85.81,20991200,85.81,21000200
2022-05-04,92.66252718375,21000100,92.7,20991200,92.7,21000200
2022-05-05,84.804077952,21000100,84.48,20991200,84.48,21000200
2022-05-06,81.15151793212499,21000100,81.63,20991200,81.63,21000200
2022-05-07,78.62819498666666,21000100,78.8,20991200,78.8,21000200
2022-05-08,75.43604060675001,21000100,75.34,20991200,75.34,21000200
2022-05-09,61.47951231733333,21000100,62.08,20991200,62.08,21000200
2022-05-10,66.52415306191666,21000100,66.83,20991200,66.83,21000200
2022-05-11,49.462854514132005,21000100,50.84,20991200,50.84,21000200
2022-05-12,42.51680958651041,21000100,44.63,20991200,44.63,21000200
2022-05-13,46.36943525948309,21000100,48.88,20991200,48.88,21000200
2022-05-14,51.2208821,21000100,52.4,20991200,52.4,21000200
2022-05-15,58.434734645,21000100,58.8,20991200,58.8,21000200
2022-05-16,53.13378887916667,21000100,53.77,20991200,53.77,21000200
2022-05-17,56.4152234625,21000100,57.0,20991200,57.0,21000200
2022-05-18,49.64790272,21000100,49.92,20991200,49.92,21000200
2022-05-19,52.03237995358333,21000100,52.18,20991200,52.18,21000200
2022-05-20,49.339980471375,21000100,49.41,20991200,49.41,21000200
2022-05-21,50.05082657025,21000100,50.27,20991200,50.27,21000200
2022-05-22,52.522671441499995,21000100,52.44,20991200,52.44,21000200
2022-05-23,49.46062273425,21000100,49.14,20991200,49.14,21000200
2022-05-24,49.07497147258333,21000100,49.66,20991200,49.66,21000200
2022-05-25,48.11165783083334,21000100,47.95,20991200,47.95,21000200
2022-05-26,43.102415731875,21000100,43.41,20991200,43.41,21000200
2022-05-27,40.96261610229166,21000100,41.15,20991200,41.15,21000200
2022-05-28,44.1857556635,21000100,44.22,20991200,44.22,21000200
2022-05-29,45.07886134895834,21000100,44.95,20991200,44.95,21000200
2022-05-30,47.624119628624996,21000100,47.21,20991200,47.21,21000200
2022-05-31,46.17756,21000100,45.76,20991200,45.76,21000200
2022-06-01,40.45582125000001,21000100,40.09,20991200,40.09,21000200
2022-06-02,40.64928247516667,21000100,40.84,20991200,40.84,21000200
2022-06-03,38.321617066,21000100,38.24,20991200,38.24,21000200
2022-06-04,38.843215484208336,21000100,38.99,20991200,38.99,21000200
2022-06-05,38.24450275341667,21000100,38.51,20991200,38.51,21000200
2022-06-06,42.54373713333333,21000100,42.35,20991200,42.35,21000200
2022-06-07,39.24941397333333,21000100,39.28,20991200,39.28,21000200
2022-06-08,38.75353683833333,21000100,38.8,20991200,38.8,21000200
2022-06-09,39.95645242437501,21000100,39.95,20991200,39.95,21000200
2022-06-10,37.17011926933333,21000100,37.12,20991200,37.12,21000200
2022-06-11,33.385600783083326,21000100,33.91,20991200,33.91,21000200
2022-06-12,29.777388705333333,21000100,30.56,20991200,30.56,21000200
2022-06-13,27.87168757,21000100,28.58,20991200,28.58,21000200
2022-06-14,29.058023164999998,21000100,29.56,20991200,29.56,21000200
2022-06-15,34.499757296666665,21000100,34.72,20991200,34.72,21000200
2022-06-16,29.9322910775,21000100,30.1,20991200,30.1,21000200
2022-06-17,30.207312840833335,21000100,30.7,20991200,30.7,21000200
2022-06-18,31.735875206750002,21000100,31.98,20991200,31.98,21000200
2022-06-19,33.94966848233333,21000100,34.16,20991200,34.16,21000200
2022-06-20,35.426295426749995,21000100,35.22,20991200,35.22,21000200
2022-06-21,36.227855712375,21000100,36.39,20991200,36.39,21000200
2022-06-22,33.81379018125,21000100,34.11,20991200,34.11,21000200
2022-06-23,38.13695715083333,21000100,38.15,20991200,38.15,21000200
2022-06-24,41.877347649125,21000100,41.89,20991200,41.89,21000200
2022-06-25,42.330711102749994,21000100,42.21,20991200,42.21,21000200
2022-06-26,39.580356632000004,21000100,39.36,20991200,39.36,21000200
2022-06-27,38.2712955625,21000100,38.5,20991200,38.5,21000200
2022-06-28,35.081372782,21000100,35.32,20991200,35.32,21000200
2022-06-29,34.02715029525,21000100,34.02,20991200,34.02,21000200
2022-06-30,33.629641163416665,21000100,33.73,20991200,33.73,21000200
2022-07-01,32.58898293233333,21000100,32.83,20991200,32.83,21000200
2022-07-02,33.16183423508334,21000100,33.34,20991200,33.34,21000200
2022-07-03,33.31087600729166,21000100,33.37,20991200,33.37,21000200
2022-07-04,36.55305128966667,21000100,36.71,20991200,36.71,21000200
2022-07-05,35.201857357125,21000100,35.37,20991200,35.37,21000200
2022-07-06,37.104819465791664,21000100,37.01,20991200,37.01,21000200
2022-07-07,38.455141355833334,21000100,38.44,20991200,38.44,21000200
2022-07-08,38.12541412875,21000100,38.1,20991200,38.1,21000200
2022-07-09,38.265732289750005,21000100,38.02,20991200,38.02,21000200
2022-07-10,36.9902135075,21000100,36.7,20991200,36.7,21000200
2022-07-11,33.655491263625,21000100,33.39,20991200,33.39,21000200
2022-07-12,32.622431428333336,21000100,32.65,20991200,32.65,21000200
2022-07-13,34.59908802525,21000100,34.93,20991200,34.93,21000200
2022-07-14,37.251016896,21000100,37.12,20991200,37.12,21000200
2022-07-15,37.608874561875005,21000100,37.35,20991200,37.35,21000200
2022-07-16,39.841685806375004,21000100,39.57,20991200,39.57,21000200
2022-07-17,38.9320425,21000100,38.58,20991200,38.58,21000200
2022-07-18,43.8604267985,21000100,43.53,20991200,43.53,21000200
2022-07-19,45.2693475,21000100,44.86,20991200,44.86,21000200
2022-07-20,42.40343250000001,21000100,42.02,20991200,42.02,21000200
2022-07-21,43.50337875,21000100,43.11,20991200,43.11,21000200
2022-07-22,40.859471250000006,21000100,40.49,20991200,40.49,21000200
2022-07-23,40.231925984791665,21000100,39.95,20991200,39.95,21000200
2022-07-24,41.089384895333325,21000100,40.91,20991200,40.91,21000200
2022-07-25,36.73296880933333,21000100,36.64,20991200,36.64,21000200
2022-07-26,36.37954698716667,21000100,36.22,20991200,36.22,21000200
2022-07-27,40.283725705166674,21000100,40.21,20991200,40.21,21000200
2022-07-28,43.2914625,21000100,42.9,20991200,42.9,21000200
2022-07-29,42.282337500000004,21000100,41.9,20991200,41.9,21000200
2022-07-30,44.22994875,21000100,43.83,20991200,43.83,21000200
2022-07-31,42.70617,21000100,42.32,20991200,42.32,21000200
2022-08-01,41.8785682775,21000100,41.61,20991200,41.61,21000200
2022-08-02,39.82546787916666,21000100,39.73,20991200,39.73,21000200
2022-08-03,38.255546878500006,21000100,38.52,20991200,38.52,21000200
2022-08-04,38.70116058916667,21000100,38.81,20991200,38.81,21000200
2022-08-05,40.825885979999995,21000100,40.55,20991200,40.55,21000200
2022-08-06,40.405365,21000100,40.04,20991200,40.04,21000200
2022-08-07,40.89625797675,21000100,40.59,20991200,40.59,21000200
2022-08-08,42.53461875,21000100,42.15,20991200,42.15,21000200
2022-08-09,40.6677375,21000100,40.3,20991200,40.3,21000200
2022-08-10,42.787400205625005,21000100,42.45,20991200,42.45,21000200
2022-08-11,43.140093750000005,21000100,42.75,20991200,42.75,21000200
2022-08-12,45.8748225,21000100,45.46,20991200,45.46,21000200
2022-08-13,46.99495125,21000100,46.57,20991200,46.57,21000200
2022-08-14,45.213444276416666,21000100,44.86,20991200,44.86,21000200
2022-08-15,44.09876250000001,21000100,43.7,20991200,43.7,21000200
2022-08-16,43.35314637983333,21000100,43.06,20991200,43.06,21000200
2022-08-17,40.62443247920833,21000100,40.51,20991200,40.51,21000200
2022-08-18,39.224951468499995,21000100,39.48,20991200,39.48,21000200
2022-08-19,35.010553449999996,21000100,35.79,20991200,35.79,21000200
2022-08-20,35.047024184375,21000100,35.25,20991200,35.25,21000200
2022-08-21,35.94821912437501,21000100,36.45,20991200,36.45,21000200
2022-08-22,34.905631668375,21000100,35.39,20991200,35.39,21000200
2022-08-23,35.72975437741666,21000100,35.66,20991200,35.66,21000200
2022-08-24,34.83653773541667,21000100,34.85,20991200,34.85,21000200
2022-08-25,34.96075145,21000100,35.22,20991200,35.22,21000200
2022-08-26,31.185085404,21000100,31.68,20991200,31.68,21000200
2022-08-27,30.622962171187144,21000100,31.5,20991200,31.5,21000200
2022-08-28,29.517594838666664,21000100,30.38,20991200,30.38,21000200
2022-08-29,31.648738655,21000100,32.39,20991200,32.39,21000200
2022-08-30,31.411236724625,21000100,31.47,20991200,31.47,21000200
2022-08-31,31.525634342583334,21000100,31.46,20991200,31.46,21000200
2022-09-01,31.5015622155,21000100,31.59,20991200,31.59,21000200
2022-09-02,31.426251489166667,21000100,31.21,20991200,31.21,21000200
2022-09-03,30.786291837916668,21000100,31.1,20991200,31.1,21000200
2022-09-04,32.300058115625,21000100,32.15,20991200,32.15,21000200
2022-09-05,32.346312588541664,21000100,32.15,20991200,32.15,21000200
2022-09-06,31.143087853500003,21000100,30.87,20991200,30.87,21000200
2022-09-07,32.425213647999996,21000100,32.68,20991200,32.68,21000200
2022-09-08,33.906600000000005,21000100,33.6,20991200,33.6,21000200
2022-09-09,34.9762725,21000100,34.66,20991200,34.66,21000200
2022-09-10,35.34964875,21000100,35.03,20991200,35.03,21000200
2022-09-11,35.233832913499995,21000100,34.97,20991200,34.97,21000200
2022-09-12,37.68200605270833,21000100,37.43,20991200,37.43,21000200
2022-09-13,33.082499548,21000100,32.96,20991200,32.96,21000200
2022-09-14,33.610732525125,21000100,34.09,20991200,34.09,21000200
2022-09-15,33.04112345854166,21000100,33.05,20991200,33.05,21000200
2022-09-16,32.44896315700001,21000100,32.24,20991200,32.24,21000200
2022-09-17,33.76863807075,21000100,33.66,20991200,33.66,21000200
2022-09-18,31.229126817416667,21000100,31.07,20991200,31.07,21000200
2022-09-19,32.50747554308333,21000100,32.62,20991200,32.62,21000200
2022-09-20,31.557197165833333,21000100,31.4,20991200,31.4,21000200
2022-09-21,30.604910328874997,21000100,30.63,20991200,30.63,21000200
2022-09-22,32.190372689708326,21000100,32.41,20991200,32.41,21000200
2022-09-23,33.760703426999996,21000100,33.66,20991200,33.66,21000200
2022-09-24,33.664410000000004,21000100,33.36,20991200,33.36,21000200
2022-09-25,32.60482875,21000100,32.31,20991200,32.31,21000200
2022-09-26,34.05937995425,21000100,33.86,20991200,33.86,21000200
2022-09-27,32.953194535499996,21000100,32.66,20991200,32.66,21000200
2022-09-28,32.97745358233333,21000100,33.22,20991200,33.22,21000200
2022-09-29,34.11941341866667,21000100,33.92,20991200,33.92,21000200
2022-09-30,33.410791595499994,21000100,33.22,20991200,33.22,21000200
2022-10-01,32.3838492685,21000100,32.42,20991200,32.42,21000200
2022-10-02,31.863742887,21000100,32.04,20991200,32.04,21000200
2022-10-03,33.050274751541664,21000100,32.89,20991200,32.89,21000200
2022-10-04,34.173470222,21000100,34.08,20991200,34.08,21000200
2022-10-05,34.130555361000006,21000100,34.02,20991200,34.02,21000200
2022-10-06,33.461822788625,21000100,33.33,20991200,33.33,21000200
2022-10-07,32.89654966533333,21000100,32.96,20991200,32.96,21000200
2022-10-08,32.75728104,21000100,32.56,20991200,32.56,21000200
2022-10-09,32.801280122916666,21000100,32.9,20991200,32.9,21000200
2022-10-10,32.22136125,21000100,31.93,20991200,31.93,21000200
2022-10-11,30.97822691925,21000100,30.78,20991200,30.78,21000200
2022-10-12,31.204900431,21000100,31.14,20991200,31.14,21000200
2022-10-13,30.319831271125,21000100,30.47,20991200,30.47,21000200
2022-10-14,30.040019035874998,21000100,29.97,20991200,29.97,21000200
2022-10-15,29.469270844249998,21000100,29.58,20991200,29.58,21000200
2022-10-16,29.988698204666665,21000100,30.14,20991200,30.14,21000200
2022-10-17,31.138915673,21000100,31.18,20991200,31.18,21000200
2022-10-18,30.32493896579167,21000100,30.13,20991200,30.13,21000200
2022-10-19,29.042908987166665,21000100,28.84,20991200,28.84,21000200
2022-10-20,28.242299166666665,21000100,28.0,20991200,28.0,21000200
2022-10-21,28.206799685999997,21000100,28.08,20991200,28.08,21000200
2022-10-22,27.750707863833334,21000100,27.98,20991200,27.98,21000200
2022-10-23,29.3639867625,21000100,29.25,20991200,29.25,21000200
2022-10-24,28.4244333835,21000100,28.28,20991200,28.28,21000200
2022-10-25,30.936037693541667,21000100,30.85,20991200,30.85,21000200
2022-10-26,31.468719416791668,21000100,31.27,20991200,31.27,21000200
2022-10-27,30.80530467775,21000100,30.57,20991200,30.57,21000200
2022-10-28,32.12813431275,21000100,32.06,20991200,32.06,21000200
2022-10-29,33.1598475,21000100,32.86,20991200,32.86,21000200
2022-10-30,33.18049359775,21000100,32.91,20991200,32.91,21000200
2022-10-31,32.79408086175,21000100,32.54,20991200,32.54,21000200
2022-11-01,32.005527414583334,21000100,32.18,20991200,32.18,21000200
2022-11-02,30.810051089458334,21000100,30.79,20991200,30.79,21000200
2022-11-03,30.67575956533333,21000100,30.83,20991200,30.83,21000200
2022-11-04,33.83253431799999,21000100,33.72,20991200,33.72,21000200
2022-11-05,37.22662125,21000100,36.89,20991200,36.89,21000200
2022-11-06,32.897475,21000100,32.6,20991200,32.6,21000200
2022-11-07,29.853879551374998,21000100,29.59,20991200,29.59,21000200
2022-11-08,23.016459327745,21000100,23.82,20991200,23.82,21000200
2022-11-09,5.861880631882954,21000100,11.7,20991200,11.7,21000200
2022-11-10,-13.913047401801318,21000100,17.615,20991200,17.615,21000200
2022-11-11,-1.4842223559249985,21000100,16.426,20991200,16.426,21000200
2022-11-12,6.721259999999999,21000100,14.56,20991200,14.56,21000200
2022-11-13,9.655115392108334,21000100,13.126,20991200,13.126,21000200
2022-11-14,7.868553603641666,21000100,13.999,20991200,13.999,21000200
2022-11-15,12.0995565198375,21000100,14.303,20991200,14.303,21000200
2022-11-16,10.883980329083334,21000100,14.257,20991200,14.257,21000200
2022-11-17,10.436727471,21000100,13.62,20991200,13.62,21000200
2022-11-18,11.952522689399999,21000100,13.257,20991200,13.257,21000200
2022-11-19,11.915880476637499,21000100,12.837,20991200,12.837,21000200
2022-11-20,11.5135524332375,21000100,12.251,20991200,12.251,21000200
2022-11-21,10.951419896770833,21000100,11.825,20991200,11.825,21000200
2022-11-22,11.810252235891666,21000100,12.427,20991200,12.427,21000200
2022-11-23,13.674619897749999,21000100,14.331,20991200,14.331,21000200
2022-11-24,12.5689192145125,21000100,14.591,20991200,14.591,21000200
2022-11-25,13.379091039854169,21000100,14.015,20991200,14.015,21000200
2022-11-26,13.678338740062499,21000100,14.133,20991200,14.133,21000200
2022-11-27,13.1390013810875,21000100,14.099,20991200,14.099,21000200
2022-11-28,9.918809268758332,21000100,13.313,20991200,13.313,21000200
2022-11-29,12.765861439533333,21000100,13.336,20991200,13.336,21000200
2022-11-30,13.167709229283334,21000100,14.162,20991200,14.162,21000200
2022-12-01,13.003737215495834,21000100,13.489,20991200,13.489,21000200
2022-12-02,12.5631990194375,21000100,13.703,20991200,13.703,21000200
2022-12-03,13.134253360216666,21000100,13.289,20991200,13.289,21000200
2022-12-04,13.619141915,21000100,13.7,20991200,13.7,21000200
2022-12-05,13.866262055083332,21000100,13.81,20991200,13.81,21000200
2022-12-06,14.358688937520835,21000100,14.281,20991200,14.281,21000200
2022-12-07,13.538939167545834,21000100,13.487,20991200,13.487,21000200
2022-12-08,13.581393907916667,21000100,13.67,20991200,13.67,21000200
2022-12-09,13.557468854704167,21000100,13.579,20991200,13.579,21000200
2022-12-10,13.4709149245,21000100,13.56,20991200,13.56,21000200
2022-12-11,13.343008334066667,21000100,13.406,20991200,13.406,21000200
2022-12-12,13.063415508433334,21000100,13.304,20991200,13.304,21000200
2022-12-13,13.929355482883333,21000100,13.894,20991200,13.894,21000200
2022-12-14,14.248845,21000100,14.12,20991200,14.12,21000200
2022-12-15,14.172151500000002,21000100,14.044,20991200,14.044,21000200
2022-12-16,12.298816276650001,21000100,12.239,20991200,12.239,21000200
2022-12-17,12.157187876850001,21000100,12.489,20991200,12.489,21000200
2022-12-18,11.9580319866875,21000100,12.369,20991200,12.369,21000200
2022-12-19,11.561236144333334,21000100,11.93,20991200,11.93,21000200
2022-12-20,11.971332991408334,21000100,12.247,20991200,12.247,21000200
2022-12-21,11.844989545691668,21000100,12.127,20991200,12.127,21000200
2022-12-22,11.577980252575001,21000100,11.814,20991200,11.814,21000200
2022-12-23,11.747332902150001,21000100,11.772,20991200,11.772,21000200
2022-12-24,10.460887782279167,21000100,11.423,20991200,11.423,21000200
2022-12-25,10.8126749886125,21000100,11.373,20991200,11.373,21000200
2022-12-26,11.021757269999998,21000100,11.325,20991200,11.325,21000200
2022-12-27,10.983436794958333,21000100,11.087,20991200,11.087,21000200
2022-12-28,9.446163644575,21000100,9.749,20991200,9.749,21000200
2022-12-29,9.396309436891668,21000100,9.614,20991200,9.614,21000200
2022-12-30,7.669419961758334,21000100,9.877,20991200,9.877,21000200
2022-12-31,8.271126967133334,21000100,9.968,20991200,9.968,21000200
2023-01-01,9.280160675225,21000100,9.977,20991200,9.977,21000200
2023-01-02,10.5203898498375,21000100,11.259,20991200,11.259,21000200
2023-01-03,8.1394950364,21000100,13.326,20991200,13.326,21000200
2023-01-04,7.604046293229167,21000100,13.405,20991200,13.405,21000200
2023-01-05,12.392861054141665,21000100,13.418,20991200,13.418,21000200
2023-01-06,11.888024694816668,21000100,13.483,20991200,13.483,21000200
2023-01-07,12.606788839220833,21000100,13.087,20991200,13.087,21000200
2023-01-08,14.037439069958333,21000100,14.465,20991200,14.465,21000200
2023-01-09,16.239405042708334,21000100,16.253,20991200,16.253,21000200
2023-01-10,16.213914919912497,21000100,16.191,20991200,16.191,21000200
2023-01-11,16.272331335541665,21000100,16.355,20991200,16.355,21000200
2023-01-12,16.4590426004,21000100,16.584,20991200,16.584,21000200
2023-01-13,17.944572788520837,21000100,18.289,20991200,18.289,21000200
2023-01-14,24.635330748408336,21000100,24.283,20991200,24.283,21000200
2023-01-15,23.410072133712497,21000100,22.903,20991200,22.903,21000200
2023-01-16,24.115011980912495,21000100,23.601,20991200,23.601,21000200
2023-01-17,23.079492189979167,21000100,22.855,20991200,22.855,21000200
2023-01-18,20.9938365,21000100,20.804,20991200,20.804,21000200
2023-01-19,21.603348000000004,21000100,21.408,20991200,21.408,21000200
2023-01-20,25.745806125,21000100,25.513,20991200,25.513,21000200
2023-01-21,24.9395798754,21000100,24.564,20991200,24.564,21000200
2023-01-22,24.415779375000003,21000100,24.195,20991200,24.195,21000200
2023-01-23,24.569166375000002,21000100,24.347,20991200,24.347,21000200
2023-01-24,22.999101019124996,21000100,22.77,20991200,22.77,21000200
2023-01-25,24.692494444574997,21000100,24.534,20991200,24.534,21000200
2023-01-26,24.567148125,21000100,24.345,20991200,24.345,21000200
2023-01-27,24.664024125,21000100,24.441,20991200,24.441,21000200
2023-01-28,24.243255902983336,21000100,24.002,20991200,24.002,21000200
2023-01-29,26.32807125,21000100,26.09,20991200,26.09,21000200
2023-01-30,24.469088361562502,21000100,23.957,20991200,23.957,21000200
2023-01-31,24.131206125000002,21000100,23.913,20991200,23.913,21000200
2023-02-01,25.239225375,21000100,25.011,20991200,25.011,21000200
2023-02-02,24.656952786750004,21000100,24.315,20991200,24.315,21000200
2023-02-03,24.860025139004165,21000100,24.683,20991200,24.683,21000200
2023-02-04,24.539901750000002,21000100,24.318,20991200,24.318,21000200
2023-02-05,23.3358129417,21000100,23.464,20991200,23.464,21000200
2023-02-06,22.744688832750004,21000100,22.635,20991200,22.635,21000200
2023-02-07,23.829858699062502,21000100,23.817,20991200,23.817,21000200
2023-02-08,23.343915607375003,21000100,23.21,20991200,23.21,21000200
2023-02-09,20.48879686635833,21000100,20.482,20991200,20.482,21000200
2023-02-10,19.9643743467,21000100,20.088,20991200,20.088,21000200
2023-02-11,20.417614906375,21000100,20.782,20991200,20.782,21000200
2023-02-12,20.73616892655,21000100,21.483,20991200,21.483,21000200
2023-02-13,20.539394853250002,21000100,20.748,20991200,20.748,21000200
2023-02-14,21.558121068899997,21000100,21.836,20991200,21.836,21000200
2023-02-15,23.942063273775,21000100,23.862,20991200,23.862,21000200
2023-02-16,22.460095125000002,21000100,22.257,20991200,22.257,21000200
2023-02-17,23.357207250000002,21000100,23.146,20991200,23.146,21000200
2023-02-18,23.678109,21000100,23.464,20991200,23.464,21000200
2023-02-19,25.11489728960417,21000100,24.853,20991200,24.853,21000200
2023-02-20,26.683405225041668,21000100,26.291,20991200,26.291,21000200
2023-02-21,25.256594245983337,21000100,24.983,20991200,24.983,21000200
2023-02-22,24.365323125,21000100,24.145,20991200,24.145,21000200
2023-02-23,24.127169625,21000100,23.909,20991200,23.909,21000200
2023-02-24,23.2704225,21000100,23.06,20991200,23.06,21000200
2023-02-25,22.473125273612503,21000100,22.359,20991200,22.359,21000200
2023-02-26,23.139893037,21000100,23.238,20991200,23.238,21000200
2023-02-27,22.83158510575,21000100,22.665,20991200,22.665,21000200
2023-02-28,22.03541274739583,21000100,21.875,20991200,21.875,21000200
2023-03-01,22.676087847829166,21000100,22.499,20991200,22.499,21000200
2023-03-02,22.070591568154168,21000100,21.991,20991200,21.991,21000200
2023-03-03,21.49787321728333,21000100,21.404,20991200,21.404,21000200
2023-03-04,21.1083873418,21000100,20.977,20991200,20.977,21000200
2023-03-05,21.15126,21000100,20.96,20991200,20.96,21000200
2023-03-06,20.69361969045,21000100,20.622,20991200,20.622,21000200
2023-03-07,20.053124920616668,21000100,20.233,20991200,20.233,21000200
2023-03-08,18.206678729120835,21000100,18.413,20991200,18.413,21000200
2023-03-09,17.265066306308334,21000100,17.318,20991200,17.318,21000200
2023-03-10,17.9874948825,21000100,18.15,20991200,18.15,21000200
2023-03-11,17.558548548808332,21000100,18.061,20991200,18.061,21000200
2023-03-12,20.0326191168,21000100,20.193,20991200,20.193,21000200
2023-03-13,20.585140875,21000100,20.399,20991200,20.399,21000200
2023-03-14,21.060438750000003,21000100,20.87,20991200,20.87,21000200
2023-03-15,19.462756871999996,21000100,19.24,20991200,19.24,21000200
2023-03-16,19.55639588955,21000100,19.662,20991200,19.662,21000200
2023-03-17,21.538349923666665,21000100,21.598,20991200,21.598,21000200
2023-03-18,21.5200062915375,21000100,21.213,20991200,21.213,21000200
2023-03-19,22.063509000000003,21000100,21.864,20991200,21.864,21000200
2023-03-20,22.322854125,21000100,22.121,20991200,22.121,21000200
2023-03-21,22.73154975,21000100,22.526,20991200,22.526,21000200
2023-03-22,21.57397959845,21000100,21.404,20991200,21.404,21000200
2023-03-23,22.17681389725,21000100,22.157,20991200,22.157,21000200
2023-03-24,20.837422125000003,21000100,20.649,20991200,20.649,21000200
2023-03-25,20.2886949012,21000100,20.394,20991200,20.394,21000200
2023-03-26,20.8237688299625,21000100,20.931,20991200,20.931,21000200
2023-03-27,19.9831845527125,21000100,19.887,20991200,19.887,21000200
2023-03-28,20.369234369025,21000100,20.439,20991200,20.439,21000200
2023-03-29,21.09993687955833,21000100,21.086,20991200,21.086,21000200
2023-03-30,20.579722410012497,21000100,20.543,20991200,20.543,21000200
2023-03-31,21.049069772208334,21000100,21.161,20991200,21.161,21000200
2023-04-01,21.271345875,21000100,21.079,20991200,21.079,21000200
2023-04-02,20.637574595529166,21000100,20.509,20991200,20.509,21000200
2023-04-03,20.41499124175,21000100,20.444,20991200,20.444,21000200
2023-04-04,21.034066947375003,21000100,20.905,20991200,20.905,21000200
2023-04-05,21.148232625000002,21000100,20.957,20991200,20.957,21000200
2023-04-06,20.727347797333334,21000100,20.608,20991200,20.608,21000200
2023-04-07,20.389743339,21000100,20.433,20991200,20.433,21000200
2023-04-08,20.16409264875,21000100,20.025,20991200,20.025,21000200
2023-04-09,20.330063173558333,21000100,20.278,20991200,20.278,21000200
2023-04-10,21.058965983016666,21000100,20.893,20991200,20.893,21000200
2023-04-11,23.208865875,21000100,22.999,20991200,22.999,21000200
2023-04-12,24.01515675,21000100,23.798,20991200,23.798,21000200
2023-04-13,24.57099696343333,21000100,24.424,20991200,24.424,21000200
2023-04-14,24.946579125000003,21000100,24.721,20991200,24.721,21000200
2023-04-15,24.276520125,21000100,24.057,20991200,24.057,21000200
2023-04-16,25.703439459166667,21000100,25.352,20991200,25.352,21000200
2023-04-17,25.178760521624998,21000100,24.59,20991200,24.59,21000200
2023-04-18,25.055564625000002,21000100,24.829,20991200,24.829,21000200
2023-04-19,22.754408063291667,21000100,22.655,20991200,22.655,21000200
2023-04-20,22.386429000000003,21000100,22.184,20991200,22.184,21000200
2023-04-21,21.3531486840625,21000100,21.247,20991200,21.247,21000200
2023-04-22,21.760527213641666,21000100,21.782,20991200,21.782,21000200
2023-04-23,21.540435834820833,21000100,21.461,20991200,21.461,21000200
2023-04-24,21.500938778000002,21000100,21.373,20991200,21.373,21000200
2023-04-25,21.9050879922,21000100,21.924,20991200,21.924,21000200
2023-04-26,21.367230168133332,21000100,21.256,20991200,21.256,21000200
2023-04-27,22.292677421725,21000100,22.326,20991200,22.326,21000200
2023-04-28,23.543895375,21000100,23.331,20991200,23.331,21000200
2023-04-29,23.360587717500003,21000100,23.175,20991200,23.175,21000200
2023-04-30,22.884841956724998,21000100,22.729,20991200,22.729,21000200
2023-05-01,22.082705477687497,21000100,21.939,20991200,21.939,21000200
2023-05-02,22.243018946916667,21000100,22.244,20991200,22.244,21000200
2023-05-03,22.2882250124,21000100,22.227,20991200,22.227,21000200
2023-05-04,21.856666410225,21000100,21.726,20991200,21.726,21000200
2023-05-05,22.9741433326125,21000100,22.813,20991200,22.813,21000200
2023-05-06,22.057539717683333,21000100,21.908,20991200,21.908,21000200
2023-05-07,21.71023445474583,21000100,21.659,20991200,21.659,21000200
2023-05-08,20.645430230979166,21000100,20.615,20991200,20.615,21000200
2023-05-09,20.4555549618,21000100,20.648,20991200,20.648,21000200
2023-05-10,20.899415750004167,21000100,20.909,20991200,20.909,21000200
2023-05-11,20.2417649952375,21000100,20.163,20991200,20.163,21000200
2023-05-12,20.962810619099997,21000100,20.898,20991200,20.898,21000200
2023-05-13,20.9473098072,21000100,20.832,20991200,20.832,21000200
2023-05-14,21.050212877741668,21000100,20.917,20991200,20.917,21000200
2023-05-15,21.071987248566668,21000100,20.971,20991200,20.971,21000200
2023-05-16,20.8328785586625,21000100,20.669,20991200,20.669,21000200
2023-05-17,21.192615248025,21000100,21.047,20991200,21.047,21000200
2023-05-18,20.470909125625,21000100,20.329,20991200,20.329,21000200
2023-05-19,20.360139825125,21000100,20.343,20991200,20.343,21000200
2023-05-20,20.357237281433335,21000100,20.264,20991200,20.264,21000200
2023-05-21,19.7807888043125,21000100,19.605,20991200,19.605,21000200
2023-05-22,19.637511992908333,21000100,19.514,20991200,19.514,21000200
2023-05-23,20.206700728100003,21000100,20.024,20991200,20.024,21000200
2023-05-24,19.3542203798125,21000100,19.201,20991200,19.201,21000200
2023-05-25,19.369151415279163,21000100,19.243,20991200,19.243,21000200
2023-05-26,19.525559625,21000100,19.349,20991200,19.349,21000200
2023-05-27,20.601286875,21000100,20.415,20991200,20.415,21000200
2023-05-28,20.986772625,21000100,20.797,20991200,20.797,21000200
2023-05-29,20.762746875,21000100,20.575,20991200,20.575,21000200
2023-05-30,21.4378515,21000100,21.244,20991200,21.244,21000200
2023-05-31,20.998882125,21000100,20.809,20991200,20.809,21000200
2023-06-01,20.672934750000003,21000100,20.486,20991200,20.486,21000200
2023-06-02,21.440878875,21000100,21.247,20991200,21.247,21000200
2023-06-03,21.376294875,21000100,21.183,20991200,21.183,21000200
2023-06-04,22.01305275,21000100,21.814,20991200,21.814,21000200
2023-06-05,20.179472625000002,21000100,19.997,20991200,19.997,21000200
2023-06-06,20.36355305765,21000100,20.379,20991200,20.379,21000200
2023-06-07,18.7865521297125,21000100,18.627,20991200,18.627,21000200
2023-06-08,18.797810439825,21000100,18.873,20991200,18.873,21000200
2023-06-09,17.410491043,21000100,17.384,20991200,17.384,21000200
2023-06-10,15.417424187062267,21000100,15.605,20991200,15.605,21000200
2023-06-11,15.308078505630531,21000100,15.534,20991200,15.534,21000200
2023-06-12,15.1562008030125,21000100,15.183,20991200,15.183,21000200
2023-06-13,15.0181037128125,21000100,15.025,20991200,15.025,21000200
2023-06-14,14.387831991866667,21000100,14.476,20991200,14.476,21000200
2023-06-15,14.744113773275,21000100,14.766,20991200,14.766,21000200
2023-06-16,15.333966039025,21000100,15.306,20991200,15.306,21000200
2023-06-17,15.672652257712498,21000100,15.633,20991200,15.633,21000200
2023-06-18,15.390163340333332,21000100,15.43,20991200,15.43,21000200
2023-06-19,16.000706738333335,21000100,16.1,20991200,16.1,21000200
2023-06-20,16.555195780200002,21000100,16.632,20991200,16.632,21000200
2023-06-21,17.271057586999998,21000100,17.22,20991200,17.22,21000200
2023-06-22,16.650098958500003,21000100,16.62,20991200,16.62,21000200
2023-06-23,17.225558242754165,21000100,17.129,20991200,17.129,21000200
2023-06-24,16.656388324375,21000100,16.634,20991200,16.634,21000200
2023-06-25,16.9299430563375,21000100,16.947,20991200,16.947,21000200
2023-06-26,16.272350479733333,21000100,16.264,20991200,16.264,21000200
2023-06-27,16.707520754008332,21000100,16.621,20991200,16.621,21000200
2023-06-28,16.033326984529165,21000100,15.967,20991200,15.967,21000200
2023-06-29,18.106728295,21000100,17.988,20991200,17.988,21000200
2023-06-30,19.000407051325,21000100,18.858,20991200,18.858,21000200
2023-07-01,18.803122123420835,21000100,18.677,20991200,18.677,21000200
2023-07-02,19.630508625,21000100,19.453,20991200,19.453,21000200
2023-07-03,19.426665375000002,21000100,19.251,20991200,19.251,21000200
2023-07-04,19.283189134291664,21000100,19.13,20991200,19.13,21000200
2023-07-05,19.121316409800002,21000100,18.981,20991200,18.981,21000200
2023-07-06,19.708032232233332,21000100,19.592,20991200,19.592,21000200
2023-07-07,21.457841529183334,21000100,21.484,20991200,21.484,21000200
2023-07-08,21.84422418555,21000100,21.807,20991200,21.807,21000200
2023-07-09,21.31208102953333,21000100,21.314,20991200,21.314,21000200
2023-07-10,21.380877200883333,21000100,21.286,20991200,21.286,21000200
2023-07-11,21.959879720625,21000100,22.05,20991200,22.05,21000200
2023-07-12,21.947362332633336,21000100,21.928,20991200,21.928,21000200
2023-07-13,25.916964409008333,21000100,26.018,20991200,26.018,21000200
2023-07-14,27.136937369187496,21000100,26.671,20991200,26.671,21000200
2023-07-15,27.709563375000002,21000100,27.459,20991200,27.459,21000200
2023-07-16,27.6540615,21000100,27.404,20991200,27.404,21000200
2023-07-17,27.03445875,21000100,26.79,20991200,26.79,21000200
2023-07-18,25.770647973966668,21000100,25.544,20991200,25.544,21000200
2023-07-19,26.53796925,21000100,26.298,20991200,26.298,21000200
2023-07-20,25.574583068437498,21000100,25.365,20991200,25.365,21000200
2023-07-21,25.56337640068333,21000100,25.493,20991200,25.493,21000200
2023-07-22,24.676764250933335,21000100,24.512,20991200,24.512,21000200
2023-07-23,24.9389459774,21000100,24.752,20991200,24.752,21000200
2023-07-24,23.526821254241664,21000100,23.354,20991200,23.354,21000200
2023-07-25,23.301751171333333,21000100,23.264,20991200,23.264,21000200
2023-07-26,25.2682543127,21000100,25.163,20991200,25.163,21000200
2023-07-27,25.183144948499997,21000100,25.08,20991200,25.08,21000200
2023-07-28,25.02428175,21000100,24.798,20991200,24.798,21000200
2023-07-29,25.377517970354166,21000100,25.159,20991200,25.159,21000200
2023-07-30,24.45135190651667,21000100,24.236,20991200,24.236,21000200
2023-07-31,23.79806931681667,21000100,23.716,20991200,23.716,21000200
2023-08-01,24.2272058966875,21000100,24.045,20991200,24.045,21000200
2023-08-02,23.178868008625,21000100,23.135,20991200,23.135,21000200
2023-08-03,22.664601639541665,21000100,22.634,20991200,22.634,21000200
2023-08-04,22.851800320066666,21000100,22.792,20991200,22.792,21000200
2023-08-05,22.7547121584,21000100,22.641,20991200,22.641,21000200
2023-08-06,23.298358764883332,21000100,23.182,20991200,23.182,21000200
2023-08-07,23.29920127271667,21000100,23.108,20991200,23.108,21000200
2023-08-08,24.405329656874997,21000100,24.205,20991200,24.205,21000200
2023-08-09,24.496605453125,21000100,24.375,20991200,24.375,21000200
2023-08-10,24.838602750000003,21000100,24.614,20991200,24.614,21000200
2023-08-11,24.800296110341666,21000100,24.613,20991200,24.613,21000200
2023-08-12,25.12923075,21000100,24.902,20991200,24.902,21000200
2023-08-13,24.3826047683,21000100,24.216,20991200,24.216,21000200
2023-08-14,25.329878488124997,21000100,25.175,20991200,25.175,21000200
2023-08-15,24.086823315937497,21000100,23.889,20991200,23.889,21000200
2023-08-16,22.990751725504165,21000100,22.811,20991200,22.811,21000200
2023-08-17,21.747230996933336,21000100,21.661,20991200,21.661,21000200
2023-08-18,21.1830896886,21000100,21.336,20991200,21.336,21000200
2023-08-19,21.7550758665,21000100,21.88,20991200,21.88,21000200
2023-08-20,21.649322656000002,21000100,21.76,20991200,21.76,21000200
2023-08-21,21.112722085725,21000100,21.187,20991200,21.187,21000200
2023-08-22,20.626864152533333,21000100,20.572,20991200,20.572,21000200
2023-08-23,21.634667957399998,21000100,21.717,20991200,21.717,21000200
2023-08-24,20.9266719900375,21000100,21.039,20991200,21.039,21000200
2023-08-25,20.2073913092125,21000100,20.409,20991200,20.409,21000200
2023-08-26,19.926185885569147,21000100,20.272,20991200,20.272,21000200
2023-08-27,20.486307871791666,21000100,20.779,20991200,20.779,21000200
2023-08-28,20.531280340437498,21000100,20.549,20991200,20.549,21000200
2023-08-29,21.563661917666668,21000100,21.772,20991200,21.772,21000200
2023-08-30,20.939632574279166,21000100,20.807,20991200,20.807,21000200
2023-08-31,19.58339775233333,21000100,19.72,20991200,19.72,21000200
2023-09-01,19.210807244479167,21000100,19.315,20991200,19.315,21000200
2023-09-02,19.402137384833335,21000100,19.48,20991200,19.48,21000200
2023-09-03,19.5100332775,21000100,19.555,20991200,19.555,21000200
2023-09-04,19.493920175308332,21000100,19.514,20991200,19.514,21000200
2023-09-05,20.16301241544167,21000100,20.257,20991200,20.257,21000200
2023-09-06,19.6337377605,21000100,19.62,20991200,19.62,21000200
2023-09-07,19.8850735075,21000100,19.9,20991200,19.9,21000200
2023-09-08,19.335975368750002,21000100,19.596,20991200,19.596,21000200
2023-09-09,19.137649050625,21000100,19.425,20991200,19.425,21000200
2023-09-10,17.837119004732806,21000100,18.219,20991200,18.219,21000200
2023-09-11,17.3604544258125,21000100,17.715,20991200,17.715,21000200
2023-09-12,17.8112471344,21000100,17.904,20991200,17.904,21000200
2023-09-13,18.172874083,21000100,18.389,20991200,18.389,21000200
2023-09-14,18.515489102895835,21000100,18.835,20991200,18.835,21000200
2023-09-15,18.937129837599997,21000100,19.136,20991200,19.136,21000200
2023-09-16,19.006117768066666,21000100,19.112,20991200,19.112,21000200
2023-09-17,18.603225697875,21000100,18.798,20991200,18.798,21000200
2023-09-18,19.312977306233332,21000100,19.628,20991200,19.628,21000200
2023-09-19,19.977953292637498,21000100,20.019,20991200,20.019,21000200
2023-09-20,20.079683779241666,21000100,20.278,20991200,20.278,21000200
2023-09-21,19.458167805183333,21000100,19.442,20991200,19.442,21000200
2023-09-22,19.45729666642917,21000100,19.417,20991200,19.417,21000200
2023-09-23,19.601867773800002,21000100,19.472,20991200,19.472,21000200
2023-09-24,19.444739307908335,21000100,19.351,20991200,19.351,21000200
2023-09-25,19.387225177199998,21000100,19.381,20991200,19.381,21000200
2023-09-26,19.0016845175,21000100,19.016,20991200,19.016,21000200
2023-09-27,19.197104108666668,21000100,19.12,20991200,19.12,21000200
2023-09-28,19.88704572756667,21000100,19.948,20991200,19.948,21000200
2023-09-29,20.171556996000003,21000100,20.26,20991200,20.26,21000200
2023-09-30,20.98180752675,21000100,21.348,20991200,21.348,21000200
2023-10-01,23.618517997775,21000100,23.873,20991200,23.873,21000200
2023-10-02,23.451577293491663,21000100,23.366,20991200,23.366,21000200
2023-10-03,23.4788601003,21000100,23.594,20991200,23.594,21000200
2023-10-04,22.868429980775,21000100,23.106,20991200,23.106,21000200
2023-10-05,22.32735823523333,21000100,22.682,20991200,22.682,21000200
2023-10-06,23.3193187678125,21000100,23.391,20991200,23.391,21000200
2023-10-07,23.1661620312,21000100,23.279,20991200,23.279,21000200
2023-10-08,23.10257115861667,21000100,23.204,20991200,23.204,21000200
2023-10-09,21.936251766,21000100,22.077,20991200,22.077,21000200
2023-10-10,21.818356454225,21000100,22.107,20991200,22.107,21000200
2023-10-11,21.862619816741667,21000100,21.998,20991200,21.998,21000200
2023-10-12,21.244078828133333,21000100,21.274,20991200,21.274,21000200
2023-10-13,21.699798969570832,21000100,21.829,20991200,21.829,21000200
2023-10-14,21.62056517985,21000100,21.983,20991200,21.983,21000200
2023-10-15,21.884799709499998,21000100,21.918,20991200,21.918,21000200
2023-10-16,23.7188309223375,21000100,23.939,20991200,23.939,21000200
2023-10-17,23.849744961916667,21000100,23.93,20991200,23.93,21000200
2023-10-18,23.50752954806667,21000100,23.408,20991200,23.408,21000200
2023-10-19,24.702865669416667,21000100,24.91,20991200,24.91,21000200
2023-10-20,26.498426435958333,21000100,27.01,20991200,27.01,21000200
2023-10-21,29.206321812800002,21000100,29.312,20991200,29.312,21000200
2023-10-22,28.952498966374996,21000100,29.031,20991200,29.031,21000200
2023-10-23,31.917612971725003,21000100,31.902,20991200,31.902,21000200
2023-10-24,30.432182625000003,21000100,30.157,20991200,30.157,21000200
2023-10-25,32.74206975,21000100,32.446,20991200,32.446,21000200
2023-10-26,33.018879547875,21000100,32.77,20991200,32.77,21000200
2023-10-27,32.028618375,21000100,31.739,20991200,31.739,21000200
2023-10-28,31.902477750000003,21000100,31.614,20991200,31.614,21000200
2023-10-29,33.12553725,21000100,32.826,20991200,32.826,21000200
2023-10-30,35.2703567216,21000100,34.958,20991200,34.958,21000200
2023-10-31,38.66042569613333,21000100,38.372,20991200,38.372,21000200
2023-11-01,40.70878818085,21000100,41.204,20991200,41.204,21000200
2023-11-02,40.618290375,21000100,40.251,20991200,40.251,21000200
2023-11-03,39.857410125,21000100,39.497,20991200,39.497,21000200
2023-11-04,42.80910075,21000100,42.422,20991200,42.422,21000200
2023-11-05,41.542648875000005,21000100,41.167,20991200,41.167,21000200
2023-11-06,42.633721291325,21000100,42.181,20991200,42.181,21000200
2023-11-07,43.506443277466666,21000100,42.976,20991200,42.976,21000200
2023-11-08,43.629403755575005,21000100,43.142,20991200,43.142,21000200
2023-11-09,45.96767944410417,21000100,45.305,20991200,45.305,21000200
2023-11-10,57.31509920666251,21000100,56.679,20991200,56.679,21000200
2023-11-11,57.278108035325,21000100,56.409,20991200,56.409,21000200
2023-11-12,57.76693491741666,21000100,56.315,20991200,56.315,21000200
2023-11-13,53.134687089141664,21000100,51.662,20991200,51.662,21000200
2023-11-14,58.31146918637083,21000100,56.849,20991200,56.849,21000200
2023-11-15,66.49990588855833,21000100,65.506,20991200,65.506,21000200
2023-11-16,59.18960002389999,21000100,57.842,20991200,57.842,21000200
2023-11-17,59.02372125000001,21000100,58.49,20991200,58.49,21000200
2023-11-18,59.11555162500001,21000100,58.581,20991200,58.581,21000200
2023-11-19,61.656528375,21000100,61.099,20991200,61.099,21000200
2023-11-20,57.119502375,21000100,56.603,20991200,56.603,21000200
2023-11-21,52.15359825,21000100,51.682,20991200,51.682,21000200
2023-11-22,58.104408375000006,21000100,57.579,20991200,57.579,21000200
2023-11-23,57.052900125,21000100,56.537,20991200,56.537,21000200
2023-11-24,57.387929625000005,21000100,56.869,20991200,56.869,21000200
2023-11-25,59.36682375,21000100,58.83,20991200,58.83,21000200
2023-11-26,58.118536125000006,21000100,57.593,20991200,57.593,21000200
2023-11-27,55.532148750000005,21000100,55.03,20991200,55.03,21000200
2023-11-28,58.713919875,21000100,58.183,20991200,58.183,21000200
2023-11-29,59.8653315,21000100,59.324,20991200,59.324,21000200
2023-11-30,59.850194625,21000100,59.309,20991200,59.309,21000200
2023-12-01,60.295218750000004,21000100,59.75,20991200,59.75,21000200
2023-12-02,64.6558979757,21000100,63.684,20991200,63.684,21000200
2023-12-03,63.9473817553125,21000100,63.015,20991200,63.015,21000200
2023-12-04,63.0563539604125,21000100,61.671,20991200,61.671,21000200
2023-12-05,61.618181625000005,21000100,61.061,20991200,61.061,21000200
2023-12-06,63.439295898649995,21000100,61.878,20991200,61.878,21000200
2023-12-07,68.97886411409999,21000100,67.806,20991200,67.806,21000200
2023-12-08,77.38952072725,21000100,74.98,20991200,74.98,21000200
2023-12-09,74.164503939,21000100,72.368,20991200,72.368,21000200
2023-12-10,76.8148360336875,21000100,74.907,20991200,74.907,21000200
2023-12-11,71.29552162515833,21000100,70.286,20991200,70.286,21000200
2023-12-12,69.62244185143334,21000100,68.644,20991200,68.644,21000200
2023-12-13,71.31284550000001,21000100,70.668,20991200,70.668,21000200
2023-12-14,76.44222787500001,21000100,75.751,20991200,75.751,21000200
2023-12-15,74.0074221408,21000100,72.552,20991200,72.552,21000200
2023-12-16,74.40985012499999,21000100,73.737,20991200,73.737,21000200
2023-12-17,71.54898075,21000100,70.902,20991200,70.902,21000200
2023-12-18,75.108164625,21000100,74.429,20991200,74.429,21000200
2023-12-19,73.71382139,21000100,73.04,20991200,73.04,21000200
2023-12-20,83.67829387026667,21000100,82.243,20991200,82.243,21000200
2023-12-21,94.78408387500001,21000100,93.927,20991200,93.927,21000200
2023-12-22,100.369370842575,21000100,97.962,20991200,97.962,21000200
2023-12-23,109.235685970125,21000100,107.965,20991200,107.965,21000200
2023-12-24,115.0614715541875,21000100,112.571,20991200,112.571,21000200
2023-12-25,124.681902064125,21000100,120.942,20991200,120.942,21000200
2023-12-26,114.48202773131669,21000100,112.543,20991200,112.543,21000200
2023-12-27,110.96634368781248,21000100,107.095,20991200,107.095,21000200
2023-12-28,106.86353031261207,21000100,101.913,20991200,101.913,21000200
2023-12-29,110.60499003093749,21000100,106.225,20991200,106.225,21000200
2023-12-30,105.12289514309583,21000100,101.971,20991200,101.971,21000200
2023-12-31,105.74213563122501,21000100,101.778,20991200,101.778,21000200
2024-01-01,113.62442071481668,21000100,110.047,20991200,110.047,21000200
2024-01-02,112.75504682772683,21000100,106.83,20991200,106.83,21000200
2024-01-03,100.18982518107916,21000100,98.519,20991200,98.519,21000200
2024-01-04,105.932896875,21000100,104.975,20991200,104.975,21000200
2024-01-05,100.78535025,21000100,99.874,20991200,99.874,21000200
2024-01-06,94.65491587500001,21000100,93.799,20991200,93.799,21000200
2024-01-07,90.22990275000001,21000100,89.414,20991200,89.414,21000200
2024-01-08,98.794346625,21000100,97.901,20991200,97.901,21000200
2024-01-09,100.253541375,21000100,99.347,20991200,99.347,21000200
2024-01-10,102.994324875,21000100,102.063,20991200,102.063,21000200
2024-01-11,100.839843,21000100,99.928,20991200,99.928,21000200
2024-01-12,92.993896125,21000100,92.153,20991200,92.153,21000200
2024-01-13,96.7105035,21000100,95.836,20991200,95.836,21000200
2024-01-14,94.68619875,21000100,93.83,20991200,93.83,21000200
2024-01-15,95.220025875,21000100,94.359,20991200,94.359,21000200
2024-01-16,98.527937625,21000100,97.637,20991200,97.637,21000200
2024-01-17,103.087164375,21000100,102.155,20991200,102.155,21000200
2024-01-18,95.250299625,21000100,94.389,20991200,94.389,21000200
2024-01-19,94.45006350000001,21000100,93.596,20991200,93.596,21000200
2024-01-20,93.7477125,21000100,92.9,20991200,92.9,21000200
2024-01-21,91.936333125,21000100,91.105,20991200,91.105,21000200
2024-01-22,84.648432375,21000100,83.883,20991200,83.883,21000200
2024-01-23,85.09446562500001,21000100,84.325,20991200,84.325,21000200
2024-01-24,89.55378900000001,21000100,88.744,20991200,88.744,21000200
2024-01-25,87.67883475,21000100,86.886,20991200,86.886,21000200
2024-01-26,93.0467281206125,21000100,92.261,20991200,92.261,21000200
2024-01-27,95.09792175,21000100,94.238,20991200,94.238,21000200
2024-01-28,96.57458441616667,21000100,95.948,20991200,95.948,21000200
2024-01-29,102.36265326662918,21000100,101.623,20991200,101.623,21000200
2024-01-30,102.1212759151625,21000100,101.371,20991200,101.371,21000200
2024-01-31,97.66962813479999,21000100,96.912,20991200,96.912,21000200
2024-02-01,98.44715138572917,21000100,97.775,20991200,97.775,21000200
2024-02-02,101.476600875,21000100,100.559,20991200,100.559,21000200
2024-02-03,98.80031397570833,21000100,97.915,20991200,97.915,21000200
2024-02-04,96.321990375,21000100,95.451,20991200,95.451,21000200
2024-02-05,96.47739562500001,21000100,95.605,20991200,95.605,21000200
2024-02-06,97.61065675253333,21000100,96.856,20991200,96.856,21000200
2024-02-07,102.05785687500001,21000100,101.135,20991200,101.135,21000200
2024-02-08,103.67952075000001,21000100,102.742,20991200,102.742,21000200
2024-02-09,107.57611922313333,21000100,106.921,20991200,106.921,21000200
2024-02-10,109.97040600000001,21000100,108.976,20991200,108.976,21000200
2024-02-11,108.45167287500001,21000100,107.471,20991200,107.471,21000200
2024-02-12,112.756600125,21000100,111.737,20991200,111.737,21000200
2024-02-13,113.708523106675,21000100,112.539,20991200,112.539,21000200
2024-02-14,118.84517216708333,21000100,117.092,20991200,117.092,21000200
2024-02-15,115.03207629839999,21000100,113.598,20991200,113.598,21000200
2024-02-16,112.78849808813332,21000100,110.392,20991200,110.392,21000200
2024-02-17,111.9253166076,21000100,109.008,20991200,109.008,21000200
2024-02-18,114.54442113058332,21000100,112.345,20991200,112.345,21000200
2024-02-19,114.7737327465,21000100,111.658,20991200,111.658,21000200
2024-02-20,112.01732310435,21000100,108.418,20991200,108.418,21000200
2024-02-21,107.00877208106249,21000100,105.113,20991200,105.113,21000200
2024-02-22,103.53099645556252,21000100,101.805,20991200,101.805,21000200
2024-02-23,102.28668805217916,21000100,99.973,20991200,99.973,21000200
2024-02-24,106.85249102062501,21000100,104.114,20991200,104.114,21000200
2024-02-25,107.080428405175,21000100,103.569,20991200,103.569,21000200
2024-02-26,115.03351720282501,21000100,110.034,20991200,110.034,21000200
2024-02-27,114.32034089241688,21000100,108.45,20991200,108.45,21000200
2024-02-28,124.94296494843749,21000100,119.425,20991200,119.425,21000200
2024-02-29,133.496931402612,21000100,125.769,20991200,125.769,21000200
2024-03-01,136.87648426619998,21000100,129.456,20991200,129.456,21000200
2024-03-02,138.57533246783333,21000100,130.184,20991200,130.184,21000200
2024-03-03,137.79136339626666,21000100,130.304,20991200,130.304,21000200
2024-03-04,142.21798972833332,21000100,133.45,20991200,133.45,21000200
2024-03-05,134.9784689478865,21000100,125.358,20991200,125.358,21000200
2024-03-06,134.2828049558333,21000100,130.916,20991200,130.916,21000200
2024-03-07,150.37659988890002,21000100,143.997,20991200,143.997,21000200
2024-03-08,152.29597778237496,21000100,144.879,20991200,144.879,21000200
2024-03-09,149.75864585406669,21000100,144.424,20991200,144.424,21000200
2024-03-10,151.48360996917918,21000100,144.497,20991200,144.497,21000200
2024-03-11,156.81585804975833,21000100,149.062,20991200,149.062,21000200
2024-03-12,160.44173983559998,21000100,151.201,20991200,151.201,21000200
2024-03-13,173.95976320575,21000100,164.055,20991200,164.055,21000200
2024-03-14,185.30847536947917,21000100,176.851,20991200,176.851,21000200
2024-03-15,191.1446835928125,21000100,184.155,20991200,184.155,21000200
2024-03-16,184.99444705309998,21000100,182.184,20991200,182.184,21000200
2024-03-17,205.33856733465,21000100,201.962,20991200,201.962,21000200
2024-03-18,200.9803056356625,21000100,196.143,20991200,196.143,21000200
2024-03-19,172.56456952336248,21000100,169.917,20991200,169.917,21000200
2024-03-20,194.75159728320003,21000100,191.916,20991200,191.916,21000200
2024-03-21,182.87726245924998,21000100,179.535,20991200,179.535,21000200
2024-03-22,177.6587620910625,21000100,175.257,20991200,175.257,21000200
2024-03-23,175.2034943575,21000100,172.725,20991200,172.725,21000200
2024-03-24,187.31208287815835,21000100,184.019,20991200,184.019,21000200
2024-03-25,192.59517236637083,21000100,189.181,20991200,189.181,21000200
2024-03-26,195.5599220433875,21000100,190.623,20991200,190.623,21000200
2024-03-27,191.99260383073332,21000100,186.448,20991200,186.448,21000200
2024-03-28,195.81249371970003,21000100,189.852,20991200,189.852,21000200
2024-03-29,199.28779143333333,21000100,192.2,20991200,192.2,21000200
2024-03-30,204.141523941725,21000100,194.351,20991200,194.351,21000200
2024-03-31,211.53655544093334,21000100,202.678,20991200,202.678,21000200
2024-04-01,201.67034790302083,21000100,192.355,20991200,192.355,21000200
2024-04-02,183.98392362320834,21000100,181.679,20991200,181.679,21000200
2024-04-03,187.2633886779417,21000100,185.173,20991200,185.173,21000200
2024-04-04,186.18479017452083,21000100,184.123,20991200,184.123,21000200
2024-04-05,176.04185625,21000100,174.45,20991200,174.45,21000200
2024-04-06,180.399258,21000100,178.768,20991200,178.768,21000200
2024-04-07,181.253986875,21000100,179.615,20991200,179.615,21000200
2024-04-08,183.992916441325,21000100,180.822,20991200,180.822,21000200
2024-04-09,174.52219823534165,21000100,172.558,20991200,172.558,21000200
2024-04-10,177.9379211758333,21000100,173.438,20991200,173.438,21000200
2024-04-11,176.6463139930125,21000100,172.497,20991200,172.497,21000200
2024-04-12,156.9627354516,21000100,153.162,20991200,153.162,21000200
2024-04-13,139.73051137500002,21000100,138.467,20991200,138.467,21000200
2024-04-14,152.56658137500003,21000100,151.187,20991200,151.187,21000200
2024-04-15,139.08619023861667,21000100,138.442,20991200,138.442,21000200
2024-04-16,136.23104990183333,21000100,136.183,20991200,136.183,21000200
2024-04-17,132.091004918925,21000100,131.781,20991200,131.781,21000200
2024-04-18,142.84997636808748,21000100,141.957,20991200,141.957,21000200
2024-04-19,142.66150011766666,21000100,142.444,20991200,142.444,21000200
2024-04-20,152.110295821125,21000100,151.155,20991200,151.155,21000200
2024-04-21,149.11134621442503,21000100,148.734,20991200,148.734,21000200
2024-04-22,157.32138915282084,21000100,156.881,20991200,156.881,21000200
2024-04-23,154.53913041019584,21000100,154.723,20991200,154.723,21000200
2024-04-24,148.2230368760833,21000100,147.701,20991200,147.701,21000200
2024-04-25,145.765384988925,21000100,144.786,20991200,144.786,21000200
2024-04-26,140.17985634945833,21000100,139.202,20991200,139.202,21000200
2024-04-27,141.464581502275,21000100,141.242,20991200,141.242,21000200
2024-04-28,138.58323599655,21000100,137.922,20991200,137.922,21000200
2024-04-29,138.98174062500001,21000100,137.725,20991200,137.725,21000200
2024-04-30,127.47439429345835,21000100,126.685,20991200,126.685,21000200
2024-05-01,135.1769007488625,21000100,134.541,20991200,134.541,21000200
2024-05-02,138.03198148080003,21000100,137.538,20991200,137.538,21000200
2024-05-03,143.7642059845375,21000100,143.607,20991200,143.607,21000200
2024-05-04,145.723572428325,21000100,146.007,20991200,146.007,21000200
2024-05-05,146.6227606463125,21000100,145.673,20991200,145.673,21000200
2024-05-06,153.7633467132,21000100,152.784,20991200,152.784,21000200
2024-05-07,148.394480466475,21000100,148.011,20991200,148.011,21000200
2024-05-08,143.41482675,21000100,142.118,20991200,142.118,21000200
2024-05-09,153.44720747570832,21000100,152.459,20991200,152.459,21000200
2024-05-10,146.72822472093335,21000100,145.966,20991200,145.966,21000200
2024-05-11,146.2071891109375,21000100,145.355,20991200,145.355,21000200
2024-05-12,143.9563513752,21000100,143.364,20991200,143.364,21000200
2024-05-13,148.3508265884667,21000100,147.496,20991200,147.496,21000200
2024-05-14,142.9791646473625,21000100,141.963,20991200,141.963,21000200
2024-05-15,159.0009066410292,21000100,158.423,20991200,158.423,21000200
2024-05-16,160.75663987500002,21000100,159.303,20991200,159.303,21000200
2024-05-17,170.11969759595416,21000100,169.351,20991200,169.351,21000200
2024-05-18,173.03186805320001,21000100,172.299,20991200,172.299,21000200
2024-05-19,170.6005209298375,21000100,169.853,20991200,169.853,21000200
2024-05-20,188.22076636594164,21000100,186.701,20991200,186.701,21000200
2024-05-21,179.77561875,21000100,178.15,20991200,178.15,21000200
2024-05-22,178.64539875,21000100,177.03,20991200,177.03,21000200
2024-05-23,177.78966075,21000100,176.182,20991200,176.182,21000200
2024-05-24,169.186870125,21000100,167.657,20991200,167.657,21000200
2024-05-25,169.8922485,21000100,168.356,20991200,168.356,21000200
2024-05-26,164.996983125,21000100,163.505,20991200,163.505,21000200
2024-05-27,171.802522125,21000100,170.249,20991200,170.249,21000200
2024-05-28,170.5593692896625,21000100,168.807,20991200,168.807,21000200
2024-05-29,170.58275655255,21000100,168.418,20991200,168.418,21000200
2024-05-30,168.50974725,21000100,166.986,20991200,166.986,21000200
2024-05-31,167.27457825000002,21000100,165.762,20991200,165.762,21000200
2024-06-01,168.244707940575,21000100,166.281,20991200,166.281,21000200
2024-06-02,165.07256282055,21000100,163.251,20991200,163.251,21000200
2024-06-03,166.71698131716667,21000100,164.995,20991200,164.995,21000200
2024-06-04,174.24683406420002,21000100,171.888,20991200,171.888,21000200
2024-06-05,177.1959047771,21000100,173.668,20991200,173.668,21000200
2024-06-06,173.233742359575,21000100,170.271,20991200,170.271,21000200
2024-06-07,164.66935336790002,21000100,162.524,20991200,162.524,21000200
2024-06-08,159.27827175,21000100,157.838,20991200,157.838,21000200
2024-06-09,163.59530850000002,21000100,162.116,20991200,162.116,21000200
2024-06-10,160.547751,21000100,159.096,20991200,159.096,21000200
2024-06-11,150.60686062500002,21000100,149.245,20991200,149.245,21000200
2024-06-12,156.58895362500002,21000100,155.173,20991200,155.173,21000200
2024-06-13,148.552282125,21000100,147.209,20991200,147.209,21000200
2024-06-14,144.19922879894997,21000100,142.974,20991200,142.974,21000200
2024-06-15,146.77723125,21000100,145.45,20991200,145.45,21000200
2024-06-16,152.31191752050003,21000100,151.245,20991200,151.245,21000200
2024-06-17,144.38001783892082,21000100,143.197,20991200,143.197,21000200
2024-06-18,137.72428279500417,21000100,137.359,20991200,137.359,21000200
2024-06-19,136.42695229766247,21000100,135.557,20991200,135.557,21000200
2024-06-20,133.74002354375003,21000100,133.5,20991200,133.5,21000200
2024-06-21,134.920332879425,21000100,134.534,20991200,134.534,21000200
2024-06-22,134.22439843399167,21000100,133.627,20991200,133.627,21000200
2024-06-23,129.283628105125,21000100,128.661,20991200,128.661,21000200
2024-06-24,132.888195596625,21000100,132.237,20991200,132.237,21000200
2024-06-25,136.80187301586668,21000100,136.544,20991200,136.544,21000200
2024-06-26,138.056373,21000100,136.808,20991200,136.808,21000200
2024-06-27,151.01656537500003,21000100,149.651,20991200,149.651,21000200
2024-06-28,141.17186495924997,21000100,139.98,20991200,139.98,21000200
2024-06-29,141.51363525000002,21000100,140.234,20991200,140.234,21000200
2024-06-30,147.91956075,21000100,146.582,20991200,146.582,21000200
2024-07-01,147.719891640625,21000100,146.625,20991200,146.625,21000200
2024-07-02,154.92233973479165,21000100,153.97,20991200,153.97,21000200
2024-07-03,142.021225125,21000100,140.737,20991200,140.737,21000200
2024-07-04,128.68670236900002,21000100,127.76,20991200,127.76,21000200
2024-07-05,133.93901676529165,21000100,134.23,20991200,134.23,21000200
2024-07-06,142.93610791285,21000100,142.996,20991200,142.996,21000200
2024-07-07,132.41365044959997,21000100,131.599,20991200,131.599,21000200
2024-07-08,140.35082857675002,21000100,139.74,20991200,139.74,21000200
2024-07-09,142.24347343894163,21000100,141.391,20991200,141.391,21000200
2024-07-10,143.0125824734875,21000100,141.927,20991200,141.927,21000200
2024-07-11,136.14662534130002,21000100,135.702,20991200,135.702,21000200
2024-07-12,139.95077389095417,21000100,139.379,20991200,139.379,21000200
2024-07-13,142.41733715654584,21000100,141.811,20991200,141.811,21000200
2024-07-14,148.21204192166667,21000100,147.575,20991200,147.575,21000200
2024-07-15,159.54469025995002,21000100,159.294,20991200,159.294,21000200
2024-07-16,161.27658696766667,21000100,160.592,20991200,160.592,21000200
2024-07-17,156.6531218731375,21000100,155.467,20991200,155.467,21000200
2024-07-18,160.35012184479166,21000100,159.146,20991200,159.146,21000200
2024-07-19,170.22072320819998,21000100,169.064,20991200,169.064,21000200
2024-07-20,174.20149513260003,21000100,173.532,20991200,173.532,21000200
2024-07-21,185.9017426163625,21000100,184.473,20991200,184.473,21000200
2024-07-22,180.2972950470625,21000100,178.823,20991200,178.823,21000200
2024-07-23,174.489822,21000100,172.912,20991200,172.912,21000200
2024-07-24,179.1579785055667,21000100,177.983,20991200,177.983,21000200
2024-07-25,173.1040053675625,21000100,171.759,20991200,171.759,21000200
2024-07-26,183.9294792555125,21000100,182.991,20991200,182.991,21000200
2024-07-27,184.84699555434997,21000100,183.903,20991200,183.903,21000200
2024-07-28,186.43433812119997,21000100,184.808,20991200,184.808,21000200
2024-07-29,183.82432867482498,21000100,182.509,20991200,182.509,21000200
2024-07-30,180.58527703520002,21000100,179.072,20991200,179.072,21000200
2024-07-31,172.66868159453333,21000100,171.632,20991200,171.632,21000200
2024-08-01,168.7844801018417,21000100,167.294,20991200,167.294,21000200
2024-08-02,153.80902199590417,21000100,152.711,20991200,152.711,21000200
2024-08-03,143.6638339708333,21000100,142.456,20991200,142.456,21000200
2024-08-04,138.7682946763375,21000100,138.291,20991200,138.291,21000200
2024-08-05,130.0015504987,21000100,129.768,20991200,129.768,21000200
2024-08-06,144.43502763113332,21000100,144.328,20991200,144.328,21000200
2024-08-07,144.55972843786665,21000100,144.736,20991200,144.736,21000200
2024-08-08,163.4024618364625,21000100,163.069,20991200,163.069,21000200
2024-08-09,156.53789040524998,21000100,156.188,20991200,156.188,21000200
2024-08-10,154.06356696316664,21000100,153.932,20991200,153.932,21000200
2024-08-11,141.37945785275,21000100,141.492,20991200,141.492,21000200
2024-08-12,146.67064813661253,21000100,146.241,20991200,146.241,21000200
2024-08-13,147.15506336175,21000100,146.565,20991200,146.565,21000200
2024-08-14,143.79495488108333,21000100,143.644,20991200,143.644,21000200
2024-08-15,142.63455227165835,21000100,142.538,20991200,142.538,21000200
2024-08-16,138.6720242558083,21000100,138.986,20991200,138.986,21000200
2024-08-17,141.83077651925,21000100,141.83,20991200,141.83,21000200
2024-08-18,141.840772903225,21000100,142.354,20991200,142.354,21000200
2024-08-19,144.49872940135,21000100,144.201,20991200,144.201,21000200
2024-08-20,142.083347774,21000100,142.21,20991200,142.21,21000200
2024-08-21,142.81334593323334,21000100,142.726,20991200,142.726,21000200
2024-08-22,143.61146773890417,21000100,143.159,20991200,143.159,21000200
2024-08-23,153.4124699123,21000100,153.228,20991200,153.228,21000200
2024-08-24,161.30905486744163,21000100,160.558,20991200,160.558,21000200
2024-08-25,159.77040655,21000100,158.88,20991200,158.88,21000200
2024-08-26,157.67788232163332,21000100,157.052,20991200,157.052,21000200
2024-08-27,147.63346901283748,21000100,146.727,20991200,146.727,21000200
2024-08-28,144.0098211678,21000100,143.892,20991200,143.892,21000200
2024-08-29,139.09354223795,21000100,139.948,20991200,139.948,21000200
2024-08-30,137.64974502259167,21000100,137.921,20991200,137.921,21000200
2024-08-31,135.2871477118833,21000100,135.266,20991200,135.266,21000200
2024-09-01,128.15840967749585,21000100,128.411,20991200,128.411,21000200
2024-09-02,134.4768961798125,21000100,134.865,20991200,134.865,21000200
2024-09-03,127.52597328362499,21000100,127.506,20991200,127.506,21000200
2024-09-04,134.01758612658332,21000100,133.564,20991200,133.564,21000200
2024-09-05,129.86037941543333,21000100,129.337,20991200,129.337,21000200
2024-09-06,125.2783082533625,21000100,124.959,20991200,124.959,21000200
2024-09-07,127.50289843590001,21000100,127.656,20991200,127.656,21000200
2024-09-08,130.89687804623333,21000100,130.073,20991200,130.073,21000200
2024-09-09,134.75150128073335,21000100,135.014,20991200,135.014,21000200
2024-09-10,135.9862231672333,21000100,135.563,20991200,135.563,21000200
2024-09-11,131.92448736450834,21000100,132.346,20991200,132.346,21000200
2024-09-12,135.89979047770834,21000100,135.997,20991200,135.997,21000200
2024-09-13,139.1776343944,21000100,138.916,20991200,138.916,21000200
2024-09-14,137.2198405037,21000100,137.068,20991200,137.068,21000200
2024-09-15,131.430280814925,21000100,131.319,20991200,131.319,21000200
2024-09-16,131.5654092737,21000100,131.412,20991200,131.412,21000200
2024-09-17,132.0411859569542,21000100,131.467,20991200,131.467,21000200
2024-09-18,134.2336820026125,21000100,134.299,20991200,134.299,21000200
2024-09-19,143.54407597699998,21000100,142.82,20991200,142.82,21000200
2024-09-20,147.964971375,21000100,146.627,20991200,146.627,21000200
2024-09-21,150.46577771476666,21000100,149.372,20991200,149.372,21000200
2024-09-22,145.447484227775,21000100,144.587,20991200,144.587,21000200
2024-09-23,144.62639305698335,21000100,144.691,20991200,144.691,21000200
2024-09-24,153.28351956959997,21000100,152.712,20991200,152.712,21000200
2024-09-25,149.03972363716667,21000100,147.88,20991200,147.88,21000200
2024-09-26,156.4406390105,21000100,155.48,20991200,155.48,21000200
2024-09-27,158.59670176784587,21000100,157.591,20991200,157.591,21000200
2024-09-28,158.10219176166666,21000100,156.682,20991200,156.682,21000200
2024-09-29,159.797214774875,21000100,158.385,20991200,158.385,21000200
2024-09-30,153.8189055,21000100,152.428,20991200,152.428,21000200
2024-10-01,146.394772875,21000100,145.071,20991200,145.071,21000200
2024-10-02,140.86249838145,21000100,140.082,20991200,140.082,21000200
2024-10-03,136.93529191573333,21000100,136.733,20991200,136.733,21000200
2024-10-04,143.12851906291667,21000100,143.159,20991200,143.159,21000200
2024-10-05,143.22166985710834,21000100,142.538,20991200,142.538,21000200
2024-10-06,147.45885251055,21000100,146.412,20991200,146.412,21000200
2024-10-07,144.43685041692916,21000100,143.909,20991200,143.909,21000200
2024-10-08,143.74373380454165,21000100,143.417,20991200,143.417,21000200
2024-10-09,139.569764097825,21000100,139.266,20991200,139.266,21000200
2024-10-10,139.4465871869125,21000100,138.963,20991200,138.963,21000200
2024-10-11,145.2266408125,21000100,145.47,20991200,145.47,21000200
2024-10-12,146.270602112875,21000100,146.318,20991200,146.318,21000200
2024-10-13,148.177347581625,21000100,147.645,20991200,147.645,21000200
2024-10-14,158.2945507806667,21000100,157.52,20991200,157.52,21000200
2024-10-15,156.10154625,21000100,154.69,20991200,154.69,21000200
2024-10-16,155.07804124354166,21000100,154.19,20991200,154.19,21000200
2024-10-17,151.57043374749998,21000100,150.45,20991200,150.45,21000200
2024-10-18,155.84638915825002,21000100,154.86,20991200,154.86,21000200
2024-10-19,160.499162755,21000100,159.7,20991200,159.7,21000200
2024-10-20,168.5358884815833,21000100,167.42,20991200,167.42,21000200
2024-10-21,167.64593625,21000100,166.13,20991200,166.13,21000200
2024-10-22,169.088985,21000100,167.56,20991200,167.56,21000200
2024-10-23,172.36864125000002,21000100,170.81,20991200,170.81,21000200
2024-10-24,178.7160375,21000100,177.1,20991200,177.1,21000200
2024-10-25,165.9609336,21000100,164.8,20991200,164.8,21000200
2024-10-26,171.907127575875,21000100,170.81,20991200,170.81,21000200
2024-10-27,177.28451079075,21000100,176.58,20991200,176.58,21000200
2024-10-28,179.33760206999997,21000100,178.2,20991200,178.2,21000200
2024-10-29,181.03702500000003,21000100,179.4,20991200,179.4,21000200
2024-10-30,176.42532375000002,21000100,174.83,20991200,174.83,21000200
2024-10-31,170.1586575,21000100,168.62,20991200,168.62,21000200
2024-11-01,167.52484125,21000100,166.01,20991200,166.01,21000200
2024-11-02,167.2569898625,21000100,166.09,20991200,166.09,21000200
2024-11-03,163.19274357583333,21000100,162.44,20991200,162.44,21000200
2024-11-04,158.72276572120833,21000100,157.87,20991200,157.87,21000200
2024-11-05,167.11206114270834,21000100,166.55,20991200,166.55,21000200
2024-11-06,187.63781988850002,21000100,186.61,20991200,186.61,21000200
2024-11-07,198.26278875,21000100,196.47,20991200,196.47,21000200
2024-11-08,201.74427,21000100,199.92,20991200,199.92,21000200
2024-11-09,201.7644525,21000100,199.94,20991200,199.94,21000200
2024-11-10,213.84931301917248,21000100,210.29,20991200,210.29,21000200
2024-11-11,226.36404807155424,21000100,222.33,20991200,222.33,21000200
2024-11-12,216.50700220956847,21000100,211.77,20991200,211.77,21000200
2024-11-13,220.241822775,21000100,215.28,20991200,215.28,21000200
2024-11-14,213.04414439875,21000100,209.65,20991200,209.65,21000200
2024-11-15,220.67545500000003,21000100,218.68,20991200,218.68,21000200
2024-11-16,219.13470364879169,21000100,215.87,20991200,215.87,21000200
2024-11-17,243.11323075770832,21000100,237.61,20991200,237.61,21000200
2024-11-18,244.51604653233332,21000100,239.96,20991200,239.96,21000200
2024-11-19,241.58292445425,21000100,237.69,20991200,237.69,21000200
2024-11-20,237.61866375000002,21000100,235.47,20991200,235.47,21000200
2024-11-21,258.93138375,21000100,256.59,20991200,256.59,21000200
2024-11-22,263.6343400475,21000100,257.1,20991200,257.1,21000200
2024-11-23,260.07593898970833,21000100,255.07,20991200,255.07,21000200
2024-11-24,258.83390670399996,21000100,252.94,20991200,252.94,21000200
2024-11-25,237.48387447108334,21000100,234.29,20991200,234.29,21000200
2024-11-26,232.83541125,21000100,230.73,20991200,230.73,21000200
2024-11-27,244.25870625000002,21000100,242.05,20991200,242.05,21000200
2024-11-28,239.7681,21000100,237.6,20991200,237.6,21000200
2024-11-29,245.66139,21000100,243.44,20991200,243.44,21000200
2024-11-30,239.89928625,21000100,237.73,20991200,237.73,21000200
2024-12-01,240.17359839075002,21000100,237.06,20991200,237.06,21000200
2024-12-02,232.0550142645,21000100,225.88,20991200,225.88,21000200
2024-12-03,240.8284846425,21000100,234.1,20991200,234.1,21000200
2024-12-04,235.94499747,21000100,229.32,20991200,229.32,21000200
2024-12-05,244.17033555777968,21000100,236.05,20991200,236.05,21000200
2024-12-06,242.63102470633333,21000100,237.08,20991200,237.08,21000200
2024-12-07,246.60313555291668,21000100,238.3,20991200,238.3,21000200
2024-12-08,242.88273461850002,21000100,237.24,20991200,237.24,21000200
2024-12-09,220.23687816229167,21000100,216.65,20991200,216.65,21000200
2024-12-10,215.52891750000003,21000100,213.58,20991200,213.58,21000200
2024-12-11,229.36402125,21000100,227.29,20991200,227.29,21000200
2024-12-12,228.95028000000002,21000100,226.88,20991200,226.88,21000200
2024-12-13,226.76047875000003,21000100,224.71,20991200,224.71,21000200
2024-12-14,221.84604000000002,21000100,219.84,20991200,219.84,21000200
2024-12-15,226.03502549220835,21000100,224.21,20991200,224.21,21000200
2024-12-16,218.05173000000002,21000100,216.08,20991200,216.08,21000200
2024-12-17,224.79341218133334,21000100,223.16,20991200,223.16,21000200
2024-12-18,207.69869548124998,21000100,206.46,20991200,206.46,21000200
2024-12-19,193.478384988625,21000100,193.71,20991200,193.71,21000200
2024-12-20,193.6537861805,21000100,194.28,20991200,194.28,21000200
2024-12-21,179.341464967875,21000100,181.37,20991200,181.37,21000200
2024-12-22,179.36702105833334,21000100,180.44,20991200,180.44,21000200
2024-12-23,189.49369405633334,21000100,190.06,20991200,190.06,21000200
2024-12-24,196.81270325445834,21000100,196.99,20991200,196.99,21000200
2024-12-25,197.388717603125,21000100,197.35,20991200,197.35,21000200
2024-12-26,189.186867289875,21000100,188.37,20991200,188.37,21000200
2024-12-27,183.785385141,21000100,184.18,20991200,184.18,21000200
2024-12-28,195.963807511875,21000100,195.39,20991200,195.39,21000200
2024-12-29,190.09201366062499,21000100,189.85,20991200,189.85,21000200
2024-12-30,192.4622428278333,21000100,191.26,20991200,191.26,21000200
2024-12-31,190.2452743785,21000100,189.22,20991200,189.22,21000200
2025-01-01,193.64478429075,21000100,194.22,20991200,194.22,21000200
2025-01-02,210.027571167375,21000100,208.17,20991200,208.17,21000200
2025-01-03,217.94731617954167,21000100,217.91,20991200,217.91,21000200
2025-01-04,216.7819830233333,21000100,216.56,20991200,216.56,21000200
2025-01-05,214.36881252750004,21000100,213.3,20991200,213.3,21000200
2025-01-06,218.38684429662501,21000100,218.11,20991200,218.11,21000200
2025-01-07,202.1408667909583,21000100,202.07,20991200,202.07,21000200
2025-01-08,197.83063608637502,21000100,197.37,20991200,197.37,21000200
2025-01-09,185.10409381833333,21000100,184.88,20991200,184.88,21000200
2025-01-10,187.4117488555,21000100,187.59,20991200,187.59,21000200
2025-01-11,187.59362621816666,21000100,187.99,20991200,187.99,21000200
2025-01-12,188.50359133650002,21000100,188.43,20991200,188.43,21000200
2025-01-13,183.52926167658333,21000100,182.78,20991200,182.78,21000200
2025-01-14,187.19423405258334,21000100,187.46,20991200,187.46,21000200
2025-01-15,205.46253191066666,21000100,205.76,20991200,205.76,21000200
2025-01-16,212.9455575,21000100,211.02,20991200,211.02,21000200
2025-01-17,221.34375319833336,21000100,219.46,20991200,219.46,21000200
2025-01-18,263.2983735825,21000100,261.9,20991200,261.9,21000200
2025-01-19,254.4339827051667,21000100,252.52,20991200,252.52,21000200
2025-01-20,236.743511068625,21000100,241.89,20991200,241.89,21000200
2025-01-21,248.6457833755,21000100,250.26,20991200,250.26,21000200
2025-01-22,258.595080955,21000100,257.3,20991200,257.3,21000200
2025-01-23,253.787344761375,21000100,253.01,20991200,253.01,21000200
2025-01-24,255.22000647091667,21000100,253.22,20991200,253.22,21000200
2025-01-25,255.230920884,21000100,256.32,20991200,256.32,21000200
2025-01-26,241.85745621200002,21000100,240.32,20991200,240.32,21000200
2025-01-27,233.54347543766667,21000100,234.77,20991200,234.77,21000200
2025-01-28,227.42591297604164,21000100,226.91,20991200,226.91,21000200
2025-01-29,228.9332459823333,21000100,228.04,20991200,228.04,21000200
2025-01-30,239.19345918645834,21000100,238.15,20991200,238.15,21000200
2025-01-31,231.575418514625,21000100,231.59,20991200,231.59,21000200
2025-02-01,212.31394804533332,21000100,212.89,20991200,212.89,21000200
2025-02-02,203.15289174075,21000100,203.42,20991200,203.42,21000200
2025-02-03,214.85821595666667,21000100,216.2,20991200,216.2,21000200
2025-02-04,203.06086928899998,21000100,206.48,20991200,206.48,21000200
2025-02-05,194.88190538145832,21000100,196.03,20991200,196.03,21000200
2025-02-06,189.487340595,21000100,189.45,20991200,189.45,21000200
2025-02-07,192.08069924999998,21000100,191.84,20991200,191.84,21000200
2025-02-08,199.53362743554166,21000100,199.21,20991200,199.21,21000200
2025-02-09,198.10779028533332,21000100,200.32,20991200,200.32,21000200
2025-02-10,198.87441993333331,21000100,200.32,20991200,200.32,21000200
2025-02-11,194.39109995195832,21000100,197.87,20991200,197.87,21000200
2025-02-12,195.903276717125,21000100,196.71,20991200,196.71,21000200
2025-02-13,193.38477373533334,21000100,194.12,20991200,194.12,21000200
2025-02-14,200.23311340004165,21000100,199.31,20991200,199.31,21000200
2025-02-15,194.7432907089583,21000100,194.35,20991200,194.35,21000200
2025-02-16,186.69470224866666,21000100,188.14,20991200,188.14,21000200
2025-02-17,175.88097724804166,21000100,177.47,20991200,177.47,21000200
2025-02-18,169.95587485983333,21000100,169.21,20991200,169.21,21000200
2025-02-19,168.61488059625,21000100,168.85,20991200,168.85,21000200
2025-02-20,175.48037662458333,21000100,175.9,20991200,175.9,21000200
2025-02-21,169.05718327566666,21000100,168.83,20991200,168.83,21000200
2025-02-22,170.68437147199998,21000100,171.98,20991200,171.98,21000200
2025-02-23,168.414786962,21000100,167.84,20991200,167.84,21000200
2025-02-24,141.457504587125,21000100,141.73,20991200,141.73,21000200
2025-02-25,144.269658148,21000100,144.24,20991200,144.24,21000200
2025-02-26,135.065470069125,21000100,135.27,20991200,135.27,21000200
2025-02-27,138.45100382666666,21000100,137.6,20991200,137.6,21000200
2025-02-28,149.4514125,21000100,148.1,20991200,148.1,21000200
2025-03-01,144.74137614425,21000100,143.58,20991200,143.58,21000200
2025-03-02,179.16048773699998,21000100,178.64,20991200,178.64,21000200
2025-03-03,141.796678091875,21000100,142.05,20991200,142.05,21000200
2025-03-04,144.18870194708333,21000100,144.7,20991200,144.7,21000200
2025-03-05,145.339412694,21000100,146.16,20991200,146.16,21000200
2025-03-06,142.479258999,21000100,143.22,20991200,143.22,21000200
2025-03-07,138.68134737216667,21000100,139.31,20991200,139.31,21000200
2025-03-08,136.773654199,21000100,136.92,20991200,136.92,21000200
2025-03-09,126.30321899825,21000100,126.42,20991200,126.42,21000200
2025-03-10,117.33292586025001,21000100,118.26,20991200,118.26,21000200
2025-03-11,125.517247956,21000100,125.28,20991200,125.28,21000200
2025-03-12,126.3832513925,21000100,126.55,20991200,126.55,21000200
2025-03-13,123.36880029316667,21000100,123.32,20991200,123.32,21000200
2025-03-14,134.42151880558333,21000100,133.49,20991200,133.49,21000200
2025-03-15,136.40549420141664,21000100,135.79,20991200,135.79,21000200
2025-03-16,126.155243871875,21000100,126.05,20991200,126.05,21000200
2025-03-17,127.25184093783334,21000100,127.93,20991200,127.93,21000200
2025-03-18,124.5964100125,21000100,125.25,20991200,125.25,21000200
2025-03-19,135.7315382225,21000100,135.3,20991200,135.3,21000200
2025-03-20,128.23323070837498,21000100,127.53,20991200,127.53,21000200
2025-03-21,128.03078553825,21000100,128.38,20991200,128.38,21000200
2025-03-22,128.14879333966667,21000100,128.44,20991200,128.44,21000200
2025-03-23,132.83909738045836,21000100,132.77,20991200,132.77,21000200
2025-03-24,141.49717905854166,21000100,140.95,20991200,140.95,21000200
2025-03-25,144.150790745,21000100,143.59,20991200,143.59,21000200
2025-03-26,136.56519788683332,21000100,137.26,20991200,137.26,21000200
2025-03-27,137.44832492504167,21000100,138.37,20991200,138.37,21000200
2025-03-28,128.49602562062498,21000100,129.39,20991200,129.39,21000200
2025-03-29,124.06235085625,21000100,124.5,20991200,124.5,21000200
2025-03-30,122.25411084224311,21000100,124.73,20991200,124.73,21000200
2025-03-31,123.54941137866668,21000100,124.48,20991200,124.48,21000200
2025-04-01,126.021386305,21000100,126.6,20991200,126.6,21000200
2025-04-02,116.78550591866667,21000100,117.34,20991200,117.34,21000200
2025-04-03,116.15234735349999,21000100,117.08,20991200,117.08,21000200
2025-04-04,121.47983667733332,21000100,122.72,20991200,122.72,21000200
2025-04-05,120.817304805,21000100,120.24,20991200,120.24,21000200
2025-04-06,105.805167174,21000100,105.84,20991200,105.84,21000200
2025-04-07,106.83878457625,21000100,106.91,20991200,106.91,21000200
2025-04-08,104.052958272,21000100,105.32,20991200,105.32,21000200
2025-04-09,118.7095493375,21000100,119.01,20991200,119.01,21000200
2025-04-10,113.53427594266667,21000100,112.73,20991200,112.73,21000200
2025-04-11,121.63221129170834,21000100,121.33,20991200,121.33,21000200
2025-04-12,132.45000489854166,21000100,132.17,20991200,132.17,21000200
2025-04-13,128.99615954208332,21000100,128.3,20991200,128.3,21000200
2025-04-14,129.16870964883336,21000100,129.34,20991200,129.34,21000200
2025-04-15,125.391506921875,21000100,126.05,20991200,126.05,21000200
2025-04-16,130.71404311333333,21000100,131.3,20991200,131.3,21000200
2025-04-17,135.645947053,21000100,134.76,20991200,134.76,21000200
2025-04-18,133.78059767966667,21000100,133.97,20991200,133.97,21000200
2025-04-19,138.7342041315,21000100,139.77,20991200,139.77,21000200
2025-04-20,136.14719202,21000100,137.76,20991200,137.76,21000200
2025-04-21,134.5276984605,21000100,136.44,20991200,136.44,21000200
2025-04-22,147.894681934375,21000100,148.71,20991200,148.71,21000200
2025-04-23,151.62788834875002,21000100,151.05,20991200,151.05,21000200
2025-04-24,153.64704316466663,21000100,152.48,20991200,152.48,21000200
2025-04-25,151.73375569916666,21000100,150.76,20991200,150.76,21000200
2025-04-26,148.65107309516665,21000100,149.14,20991200,149.14,21000200
2025-04-27,147.91373411120833,21000100,147.91,20991200,147.91,21000200
2025-04-28,147.43982131866665,21000100,147.76,20991200,147.76,21000200
2025-04-29,145.37170560808335,21000100,146.18,20991200,146.18,21000200
2025-04-30,146.251501474375,21000100,147.47,20991200,147.47,21000200
2025-05-01,151.36906191379165,21000100,150.73,20991200,150.73,21000200
2025-05-02,147.541464936875,21000100,147.93,20991200,147.93,21000200
2025-05-03,145.44701189783333,21000100,146.62,20991200,146.62,21000200
2025-05-04,143.13950666904165,21000100,143.87,20991200,143.87,21000200
2025-05-05,146.01597866391666,21000100,146.66,20991200,146.66,21000200
2025-05-06,146.8043200447917,21000100,146.83,20991200,146.83,21000200
2025-05-07,148.11984362550004,21000100,147.27,20991200,147.27,21000200
2025-05-08,165.31664871308334,21000100,164.42,20991200,164.42,21000200
2025-05-09,174.31625250000002,21000100,172.74,20991200,172.74,21000200
2025-05-10,179.48297250000002,21000100,177.86,20991200,177.86,21000200
2025-05-11,174.4325178437917,21000100,173.11,20991200,173.11,21000200
2025-05-12,175.22355785224997,21000100,174.14,20991200,174.14,21000200
2025-05-13,184.97859715958333,21000100,183.7,20991200,183.7,21000200
2025-05-14,177.70698417854166,21000100,176.51,20991200,176.51,21000200
2025-05-15,169.16186780741668,21000100,169.06,20991200,169.06,21000200
2025-05-16,167.64637083099998,21000100,167.33,20991200,167.33,21000200
2025-05-17,165.858850080375,21000100,165.87,20991200,165.87,21000200
2025-05-18,174.0267189316667,21000100,173.24,20991200,173.24,21000200
2025-05-19,165.46910389166666,21000100,166.76,20991200,166.76,21000200
2025-05-20,169.27790428275,21000100,168.51,20991200,168.51,21000200
2025-05-21,174.89204399583335,21000100,173.5,20991200,173.5,21000200
2025-05-22,181.10812439833333,21000100,179.6,20991200,179.6,21000200
2025-05-23,175.50701999999998,21000100,173.92,20991200,173.92,21000200
2025-05-24,176.3019215077917,21000100,175.81,20991200,175.81,21000200
2025-05-25,175.5901619,21000100,175.65,20991200,175.65,21000200
2025-05-26,175.30302560166666,21000100,174.8,20991200,174.8,21000200
2025-05-27,176.544041792,21000100,176.64,20991200,176.64,21000200
2025-05-28,171.761714618375,21000100,172.11,20991200,172.11,21000200
2025-05-29,166.43324327875,21000100,166.62,20991200,166.62,21000200
2025-05-30,155.962629739,21000100,156.12,20991200,156.12,21000200
2025-05-31,156.10803274,21000100,156.35,20991200,156.35,21000200
2025-06-01,156.73003873175,21000100,157.62,20991200,157.62,21000200
2025-06-02,157.15062549275,21000100,156.74,20991200,156.74,21000200
2025-06-03,155.63156075883333,21000100,155.08,20991200,155.08,21000200
2025-06-04,153.28618373775,21000100,153.18,20991200,153.18,21000200
2025-06-05,144.397737385,21000100,144.21,20991200,144.21,21000200
2025-06-06,146.89496924766667,21000100,147.76,20991200,147.76,21000200
2025-06-07,150.21347761549998,21000100,149.98,20991200,149.98,21000200
2025-06-08,152.43826747387502,21000100,152.37,20991200,152.37,21000200
2025-06-09,161.95599433408336,21000100,161.09,20991200,161.09,21000200
2025-06-10,166.01210184299998,21000100,165.06,20991200,165.06,21000200
2025-06-11,162.34803,21000100,160.88,20991200,160.88,21000200
2025-06-12,152.64617398549998,21000100,152.23,20991200,152.23,21000200
2025-06-13,148.09212157308332,21000100,148.54,20991200,148.54,21000200
2025-06-14,145.01636106270834,21000100,144.55,20991200,144.55,21000200
2025-06-15,153.46120914379168,21000100,152.89,20991200,152.89,21000200
2025-06-16,151.55797866733334,21000100,150.67,20991200,150.67,21000200
2025-06-17,148.2220506369167,21000100,147.49,20991200,147.49,21000200
2025-06-18,146.40315800800002,21000100,146.28,20991200,146.28,21000200
2025-06-19,147.25023926433335,21000100,146.96,20991200,146.96,21000200
2025-06-20,140.4915074319167,21000100,140.02,20991200,140.02,21000200
2025-06-21,134.9084428265,21000100,135.32,20991200,135.32,21000200
2025-06-22,131.694294918,21000100,131.64,20991200,131.64,21000200
2025-06-23,144.712553391,21000100,144.41,20991200,144.41,21000200
2025-06-24,146.21439451225,21000100,145.83,20991200,145.83,21000200
2025-06-25,144.06453871566666,21000100,143.48,20991200,143.48,21000200
2025-06-26,138.95353704983333,21000100,138.98,20991200,138.98,21000200
2025-06-27,141.913336654375,21000100,142.05,20991200,142.05,21000200
2025-06-28,151.90430684595833,21000100,150.67,20991200,150.67,21000200
2025-06-29,154.3032682575,21000100,153.21,20991200,153.21,21000200
2025-06-30,155.28281031808334,21000100,154.73,20991200,154.73,21000200
2025-07-01,147.09977216024998,21000100,146.79,20991200,146.79,21000200
2025-07-02,151.71929588887502,21000100,152.21,20991200,152.21,21000200
2025-07-03,153.00752068041666,21000100,152.29,20991200,152.29,21000200
2025-07-04,147.71102533500002,21000100,147.6,20991200,147.6,21000200
2025-07-05,146.17622560416666,21000100,147.5,20991200,147.5,21000200
2025-07-06,151.455460805,21000100,151.8,20991200,151.8,21000200
2025-07-07,149.74569140416668,21000100,148.82,20991200,148.82,21000200
2025-07-08,151.56334921475002,21000100,151.59,20991200,151.59,21000200
2025-07-09,157.11520344975003,21000100,156.99,20991200,156.99,21000200
2025-07-10,164.98045679120833,21000100,164.29,20991200,164.29,21000200
2025-07-11,164.062121536,21000100,162.87,20991200,162.87,21000200
2025-07-12,162.09574875,21000100,160.63,20991200,160.63,21000200
2025-07-13,162.397759777,21000100,161.04,20991200,161.04,21000200
2025-07-14,163.2933300379167,21000100,162.13,20991200,162.13,21000200
2025-07-15,164.47089589195835,21000100,163.99,20991200,163.99,21000200
2025-07-16,175.22446499999998,21000100,173.64,20991200,173.64,21000200
2025-07-17,177.4243575,21000100,175.82,20991200,175.82,21000200
2025-07-18,178.82704125,21000100,177.21,20991200,177.21,21000200
2025-07-19,178.54448625,21000100,176.93,20991200,176.93,21000200
2025-07-20,183.0754575,21000100,181.42,20991200,181.42,21000200
2025-07-21,197.70888656250003,21000100,195.75,20991200,195.75,21000200
2025-07-22,207.6577425,21000100,205.78,20991200,205.78,21000200
2025-07-23,191.128275,21000100,189.4,20991200,189.4,21000200
2025-07-24,184.46805000000003,21000100,182.8,20991200,182.8,21000200
2025-07-25,188.17219880725,21000100,186.69,20991200,186.69,21000200
2025-07-26,186.5064825,21000100,184.82,20991200,184.82,21000200
2025-07-27,190.27051875,21000100,188.55,20991200,188.55,21000200
2025-07-28,184.70014875,21000100,183.03,20991200,183.03,21000200
2025-07-29,181.64865004733332,21000100,181.39,20991200,181.39,21000200
2025-07-30,178.08462992366665,21000100,177.68,20991200,177.68,21000200
2025-07-31,172.39662639375,21000100,172.15,20991200,172.15,21000200
2025-08-01,162.92882265158335,21000100,162.61,20991200,162.61,21000200
2025-08-02,158.58231312,21000100,158.4,20991200,158.4,21000200
2025-08-03,160.680572171,21000100,161.84,20991200,161.84,21000200
2025-08-04,168.05341350991668,21000100,169.46,20991200,169.46,21000200
2025-08-05,163.46575813458335,21000100,163.99,20991200,163.99,21000200
2025-08-06,167.591279271,21000100,168.03,20991200,168.03,21000200
2025-08-07,176.09571343525,21000100,175.26,20991200,175.26,21000200
2025-08-08,177.2730425175,21000100,176.7,20991200,176.7,21000200
2025-08-09,181.27543189937498,21000100,179.85,20991200,179.85,21000200
2025-08-10,184.11473453241666,21000100,182.59,20991200,182.59,21000200
2025-08-11,175.803867009375,21000100,174.75,20991200,174.75,21000200
2025-08-12,191.418553742,21000100,191.76,20991200,191.76,21000200
2025-08-13,203.4194175,21000100,201.58,20991200,201.58,21000200
2025-08-14,195.0746004405,21000100,192.39,20991200,192.39,21000200
2025-08-15,186.97638102599998,21000100,185.62,20991200,185.62,21000200
2025-08-16,190.04999425933332,21000100,189.52,20991200,189.52,21000200
2025-08-17,192.3563985525,21000100,190.92,20991200,190.92,21000200
2025-08-18,182.70763907666665,21000100,182.84,20991200,182.84,21000200
2025-08-19,176.577601370625,21000100,176.13,20991200,176.13,21000200
2025-08-20,189.1225580404167,21000100,187.9,20991200,187.9,21000200
2025-08-21,181.42141320625,21000100,180.25,20991200,180.25,21000200
2025-08-22,202.1022969235,21000100,200.68,20991200,200.68,21000200
2025-08-23,206.07341625,21000100,204.21,20991200,204.21,21000200
2025-08-24,207.97057125,21000100,206.09,20991200,206.09,21000200
2025-08-25,188.79719625,21000100,187.09,20991200,187.09,21000200
2025-08-26,196.20046315454167,21000100,195.77,20991200,195.77,21000200
2025-08-27,204.7918275,21000100,202.94,20991200,202.94,21000200
2025-08-28,216.24539625,21000100,214.29,20991200,214.29,21000200
2025-08-29,206.43906984616666,21000100,204.98,20991200,204.98,21000200
2025-08-30,202.643671999875,21000100,202.59,20991200,202.59,21000200
2025-08-31,201.808863226125,21000100,200.57,20991200,200.57,21000200
2025-09-01,197.94663161575002,21000100,197.22,20991200,197.22,21000200
2025-09-02,211.09819531733334,21000100,209.54,20991200,209.54,21000200
2025-09-03,211.89595788625002,21000100,210.65,20991200,210.65,21000200
2025-09-04,203.2429734405,21000100,202.23,20991200,202.23,21000200
2025-09-05,203.43344442583333,21000100,203.3,20991200,203.3,21000200
2025-09-06,201.31682860216665,21000100,200.06,20991200,200.06,21000200
2025-09-07,206.89393546354165,21000100,206.29,20991200,206.29,21000200
2025-09-08,215.9729325,21000100,214.02,20991200,214.02,21000200
2025-09-09,219.01954396450003,21000100,217.11,20991200,217.11,21000200
2025-09-10,225.5486739230833,21000100,223.94,20991200,223.94,21000200
2025-09-11,229.48568582391667,21000100,228.62,20991200,228.62,21000200
2025-09-12,242.174848586,21000100,242.07,20991200,242.07,21000200
2025-09-13,243.256454878125,21000100,242.25,20991200,242.25,21000200
2025-09-14,240.23912048929165,21000100,239.63,20991200,239.63,21000200
2025-09-15,234.53287218149998,21000100,234.18,20991200,234.18,21000200
2025-09-16,238.43230826133336,21000100,236.86,20991200,236.86,21000200
2025-09-17,245.14098404583336,21000100,244.75,20991200,244.75,21000200
2025-09-18,248.85872015975002,21000100,247.34,20991200,247.34,21000200
2025-09-19,239.88434793333334,21000100,238.4,20991200,238.4,21000200
2025-09-20,238.41794275158333,21000100,239.38,20991200,239.38,21000200
2025-09-21,236.4028898322917,21000100,236.05,20991200,236.05,21000200
2025-09-22,219.52287928333334,21000100,220.28,20991200,220.28,21000200
2025-09-23,213.834128618,21000100,213.18,20991200,213.18,21000200
2025-09-24,211.80920509270834,21000100,211.45,20991200,211.45,21000200
2025-09-25,191.8565294925,21000100,192.6,20991200,192.6,21000200
2025-09-26,204.69783981508334,21000100,205.01,20991200,205.01,21000200
2025-09-27,202.99841553333331,21000100,203.32,20991200,203.32,21000200
2025-09-28,210.72307164999998,21000100,210.7,20991200,210.7,21000200
2025-09-29,213.06527151875,21000100,212.59,20991200,212.59,21000200
2025-09-30,207.01319979083334,21000100,208.6,20991200,208.6,21000200
2025-10-01,223.014801126,21000100,221.91,20991200,221.91,21000200
2025-10-02,234.31742429999997,21000100,234.6,20991200,234.6,21000200
2025-10-03,233.00192947500003,21000100,232.74,20991200,232.74,21000200
2025-10-04,228.36291618299998,21000100,227.72,20991200,227.72,21000200
2025-10-05,228.804452549375,21000100,228.45,20991200,228.45,21000200
2025-10-06,232.3489147002917,21000100,232.27,20991200,232.27,21000200
2025-10-07,219.36958362000001,21000100,219.84,20991200,219.84,21000200
2025-10-08,228.18626954395833,21000100,228.95,20991200,228.95,21000200
2025-10-09,222.12735024,21000100,220.8,20991200,220.8,21000200
2025-10-10,187.691266580625,21000100,187.65,20991200,187.65,21000200
2025-10-11,165.69786256740585,21000100,177.22,20991200,177.22,21000200
2025-10-12,182.6051034659524,21000100,196.88,20991200,196.88,21000200
2025-10-13,202.91381276508332,21000100,208.57,20991200,208.57,21000200
2025-10-14,202.19223025491667,21000100,202.34,20991200,202.34,21000200
2025-10-15,193.95109113366667,21000100,193.73,20991200,193.73,21000200
2025-10-16,183.71972190716664,21000100,184.76,20991200,184.76,21000200
2025-10-17,182.653317300375,21000100,181.89,20991200,181.89,21000200
2025-10-18,186.774273052875,21000100,187.47,20991200,187.47,21000200
2025-10-19,188.59373758825,21000100,187.78,20991200,187.78,21000200
2025-10-20,188.993049422625,21000100,189.63,20991200,189.63,21000200
2025-10-21,185.24930288574998,21000100,185.54,20991200,185.54,21000200
2025-10-22,179.89490910641666,21000100,180.01,20991200,180.01,21000200
2025-10-23,191.70447299283336,21000100,191.27,20991200,191.27,21000200
2025-10-24,194.77100071875,21000100,193.5,20991200,193.5,21000200
2025-10-25,195.224661984,21000100,193.72,20991200,193.72,21000200
2025-10-26,200.9695818522917,21000100,199.93,20991200,199.93,21000200
2025-10-27,200.05882602079166,21000100,198.61,20991200,198.61,21000200
2025-10-28,194.66183803291668,21000100,194.05,20991200,194.05,21000200
2025-10-29,193.17362890270832,21000100,193.81,20991200,193.81,21000200
2025-10-30,183.72483081250002,21000100,184.55,20991200,184.55,21000200
2025-10-31,185.43780680125,21000100,187.13,20991200,187.13,21000200
2025-11-01,186.17888344845832,21000100,186.29,20991200,186.29,21000200
2025-11-02,187.6899538125,21000100,187.65,20991200,187.65,21000200
2025-11-03,164.47038357687498,21000100,165.95,20991200,165.95,21000200
2025-11-04,154.13567353525,21000100,154.94,20991200,154.94,21000200
2025-11-05,162.13152461866667,21000100,162.28,20991200,162.28,21000200
2025-11-06,154.86294439999998,21000100,155.2,20991200,155.2,21000200
2025-11-07,161.69825809366668,21000100,161.72,20991200,161.72,21000200
2025-11-08,158.33191099983333,21000100,157.94,20991200,157.94,21000200
2025-11-09,164.05088875770832,21000100,164.45,20991200,164.45,21000200
2025-11-10,166.77185412683335,21000100,167.24,20991200,167.24,21000200
2025-11-11,153.2428232,21000100,154.5,20991200,154.5,21000200
2025-11-12,152.31851695416665,21000100,153.32,20991200,153.32,21000200
2025-11-13,144.37300410458334,21000100,144.62,20991200,144.62,21000200
2025-11-14,138.40409385525,21000100,138.83,20991200,138.83,21000200
2025-11-15,140.16661970020834,21000100,139.55,20991200,139.55,21000200
2025-11-16,137.56626846666666,21000100,137.12,20991200,137.12,21000200
2025-11-17,132.0942236075,21000100,130.9,20991200,130.9,21000200
2025-11-18,141.508873445875,21000100,140.61,20991200,140.61,21000200
2025-11-19,137.41766211200002,21000100,136.96,20991200,136.96,21000200
2025-11-20,133.99775169333333,21000100,133.6,20991200,133.6,21000200
2025-11-21,127.96579036650002,21000100,128.61,20991200,128.61,21000200
2025-11-22,126.9470569375,21000100,127.5,20991200,127.5,21000200
2025-11-23,130.60138201441666,21000100,130.51,20991200,130.51,21000200
2025-11-24,138.60792050875,21000100,138.38,20991200,138.38,21000200
2025-11-25,138.29123776125002,21000100,138.9,20991200,138.9,21000200
2025-11-26,142.98134953062498,21000100,142.95,20991200,142.95,21000200
2025-11-27,141.20708146533335,21000100,140.77,20991200,140.77,21000200
2025-11-28,136.47243896,21000100,137.28,20991200,137.28,21000200
2025-11-29,135.792938798,21000100,135.84,20991200,135.84,21000200
2025-11-30,134.28223067025,21000100,133.38,20991200,133.38,21000200
2025-12-01,126.62951848774999,21000100,126.57,20991200,126.57,21000200
2025-12-02,138.56101558541667,21000100,138.65,20991200,138.65,21000200
2025-12-03,145.73172346658333,21000100,144.62,20991200,144.62,21000200
2025-12-04,140.11016960400002,21000100,138.96,20991200,138.96,21000200
2025-12-05,133.76845286291666,21000100,133.22,20991200,133.22,21000200
2025-12-06,131.90362741741666,21000100,132.14,20991200,132.14,21000200
2025-12-07,132.28135977466667,21000100,132.16,20991200,132.16,21000200
2025-12-08,133.5921216984167,21000100,133.19,20991200,133.19,21000200
2025-12-09,137.711678074,21000100,137.82,20991200,137.82,21000200
2025-12-10,136.77551570741667,21000100,136.18,20991200,136.18,21000200
2025-12-11,135.44939076083335,21000100,136.36,20991200,136.36,21000200
2025-12-12,133.3725915685,21000100,132.19,20991200,132.19,21000200
2025-12-13,132.56261866566666,21000100,133.04,20991200,133.04,21000200
2025-12-14,128.7931802575,21000100,129.31,20991200,129.31,21000200
2025-12-15,127.53077100366667,21000100,127.73,20991200,127.73,21000200
2025-12-16,128.5825407555,21000100,129.09,20991200,129.09,21000200
2025-12-17,123.65077818554167,21000100,123.17,20991200,123.17,21000200
2025-12-18,118.969728453,21000100,119.54,20991200,119.54,21000200
2025-12-19,126.75998230791666,21000100,126.22,20991200,126.22,21000200
2025-12-20,126.65208862066667,21000100,125.74,20991200,125.74,21000200
2025-12-21,126.59522677666665,21000100,125.96,20991200,125.96,21000200
2025-12-22,126.37866059941666,21000100,125.87,20991200,125.87,21000200
2025-12-23,123.51190905416667,21000100,123.95,20991200,123.95,21000200
2025-12-24,122.85139653750001,21000100,122.49,20991200,122.49,21000200
2025-12-25,120.78842051250001,21000100,119.95,20991200,119.95,21000200
2025-12-26,123.070123617,21000100,122.22,20991200,122.22,21000200
2025-12-27,125.44695227079168,21000100,124.67,20991200,124.67,21000200
2025-12-28,126.35254125,21000100,125.21,20991200,125.21,21000200
2025-12-29,123.64297835595833,21000100,123.19,20991200,123.19,21000200
2025-12-30,125.085740733,21000100,124.92,20991200,124.92,21000200
2025-12-31,125.42667064775,21000100,124.59,20991200,124.59,21000200
2026-01-01,127.09093792816665,21000100,126.83,20991200,126.83,21000200
2026-01-02,133.44669000000002,21000100,132.24,20991200,132.24,21000200
2026-01-03,134.31207405079167,21000100,133.31,20991200,133.31,21000200
2026-01-04,134.821407403,21000100,134.04,20991200,134.04,21000200
2026-01-05,138.15562143733334,21000100,137.84,20991200,137.84,21000200
2026-01-06,142.03691247862503,21000100,141.03,20991200,141.03,21000200
2026-01-07,136.543159248,21000100,136.32,20991200,136.32,21000200
2026-01-08,138.74808969500003,21000100,138.3,20991200,138.3,21000200
2026-01-09,137.10209169816667,21000100,135.88,20991200,135.88,21000200
2026-01-10,135.098719324,21000100,135.78,20991200,135.78,21000200
2026-01-11,140.63079104375,21000100,139.65,20991200,139.65,21000200
2026-01-12,140.13253020041665,21000100,139.13,20991200,139.13,21000200
2026-01-13,146.18446265333333,21000100,145.48,20991200,145.48,21000200
2026-01-14,147.93916503825002,21000100,146.61,20991200,146.61,21000200
2026-01-15,142.739124098,21000100,142.32,20991200,142.32,21000200
2026-01-16,144.64649359604167,21000100,144.85,20991200,144.85,21000200
2026-01-17,144.344902527,21000100,143.64,20991200,143.64,21000200
2026-01-18,137.331198914625,21000100,137.79,20991200,137.79,21000200
2026-01-19,133.82809288874998,21000100,133.38,20991200,133.38,21000200
2026-01-20,125.87368589016667,21000100,125.72,20991200,125.72,21000200
2026-01-21,129.395876844,21000100,129.48,20991200,129.48,21000200
2026-01-22,128.162176725625,21000100,128.41,20991200,128.41,21000200
2026-01-23,127.10889596266667,21000100,127.36,20991200,127.36,21000200
2026-01-24,127.04349809945833,21000100,127.13,20991200,127.13,21000200
2026-01-25,118.54701977466668,21000100,118.76,20991200,118.76,21000200
2026-01-26,123.50634678375,21000100,124.18,20991200,124.18,21000200
2026-01-27,127.82912832666666,21000100,127.12,20991200,127.12,21000200
2026-01-28,125.96297383800001,21000100,125.28,20991200,125.28,21000200
2026-01-29,117.3149926785,21000100,117.72,20991200,117.72,21000200
2026-01-30,116.403523371,21000100,117.54,20991200,117.54,21000200
2026-01-31,104.3231630575,21000100,105.45,20991200,105.45,21000200
2026-02-01,99.0669481303424,21000100,100.73,20991200,100.73,21000200
2026-02-02,103.611566158,21000100,104.48,20991200,104.48,21000200
2026-02-03,96.66058782270834,21000100,97.81,20991200,97.81,21000200
2026-02-04,90.23032796587506,21000100,92.07,20991200,92.07,21000200
2026-02-05,78.19069892125,21000100,78.29,20991200,78.29,21000200
2026-02-06,85.38576384360232,21000100,87.42,20991200,87.42,21000200
2026-02-07,85.30477693760935,21000100,87.51,20991200,87.51,21000200
2026-02-08,84.55424162871834,21000100,86.92,20991200,86.92,21000200
2026-02-09,85.75390555279166,21000100,86.71,20991200,86.71,21000200
2026-02-10,82.01288412625,21000100,82.95,20991200,82.95,21000200
2026-02-11,78.90652488645833,21000100,79.25,20991200,79.25,21000200
2026-02-12,77.33733385745833,21000100,78.37,20991200,78.37,21000200
2026-02-13,84.1893956705,21000100,84.29,20991200,84.29,21000200
2026-02-14,87.739957035,21000100,88.02,20991200,88.02,21000200
2026-02-15,85.73602159475,21000100,86.09,20991200,86.09,21000200
2026-02-16,85.82859278520833,21000100,86.39,20991200,86.39,21000200
2026-02-17,84.44804885075,21000100,85.02,20991200,85.02,21000200
2026-02-18,80.64338486458334,21000100,81.55,20991200,81.55,21000200
2026-02-19,81.91610586541667,21000100,82.46,20991200,82.46,21000200
2026-02-20,84.44091093716668,21000100,84.62,20991200,84.62,21000200
2026-02-21,85.01786132000001,21000100,85.12,20991200,85.12,21000200
2026-02-22,82.19082790833333,21000100,82.75,20991200,82.75,21000200
2026-02-23,76.07535282208333,21000100,77.87,20991200,77.87,21000200
2026-02-24,78.49232082141667,21000100,78.91,20991200,78.91,21000200
2026-02-25,87.897808152375,21000100,88.01,20991200,88.01,21000200
2026-02-26,87.16604831466665,21000100,86.86,20991200,86.86,21000200
