DATETIME,CARRY,CARRY_CONTRACT,PRICE,PRICE_CONTRACT,FORWARD,FORWARD_CONTRACT
2020-09-19,5.384917752055416,21000100,5.7311,20991200,5.7311,21000200
2020-09-20,5.3803735442762495,21000100,5.2313,20991200,5.2313,21000200
2020-09-21,4.29201045,21000100,4.2532,20991200,4.2532,21000200
2020-09-22,3.9457796625,21000100,3.9101,20991200,3.9101,21000200
2020-09-23,3.98086869076125,21000100,4.3829,20991200,4.3829,21000200
2020-09-24,4.4413857645591674,21000100,5.1553,20991200,5.1553,21000200
2020-09-25,4.684937409995,21000100,4.9089,20991200,4.9089,21000200
2020-09-26,4.917466125000001,21000100,4.873,20991200,4.873,21000200
2020-09-27,4.9317307504958325,21000100,4.8502,20991200,4.8502,21000200
2020-09-28,4.389163465866667,21000100,4.256,20991200,4.256,21000200
2020-09-29,4.49749361265,21000100,4.3884,20991200,4.3884,21000200
2020-09-30,4.26133015989,21000100,4.1604,20991200,4.1604,21000200
2020-10-02,4.06174537505,21000100,3.894,20991200,3.894,21000200
2020-10-03,3.93679845,21000100,3.9012,20991200,3.9012,21000200
2020-10-04,3.7594951875,21000100,3.7255,20991200,3.7255,21000200
2020-10-05,3.3970526952741666,21000100,3.3233,20991200,3.3233,21000200
2020-10-06,2.7906478442729163,21000100,2.7109,20991200,2.7109,21000200
2020-10-07,2.9692903327791664,21000100,2.9558,20991200,2.9558,21000200
2020-10-08,3.29722671174,21000100,3.3501,20991200,3.3501,21000200
2020-10-09,3.5203906835099996,21000100,3.3806,20991200,3.3806,21000200
2020-10-10,3.3259750875000003,21000100,3.2959,20991200,3.2959,21000200
2020-10-11,3.3930819000000003,21000100,3.3624,20991200,3.3624,21000200
2020-10-12,3.48874695,21000100,3.4572,20991200,3.4572,21000200
2020-10-13,3.3846052500000003,21000100,3.354,20991200,3.354,21000200
2020-10-14,3.1373696250000003,21000100,3.109,20991200,3.109,21000200
2020-10-15,3.1051785375000005,21000100,3.0771,20991200,3.0771,21000200
2020-10-16,2.931407221398333,21000100,3.0404,20991200,3.0404,21000200
2020-10-17,2.988104261683333,21000100,3.053,20991200,3.053,21000200
2020-10-18,3.2049168883083334,21000100,3.2732,20991200,3.2732,21000200
2020-10-19,3.03742578931125,21000100,3.1687,20991200,3.1687,21000200
2020-10-20,2.8847856375,21000100,2.8587,20991200,2.8587,21000200
2020-10-21,2.9653138125000003,21000100,2.9385,20991200,2.9385,21000200
2020-10-22,3.07351544921,21000100,3.0444,20991200,3.0444,21000200
2020-10-23,3.0459429000000005,21000100,3.0184,20991200,3.0184,21000200
2020-10-24,3.03791068719875,21000100,2.9447,20991200,2.9447,21000200
2020-10-25,2.8667950795458332,21000100,2.7769,20991200,2.7769,21000200
2020-10-26,2.738563425,21000100,2.7138,20991200,2.7138,21000200
2020-10-27,2.8353385125,21000100,2.8097,20991200,2.8097,21000200
2020-10-28,2.6874007875,21000100,2.6631,20991200,2.6631,21000200
2020-10-29,2.562168375,21000100,2.539,20991200,2.539,21000200
2020-10-30,2.4353213625000003,21000100,2.4133,20991200,2.4133,21000200
2020-10-31,2.2864754250000003,21000100,2.2658,20991200,2.2658,21000200
2020-11-02,2.2733568,21000100,2.2528,20991200,2.2528,21000200
2020-11-03,2.156500125,21000100,2.137,20991200,2.137,21000200
2020-11-04,1.9454920875000001,21000100,1.9279,20991200,1.9279,21000200
2020-11-05,2.210185575,21000100,2.1902,20991200,2.1902,21000200
2020-11-06,2.594056725,21000100,2.5706,20991200,2.5706,21000200
2020-11-07,2.4999053625000003,21000100,2.4773,20991200,2.4773,21000200
2020-11-08,2.8936659375000002,21000100,2.8675,20991200,2.8675,21000200
2020-11-09,2.7039504375,21000100,2.6795,20991200,2.6795,21000200
2020-11-10,3.10850865,21000100,3.0804,20991200,3.0804,21000200
2020-11-11,2.9588554125,21000100,2.9321,20991200,2.9321,21000200
2020-11-12,2.9842853625,21000100,2.9573,20991200,2.9573,21000200
2020-11-13,3.8812965750000004,21000100,3.8462,20991200,3.8462,21000200
2020-11-14,3.661172879708334,21000100,3.8132,20991200,3.8132,21000200
2020-11-15,3.8345637429583332,21000100,3.8482,20991200,3.8482,21000200
2020-11-16,3.6013653000000003,21000100,3.5688,20991200,3.5688,21000200
2020-11-17,3.9060117997391672,21000100,3.8191,20991200,3.8191,21000200
2020-11-18,3.65060334795,21000100,3.4632,20991200,3.4632,21000200
2020-11-19,3.8477956659999997,21000100,3.7466,20991200,3.7466,21000200
2020-11-20,4.118193000555417,21000100,3.8611,20991200,3.8611,21000200
2020-11-21,4.132071077837083,21000100,3.8467,20991200,3.8467,21000200
2020-11-22,3.91696242642625,21000100,3.6853,20991200,3.6853,21000200
2020-11-23,4.679270797288913,21000100,4.1945,20991200,4.1945,21000200
2020-11-24,4.590325108521349,21000100,4.0747,20991200,4.0747,21000200
2020-11-25,3.9334596013333334,21000100,3.68,20991200,3.68,21000200
2020-11-26,3.48340745169375,21000100,3.4341,20991200,3.4341,21000200
2020-11-27,3.3374791125000005,21000100,3.3073,20991200,3.3073,21000200
2020-11-28,3.4926825375000004,21000100,3.4611,20991200,3.4611,21000200
2020-11-29,3.5843110875,21000100,3.5519,20991200,3.5519,21000200
2020-11-30,3.8136852,21000100,3.7792,20991200,3.7792,21000200
2020-12-02,3.9837227625000002,21000100,3.9477,20991200,3.9477,21000200
2020-12-03,3.938163953672917,21000100,3.8855,20991200,3.8855,21000200
2020-12-04,3.5670653520104167,21000100,3.5203,20991200,3.5203,21000200
2020-12-05,3.7172128500000006,21000100,3.6836,20991200,3.6836,21000200
2020-12-06,3.6852235875,21000100,3.6519,20991200,3.6519,21000200
2020-12-07,3.8311665950333333,21000100,3.761,20991200,3.761,21000200
2020-12-08,3.3859856078599995,21000100,3.3013,20991200,3.3013,21000200
2020-12-09,3.38299065,21000100,3.3524,20991200,3.3524,21000200
2020-12-10,3.27158325,21000100,3.242,20991200,3.242,21000200
2020-12-11,2.9886246,21000100,2.9616,20991200,2.9616,21000200
2020-12-12,3.1530110625,21000100,3.1245,20991200,3.1245,21000200
2020-12-13,3.3710829749999998,21000100,3.3406,20991200,3.3406,21000200
2020-12-14,3.5118559125,21000100,3.4801,20991200,3.4801,21000200
2020-12-15,3.3610926375000005,21000100,3.3307,20991200,3.3307,21000200
2020-12-16,3.607493240091667,21000100,3.5407,20991200,3.5407,21000200
2020-12-17,3.9023074727333333,21000100,3.697,20991200,3.697,21000200
2020-12-18,3.9793868625708337,21000100,3.7705,20991200,3.7705,21000200
2020-12-19,4.274468563895834,21000100,3.965,20991200,3.965,21000200
2020-12-20,3.9035108757050003,21000100,3.7667,20991200,3.7667,21000200
2020-12-21,3.62288296373,21000100,3.5166,20991200,3.5166,21000200
2020-12-22,3.7703937375,21000100,3.7363,20991200,3.7363,21000200
2020-12-23,3.3496158214566667,21000100,3.3176,20991200,3.3176,21000200
2020-12-24,3.5577711,21000100,3.5256,20991200,3.5256,21000200
2020-12-25,3.540466720794167,21000100,3.5062,20991200,3.5062,21000200
2020-12-26,3.4648077285,21000100,3.42,20991200,3.42,21000200
2020-12-27,3.7224230072916664,21000100,3.6035,20991200,3.6035,21000200
2020-12-28,3.889802280953334,21000100,3.7336,20991200,3.7336,21000200
2020-12-29,3.75360251115,21000100,3.6756,20991200,3.6756,21000200
2020-12-30,4.2881390987,21000100,4.154,20991200,4.154,21000200
2020-12-31,5.347709343520834,21000100,5.155,20991200,5.155,21000200
2021-01-02,5.105720229023333,21000100,4.8617,20991200,4.8617,21000200
2021-01-03,5.878246636969999,21000100,5.5249,20991200,5.5249,21000200
2021-01-04,6.018010959033759,21000100,5.432,20991200,5.432,21000200
2021-01-05,6.42045644394375,21000100,6.2595,20991200,6.2595,21000200
2021-01-06,7.053922084565834,21000100,6.4222,20991200,6.4222,21000200
2021-01-07,6.7904974648875,21000100,6.279,20991200,6.279,21000200
2021-01-08,6.3084856449,21000100,5.8836,20991200,5.8836,21000200
2021-01-09,6.7704849112637495,21000100,6.2393,20991200,6.2393,21000200
2021-01-10,6.7586828547193445,21000100,5.99,20991200,5.99,21000200
2021-01-11,5.374731043243333,21000100,5.2402,20991200,5.2402,21000200
2021-01-12,5.6422197,21000100,5.5912,20991200,5.5912,21000200
2021-01-13,6.400476225,21000100,6.3426,20991200,6.3426,21000200
2021-01-14,7.243839484220834,21000100,6.973,20991200,6.973,21000200
2021-01-15,7.698160250105,21000100,7.3762,20991200,7.3762,21000200
2021-01-16,8.701124327916666,21000100,8.4052,20991200,8.4052,21000200
2021-01-17,9.188370268898332,21000100,8.6869,20991200,8.6869,21000200
2021-01-18,9.73466509263125,21000100,9.2063,20991200,9.2063,21000200
2021-01-19,9.419787781623334,21000100,8.5996,20991200,8.5996,21000200
2021-01-20,9.154691036049998,21000100,8.988,20991200,8.988,21000200
2021-01-21,7.725974520427083,21000100,7.5995,20991200,7.5995,21000200
2021-01-22,8.7744427875,21000100,8.6951,20991200,8.6951,21000200
2021-01-23,9.442535999004168,21000100,9.3467,20991200,9.3467,21000200
2021-01-24,12.259144309626668,21000100,12.0512,20991200,12.0512,21000200
2021-01-25,11.458563223481667,21000100,11.3156,20991200,11.3156,21000200
2021-01-26,14.0350114125,21000100,13.9081,20991200,13.9081,21000200
2021-01-27,14.8558336875,21000100,14.7215,20991200,14.7215,21000200
2021-01-28,14.250560512500002,21000100,14.1217,20991200,14.1217,21000200
2021-01-29,16.518947622195,21000100,15.6636,20991200,15.6636,21000200
2021-01-30,20.296709730869164,21000100,19.5551,20991200,19.5551,21000200
2021-01-31,19.186335125955,21000100,17.7516,20991200,17.7516,21000200
2021-02-02,20.995655530296663,21000100,19.0051,20991200,19.0051,21000200
2021-02-03,22.635918491846546,21000100,19.7753,20991200,19.7753,21000200
2021-02-04,23.22842985389093,21000100,20.1483,20991200,20.1483,21000200
2021-02-05,24.664324955290777,21000100,21.1991,20991200,21.1991,21000200
2021-02-06,21.15039426821,21000100,19.2986,20991200,19.2986,21000200
2021-02-07,20.83853447280125,21000100,18.6843,20991200,18.6843,21000200
2021-02-08,22.15986513841292,21000100,19.3793,20991200,19.3793,21000200
2021-02-09,23.263304727413765,21000100,19.5536,20991200,19.5536,21000200
2021-02-10,24.875918224420968,21000100,20.7165,20991200,20.7165,21000200
2021-02-11,24.155605045975,21000100,21.5345,20991200,21.5345,21000200
2021-02-12,27.651727085109705,21000100,22.7,20991200,22.7,21000200
2021-02-13,26.517601858496665,21000100,21.8543,20991200,21.8543,21000200
2021-02-14,25.135329486458335,21000100,20.863,20991200,20.863,21000200
2021-02-15,21.060459762617917,21000100,20.1047,20991200,20.1047,21000200
2021-02-16,20.997286799797916,21000100,20.4965,20991200,20.4965,21000200
2021-02-17,22.408910447567916,21000100,21.5581,20991200,21.5581,21000200
2021-02-18,24.213907273106248,21000100,21.1869,20991200,21.1869,21000200
2021-02-19,23.353407264599998,21000100,20.1054,20991200,20.1054,21000200
2021-02-20,36.082885039923745,21000100,28.7711,20991200,28.7711,21000200
2021-02-21,31.60416234966667,21000100,28.84,20991200,28.84,21000200
2021-02-22,29.464605878508337,21000100,27.7285,20991200,27.7285,21000200
2021-02-23,25.076655337500004,21000100,24.8499,20991200,24.8499,21000200
2021-02-24,25.546541987845,21000100,25.2542,20991200,25.2542,21000200
2021-02-25,23.84499057364875,21000100,23.5103,20991200,23.5103,21000200
2021-02-26,23.32975905,21000100,23.1188,20991200,23.1188,21000200
2021-02-27,24.24461738011167,21000100,23.5588,20991200,23.5588,21000200
2021-02-28,22.437087075,21000100,22.2342,20991200,22.2342,21000200
2021-03-02,27.048667170655,21000100,25.5372,20991200,25.5372,21000200
2021-03-03,26.78952210214167,21000100,25.3835,20991200,25.3835,21000200
2021-03-04,29.902367583125002,21000100,28.3053,20991200,28.3053,21000200
2021-03-05,28.9887744478125,21000100,28.3138,20991200,28.3138,21000200
2021-03-06,29.50371779208,21000100,28.5264,20991200,28.5264,21000200
2021-03-07,35.233301506256254,21000100,34.2945,20991200,34.2945,21000200
2021-03-08,34.41017726150667,21000100,33.3088,20991200,33.3088,21000200
2021-03-09,36.92209435684251,21000100,32.9799,20991200,32.9799,21000200
2021-03-10,34.91628982625208,21000100,30.9415,20991200,30.9415,21000200
2021-03-11,33.706914024499994,21000100,31.0675,20991200,31.0675,21000200
2021-03-12,34.13415391933751,21000100,30.9554,20991200,30.9554,21000200
2021-03-13,36.217682720943756,21000100,32.5155,20991200,32.5155,21000200
2021-03-14,34.244894075240005,21000100,30.6672,20991200,30.6672,21000200
2021-03-15,31.2945889501525,21000100,29.8326,20991200,29.8326,21000200
2021-03-16,30.70985650387083,21000100,30.0805,20991200,30.0805,21000200
2021-03-17,33.78906953060833,21000100,31.349,20991200,31.349,21000200
2021-03-18,32.46927109095,21000100,30.021,20991200,30.021,21000200
2021-03-19,35.96070941524375,21000100,33.3195,20991200,33.3195,21000200
2021-03-20,37.098575385699995,21000100,32.104,20991200,32.104,21000200
2021-03-21,35.918731066715004,21000100,32.9581,20991200,32.9581,21000200
2021-03-22,34.33432109138,21000100,32.8598,20991200,32.8598,21000200
2021-03-23,31.80131733478875,21000100,31.0137,20991200,31.0137,21000200
2021-03-24,27.473629950000003,21000100,27.2252,20991200,27.2252,21000200
2021-03-25,26.765022375,21000100,26.523,20991200,26.523,21000200
2021-03-26,29.724775468791666,21000100,28.91,20991200,28.91,21000200
2021-03-27,29.872654064819997,21000100,28.2226,20991200,28.2226,21000200
2021-03-28,30.026328833966666,21000100,27.896,20991200,27.896,21000200
2021-03-29,31.788557040466664,21000100,29.048,20991200,29.048,21000200
2021-03-30,32.055818352751665,21000100,28.6021,20991200,28.6021,21000200
2021-03-31,31.40337725199,21000100,28.1142,20991200,28.1142,21000200
2021-04-02,36.1432029585825,21000100,30.2742,20991200,30.2742,21000200
2021-04-03,34.162942665215,21000100,29.4398,20991200,29.4398,21000200
2021-04-04,32.53384705947291,21000100,30.9745,20991200,30.9745,21000200
2021-04-05,34.309001815,21000100,30.9,20991200,30.9,21000200
2021-04-06,36.481032954780005,21000100,31.2786,20991200,31.2786,21000200
2021-04-07,30.409809278978337,21000100,28.5772,20991200,28.5772,21000200
2021-04-08,30.861478242319997,21000100,30.2088,20991200,30.2088,21000200
2021-04-09,30.742340784833335,21000100,29.5525,20991200,29.5525,21000200
2021-04-10,32.910489662444995,21000100,29.8201,20991200,29.8201,21000200
2021-04-11,33.5462021496,21000100,29.988,20991200,29.988,21000200
2021-04-12,42.99835852115833,21000100,36.7741,20991200,36.7741,21000200
2021-04-13,41.95244650750834,21000100,35.5052,20991200,35.5052,21000200
2021-04-14,42.114356521443746,21000100,36.1035,20991200,36.1035,21000200
2021-04-15,44.43251212498875,21000100,37.7967,20991200,37.7967,21000200
2021-04-16,41.256869320938335,21000100,36.1801,20991200,36.1801,21000200
2021-04-17,38.97418460555,21000100,34.763,20991200,34.763,21000200
2021-04-18,33.15022074215125,21000100,31.6669,20991200,31.6669,21000200
2021-04-19,31.694900737500003,21000100,31.4083,20991200,31.4083,21000200
2021-04-20,32.292676852065,21000100,31.9788,20991200,31.9788,21000200
2021-04-21,34.101894710025,21000100,33.4638,20991200,33.4638,21000200
2021-04-22,34.6638923216625,21000100,33.947,20991200,33.947,21000200
2021-04-23,33.7461097844925,21000100,32.9697,20991200,32.9697,21000200
2021-04-24,30.442879350000002,21000100,30.1676,20991200,30.1676,21000200
2021-04-25,34.89512965122709,21000100,34.3849,20991200,34.3849,21000200
2021-04-26,38.558739191612496,21000100,38.193,20991200,38.193,21000200
2021-04-27,40.70688290929417,21000100,39.6818,20991200,39.6818,21000200
2021-04-28,44.131905167999996,21000100,42.9312,20991200,42.9312,21000200
2021-04-29,42.182839901854166,21000100,41.0774,20991200,41.0774,21000200
2021-04-30,42.18019645913125,21000100,40.6815,20991200,40.6815,21000200
2021-05-02,45.53009575984834,21000100,42.6641,20991200,42.6641,21000200
2021-05-03,44.760113968045,21000100,42.3444,20991200,42.3444,21000200
2021-05-04,44.62150581207,21000100,43.1352,20991200,43.1352,21000200
2021-05-05,45.114864050561245,21000100,42.4773,20991200,42.4773,21000200
2021-05-06,44.151850101,21000100,40.276,20991200,40.276,21000200
2021-05-07,42.63115970284167,21000100,39.773,20991200,39.773,21000200
2021-05-08,42.72071824443792,21000100,40.5299,20991200,40.5299,21000200
2021-05-09,41.03578956416584,21000100,39.4994,20991200,39.4994,21000200
2021-05-10,38.1495859555,21000100,36.38,20991200,36.38,21000200
2021-05-11,38.97085098196667,21000100,38.536,20991200,38.536,21000200
2021-05-12,37.546261127466664,21000100,36.976,20991200,36.976,21000200
2021-05-13,37.7130195,21000100,37.372,20991200,37.372,21000200
2021-05-14,40.82314275,21000100,40.454,20991200,40.454,21000200
2021-05-15,37.31798041928333,21000100,36.644,20991200,36.644,21000200
2021-05-16,37.5200494162875,21000100,36.629,20991200,36.629,21000200
2021-05-17,33.87843015275417,21000100,33.289,20991200,33.289,21000200
2021-05-18,35.471974909800004,21000100,35.024,20991200,35.024,21000200
2021-05-19,20.27751923896346,21000100,23.19,20991200,23.19,21000200
2021-05-20,26.58237075,21000100,26.342,20991200,26.342,21000200
2021-05-21,22.12607475,21000100,21.926,20991200,21.926,21000200
2021-05-22,20.545785000000002,21000100,20.36,20991200,20.36,21000200
2021-05-23,16.853396625000002,21000100,16.701,20991200,16.701,21000200
2021-05-24,24.932451375000003,21000100,24.707,20991200,24.707,21000200
2021-05-25,25.334083125000003,21000100,25.105,20991200,25.105,21000200
2021-05-26,29.6803845,21000100,29.412,20991200,29.412,21000200
2021-05-27,28.813546125000002,21000100,28.553,20991200,28.553,21000200
2021-05-28,26.1040455,21000100,25.868,20991200,25.868,21000200
2021-05-29,23.354179875000003,21000100,23.143,20991200,23.143,21000200
2021-05-30,25.920027247716664,21000100,25.699,20991200,25.699,21000200
2021-05-31,28.24828377514583,21000100,28.211,20991200,28.211,21000200
2021-06-02,27.869005125,21000100,27.617,20991200,27.617,21000200
2021-06-03,28.954823625000003,21000100,28.693,20991200,28.693,21000200
2021-06-04,26.621726625,21000100,26.381,20991200,26.381,21000200
2021-06-05,25.879010625,21000100,25.645,20991200,25.645,21000200
2021-06-06,26.109091125000003,21000100,25.873,20991200,25.873,21000200
2021-06-07,24.489445500000002,21000100,24.268,20991200,24.268,21000200
2021-06-08,23.634716625,21000100,23.421,20991200,23.421,21000200
2021-06-09,25.34720175,21000100,25.118,20991200,25.118,21000200
2021-06-10,23.812322625000004,21000100,23.597,20991200,23.597,21000200
2021-06-11,22.057454250000003,21000100,21.858,20991200,21.858,21000200
2021-06-12,21.482253,21000100,21.288,20991200,21.288,21000200
2021-06-13,23.4803205,21000100,23.268,20991200,23.268,21000200
2021-06-14,24.399633375,21000100,24.179,20991200,24.179,21000200
2021-06-15,23.640771375,21000100,23.427,20991200,23.427,21000200
2021-06-16,22.032226125,21000100,21.833,20991200,21.833,21000200
2021-06-17,22.389456375,21000100,22.187,20991200,22.187,21000200
2021-06-18,20.582113500000002,21000100,20.396,20991200,20.396,21000200
2021-06-19,19.933246125,21000100,19.753,20991200,19.753,21000200
2021-06-20,20.897969625,21000100,20.709,20991200,20.709,21000200
2021-06-21,15.910867925549999,21000100,15.772,20991200,15.772,21000200
2021-06-22,16.557070098412495,21000100,16.409,20991200,16.409,21000200
2021-06-23,17.957379375000002,21000100,17.795,20991200,17.795,21000200
2021-06-24,18.212688,21000100,18.048,20991200,18.048,21000200
2021-06-25,15.951238875000001,21000100,15.807,20991200,15.807,21000200
2021-06-26,16.1987151963125,21000100,16.105,20991200,16.105,21000200
2021-06-27,17.18685447485,21000100,17.076,20991200,17.076,21000200
2021-06-28,17.8598755071875,21000100,17.725,20991200,17.725,21000200
2021-06-29,18.805044375,21000100,18.635,20991200,18.635,21000200
2021-06-30,19.446847875000003,21000100,19.271,20991200,19.271,21000200
2021-07-02,18.3633580992,21000100,18.206,20991200,18.206,21000200
2021-07-03,19.597876391308333,21000100,19.466,20991200,19.466,21000200
2021-07-04,20.9292525,21000100,20.74,20991200,20.74,21000200
2021-07-05,20.2055565892,21000100,20.056,20991200,20.056,21000200
2021-07-06,22.570583044791668,21000100,22.375,20991200,22.375,21000200
2021-07-07,22.435876125,21000100,22.233,20991200,22.233,21000200
2021-07-08,20.530648125,21000100,20.345,20991200,20.345,21000200
2021-07-09,21.071486245766664,21000100,20.956,20991200,20.956,21000200
2021-07-10,20.41134668054167,21000100,20.242,20991200,20.242,21000200
2021-07-11,20.868258398166667,21000100,20.68,20991200,20.68,21000200
2021-07-12,19.70417475,21000100,19.526,20991200,19.526,21000200
2021-07-13,18.625420125,21000100,18.457,20991200,18.457,21000200
2021-07-14,17.9287452755,21000100,17.88,20991200,17.88,21000200
2021-07-15,17.12633455625,21000100,17.07,20991200,17.07,21000200
2021-07-16,16.495157250000002,21000100,16.346,20991200,16.346,21000200
2021-07-17,16.242876000000003,21000100,16.096,20991200,16.096,21000200
2021-07-18,16.401671551125002,21000100,16.295,20991200,16.295,21000200
2021-07-19,15.789222065887502,21000100,15.723,20991200,15.723,21000200
2021-07-20,14.43863001075,21000100,14.542,20991200,14.542,21000200
2021-07-21,16.413970008333333,21000100,16.72,20991200,16.72,21000200
2021-07-22,17.693152117083333,21000100,17.564,20991200,17.564,21000200
2021-07-23,18.664811750854163,21000100,18.595,20991200,18.595,21000200
2021-07-24,18.389282640083334,21000100,18.233,20991200,18.233,21000200
2021-07-25,18.20286717010417,21000100,18.263,20991200,18.263,21000200
2021-07-26,18.680922000000002,21000100,18.512,20991200,18.512,21000200
2021-07-27,18.848211813541667,21000100,18.875,20991200,18.875,21000200
2021-07-28,19.220025171375,21000100,19.062,20991200,19.062,21000200
2021-07-29,19.745548875,21000100,19.567,20991200,19.567,21000200
2021-07-30,21.084657749999998,21000100,20.894,20991200,20.894,21000200
2021-07-31,21.929295375000002,21000100,21.731,20991200,21.731,21000200
2021-08-02,22.580181000000003,21000100,22.376,20991200,22.376,21000200
2021-08-03,21.519590625,21000100,21.325,20991200,21.325,21000200
2021-08-04,23.750766000000002,21000100,23.536,20991200,23.536,21000200
2021-08-05,25.683240375,21000100,25.451,20991200,25.451,21000200
2021-08-06,26.428983750000004,21000100,26.19,20991200,26.19,21000200
2021-08-07,28.704516889733338,21000100,28.324,20991200,28.324,21000200
2021-08-08,26.954737875,21000100,26.711,20991200,26.711,21000200
2021-08-09,28.663125577874997,21000100,28.37,20991200,28.37,21000200
2021-08-10,29.632674019133333,21000100,28.796,20991200,28.796,21000200
2021-08-11,29.918918437058334,21000100,28.978,20991200,28.978,21000200
2021-08-12,28.810197496374997,21000100,28.115,20991200,28.115,21000200
2021-08-13,31.2068285614375,21000100,30.543,20991200,30.543,21000200
2021-08-14,30.65328834663333,21000100,30.146,20991200,30.146,21000200
2021-08-15,31.6393699138375,21000100,30.291,20991200,30.291,21000200
2021-08-16,30.893774004825,21000100,29.074,20991200,29.074,21000200
2021-08-17,26.71322201840833,21000100,26.419,20991200,26.419,21000200
2021-08-18,26.573288625,21000100,26.333,20991200,26.333,21000200
2021-08-19,28.24944525,21000100,27.994,20991200,27.994,21000200
2021-08-20,29.454873270525,21000100,28.906,20991200,28.906,21000200
2021-08-21,29.223572562666668,21000100,28.256,20991200,28.256,21000200
2021-08-22,28.878569606125,21000100,28.43,20991200,28.43,21000200
2021-08-23,30.051807551446387,21000100,28.844,20991200,28.844,21000200
2021-08-24,27.7935086090886,21000100,26.614,20991200,26.614,21000200
2021-08-25,27.311968125000003,21000100,27.065,20991200,27.065,21000200
2021-08-26,25.745806125,21000100,25.513,20991200,25.513,21000200
2021-08-27,27.679289625,21000100,27.429,20991200,27.429,21000200
2021-08-28,27.274549741583332,21000100,26.86,20991200,26.86,21000200
2021-08-29,27.183635718066668,21000100,26.818,20991200,26.818,21000200
2021-08-30,27.1473722525,21000100,26.85,20991200,26.85,21000200
2021-08-31,30.061593255,21000100,29.41,20991200,29.41,21000200
2021-09-02,31.495552317786373,21000100,29.966,20991200,29.966,21000200
2021-09-03,30.264943588035855,21000100,28.697,20991200,28.697,21000200
2021-09-04,30.29283099241692,21000100,28.599,20991200,28.599,21000200
2021-09-05,31.246940921089053,21000100,29.395,20991200,29.395,21000200
2021-09-06,30.797966152475666,21000100,28.875,20991200,28.875,21000200
2021-09-07,23.813180011125,21000100,24.33,20991200,24.33,21000200
2021-09-08,23.3672985,21000100,23.156,20991200,23.156,21000200
2021-09-09,23.553986625000004,21000100,23.341,20991200,23.341,21000200
2021-09-10,22.523670000000003,21000100,22.32,20991200,22.32,21000200
2021-09-11,22.9475025,21000100,22.74,20991200,22.74,21000200
2021-09-12,23.958645750000002,21000100,23.742,20991200,23.742,21000200
2021-09-13,22.8748455,21000100,22.668,20991200,22.668,21000200
2021-09-14,25.9264395,21000100,25.692,20991200,25.692,21000200
2021-09-15,27.73277325,21000100,27.482,20991200,27.482,21000200
2021-09-16,26.48549475,21000100,26.246,20991200,26.246,21000200
2021-09-17,24.55604775,21000100,24.334,20991200,24.334,21000200
2021-09-18,24.765945750000004,21000100,24.542,20991200,24.542,21000200
2021-09-19,24.123133125000003,21000100,23.905,20991200,23.905,21000200
2021-09-20,21.0987855,21000100,20.908,20991200,20.908,21000200
2021-09-21,19.236949875,21000100,19.063,20991200,19.063,21000200
2021-09-22,21.801136500000002,21000100,21.604,20991200,21.604,21000200
2021-09-23,21.677014125000003,21000100,21.481,20991200,21.481,21000200
2021-09-24,19.822242375000002,21000100,19.643,20991200,19.643,21000200
2021-09-25,19.63151775,21000100,19.454,20991200,19.454,21000200
2021-09-26,24.259365,21000100,24.04,20991200,24.04,21000200
2021-09-27,22.579171875,21000100,22.375,20991200,22.375,21000200
2021-09-28,23.253267375,21000100,23.043,20991200,23.043,21000200
2021-09-29,23.21592975,21000100,23.006,20991200,23.006,21000200
2021-09-30,23.727556125000003,21000100,23.513,20991200,23.513,21000200
2021-10-02,26.361372375000002,21000100,26.123,20991200,26.123,21000200
2021-10-03,26.27156025,21000100,26.034,20991200,26.034,21000200
2021-10-04,25.562145375,21000100,25.331,20991200,25.331,21000200
2021-10-05,25.876992375,21000100,25.643,20991200,25.643,21000200
2021-10-06,25.491506625,21000100,25.261,20991200,25.261,21000200
2021-10-07,25.876322854295832,21000100,25.553,20991200,25.553,21000200
2021-10-08,25.46052938797083,21000100,24.797,20991200,24.797,21000200
2021-10-09,25.51221583691667,21000100,25.172,20991200,25.172,21000200
2021-10-10,24.870845707125003,21000100,24.17,20991200,24.17,21000200
2021-10-11,24.383487375,21000100,24.163,20991200,24.163,21000200
2021-10-12,23.685172875000003,21000100,23.471,20991200,23.471,21000200
2021-10-13,24.921351,21000100,24.696,20991200,24.696,21000200
2021-10-14,26.76218773855,21000100,26.477,20991200,26.477,21000200
2021-10-15,26.554807188,21000100,25.896,20991200,25.896,21000200
2021-10-16,27.63524234839583,21000100,27.089,20991200,27.089,21000200
2021-10-17,26.61641717,21000100,25.941,20991200,25.941,21000200
2021-10-18,26.1025628940875,21000100,25.667,20991200,25.667,21000200
2021-10-19,26.67985393333333,21000100,26.048,20991200,26.048,21000200
2021-10-20,27.972703703483337,21000100,27.172,20991200,27.172,21000200
2021-10-21,27.209730964166667,21000100,26.122,20991200,26.122,21000200
2021-10-22,26.249288265066667,21000100,25.664,20991200,25.664,21000200
2021-10-23,27.592590454608334,21000100,26.869,20991200,26.869,21000200
2021-10-24,26.80678546180833,21000100,25.802,20991200,25.802,21000200
2021-10-25,27.578119374808335,21000100,26.797,20991200,26.797,21000200
2021-10-26,28.296076101824998,21000100,26.586,20991200,26.586,21000200
2021-10-27,24.950470437,21000100,24.165,20991200,24.165,21000200
2021-10-28,25.138312875000004,21000100,24.911,20991200,24.911,21000200
2021-10-29,25.793235,21000100,25.56,20991200,25.56,21000200
2021-10-30,25.305673337025002,21000100,24.939,20991200,24.939,21000200
2021-10-31,25.472745069675,21000100,25.026,20991200,25.026,21000200
2021-11-02,27.024799571,21000100,26.202,20991200,26.202,21000200
2021-11-03,27.855422207187498,21000100,26.925,20991200,26.925,21000200
2021-11-04,26.8816755403125,21000100,25.745,20991200,25.745,21000200
2021-11-05,26.412096670108333,21000100,25.607,20991200,25.607,21000200
2021-11-06,25.928782518625,21000100,25.185,20991200,25.185,21000200
2021-11-07,26.172268760625002,21000100,25.35,20991200,25.35,21000200
2021-11-08,27.602806041525,21000100,26.286,20991200,26.286,21000200
2021-11-09,27.781833190924996,21000100,26.389,20991200,26.389,21000200
2021-11-10,26.3918997157875,21000100,25.269,20991200,25.269,21000200
2021-11-11,25.627738500000003,21000100,25.396,20991200,25.396,21000200
2021-11-12,24.797228625000002,21000100,24.573,20991200,24.573,21000200
2021-11-13,24.903186750000003,21000100,24.678,20991200,24.678,21000200
2021-11-14,24.80631075,21000100,24.582,20991200,24.582,21000200
2021-11-15,24.417726273099998,21000100,24.027,20991200,24.027,21000200
2021-11-16,22.00269243718333,21000100,21.692,20991200,21.692,21000200
2021-11-17,22.071582,21000100,21.872,20991200,21.872,21000200
2021-11-18,20.274330375,21000100,20.091,20991200,20.091,21000200
2021-11-19,21.398495625,21000100,21.205,20991200,21.205,21000200
2021-11-20,22.234051125,21000100,22.033,20991200,22.033,21000200
2021-11-21,21.820309875000003,21000100,21.623,20991200,21.623,21000200
2021-11-22,21.154287375000003,21000100,20.963,20991200,20.963,21000200
2021-11-23,22.431839625000002,21000100,22.229,20991200,22.229,21000200
2021-11-24,20.996863875,21000100,20.807,20991200,20.807,21000200
2021-11-25,21.60536625,21000100,21.41,20991200,21.41,21000200
2021-11-26,19.548023604975004,21000100,19.262,20991200,19.262,21000200
2021-11-27,19.674910125,21000100,19.497,20991200,19.497,21000200
2021-11-28,20.304604125,21000100,20.121,20991200,20.121,21000200
2021-11-29,20.451936375,21000100,20.267,20991200,20.267,21000200
2021-11-30,21.465097875,21000100,21.271,20991200,21.271,21000200
2021-12-02,22.6407285,21000100,22.436,20991200,22.436,21000200
2021-12-03,20.118925125,21000100,19.937,20991200,19.937,21000200
2021-12-04,17.287862260391666,21000100,17.174,20991200,17.174,21000200
2021-12-05,16.67679975,21000100,16.526,20991200,16.526,21000200
2021-12-06,17.452816875000003,21000100,17.295,20991200,17.295,21000200
2021-12-07,17.213036316,21000100,17.136,20991200,17.136,21000200
2021-12-08,18.8948565,21000100,18.724,20991200,18.724,21000200
2021-12-09,16.258370066458333,21000100,16.15,20991200,16.15,21000200
2021-12-10,15.160579276670832,21000100,15.131,20991200,15.131,21000200
2021-12-11,16.0145443001125,21000100,15.893,20991200,15.893,21000200
2021-12-12,16.04440462450833,21000100,15.994,20991200,15.994,21000200
2021-12-13,14.260870294275001,21000100,14.146,20991200,14.146,21000200
2021-12-14,15.11063775,21000100,14.974,20991200,14.974,21000200
2021-12-15,15.315500204300001,21000100,15.196,20991200,15.196,21000200
2021-12-16,14.536445625,21000100,14.405,20991200,14.405,21000200
2021-12-17,15.056072926616666,21000100,14.969,20991200,14.969,21000200
2021-12-18,15.707030625,21000100,15.565,20991200,15.565,21000200
2021-12-19,15.088437,21000100,14.952,20991200,14.952,21000200
2021-12-20,14.638367250000002,21000100,14.506,20991200,14.506,21000200
2021-12-21,15.178249125,21000100,15.041,20991200,15.041,21000200
2021-12-22,16.356907125,21000100,16.209,20991200,16.209,21000200
2021-12-23,18.336810375,21000100,18.171,20991200,18.171,21000200
2021-12-24,17.664733125,21000100,17.505,20991200,17.505,21000200
2021-12-25,17.624368125,21000100,17.465,20991200,17.465,21000200
2021-12-26,18.829263375,21000100,18.659,20991200,18.659,21000200
2021-12-27,19.301533875,21000100,19.127,20991200,19.127,21000200
2021-12-28,18.562854375,21000100,18.395,20991200,18.395,21000200
2021-12-29,17.2802565,21000100,17.124,20991200,17.124,21000200
2021-12-30,17.941233375,21000100,17.779,20991200,17.779,21000200
2021-12-31,17.1510885,21000100,16.996,20991200,16.996,21000200
2022-01-01,17.62134075,21000100,17.462,20991200,17.462,21000200
2022-01-02,18.560336056191666,21000100,18.398,20991200,18.398,21000200
2022-01-03,18.631474875000002,21000100,18.463,20991200,18.463,21000200
2022-01-04,18.371120625,21000100,18.205,20991200,18.205,21000200
2022-01-05,17.25401925,21000100,17.098,20991200,17.098,21000200
2022-01-06,17.2075995,21000100,17.052,20991200,17.052,21000200
2022-01-07,15.898802691604164,21000100,15.761,20991200,15.761,21000200
2022-01-08,15.056145,21000100,14.92,20991200,14.92,21000200
2022-01-09,15.95022975,21000100,15.806,20991200,15.806,21000200
2022-01-10,15.222046162529168,21000100,15.107,20991200,15.107,21000200
2022-01-11,16.106644125000003,21000100,15.961,20991200,15.961,21000200
2022-01-12,16.425527625,21000100,16.277,20991200,16.277,21000200
2022-01-13,15.59098125,21000100,15.45,20991200,15.45,21000200
2022-01-14,15.994631250000001,21000100,15.85,20991200,15.85,21000200
2022-01-15,16.6182705,21000100,16.468,20991200,16.468,21000200
2022-01-16,18.00480825,21000100,17.842,20991200,17.842,21000200
2022-01-17,16.7797305,21000100,16.628,20991200,16.628,21000200
2022-01-18,16.112698875000003,21000100,15.967,20991200,15.967,21000200
2022-01-19,15.215875015975,21000100,15.107,20991200,15.107,21000200
2022-01-20,14.578828875,21000100,14.447,20991200,14.447,21000200
2022-01-21,12.734474938216668,21000100,12.634,20991200,12.634,21000200
2022-01-22,11.203326418799998,21000100,11.133,20991200,11.133,21000200
2022-01-23,11.463133510650001,21000100,11.412,20991200,11.412,21000200
2022-01-24,10.764843319483335,21000100,10.679,20991200,10.679,21000200
2022-01-25,10.6765425,21000100,10.58,20991200,10.58,21000200
2022-01-26,10.67856075,21000100,10.582,20991200,10.582,21000200
2022-01-27,10.38442415625,21000100,10.308,20991200,10.308,21000200
2022-01-28,10.743087105508334,21000100,10.654,20991200,10.654,21000200
2022-01-29,11.2172750655,21000100,11.148,20991200,11.148,21000200
2022-01-30,10.8783675,21000100,10.78,20991200,10.78,21000200
2022-01-31,11.872355625,21000100,11.765,20991200,11.765,21000200
2022-02-01,11.204314875,21000100,11.103,20991200,11.103,21000200
2022-02-02,10.600858125000002,21000100,10.505,20991200,10.505,21000200
2022-02-03,10.485817875,21000100,10.391,20991200,10.391,21000200
2022-02-04,11.254050147858333,21000100,11.171,20991200,11.171,21000200
2022-02-05,11.34054675,21000100,11.238,20991200,11.238,21000200
2022-02-06,11.771443125,21000100,11.665,20991200,11.665,21000200
2022-02-07,12.484894500000001,21000100,12.372,20991200,12.372,21000200
2022-02-08,12.04289775,21000100,11.934,20991200,11.934,21000200
2022-02-09,12.433429125,21000100,12.321,20991200,12.321,21000200
2022-02-10,11.485174990958335,21000100,11.398,20991200,11.398,21000200
2022-02-11,10.731035250000001,21000100,10.634,20991200,10.634,21000200
2022-02-12,10.6803371033,21000100,10.632,20991200,10.632,21000200
2022-02-13,10.350645887195624,21000100,10.325,20991200,10.325,21000200
2022-02-14,10.7012190324375,21000100,10.605,20991200,10.605,21000200
2022-02-15,11.573654625,21000100,11.469,20991200,11.469,21000200
2022-02-16,11.32036425,21000100,11.218,20991200,11.218,21000200
2022-02-17,10.49288175,21000100,10.398,20991200,10.398,21000200
2022-02-18,10.206054492924999,21000100,10.158,20991200,10.158,21000200
2022-02-19,10.107396000000001,21000100,10.016,20991200,10.016,21000200
2022-02-20,9.432291375,21000100,9.347,20991200,9.347,21000200
2022-02-21,8.59976325,21000100,8.522,20991200,8.522,21000200
2022-02-22,8.880979138556787,21000100,8.858,20991200,8.858,21000200
2022-02-23,8.775638726950001,21000100,8.733,20991200,8.733,21000200
2022-02-24,8.8796177012,21000100,8.808,20991200,8.808,21000200
2022-02-25,9.303925661716667,21000100,9.236,20991200,9.236,21000200
2022-02-26,9.1345995,21000100,9.052,20991200,9.052,21000200
2022-02-27,9.851913626625,21000100,9.765,20991200,9.765,21000200
2022-02-28,10.54007558249713,21000100,10.521,20991200,10.521,21000200
2022-03-01,10.36375374099416,21000100,10.354,20991200,10.354,21000200
2022-03-02,10.131615,21000100,10.04,20991200,10.04,21000200
2022-03-03,9.632098125,21000100,9.545,20991200,9.545,21000200
2022-03-04,8.816533005416666,21000100,8.797,20991200,8.797,21000200
2022-03-05,9.0525689983125,21000100,9.015,20991200,9.015,21000200
2022-03-06,8.511459617779167,21000100,8.473,20991200,8.473,21000200
2022-03-07,8.328387718841666,21000100,8.294,20991200,8.294,21000200
2022-03-08,8.870896371875,21000100,8.81,20991200,8.81,21000200
2022-03-09,9.2626713182375,21000100,9.209,20991200,9.209,21000200
2022-03-10,8.7430952944125,21000100,8.673,20991200,8.673,21000200
2022-03-11,8.56823908455,21000100,8.501,20991200,8.501,21000200
2022-03-12,8.534170125000001,21000100,8.457,20991200,8.457,21000200
2022-03-13,8.268770250000001,21000100,8.194,20991200,8.194,21000200
2022-03-14,8.543363326758334,21000100,8.474,20991200,8.474,21000200
2022-03-15,8.7473493920375,21000100,8.709,20991200,8.709,21000200
2022-03-16,9.146566549075,21000100,9.082,20991200,9.082,21000200
2022-03-17,9.30615075,21000100,9.222,20991200,9.222,21000200
2022-03-18,9.714846375,21000100,9.627,20991200,9.627,21000200
2022-03-19,9.790927100404167,21000100,9.727,20991200,9.727,21000200
2022-03-20,9.406054125,21000100,9.321,20991200,9.321,21000200
2022-03-21,9.426236625,21000100,9.341,20991200,9.341,21000200
2022-03-22,9.835941375,21000100,9.747,20991200,9.747,21000200
2022-03-23,10.093268250000001,21000100,10.002,20991200,10.002,21000200
2022-03-24,10.8783675,21000100,10.78,20991200,10.78,21000200
2022-03-25,10.6593577035,21000100,10.571,20991200,10.571,21000200
2022-03-26,10.719934875,21000100,10.623,20991200,10.623,21000200
2022-03-27,11.504025,21000100,11.4,20991200,11.4,21000200
2022-03-28,11.001480749999999,21000100,10.902,20991200,10.902,21000200
2022-03-29,11.3466015,21000100,11.244,20991200,11.244,21000200
2022-03-30,11.8309815,21000100,11.724,20991200,11.724,21000200
2022-03-31,11.389993875000002,21000100,11.287,20991200,11.287,21000200
2022-04-01,11.68364925,21000100,11.578,20991200,11.578,21000200
2022-04-02,11.753278875000001,21000100,11.647,20991200,11.647,21000200
2022-04-03,11.980332,21000100,11.872,20991200,11.872,21000200
2022-04-04,11.650348125,21000100,11.545,20991200,11.545,21000200
2022-04-05,11.2012875,21000100,11.1,20991200,11.1,21000200
2022-04-06,10.023097836375001,21000100,9.945,20991200,9.945,21000200
2022-04-07,10.5178552103625,21000100,10.429,20991200,10.429,21000200
2022-04-08,9.795181379316668,21000100,9.733,20991200,9.733,21000200
2022-04-09,10.138678875000002,21000100,10.047,20991200,10.047,21000200
2022-04-10,9.97217325,21000100,9.882,20991200,9.882,21000200
2022-04-11,9.0455107827125,21000100,8.979,20991200,8.979,21000200
2022-04-12,9.401008500000001,21000100,9.316,20991200,9.316,21000200
2022-04-13,9.705239464462501,21000100,9.651,20991200,9.651,21000200
2022-04-14,9.5447331161875,21000100,9.471,20991200,9.471,21000200
2022-04-15,9.844175717895833,21000100,9.761,20991200,9.761,21000200
2022-04-16,9.7386389376,21000100,9.664,20991200,9.664,21000200
2022-04-17,9.31422375,21000100,9.23,20991200,9.23,21000200
2022-04-18,9.4429184606,21000100,9.384,20991200,9.384,21000200
2022-04-19,9.624994153745835,21000100,9.541,20991200,9.541,21000200
2022-04-20,9.404035875000002,21000100,9.319,20991200,9.319,21000200
2022-04-21,8.93479275,21000100,8.854,20991200,8.854,21000200
2022-04-22,8.983230749999999,21000100,8.902,20991200,8.902,21000200
2022-04-23,8.988276375,21000100,8.907,20991200,8.907,21000200
2022-04-24,8.743268635949999,21000100,8.703,20991200,8.703,21000200
2022-04-25,8.787698643375,21000100,8.73,20991200,8.73,21000200
2022-04-26,8.071990875000001,21000100,7.999,20991200,7.999,21000200
2022-04-27,8.291089107924998,21000100,8.229,20991200,8.229,21000200
2022-04-28,8.241523875,21000100,8.167,20991200,8.167,21000200
2022-04-29,7.688523375,21000100,7.619,20991200,7.619,21000200
2022-04-30,6.803259906216666,21000100,6.748,20991200,6.748,21000200
2022-05-01,7.109132246150595,21000100,7.111,20991200,7.111,21000200
2022-05-02,6.9902088749999995,21000100,6.927,20991200,6.927,21000200
2022-05-03,6.896713326045833,21000100,6.851,20991200,6.851,21000200
2022-05-04,7.998984644641666,21000100,7.933,20991200,7.933,21000200
2022-05-05,7.402685709154167,21000100,7.343,20991200,7.343,21000200
2022-05-06,7.600778469883334,21000100,7.583,20991200,7.583,21000200
2022-05-07,7.159494542090902,21000100,7.168,20991200,7.168,21000200
2022-05-08,7.097975305499999,21000100,7.092,20991200,7.092,21000200
2022-05-09,5.9352970952375,21000100,5.937,20991200,5.937,21000200
2022-05-10,6.09384956205,21000100,6.066,20991200,6.066,21000200
2022-05-11,4.894825917743072,21000100,4.909,20991200,4.909,21000200
2022-05-12,4.643613456874904,21000100,4.665,20991200,4.665,21000200
2022-05-13,5.1618274760125,21000100,5.127,20991200,5.127,21000200
2022-05-14,5.212375280291666,21000100,5.17,20991200,5.17,21000200
2022-05-15,5.4876206419999995,21000100,5.452,20991200,5.452,21000200
2022-05-16,5.096714260050001,21000100,5.054,20991200,5.054,21000200
2022-05-17,5.5086018218,21000100,5.466,20991200,5.466,21000200
2022-05-18,4.9283107174791665,21000100,4.889,20991200,4.889,21000200
2022-05-19,5.2222640912625,21000100,5.193,20991200,5.193,21000200
2022-05-20,5.093955672291667,21000100,5.09,20991200,5.09,21000200
2022-05-21,5.2307623667,21000100,5.226,20991200,5.226,21000200
2022-05-22,5.5268746225875,21000100,5.481,20991200,5.481,21000200
2022-05-23,5.677337250000001,21000100,5.626,20991200,5.626,21000200
2022-05-24,5.593959476391667,21000100,5.597,20991200,5.597,21000200
2022-05-25,5.643174283833334,21000100,5.617,20991200,5.617,21000200
2022-05-26,4.958764308399999,21000100,4.944,20991200,4.944,21000200
2022-05-27,4.693156121966666,21000100,4.696,20991200,4.696,21000200
2022-05-28,4.982350785866666,21000100,4.976,20991200,4.976,21000200
2022-05-29,4.921690377391666,21000100,4.942,20991200,4.942,21000200
2022-05-30,5.6903679897,21000100,5.652,20991200,5.652,21000200
2022-05-31,5.741921250000001,21000100,5.69,20991200,5.69,21000200
2022-06-01,5.1772109781374995,21000100,5.133,20991200,5.133,21000200
2022-06-02,5.312418134816666,21000100,5.294,20991200,5.294,21000200
2022-06-03,5.098898341400001,21000100,5.073,20991200,5.073,21000200
2022-06-04,5.175802125,21000100,5.129,20991200,5.129,21000200
2022-06-05,5.120742068,21000100,5.084,20991200,5.084,21000200
2022-06-06,5.389458396375,21000100,5.37,20991200,5.37,21000200
2022-06-07,5.244964530379167,21000100,5.213,20991200,5.213,21000200
2022-06-08,5.116655988833333,21000100,5.08,20991200,5.08,21000200
2022-06-09,5.2268335613625005,21000100,5.199,20991200,5.199,21000200
2022-06-10,4.831812331958334,21000100,4.807,20991200,4.807,21000200
2022-06-11,4.353279887309732,21000100,4.386,20991200,4.386,21000200
2022-06-12,4.020424407958771,21000100,4.055,20991200,4.055,21000200
2022-06-13,3.623204928021972,21000100,3.663,20991200,3.663,21000200
2022-06-14,3.8500167694166665,21000100,3.86,20991200,3.86,21000200
2022-06-15,4.361097555547316,21000100,4.42,20991200,4.42,21000200
2022-06-16,3.8522832916499996,21000100,3.834,20991200,3.834,21000200
2022-06-17,3.9599152724624997,21000100,3.933,20991200,3.933,21000200
2022-06-18,3.6545419405249997,21000100,3.638,20991200,3.638,21000200
2022-06-19,4.211534690591667,21000100,4.189,20991200,4.189,21000200
2022-06-20,4.334191875,21000100,4.295,20991200,4.295,21000200
2022-06-21,4.820590125000001,21000100,4.777,20991200,4.777,21000200
2022-06-22,5.008041013300001,21000100,4.979,20991200,4.979,21000200
2022-06-23,5.605586078166667,21000100,5.615,20991200,5.615,21000200
2022-06-24,5.479618998766666,21000100,5.468,20991200,5.468,21000200
2022-06-25,5.628313714591667,21000100,5.617,20991200,5.617,21000200
2022-06-26,5.63584015725,21000100,5.587,20991200,5.587,21000200
2022-06-27,5.3563847781875005,21000100,5.331,20991200,5.331,21000200
2022-06-28,4.871268754533333,21000100,4.912,20991200,4.912,21000200
2022-06-29,5.093707072633333,21000100,5.116,20991200,5.116,21000200
2022-06-30,4.9904372212000006,21000100,5.001,20991200,5.001,21000200
2022-07-01,4.857899520366666,21000100,4.858,20991200,4.858,21000200
2022-07-02,4.957526177375,21000100,4.915,20991200,4.915,21000200
2022-07-03,4.9358184853000004,21000100,4.916,20991200,4.916,21000200
2022-07-04,5.39074575,21000100,5.342,20991200,5.342,21000200
2022-07-05,5.3463442500000005,21000100,5.298,20991200,5.298,21000200
2022-07-06,5.397809625000001,21000100,5.349,20991200,5.349,21000200
2022-07-07,5.775222375,21000100,5.723,20991200,5.723,21000200
2022-07-08,5.839806375,21000100,5.787,20991200,5.787,21000200
2022-07-09,6.4342186775000005,21000100,6.45,20991200,6.45,21000200
2022-07-10,6.275542242149999,21000100,6.236,20991200,6.236,21000200
2022-07-11,5.613762375,21000100,5.563,20991200,5.563,21000200
2022-07-12,5.517421786779166,21000100,5.531,20991200,5.531,21000200
2022-07-13,6.10344820405,21000100,6.114,20991200,6.114,21000200
2022-07-14,6.987511598708333,21000100,7.01,20991200,7.01,21000200
2022-07-15,6.81023051765,21000100,6.781,20991200,6.781,21000200
2022-07-16,7.409102578683333,21000100,7.366,20991200,7.366,21000200
2022-07-17,6.950127298799999,21000100,6.944,20991200,6.944,21000200
2022-07-18,7.385785875000001,21000100,7.319,20991200,7.319,21000200
2022-07-19,7.388652456000001,21000100,7.34,20991200,7.34,21000200
2022-07-20,6.892061432891667,21000100,6.854,20991200,6.854,21000200
2022-07-21,7.255900597375,21000100,7.221,20991200,7.221,21000200
2022-07-22,6.949843875,21000100,6.887,20991200,6.887,21000200
2022-07-23,6.956697034933333,21000100,6.959,20991200,6.959,21000200
2022-07-24,7.2963754666666665,21000100,7.24,20991200,7.24,21000200
2022-07-25,7.0654678743,21000100,7.043,20991200,7.043,21000200
2022-07-26,6.6291810346333335,21000100,6.652,20991200,6.652,21000200
2022-07-27,7.937839608229167,21000100,8.035,20991200,8.035,21000200
2022-07-28,9.362661750000001,21000100,9.278,20991200,9.278,21000200
2022-07-29,9.163864125,21000100,9.081,20991200,9.081,21000200
2022-07-30,8.855071875,21000100,8.775,20991200,8.775,21000200
2022-07-31,8.40197475,21000100,8.326,20991200,8.326,21000200
2022-08-01,8.4322485,21000100,8.356,20991200,8.356,21000200
2022-08-02,8.322253875,21000100,8.247,20991200,8.247,21000200
2022-08-03,8.981212500000002,21000100,8.9,20991200,8.9,21000200
2022-08-04,8.896446000000001,21000100,8.816,20991200,8.816,21000200
2022-08-05,9.045796500000002,21000100,8.964,20991200,8.964,21000200
2022-08-06,8.849017125000001,21000100,8.769,20991200,8.769,21000200
2022-08-07,8.863144875,21000100,8.783,20991200,8.783,21000200
2022-08-08,8.86213575,21000100,8.782,20991200,8.782,21000200
2022-08-09,8.454845877820834,21000100,8.429,20991200,8.429,21000200
2022-08-10,9.279751603091668,21000100,9.214,20991200,9.214,21000200
2022-08-11,9.033687,21000100,8.952,20991200,8.952,21000200
2022-08-12,9.280922624999999,21000100,9.197,20991200,9.197,21000200
2022-08-13,9.06396075,21000100,8.982,20991200,8.982,21000200
2022-08-14,8.95497525,21000100,8.874,20991200,8.874,21000200
2022-08-15,8.472333548600002,21000100,8.464,20991200,8.464,21000200
2022-08-16,8.407472229325,21000100,8.333,20991200,8.333,21000200
2022-08-17,8.002560058358334,21000100,7.958,20991200,7.958,21000200
2022-08-18,7.637058,21000100,7.568,20991200,7.568,21000200
2022-08-19,6.885456671554167,21000100,6.889,20991200,6.889,21000200
2022-08-20,6.9772322929833335,21000100,6.994,20991200,6.994,21000200
2022-08-21,7.257053002833333,21000100,7.205,20991200,7.205,21000200
2022-08-22,7.016270907466667,21000100,6.976,20991200,6.976,21000200
2022-08-23,7.17891525,21000100,7.114,20991200,7.114,21000200
2022-08-24,7.107267375,21000100,7.043,20991200,7.043,21000200
2022-08-25,7.0515725934499995,21000100,7.021,20991200,7.021,21000200
2022-08-26,6.1779232648875,21000100,6.153,20991200,6.153,21000200
2022-08-27,6.0078424898,21000100,6.052,20991200,6.052,21000200
2022-08-28,5.6340543177118345,21000100,5.734,20991200,5.734,21000200
2022-08-29,6.2588599656,21000100,6.336,20991200,6.336,21000200
2022-08-30,6.1726870979,21000100,6.172,20991200,6.172,21000200
2022-08-31,6.155224385375,21000100,6.135,20991200,6.135,21000200
2022-09-01,6.301889274450001,21000100,6.314,20991200,6.314,21000200
2022-09-02,6.435494705908333,21000100,6.398,20991200,6.398,21000200
2022-09-03,6.280665366749999,21000100,6.302,20991200,6.302,21000200
2022-09-04,6.475957479000001,21000100,6.48,20991200,6.48,21000200
2022-09-05,6.579304527033333,21000100,6.578,20991200,6.578,21000200
2022-09-06,5.859856047604167,21000100,5.825,20991200,5.825,21000200
2022-09-07,6.101172542129167,21000100,6.113,20991200,6.113,21000200
2022-09-08,6.213701576462499,21000100,6.169,20991200,6.169,21000200
2022-09-09,6.557294250000001,21000100,6.498,20991200,6.498,21000200
2022-09-10,6.727836375,21000100,6.667,20991200,6.667,21000200
2022-09-11,6.541126562308334,21000100,6.482,20991200,6.482,21000200
2022-09-12,6.7017917998500005,21000100,6.652,20991200,6.652,21000200
2022-09-13,6.084207337,21000100,6.032,20991200,6.032,21000200
2022-09-14,6.162403175733333,21000100,6.176,20991200,6.176,21000200
2022-09-15,5.833277226,21000100,5.88,20991200,5.88,21000200
2022-09-16,5.8197769485,21000100,5.82,20991200,5.82,21000200
2022-09-17,6.037085014425,21000100,6.009,20991200,6.009,21000200
2022-09-18,5.462141921266667,21000100,5.464,20991200,5.464,21000200
2022-09-19,5.451199375883333,21000100,5.474,20991200,5.474,21000200
2022-09-20,5.2963615843000005,21000100,5.293,20991200,5.293,21000200
2022-09-21,5.3211594474,21000100,5.328,20991200,5.328,21000200
2022-09-22,5.7175028433333335,21000100,5.728,20991200,5.728,21000200
2022-09-23,5.949525990149999,21000100,5.909,20991200,5.909,21000200
2022-09-24,5.845861125000001,21000100,5.793,20991200,5.793,21000200
2022-09-25,5.699439018133332,21000100,5.653,20991200,5.653,21000200
2022-09-26,5.969745217333332,21000100,5.92,20991200,5.92,21000200
2022-09-27,6.38057278195,21000100,6.366,20991200,6.366,21000200
2022-09-28,6.612423748725,21000100,6.554,20991200,6.554,21000200
2022-09-29,6.4194979699125,21000100,6.369,20991200,6.369,21000200
2022-09-30,6.5046925409375,21000100,6.465,20991200,6.465,21000200
2022-10-01,6.435492033449999,21000100,6.393,20991200,6.393,21000200
2022-10-02,6.31510425,21000100,6.258,20991200,6.258,21000200
2022-10-03,6.6675045921875,21000100,6.625,20991200,6.625,21000200
2022-10-04,6.6871597762625,21000100,6.639,20991200,6.639,21000200
2022-10-05,6.851982868275,21000100,6.807,20991200,6.807,21000200
2022-10-06,6.9207081562875,21000100,6.873,20991200,6.873,21000200
2022-10-07,6.840156339291667,21000100,6.785,20991200,6.785,21000200
2022-10-08,6.56940375,21000100,6.51,20991200,6.51,21000200
2022-10-09,6.689489625,21000100,6.629,20991200,6.629,21000200
2022-10-10,6.44023575,21000100,6.382,20991200,6.382,21000200
2022-10-11,6.049704375,21000100,5.995,20991200,5.995,21000200
2022-10-12,6.093081505549999,21000100,6.052,20991200,6.052,21000200
2022-10-13,6.133876074733333,21000100,6.136,20991200,6.136,21000200
2022-10-14,6.281694276,21000100,6.282,20991200,6.282,21000200
2022-10-15,6.0691025571666675,21000100,6.04,20991200,6.04,21000200
2022-10-16,6.085470232083333,21000100,6.1,20991200,6.1,21000200
2022-10-17,6.390917062033333,21000100,6.392,20991200,6.392,21000200
2022-10-18,6.529345491208333,21000100,6.514,20991200,6.514,21000200
2022-10-19,6.610843056099999,21000100,6.564,20991200,6.564,21000200
2022-10-20,6.109409820583334,21000100,6.089,20991200,6.089,21000200
2022-10-21,6.050710604845833,21000100,6.029,20991200,6.029,21000200
2022-10-22,6.064922711216667,21000100,6.086,20991200,6.086,21000200
2022-10-23,6.284482788329166,21000100,6.281,20991200,6.281,21000200
2022-10-24,6.182569168383333,21000100,6.137,20991200,6.137,21000200
2022-10-25,6.602973392225,21000100,6.566,20991200,6.566,21000200
2022-10-26,6.733447234425,21000100,6.689,20991200,6.689,21000200
2022-10-27,6.851379370179166,21000100,6.797,20991200,6.797,21000200
2022-10-28,6.910488,21000100,6.848,20991200,6.848,21000200
2022-10-29,7.142718531270834,21000100,7.093,20991200,7.093,21000200
2022-10-30,6.957916875,21000100,6.895,20991200,6.895,21000200
2022-10-31,7.006030386145834,21000100,6.953,20991200,6.953,21000200
2022-11-01,7.17984045275,21000100,7.116,20991200,7.116,21000200
2022-11-02,7.106415517483334,21000100,7.084,20991200,7.084,21000200
2022-11-03,6.979108500000001,21000100,6.916,20991200,6.916,21000200
2022-11-04,7.6091707849166665,21000100,7.556,20991200,7.556,21000200
2022-11-05,7.744025250000001,21000100,7.674,20991200,7.674,21000200
2022-11-06,7.114311765833333,21000100,7.052,20991200,7.052,21000200
2022-11-07,7.058485065145834,21000100,7.001,20991200,7.001,21000200
2022-11-08,6.067711066933334,21000100,6.064,20991200,6.064,21000200
2022-11-09,4.8755371536666665,21000100,4.895,20991200,4.895,21000200
2022-11-10,5.681558124652315,21000100,5.762,20991200,5.762,21000200
2022-11-11,6.135464300000001,21000100,6.091,20991200,6.091,21000200
2022-11-12,5.560497203,21000100,5.56,20991200,5.56,21000200
2022-11-13,5.847444318450001,21000100,5.804,20991200,5.804,21000200
2022-11-14,6.148598625,21000100,6.093,20991200,6.093,21000200
2022-11-15,6.336295875,21000100,6.279,20991200,6.279,21000200
2022-11-16,6.003284625,21000100,5.949,20991200,5.949,21000200
2022-11-17,5.771187306133334,21000100,5.728,20991200,5.728,21000200
2022-11-18,5.8785841688875005,21000100,5.849,20991200,5.849,21000200
2022-11-19,5.802741907674999,21000100,5.757,20991200,5.757,21000200
2022-11-20,5.4688225702,21000100,5.431,20991200,5.431,21000200
2022-11-21,5.1988660704,21000100,5.184,20991200,5.184,21000200
2022-11-22,5.359462875,21000100,5.311,20991200,5.311,21000200
2022-11-23,5.5380780000000005,21000100,5.488,20991200,5.488,21000200
2022-11-24,5.5021818176999995,21000100,5.454,20991200,5.454,21000200
2022-11-25,5.417456653204166,21000100,5.411,20991200,5.411,21000200
2022-11-26,5.454589299399999,21000100,5.414,20991200,5.414,21000200
2022-11-27,5.406536083541666,21000100,5.395,20991200,5.395,21000200
2022-11-28,5.277398666058333,21000100,5.281,20991200,5.281,21000200
2022-11-29,5.5017495,21000100,5.452,20991200,5.452,21000200
2022-11-30,5.90338125,21000100,5.85,20991200,5.85,21000200
2022-12-01,5.958490752229167,21000100,5.915,20991200,5.915,21000200
2022-12-02,6.3894745407041675,21000100,6.341,20991200,6.341,21000200
2022-12-03,6.132621435966667,21000100,6.094,20991200,6.094,21000200
2022-12-04,6.31510425,21000100,6.258,20991200,6.258,21000200
2022-12-05,6.227310375000001,21000100,6.171,20991200,6.171,21000200
2022-12-06,6.210170609145834,21000100,6.179,20991200,6.179,21000200
2022-12-07,6.0530675622375,21000100,5.999,20991200,5.999,21000200
2022-12-08,6.2363925,21000100,6.18,20991200,6.18,21000200
2022-12-09,6.19307381585,21000100,6.164,20991200,6.164,21000200
2022-12-10,6.090393852400001,21000100,6.078,20991200,6.078,21000200
2022-12-11,5.8858862221249995,21000100,5.915,20991200,5.915,21000200
2022-12-12,5.9088449924875,21000100,5.923,20991200,5.923,21000200
2022-12-13,6.1505265366875,21000100,6.105,20991200,6.105,21000200
2022-12-14,5.948199812108333,21000100,5.903,20991200,5.903,21000200
2022-12-15,5.8285158498000005,21000100,5.796,20991200,5.796,21000200
2022-12-16,5.317292386791666,21000100,5.294,20991200,5.294,21000200
2022-12-17,5.399483427,21000100,5.382,20991200,5.382,21000200
2022-12-18,5.350971211683334,21000100,5.323,20991200,5.323,21000200
2022-12-19,5.111863992,21000100,5.088,20991200,5.088,21000200
2022-12-20,5.359442323516666,21000100,5.356,20991200,5.356,21000200
2022-12-21,5.346402007333334,21000100,5.32,20991200,5.32,21000200
2022-12-22,5.415973875000001,21000100,5.367,20991200,5.367,21000200
2022-12-23,5.31001575,21000100,5.262,20991200,5.262,21000200
2022-12-24,5.232766143775001,21000100,5.197,20991200,5.197,21000200
2022-12-25,5.142553309125,21000100,5.157,20991200,5.157,21000200
2022-12-26,5.246472169633333,21000100,5.201,20991200,5.201,21000200
2022-12-27,5.224961187445833,21000100,5.191,20991200,5.191,21000200
2022-12-28,4.983762279770833,21000100,4.967,20991200,4.967,21000200
2022-12-29,5.0542082986375005,21000100,5.043,20991200,5.043,21000200
2022-12-30,5.135770529716666,21000100,5.098,20991200,5.098,21000200
2022-12-31,5.213139750000001,21000100,5.166,20991200,5.166,21000200
2023-01-01,5.294878875,21000100,5.247,20991200,5.247,21000200
2023-01-02,5.388943061016667,21000100,5.369,20991200,5.369,21000200
2023-01-03,5.417589036458334,21000100,5.375,20991200,5.375,21000200
2023-01-04,5.579452125,21000100,5.529,20991200,5.529,21000200
2023-01-05,5.400320384137501,21000100,5.373,20991200,5.373,21000200
2023-01-06,5.553922616841666,21000100,5.518,20991200,5.518,21000200
2023-01-07,5.4613845,21000100,5.412,20991200,5.412,21000200
2023-01-08,5.60610361885,21000100,5.579,20991200,5.579,21000200
2023-01-09,5.836779,21000100,5.784,20991200,5.784,21000200
2023-01-10,5.833751625,21000100,5.781,20991200,5.781,21000200
2023-01-11,5.962153192574999,21000100,5.914,20991200,5.914,21000200
2023-01-12,6.233365125,21000100,6.177,20991200,6.177,21000200
2023-01-13,6.352400251016666,21000100,6.308,20991200,6.308,21000200
2023-01-14,6.684444,21000100,6.624,20991200,6.624,21000200
2023-01-15,6.654170250000001,21000100,6.594,20991200,6.594,21000200
2023-01-16,6.5996775,21000100,6.54,20991200,6.54,21000200
2023-01-17,6.39987075,21000100,6.342,20991200,6.342,21000200
2023-01-18,6.0920876250000005,21000100,6.037,20991200,6.037,21000200
2023-01-19,6.2202465,21000100,6.164,20991200,6.164,21000200
2023-01-20,6.73086375,21000100,6.67,20991200,6.67,21000200
2023-01-21,6.725818125,21000100,6.665,20991200,6.665,21000200
2023-01-22,6.955898625000001,21000100,6.893,20991200,6.893,21000200
2023-01-23,6.784347375,21000100,6.723,20991200,6.723,21000200
2023-01-24,6.367826723854167,21000100,6.295,20991200,6.295,21000200
2023-01-25,6.656188500000001,21000100,6.596,20991200,6.596,21000200
2023-01-26,6.804529875000001,21000100,6.743,20991200,6.743,21000200
2023-01-27,6.938743500000001,21000100,6.876,20991200,6.876,21000200
2023-01-28,6.69453525,21000100,6.634,20991200,6.634,21000200
2023-01-29,6.992227125,21000100,6.929,20991200,6.929,21000200
2023-01-30,6.574449375,21000100,6.515,20991200,6.515,21000200
2023-01-31,6.618850875000001,21000100,6.559,20991200,6.559,21000200
2023-02-01,6.8681047500000005,21000100,6.806,20991200,6.806,21000200
2023-02-02,7.186988250000001,21000100,7.122,20991200,7.122,21000200
2023-02-03,7.129468125000001,21000100,7.065,20991200,7.065,21000200
2023-02-04,7.2768003750000005,21000100,7.211,20991200,7.211,21000200
2023-02-05,6.95287125,21000100,6.89,20991200,6.89,21000200
2023-02-06,6.709672125,21000100,6.649,20991200,6.649,21000200
2023-02-07,7.04974725,21000100,6.986,20991200,6.986,21000200
2023-02-08,6.8741595,21000100,6.812,20991200,6.812,21000200
2023-02-09,6.3817065,21000100,6.324,20991200,6.324,21000200
2023-02-10,6.41601675,21000100,6.358,20991200,6.358,21000200
2023-02-11,6.5350935,21000100,6.476,20991200,6.476,21000200
2023-02-12,6.391521508083334,21000100,6.34,20991200,6.34,21000200
2023-02-13,6.286627638949999,21000100,6.241,20991200,6.241,21000200
2023-02-14,6.643069875,21000100,6.583,20991200,6.583,21000200
2023-02-15,6.992227125,21000100,6.929,20991200,6.929,21000200
2023-02-16,6.534084375,21000100,6.475,20991200,6.475,21000200
2023-02-17,6.798475125,21000100,6.737,20991200,6.737,21000200
2023-02-18,7.038646875,21000100,6.975,20991200,6.975,21000200
2023-02-19,7.273773,21000100,7.208,20991200,7.208,21000200
2023-02-20,7.444315125,21000100,7.377,20991200,7.377,21000200
2023-02-21,7.102221750000001,21000100,7.038,20991200,7.038,21000200
2023-02-22,6.998281875,21000100,6.935,20991200,6.935,21000200
2023-02-23,7.0134187500000005,21000100,6.95,20991200,6.95,21000200
2023-02-24,6.630960375,21000100,6.571,20991200,6.571,21000200
2023-02-25,6.526011375,21000100,6.467,20991200,6.467,21000200
2023-02-26,6.667288875000001,21000100,6.607,20991200,6.607,21000200
2023-02-27,6.492710250000001,21000100,6.434,20991200,6.434,21000200
2023-02-28,6.558303375,21000100,6.499,20991200,6.499,21000200
2023-03-01,6.902415,21000100,6.84,20991200,6.84,21000200
2023-03-02,6.69453525,21000100,6.634,20991200,6.634,21000200
2023-03-03,6.326204625000001,21000100,6.269,20991200,6.269,21000200
2023-03-04,6.2131720234125005,21000100,6.159,20991200,6.159,21000200
2023-03-05,6.400008927491667,21000100,6.347,20991200,6.347,21000200
2023-03-06,6.383353524041667,21000100,6.335,20991200,6.335,21000200
2023-03-07,6.485646375,21000100,6.427,20991200,6.427,21000200
2023-03-08,6.144828722083333,21000100,6.1,20991200,6.1,21000200
2023-03-09,5.769695506979167,21000100,5.723,20991200,5.723,21000200
2023-03-10,5.646419625599999,21000100,5.616,20991200,5.616,21000200
2023-03-11,5.471536689820834,21000100,5.431,20991200,5.431,21000200
2023-03-12,5.921442843816667,21000100,5.899,20991200,5.899,21000200
2023-03-13,6.141515150158333,21000100,6.091,20991200,6.091,21000200
2023-03-14,6.37767,21000100,6.32,20991200,6.32,21000200
2023-03-15,5.961910500000001,21000100,5.908,20991200,5.908,21000200
2023-03-16,5.953837500000001,21000100,5.9,20991200,5.9,21000200
2023-03-17,6.4614273749999995,21000100,6.403,20991200,6.403,21000200
2023-03-18,6.571422,21000100,6.512,20991200,6.512,21000200
2023-03-19,6.5431665,21000100,6.484,20991200,6.484,21000200
2023-03-20,6.231346875,21000100,6.175,20991200,6.175,21000200
2023-03-21,6.469412306683334,21000100,6.421,20991200,6.421,21000200
2023-03-22,6.1233705,21000100,6.068,20991200,6.068,21000200
2023-03-23,6.29492175,21000100,6.238,20991200,6.238,21000200
2023-03-24,5.9326458749999995,21000100,5.879,20991200,5.879,21000200
2023-03-25,5.724273749762875,21000100,5.707,20991200,5.707,21000200
2023-03-26,5.8131415651125,21000100,5.781,20991200,5.781,21000200
2023-03-27,5.677390139166667,21000100,5.644,20991200,5.644,21000200
2023-03-28,5.826205653899999,21000100,5.802,20991200,5.802,21000200
2023-03-29,5.98681887195,21000100,5.942,20991200,5.942,21000200
2023-03-30,5.9487918749999995,21000100,5.895,20991200,5.895,21000200
2023-03-31,6.116306625,21000100,6.061,20991200,6.061,21000200
2023-04-01,6.151626,21000100,6.096,20991200,6.096,21000200
2023-04-02,5.993570830066666,21000100,5.944,20991200,5.944,21000200
2023-04-03,5.9698510172666674,21000100,5.926,20991200,5.926,21000200
2023-04-04,6.1824447065041666,21000100,6.151,20991200,6.151,21000200
2023-04-05,6.2848305,21000100,6.228,20991200,6.228,21000200
2023-04-06,6.127407000000001,21000100,6.072,20991200,6.072,21000200
2023-04-07,6.040641383612499,21000100,5.999,20991200,5.999,21000200
2023-04-08,5.942513643375,21000100,5.91,20991200,5.91,21000200
2023-04-09,5.944056742854167,21000100,5.909,20991200,5.909,21000200
2023-04-10,6.041582742366667,21000100,6.008,20991200,6.008,21000200
2023-04-11,5.983102125,21000100,5.929,20991200,5.929,21000200
2023-04-12,5.977912337437501,21000100,5.945,20991200,5.945,21000200
2023-04-13,6.263638875,21000100,6.207,20991200,6.207,21000200
2023-04-14,6.360514875000001,21000100,6.303,20991200,6.303,21000200
2023-04-15,6.3251955,21000100,6.268,20991200,6.268,21000200
2023-04-16,6.3736335,21000100,6.316,20991200,6.316,21000200
2023-04-17,6.1869453750000005,21000100,6.131,20991200,6.131,21000200
2023-04-18,6.3877612500000005,21000100,6.33,20991200,6.33,21000200
2023-04-19,5.880171375000001,21000100,5.827,20991200,5.827,21000200
2023-04-20,5.8327425,21000100,5.78,20991200,5.78,21000200
2023-04-21,5.5148681250000005,21000100,5.465,20991200,5.465,21000200
2023-04-22,5.532934521083334,21000100,5.498,20991200,5.498,21000200
2023-04-23,5.454475810729166,21000100,5.425,20991200,5.425,21000200
2023-04-24,5.403864375,21000100,5.355,20991200,5.355,21000200
2023-04-25,5.4987221250000005,21000100,5.449,20991200,5.449,21000200
2023-04-26,5.400837000000001,21000100,5.352,20991200,5.352,21000200
2023-04-27,5.592383398875,21000100,5.551,20991200,5.551,21000200
2023-04-28,5.571379125,21000100,5.521,20991200,5.521,21000200
2023-04-29,5.6813737500000006,21000100,5.63,20991200,5.63,21000200
2023-04-30,5.4901311093750005,21000100,5.445,20991200,5.445,21000200
2023-05-01,5.367833075295834,21000100,5.327,20991200,5.327,21000200
2023-05-02,5.364452374375,21000100,5.322,20991200,5.322,21000200
2023-05-03,5.420719634704167,21000100,5.387,20991200,5.387,21000200
2023-05-04,5.309006625,21000100,5.261,20991200,5.261,21000200
2023-05-05,5.5714465251875,21000100,5.541,20991200,5.541,21000200
2023-05-06,5.3322165,21000100,5.284,20991200,5.284,21000200
2023-05-07,5.299363022212501,21000100,5.259,20991200,5.259,21000200
2023-05-08,5.008287375,21000100,4.963,20991200,4.963,21000200
2023-05-09,4.964811933632662,21000100,4.952,20991200,4.952,21000200
2023-05-10,5.160092211708332,21000100,5.129,20991200,5.129,21000200
2023-05-11,5.101853832166666,21000100,5.06,20991200,5.06,21000200
2023-05-12,5.2364210553375,21000100,5.191,20991200,5.191,21000200
2023-05-13,5.1465375,21000100,5.1,20991200,5.1,21000200
2023-05-14,5.1766000158,21000100,5.136,20991200,5.136,21000200
2023-05-15,5.16066525,21000100,5.114,20991200,5.114,21000200
2023-05-16,5.1851821588125,21000100,5.139,20991200,5.139,21000200
2023-05-17,5.3758749249791675,21000100,5.335,20991200,5.335,21000200
2023-05-18,5.345060950645832,21000100,5.305,20991200,5.305,21000200
2023-05-19,5.3616757985,21000100,5.315,20991200,5.315,21000200
2023-05-20,5.327549767233333,21000100,5.288,20991200,5.288,21000200
2023-05-21,5.1454751530000005,21000100,5.11,20991200,5.11,21000200
2023-05-22,5.095933964933333,21000100,5.072,20991200,5.072,21000200
2023-05-23,5.113987500875,21000100,5.071,20991200,5.071,21000200
2023-05-24,5.0163603750000005,21000100,4.971,20991200,4.971,21000200
2023-05-25,4.994159625,21000100,4.949,20991200,4.949,21000200
2023-05-26,5.0037631869500006,21000100,4.972,20991200,4.972,21000200
2023-05-27,5.07984267,21000100,5.04,20991200,5.04,21000200
2023-05-28,5.18892075,21000100,5.142,20991200,5.142,21000200
2023-05-29,5.143510125000001,21000100,5.097,20991200,5.097,21000200
2023-05-30,5.180847750000001,21000100,5.134,20991200,5.134,21000200
2023-05-31,5.0658075,21000100,5.02,20991200,5.02,21000200
2023-06-01,5.013542961483333,21000100,4.978,20991200,4.978,21000200
2023-06-02,5.1132363750000005,21000100,5.067,20991200,5.067,21000200
2023-06-03,5.12837325,21000100,5.082,20991200,5.082,21000200
2023-06-04,5.058743625,21000100,5.013,20991200,5.013,21000200
2023-06-05,4.76307,21000100,4.72,20991200,4.72,21000200
2023-06-06,4.784941773458333,21000100,4.769,20991200,4.769,21000200
2023-06-07,4.5935369999999995,21000100,4.552,20991200,4.552,21000200
2023-06-08,4.670230500000001,21000100,4.628,20991200,4.628,21000200
2023-06-09,4.622801625000001,21000100,4.581,20991200,4.581,21000200
2023-06-10,4.066518220698111,21000100,4.061,20991200,4.061,21000200
2023-06-11,4.055801136260041,21000100,4.058,20991200,4.058,21000200
2023-06-12,4.3185157477,21000100,4.296,20991200,4.296,21000200
2023-06-13,4.2769205884132955,21000100,4.287,20991200,4.287,21000200
2023-06-14,4.386433186093818,21000100,4.403,20991200,4.403,21000200
2023-06-15,4.4223865299,21000100,4.423,20991200,4.423,21000200
2023-06-16,4.552396720862499,21000100,4.551,20991200,4.551,21000200
2023-06-17,4.553595116291667,21000100,4.526,20991200,4.526,21000200
2023-06-18,4.5086490950875,21000100,4.479,20991200,4.479,21000200
2023-06-19,4.5090033093375,21000100,4.479,20991200,4.479,21000200
2023-06-20,4.591656368045833,21000100,4.571,20991200,4.571,21000200
2023-06-21,4.801757051087501,21000100,4.767,20991200,4.767,21000200
2023-06-22,4.736779667366667,21000100,4.723,20991200,4.723,21000200
2023-06-23,4.904347500000001,21000100,4.86,20991200,4.86,21000200
2023-06-24,4.763359330125001,21000100,4.73,20991200,4.73,21000200
2023-06-25,5.47147575,21000100,5.422,20991200,5.422,21000200
2023-06-26,5.268510729220834,21000100,5.267,20991200,5.267,21000200
2023-06-27,5.308181916075,21000100,5.279,20991200,5.279,21000200
2023-06-28,4.861650828999999,21000100,4.83,20991200,4.83,21000200
2023-06-29,4.96094424,21000100,4.92,20991200,4.92,21000200
2023-06-30,5.29805527895,21000100,5.268,20991200,5.268,21000200
2023-07-01,5.629474282891666,21000100,5.587,20991200,5.587,21000200
2023-07-02,5.61678975,21000100,5.566,20991200,5.566,21000200
2023-07-03,5.571379125,21000100,5.521,20991200,5.521,21000200
2023-07-04,5.553214875,21000100,5.503,20991200,5.503,21000200
2023-07-05,5.45532975,21000100,5.406,20991200,5.406,21000200
2023-07-06,5.298097215666667,21000100,5.26,20991200,5.26,21000200
2023-07-07,5.522925418350001,21000100,5.476,20991200,5.476,21000200
2023-07-08,5.262655481683334,21000100,5.246,20991200,5.246,21000200
2023-07-09,5.2168311479166665,21000100,5.225,20991200,5.225,21000200
2023-07-10,5.260218785241666,21000100,5.234,20991200,5.234,21000200
2023-07-11,5.301207375425,21000100,5.259,20991200,5.259,21000200
2023-07-12,5.320107,21000100,5.272,20991200,5.272,21000200
2023-07-13,5.889556084883333,21000100,5.873,20991200,5.873,21000200
2023-07-14,5.9235637500000005,21000100,5.87,20991200,5.87,21000200
2023-07-15,5.8650345,21000100,5.812,20991200,5.812,21000200
2023-07-16,5.77017675,21000100,5.718,20991200,5.718,21000200
2023-07-17,5.93352662175,21000100,5.908,20991200,5.908,21000200
2023-07-18,5.95989225,21000100,5.906,20991200,5.906,21000200
2023-07-19,5.924572875000001,21000100,5.871,20991200,5.871,21000200
2023-07-20,6.067868625,21000100,6.013,20991200,6.013,21000200
2023-07-21,6.257584125,21000100,6.201,20991200,6.201,21000200
2023-07-22,6.0356028036,21000100,5.988,20991200,5.988,21000200
2023-07-23,6.171438306716667,21000100,6.134,20991200,6.134,21000200
2023-07-24,5.822595617733333,21000100,5.776,20991200,5.776,21000200
2023-07-25,5.8266239751499995,21000100,5.788,20991200,5.788,21000200
2023-07-26,5.882786541,21000100,5.84,20991200,5.84,21000200
2023-07-27,5.909228305041666,21000100,5.87,20991200,5.87,21000200
2023-07-28,6.047593170600001,21000100,6.008,20991200,6.008,21000200
2023-07-29,6.3767199573875,21000100,6.321,20991200,6.321,21000200
2023-07-30,6.47252775,21000100,6.414,20991200,6.414,21000200
2023-07-31,6.5835315,21000100,6.524,20991200,6.524,21000200
2023-08-01,6.743982375,21000100,6.683,20991200,6.683,21000200
2023-08-02,6.208137000000001,21000100,6.152,20991200,6.152,21000200
2023-08-03,6.1351590915416665,21000100,6.095,20991200,6.095,21000200
2023-08-04,6.1233705,21000100,6.068,20991200,6.068,21000200
2023-08-05,6.144562125000001,21000100,6.089,20991200,6.089,21000200
2023-08-06,6.007321125000001,21000100,5.953,20991200,5.953,21000200
2023-08-07,5.913356500737501,21000100,5.871,20991200,5.871,21000200
2023-08-08,6.134470875,21000100,6.079,20991200,6.079,21000200
2023-08-09,6.304003875,21000100,6.247,20991200,6.247,21000200
2023-08-10,6.24648375,21000100,6.19,20991200,6.19,21000200
2023-08-11,6.257584125,21000100,6.201,20991200,6.201,21000200
2023-08-12,6.27877575,21000100,6.222,20991200,6.222,21000200
2023-08-13,6.1385073750000005,21000100,6.083,20991200,6.083,21000200
2023-08-14,6.3171225,21000100,6.26,20991200,6.26,21000200
2023-08-15,6.00429375,21000100,5.95,20991200,5.95,21000200
2023-08-16,5.5011376471333335,21000100,5.456,20991200,5.456,21000200
2023-08-17,4.9937685942291665,21000100,4.985,20991200,4.985,21000200
2023-08-18,4.906571733354166,21000100,4.903,20991200,4.903,21000200
2023-08-19,4.928237385316666,21000100,4.906,20991200,4.906,21000200
2023-08-20,4.91283420445,21000100,4.899,20991200,4.899,21000200
2023-08-21,4.768991044999999,21000100,4.76,20991200,4.76,21000200
2023-08-22,4.695974350004167,21000100,4.667,20991200,4.667,21000200
2023-08-23,4.7806034373375,21000100,4.761,20991200,4.761,21000200
2023-08-24,4.646917725216667,21000100,4.658,20991200,4.658,21000200
2023-08-25,4.571025007025,21000100,4.549,20991200,4.549,21000200
2023-08-26,4.61576448795,21000100,4.598,20991200,4.598,21000200
2023-08-27,4.706718248341667,21000100,4.682,20991200,4.682,21000200
2023-08-28,4.707099895983333,21000100,4.669,20991200,4.669,21000200
2023-08-29,4.800514941787499,21000100,4.797,20991200,4.797,21000200
2023-08-30,4.6801129627,21000100,4.638,20991200,4.638,21000200
2023-08-31,4.3953983892,21000100,4.368,20991200,4.368,21000200
2023-09-01,4.244248965341667,21000100,4.262,20991200,4.262,21000200
2023-09-02,4.429633068333334,21000100,4.397,20991200,4.397,21000200
2023-09-03,4.434923935433334,21000100,4.408,20991200,4.408,21000200
2023-09-04,4.469257232,21000100,4.44,20991200,4.44,21000200
2023-09-05,4.41794925,21000100,4.378,20991200,4.378,21000200
2023-09-06,4.46617652925,21000100,4.458,20991200,4.458,21000200
2023-09-07,4.509117880050001,21000100,4.474,20991200,4.474,21000200
2023-09-08,4.358996202154167,21000100,4.363,20991200,4.363,21000200
2023-09-09,4.307746351258333,21000100,4.318,20991200,4.318,21000200
2023-09-10,4.2062399073000005,21000100,4.216,20991200,4.216,21000200
2023-09-11,4.1163953272125005,21000100,4.107,20991200,4.107,21000200
2023-09-12,4.210118697333334,21000100,4.192,20991200,4.192,21000200
2023-09-13,4.27963764085,21000100,4.251,20991200,4.251,21000200
2023-09-14,4.298216515266667,21000100,4.268,20991200,4.268,21000200
2023-09-15,4.374476489375,21000100,4.35,20991200,4.35,21000200
2023-09-16,4.350213799370834,21000100,4.333,20991200,4.333,21000200
2023-09-17,4.2808338545958335,21000100,4.279,20991200,4.279,21000200
2023-09-18,4.356842294754167,21000100,4.357,20991200,4.357,21000200
2023-09-19,4.420989512649999,21000100,4.404,20991200,4.404,21000200
2023-09-20,4.3641654894999995,21000100,4.36,20991200,4.36,21000200
2023-09-21,4.2327999501708335,21000100,4.237,20991200,4.237,21000200
2023-09-22,4.249838021333334,21000100,4.256,20991200,4.256,21000200
2023-09-23,4.2714073413375,21000100,4.277,20991200,4.277,21000200
2023-09-24,4.249466317087499,21000100,4.233,20991200,4.233,21000200
2023-09-25,4.29102754195,21000100,4.269,20991200,4.269,21000200
2023-09-26,4.295845125,21000100,4.257,20991200,4.257,21000200
2023-09-27,4.263966446475,21000100,4.247,20991200,4.247,21000200
2023-09-28,4.4075432128,21000100,4.416,20991200,4.416,21000200
2023-09-29,4.3982514923,21000100,4.398,20991200,4.398,21000200
2023-09-30,4.4708464198749995,21000100,4.454,20991200,4.454,21000200
2023-10-01,4.688237723166667,21000100,4.652,20991200,4.652,21000200
2023-10-02,4.461478265999999,21000100,4.454,20991200,4.454,21000200
2023-10-03,4.3612446852125,21000100,4.359,20991200,4.359,21000200
2023-10-04,4.2875753151875,21000100,4.305,20991200,4.305,21000200
2023-10-05,4.2947376862499995,21000100,4.302,20991200,4.302,21000200
2023-10-06,4.422946123500001,21000100,4.392,20991200,4.392,21000200
2023-10-07,4.397570307312501,21000100,4.371,20991200,4.371,21000200
2023-10-08,4.354328861758333,21000100,4.334,20991200,4.334,21000200
2023-10-09,4.131089547,21000100,4.14,20991200,4.14,21000200
2023-10-10,4.1086062527,21000100,4.119,20991200,4.119,21000200
2023-10-11,4.147364978133334,21000100,4.126,20991200,4.126,21000200
2023-10-12,4.002185672783334,21000100,3.998,20991200,3.998,21000200
2023-10-13,4.0006491744875,21000100,4.027,20991200,4.027,21000200
2023-10-14,4.105963040833333,21000100,4.082,20991200,4.082,21000200
2023-10-15,4.1345397551,21000100,4.101,20991200,4.101,21000200
2023-10-16,4.111417863,21000100,4.116,20991200,4.116,21000200
2023-10-17,3.8502154693592017,21000100,3.885,20991200,3.885,21000200
2023-10-18,3.919079054,21000100,3.93,20991200,3.93,21000200
2023-10-19,3.9612539406333336,21000100,3.928,20991200,3.928,21000200
2023-10-20,4.031454375,21000100,3.995,20991200,3.995,21000200
2023-10-21,4.178786625,21000100,4.141,20991200,4.141,21000200
2023-10-22,4.2504345,21000100,4.212,20991200,4.212,21000200
2023-10-23,4.41791983175,21000100,4.38,20991200,4.38,21000200
2023-10-24,4.257498375000001,21000100,4.219,20991200,4.219,21000200
2023-10-25,4.205023875,21000100,4.167,20991200,4.167,21000200
2023-10-26,4.139397076975,21000100,4.107,20991200,4.107,21000200
2023-10-27,4.0539403063125,21000100,4.023,20991200,4.023,21000200
2023-10-28,4.1212665,21000100,4.084,20991200,4.084,21000200
2023-10-29,4.19594175,21000100,4.158,20991200,4.158,21000200
2023-10-30,4.220160750000001,21000100,4.182,20991200,4.182,21000200
2023-10-31,4.187868750000001,21000100,4.15,20991200,4.15,21000200
2023-11-01,4.84581825,21000100,4.802,20991200,4.802,21000200
2023-11-02,4.766741287533333,21000100,4.696,20991200,4.696,21000200
2023-11-03,4.698486,21000100,4.656,20991200,4.656,21000200
2023-11-04,4.7590335,21000100,4.716,20991200,4.716,21000200
2023-11-05,4.82159925,21000100,4.778,20991200,4.778,21000200
2023-11-06,5.163602049733333,21000100,5.114,20991200,5.114,21000200
2023-11-07,5.010848688124999,21000100,4.935,20991200,4.935,21000200
2023-11-08,5.230294875,21000100,5.183,20991200,5.183,21000200
2023-11-09,5.184702700837501,21000100,5.121,20991200,5.121,21000200
2023-11-10,5.335243875,21000100,5.287,20991200,5.287,21000200
2023-11-11,5.511775041867712,21000100,5.4,20991200,5.4,21000200
2023-11-12,5.550152350256865,21000100,5.424,20991200,5.424,21000200
2023-11-13,5.337341780875,21000100,5.226,20991200,5.226,21000200
2023-11-14,5.11213544005,21000100,5.062,20991200,5.062,21000200
2023-11-15,5.438174625,21000100,5.389,20991200,5.389,21000200
2023-11-16,5.2771537,21000100,5.2,20991200,5.2,21000200
2023-11-17,5.155619625,21000100,5.109,20991200,5.109,21000200
2023-11-18,5.11222725,21000100,5.066,20991200,5.066,21000200
2023-11-19,5.284787625000001,21000100,5.237,20991200,5.237,21000200
2023-11-20,5.240386125,21000100,5.193,20991200,5.193,21000200
2023-11-21,4.893247125,21000100,4.849,20991200,4.849,21000200
2023-11-22,6.166762875,21000100,6.111,20991200,6.111,21000200
2023-11-23,6.388770375000001,21000100,6.331,20991200,6.331,21000200
2023-11-24,6.224283000000001,21000100,6.168,20991200,6.168,21000200
2023-11-25,6.224283000000001,21000100,6.168,20991200,6.168,21000200
2023-11-26,6.238410750000001,21000100,6.182,20991200,6.182,21000200
2023-11-27,6.354460125,21000100,6.297,20991200,6.297,21000200
2023-11-28,6.225292125,21000100,6.169,20991200,6.169,21000200
2023-11-29,6.060804750000001,21000100,6.006,20991200,6.006,21000200
2023-11-30,6.01640325,21000100,5.962,20991200,5.962,21000200
2023-12-01,6.073923375000001,21000100,6.019,20991200,6.019,21000200
2023-12-02,6.231346875,21000100,6.175,20991200,6.175,21000200
2023-12-03,6.1569735863625,21000100,6.061,20991200,6.061,21000200
2023-12-04,6.198901602449999,21000100,6.114,20991200,6.114,21000200
2023-12-05,6.321159000000001,21000100,6.264,20991200,6.264,21000200
2023-12-06,6.088442554583333,21000100,6.002,20991200,6.002,21000200
2023-12-07,6.359888758583334,21000100,6.299,20991200,6.299,21000200
2023-12-08,6.6577933663,21000100,6.522,20991200,6.522,21000200
2023-12-09,7.043820390910666,21000100,6.849,20991200,6.849,21000200
2023-12-10,6.740846347995833,21000100,6.611,20991200,6.611,21000200
2023-12-11,6.1845908831,21000100,6.104,20991200,6.104,21000200
2023-12-12,6.297949125,21000100,6.241,20991200,6.241,21000200
2023-12-13,6.373207453366667,21000100,6.302,20991200,6.302,21000200
2023-12-14,6.462987210666667,21000100,6.368,20991200,6.368,21000200
2023-12-15,6.18847381155,21000100,6.036,20991200,6.036,21000200
2023-12-16,6.226301250000001,21000100,6.17,20991200,6.17,21000200
2023-12-17,6.143019084095833,21000100,6.071,20991200,6.071,21000200
2023-12-18,6.00025725,21000100,5.946,20991200,5.946,21000200
2023-12-19,5.89329,21000100,5.84,20991200,5.84,21000200
2023-12-20,6.003549967145832,21000100,5.935,20991200,5.935,21000200
2023-12-21,6.285266645775001,21000100,6.189,20991200,6.189,21000200
2023-12-22,6.559507442245833,21000100,6.397,20991200,6.397,21000200
2023-12-23,6.47769478275,21000100,6.345,20991200,6.345,21000200
2023-12-24,7.0168300784,21000100,6.848,20991200,6.848,21000200
2023-12-25,7.143025912975,21000100,6.977,20991200,6.977,21000200
2023-12-26,7.602596076849999,21000100,7.356,20991200,7.356,21000200
2023-12-27,7.471349557875,21000100,7.245,20991200,7.245,21000200
2023-12-28,8.134457336172447,21000100,7.818,20991200,7.818,21000200
2023-12-29,7.908534047646725,21000100,7.577,20991200,7.577,21000200
2023-12-30,7.660529194966667,21000100,7.364,20991200,7.364,21000200
2023-12-31,7.509923108266667,21000100,7.232,20991200,7.232,21000200
2024-01-01,7.891408204075001,21000100,7.611,20991200,7.611,21000200
2024-01-02,7.540063382066554,21000100,7.18,20991200,7.18,21000200
2024-01-03,6.505106505245832,21000100,6.433,20991200,6.433,21000200
2024-01-04,6.590595375,21000100,6.531,20991200,6.531,21000200
2024-01-05,6.4937193749999995,21000100,6.435,20991200,6.435,21000200
2024-01-06,6.36757875,21000100,6.31,20991200,6.31,21000200
2024-01-07,6.057777375000001,21000100,6.003,20991200,6.003,21000200
2024-01-08,6.293912625000001,21000100,6.237,20991200,6.237,21000200
2024-01-09,6.063832125,21000100,6.009,20991200,6.009,21000200
2024-01-10,6.626923875,21000100,6.567,20991200,6.567,21000200
2024-01-11,6.882232500000001,21000100,6.82,20991200,6.82,21000200
2024-01-12,6.64206075,21000100,6.582,20991200,6.582,21000200
2024-01-13,6.6965535,21000100,6.636,20991200,6.636,21000200
2024-01-14,6.37767,21000100,6.32,20991200,6.32,21000200
2024-01-15,6.733891125,21000100,6.673,20991200,6.673,21000200
2024-01-16,6.886269,21000100,6.824,20991200,6.824,21000200
2024-01-17,6.8358127500000005,21000100,6.774,20991200,6.774,21000200
2024-01-18,6.378679125,21000100,6.321,20991200,6.321,21000200
2024-01-19,6.41601675,21000100,6.358,20991200,6.358,21000200
2024-01-20,6.555276000000001,21000100,6.496,20991200,6.496,21000200
2024-01-21,6.433171875,21000100,6.375,20991200,6.375,21000200
2024-01-22,6.0991515,21000100,6.044,20991200,6.044,21000200
2024-01-23,5.89329,21000100,5.84,20991200,5.84,21000200
2024-01-24,5.91952725,21000100,5.866,20991200,5.866,21000200
2024-01-25,5.8004505,21000100,5.748,20991200,5.748,21000200
2024-01-26,6.00429375,21000100,5.95,20991200,5.95,21000200
2024-01-27,6.04062225,21000100,5.986,20991200,5.986,21000200
2024-01-28,5.9952116250000005,21000100,5.941,20991200,5.941,21000200
2024-01-29,6.199054875,21000100,6.143,20991200,6.143,21000200
2024-01-30,6.313086,21000100,6.256,20991200,6.256,21000200
2024-01-31,6.05273175,21000100,5.998,20991200,5.998,21000200
2024-02-01,6.10116975,21000100,6.046,20991200,6.046,21000200
2024-02-02,6.1879545,21000100,6.132,20991200,6.132,21000200
2024-02-03,6.1637355,21000100,6.108,20991200,6.108,21000200
2024-02-04,6.03254925,21000100,5.978,20991200,5.978,21000200
2024-02-05,6.055759125000001,21000100,6.001,20991200,6.001,21000200
2024-02-06,6.3332685,21000100,6.276,20991200,6.276,21000200
2024-02-07,6.441736551250001,21000100,6.391,20991200,6.391,21000200
2024-02-08,6.370606125,21000100,6.313,20991200,6.313,21000200
2024-02-09,6.711690375,21000100,6.651,20991200,6.651,21000200
2024-02-10,6.688480500000001,21000100,6.628,20991200,6.628,21000200
2024-02-11,6.741964125,21000100,6.681,20991200,6.681,21000200
2024-02-12,6.9003967500000005,21000100,6.838,20991200,6.838,21000200
2024-02-13,6.743982375,21000100,6.683,20991200,6.683,21000200
2024-02-14,6.955898625000001,21000100,6.893,20991200,6.893,21000200
2024-02-15,7.6027082451,21000100,7.512,20991200,7.512,21000200
2024-02-16,7.568985467166668,21000100,7.448,20991200,7.448,21000200
2024-02-17,7.9123987188000005,21000100,7.776,20991200,7.776,21000200
2024-02-18,7.79075773875,21000100,7.665,20991200,7.665,21000200
2024-02-19,7.8449639382625,21000100,7.707,20991200,7.707,21000200
2024-02-20,7.7808150449791675,21000100,7.565,20991200,7.565,21000200
2024-02-21,7.514837353725001,21000100,7.397,20991200,7.397,21000200
2024-02-22,7.5114908174875,21000100,7.363,20991200,7.363,21000200
2024-02-23,11.673481129116666,21000100,11.404,20991200,11.404,21000200
2024-02-24,11.589451303625,21000100,11.271,20991200,11.271,21000200
2024-02-25,11.516460638749999,21000100,11.15,20991200,11.15,21000200
2024-02-26,11.049332708316667,21000100,10.622,20991200,10.622,21000200
2024-02-27,11.296769520225,21000100,10.843,20991200,10.843,21000200
2024-02-28,11.3984140709375,21000100,10.939,20991200,10.939,21000200
2024-02-29,11.755355284532305,21000100,11.14,20991200,11.14,21000200
2024-03-01,12.112363025474998,21000100,11.577,20991200,11.577,21000200
2024-03-02,13.360708498316667,21000100,12.628,20991200,12.628,21000200
2024-03-03,13.362821956799998,21000100,12.648,20991200,12.648,21000200
2024-03-04,12.9729374235,21000100,12.372,20991200,12.372,21000200
2024-03-05,14.069518430346454,21000100,13.193,20991200,13.193,21000200
2024-03-06,15.7266041297625,21000100,15.417,20991200,15.417,21000200
2024-03-07,15.2553051079,21000100,14.892,20991200,14.892,21000200
2024-03-08,15.062895997725,21000100,14.598,20991200,14.598,21000200
2024-03-09,14.75556577,21000100,14.2,20991200,14.2,21000200
2024-03-10,14.962314404083335,21000100,14.246,20991200,14.246,21000200
2024-03-11,15.137321573549999,21000100,14.459,20991200,14.459,21000200
2024-03-12,14.815922830524999,21000100,14.078,20991200,14.078,21000200
2024-03-13,14.9292407367375,21000100,14.243,20991200,14.243,21000200
2024-03-14,14.623608107408332,21000100,13.967,20991200,13.967,21000200
2024-03-15,13.413142376316667,21000100,13.076,20991200,13.076,21000200
2024-03-16,12.265132783745834,21000100,12.043,20991200,12.043,21000200
2024-03-17,12.55818230095,21000100,12.436,20991200,12.436,21000200
2024-03-18,12.032355201433333,21000100,11.884,20991200,11.884,21000200
2024-03-19,10.76106390645,21000100,10.621,20991200,10.621,21000200
2024-03-20,12.029779125,21000100,11.921,20991200,11.921,21000200
2024-03-21,12.3072885,21000100,12.196,20991200,12.196,21000200
2024-03-22,11.881049089879166,21000100,11.771,20991200,11.771,21000200
2024-03-23,11.782941826829164,21000100,11.623,20991200,11.623,21000200
2024-03-24,12.201441688812498,21000100,12.049,20991200,12.049,21000200
2024-03-25,12.58816332065,21000100,12.436,20991200,12.436,21000200
2024-03-26,12.904186908325002,21000100,12.707,20991200,12.707,21000200
2024-03-27,12.620434558241666,21000100,12.262,20991200,12.262,21000200
2024-03-28,13.245328847566668,21000100,12.767,20991200,12.767,21000200
2024-03-29,13.054446005925001,21000100,12.654,20991200,12.654,21000200
2024-03-30,13.088053820166667,21000100,12.62,20991200,12.62,21000200
2024-03-31,13.507975745491668,21000100,12.959,20991200,12.959,21000200
2024-04-01,12.806606982075,21000100,12.426,20991200,12.426,21000200
2024-04-02,11.445615924216666,21000100,11.309,20991200,11.309,21000200
2024-04-03,10.987463682966665,21000100,10.876,20991200,10.876,21000200
2024-04-04,11.086093490333331,21000100,10.985,20991200,10.985,21000200
2024-04-05,11.041737941208332,21000100,10.934,20991200,10.934,21000200
2024-04-06,11.351123671900002,21000100,11.246,20991200,11.246,21000200
2024-04-07,11.513107125000001,21000100,11.409,20991200,11.409,21000200
2024-04-08,11.773887361425,21000100,11.634,20991200,11.634,21000200
2024-04-09,11.420859820825,21000100,11.219,20991200,11.219,21000200
2024-04-10,10.215177885500001,21000100,10.052,20991200,10.052,21000200
2024-04-11,9.231545062916666,21000100,9.148,20991200,9.148,21000200
2024-04-12,8.020148363266667,21000100,7.924,20991200,7.924,21000200
2024-04-13,6.970026375000001,21000100,6.907,20991200,6.907,21000200
2024-04-14,7.58660175,21000100,7.518,20991200,7.518,21000200
2024-04-15,7.3090923750000005,21000100,7.243,20991200,7.243,21000200
2024-04-16,7.244186873175,21000100,7.182,20991200,7.182,21000200
2024-04-17,6.9152170314375,21000100,6.885,20991200,6.885,21000200
2024-04-18,7.342814986312501,21000100,7.295,20991200,7.295,21000200
2024-04-19,7.537093668000002,21000100,7.488,20991200,7.488,21000200
2024-04-20,7.9258812304375,21000100,7.869,20991200,7.869,21000200
2024-04-21,7.76051949245,21000100,7.723,20991200,7.723,21000200
2024-04-22,8.227948763970833,21000100,8.197,20991200,8.197,21000200
2024-04-23,7.951169965566668,21000100,7.942,20991200,7.942,21000200
2024-04-24,7.742689093470833,21000100,7.711,20991200,7.711,21000200
2024-04-25,7.984247439804165,21000100,7.927,20991200,7.927,21000200
2024-04-26,7.707938151775,21000100,7.701,20991200,7.701,21000200
2024-04-27,8.002426531025,21000100,7.971,20991200,7.971,21000200
2024-04-28,7.861676325275001,21000100,7.823,20991200,7.823,21000200
2024-04-29,7.721900103874999,21000100,7.685,20991200,7.685,21000200
2024-04-30,7.077804543499999,21000100,7.032,20991200,7.032,21000200
2024-05-01,7.0398028246375,21000100,7.041,20991200,7.041,21000200
2024-05-02,7.1412472577375,21000100,7.103,20991200,7.103,21000200
2024-05-03,7.621513546033333,21000100,7.576,20991200,7.576,21000200
2024-05-04,7.555296308433332,21000100,7.528,20991200,7.528,21000200
2024-05-05,7.6331878964,21000100,7.584,20991200,7.584,21000200
2024-05-06,7.531181509874999,21000100,7.47,20991200,7.47,21000200
2024-05-07,7.460461125,21000100,7.393,20991200,7.393,21000200
2024-05-08,7.391840625,21000100,7.325,20991200,7.325,21000200
2024-05-09,7.5684375,21000100,7.5,20991200,7.5,21000200
2024-05-10,7.166805750000001,21000100,7.102,20991200,7.102,21000200
2024-05-11,7.035499605633333,21000100,7.031,20991200,7.031,21000200
2024-05-12,7.0646551058333324,21000100,7.058,20991200,7.058,21000200
2024-05-13,7.054895118737501,21000100,7.003,20991200,7.003,21000200
2024-05-14,6.842876625,21000100,6.781,20991200,6.781,21000200
2024-05-15,7.3637296186666665,21000100,7.36,20991200,7.36,21000200
2024-05-16,7.3575303750000005,21000100,7.291,20991200,7.291,21000200
2024-05-17,7.555318875,21000100,7.487,20991200,7.487,21000200
2024-05-18,7.894977230525001,21000100,7.854,20991200,7.854,21000200
2024-05-19,7.68331866935,21000100,7.636,20991200,7.636,21000200
2024-05-20,9.369438279666667,21000100,9.328,20991200,9.328,21000200
2024-05-21,9.749156625,21000100,9.661,20991200,9.661,21000200
2024-05-22,9.395962875,21000100,9.311,20991200,9.311,21000200
2024-05-23,9.17294625,21000100,9.09,20991200,9.09,21000200
2024-05-24,10.308211875,21000100,10.215,20991200,10.215,21000200
2024-05-25,11.4354045,21000100,11.332,20991200,11.332,21000200
2024-05-26,11.279999250000001,21000100,11.178,20991200,11.178,21000200
2024-05-27,11.165968125000001,21000100,11.065,20991200,11.065,21000200
2024-05-28,11.254133521895836,21000100,11.117,20991200,11.117,21000200
2024-05-29,10.576453150812501,21000100,10.451,20991200,10.451,21000200
2024-05-30,10.883430223133333,21000100,10.768,20991200,10.768,21000200
2024-05-31,10.05693975,21000100,9.966,20991200,9.966,21000200
2024-06-01,9.98024625,21000100,9.89,20991200,9.89,21000200
2024-06-02,9.5385498962,21000100,9.426,20991200,9.426,21000200
2024-06-03,9.587696625,21000100,9.501,20991200,9.501,21000200
2024-06-04,11.577691125000001,21000100,11.473,20991200,11.473,21000200
2024-06-05,11.287944878000001,21000100,11.172,20991200,11.172,21000200
2024-06-06,10.740309884366665,21000100,10.628,20991200,10.628,21000200
2024-06-07,9.957784841958333,21000100,9.821,20991200,9.821,21000200
2024-06-08,10.1437245,21000100,10.052,20991200,10.052,21000200
2024-06-09,9.910616625,21000100,9.821,20991200,9.821,21000200
2024-06-10,10.445452875,21000100,10.351,20991200,10.351,21000200
2024-06-11,9.05185125,21000100,8.97,20991200,8.97,21000200
2024-06-12,10.172989125,21000100,10.081,20991200,10.081,21000200
2024-06-13,10.2486735,21000100,10.156,20991200,10.156,21000200
2024-06-14,10.519119,21000100,10.424,20991200,10.424,21000200
2024-06-15,11.621083500000001,21000100,11.516,20991200,11.516,21000200
2024-06-16,12.089317500000002,21000100,11.98,20991200,11.98,21000200
2024-06-17,10.698743250000001,21000100,10.602,20991200,10.602,21000200
2024-06-18,9.838126400666665,21000100,9.76,20991200,9.76,21000200
2024-06-19,10.01547948085,21000100,9.948,20991200,9.948,21000200
2024-06-20,10.0960794887875,21000100,10.023,20991200,10.023,21000200
2024-06-21,9.885025290000002,21000100,9.8,20991200,9.8,21000200
2024-06-22,9.865760507100001,21000100,9.832,20991200,9.832,21000200
2024-06-23,9.833213097533333,21000100,9.767,20991200,9.767,21000200
2024-06-24,9.394448393,21000100,9.32,20991200,9.32,21000200
2024-06-25,9.567422647916667,21000100,9.5,20991200,9.5,21000200
2024-06-26,9.474674625,21000100,9.389,20991200,9.389,21000200
2024-06-27,9.587696625,21000100,9.501,20991200,9.501,21000200
2024-06-28,9.079097625000001,21000100,8.997,20991200,8.997,21000200
2024-06-29,8.844135256183334,21000100,8.852,20991200,8.852,21000200
2024-06-30,9.35817996915,21000100,9.291,20991200,9.291,21000200
2024-07-01,9.226429875000001,21000100,9.143,20991200,9.143,21000200
2024-07-02,9.07607025,21000100,8.994,20991200,8.994,21000200
2024-07-03,8.594717625,21000100,8.517,20991200,8.517,21000200
2024-07-04,7.6920754134500005,21000100,7.626,20991200,7.626,21000200
2024-07-05,7.805996633741667,21000100,7.771,20991200,7.771,21000200
2024-07-06,8.2551914907,21000100,8.184,20991200,8.184,21000200
2024-07-07,7.686998139641666,21000100,7.643,20991200,7.643,21000200
2024-07-08,8.082627263345834,21000100,8.029,20991200,8.029,21000200
2024-07-09,8.220019065133332,21000100,8.168,20991200,8.168,21000200
2024-07-10,8.084691562325002,21000100,8.022,20991200,8.022,21000200
2024-07-11,7.8755321892,21000100,7.824,20991200,7.824,21000200
2024-07-12,8.1855729332,21000100,8.112,20991200,8.112,21000200
2024-07-13,8.213557722066668,21000100,8.152,20991200,8.152,21000200
2024-07-14,8.493805125,21000100,8.417,20991200,8.417,21000200
2024-07-15,8.647119521854169,21000100,8.585,20991200,8.585,21000200
2024-07-16,8.202814088208333,21000100,8.165,20991200,8.165,21000200
2024-07-17,7.975872923200001,21000100,7.917,20991200,7.917,21000200
2024-07-18,7.900068430625001,21000100,7.833,20991200,7.833,21000200
2024-07-19,8.062852853291668,21000100,7.99,20991200,7.99,21000200
2024-07-20,8.023439371875,21000100,8.007,20991200,8.007,21000200
2024-07-21,8.163201505454166,21000100,8.123,20991200,8.123,21000200
2024-07-22,7.874609755200001,21000100,7.808,20991200,7.808,21000200
2024-07-23,7.742603128854166,21000100,7.705,20991200,7.705,21000200
2024-07-24,7.480055248091666,21000100,7.418,20991200,7.418,21000200
2024-07-25,7.316132751041667,21000100,7.285,20991200,7.285,21000200
2024-07-26,7.715336666566666,21000100,7.672,20991200,7.672,21000200
2024-07-27,7.736961375,21000100,7.667,20991200,7.667,21000200
2024-07-28,7.524412988120833,21000100,7.529,20991200,7.529,21000200
2024-07-29,7.71382349,21000100,7.676,20991200,7.676,21000200
2024-07-30,7.451721354395833,21000100,7.387,20991200,7.387,21000200
2024-07-31,7.194294144825,21000100,7.166,20991200,7.166,21000200
2024-08-01,7.173904113566667,21000100,7.178,20991200,7.178,21000200
2024-08-02,6.642715568533333,21000100,6.608,20991200,6.608,21000200
2024-08-03,6.6125744156295765,21000100,6.623,20991200,6.623,21000200
2024-08-04,6.130045653644189,21000100,6.145,20991200,6.145,21000200
2024-08-05,5.37544744825,21000100,5.361,20991200,5.361,21000200
2024-08-06,5.788355911683333,21000100,5.782,20991200,5.782,21000200
2024-08-07,5.6886328126,21000100,5.657,20991200,5.657,21000200
2024-08-08,6.31575196825,21000100,6.278,20991200,6.278,21000200
2024-08-09,6.170911800958334,21000100,6.139,20991200,6.139,21000200
2024-08-10,6.217575255000001,21000100,6.184,20991200,6.184,21000200
2024-08-11,5.908451918850001,21000100,5.902,20991200,5.902,21000200
2024-08-12,6.249942359354168,21000100,6.235,20991200,6.235,21000200
2024-08-13,6.319183779473585,21000100,6.34,20991200,6.34,21000200
2024-08-14,6.442546759629167,21000100,6.433,20991200,6.433,21000200
2024-08-15,6.22606150155,21000100,6.204,20991200,6.204,21000200
2024-08-16,6.4974080977,21000100,6.493,20991200,6.493,21000200
2024-08-17,6.408258427724999,21000100,6.414,20991200,6.414,21000200
2024-08-18,6.1818485596875,21000100,6.165,20991200,6.165,21000200
2024-08-19,6.193325623354166,21000100,6.191,20991200,6.191,21000200
2024-08-20,6.292613941908332,21000100,6.254,20991200,6.254,21000200
2024-08-21,7.127238998424999,21000100,7.098,20991200,7.098,21000200
2024-08-22,6.967063294312499,21000100,6.915,20991200,6.915,21000200
2024-08-23,7.045006060020833,21000100,6.995,20991200,6.995,21000200
2024-08-24,6.959387756620834,21000100,6.913,20991200,6.913,21000200
2024-08-25,6.663530617975,21000100,6.622,20991200,6.622,21000200
2024-08-26,6.307203987583333,21000100,6.286,20991200,6.286,21000200
2024-08-27,5.727378337416666,21000100,5.71,20991200,5.71,21000200
2024-08-28,5.733314811507972,21000100,5.766,20991200,5.766,21000200
2024-08-29,5.805352474199999,21000100,5.832,20991200,5.832,21000200
2024-08-30,5.894256703,21000100,5.89,20991200,5.89,21000200
2024-08-31,5.961927410516667,21000100,5.939,20991200,5.939,21000200
2024-09-01,5.616371902799999,21000100,5.608,20991200,5.608,21000200
2024-09-02,6.0765935596,21000100,6.101,20991200,6.101,21000200
2024-09-03,6.0878403691125005,21000100,6.037,20991200,6.037,21000200
2024-09-04,6.429822845516666,21000100,6.427,20991200,6.427,21000200
2024-09-05,6.341372441625,21000100,6.305,20991200,6.305,21000200
2024-09-06,6.227461566283333,21000100,6.172,20991200,6.172,21000200
2024-09-07,6.4621844254,21000100,6.428,20991200,6.428,21000200
2024-09-08,6.376444471687499,21000100,6.345,20991200,6.345,21000200
2024-09-09,6.741989418266667,21000100,6.728,20991200,6.728,21000200
2024-09-10,6.7260268922,21000100,6.699,20991200,6.699,21000200
2024-09-11,6.735627603375,21000100,6.746,20991200,6.746,21000200
2024-09-12,6.7618172972999995,21000100,6.786,20991200,6.786,21000200
2024-09-13,6.9407434677,21000100,6.933,20991200,6.933,21000200
2024-09-14,6.6417180424958335,21000100,6.661,20991200,6.661,21000200
2024-09-15,6.563336283041667,21000100,6.529,20991200,6.529,21000200
2024-09-16,6.4227624834000006,21000100,6.408,20991200,6.408,21000200
2024-09-17,6.8019583504,21000100,6.784,20991200,6.784,21000200
2024-09-18,6.784608023916667,21000100,6.77,20991200,6.77,21000200
2024-09-19,6.8338612536,21000100,6.793,20991200,6.793,21000200
2024-09-20,6.85511770125,21000100,6.825,20991200,6.825,21000200
2024-09-21,6.9504140213625005,21000100,6.899,20991200,6.899,21000200
2024-09-22,6.663278934383333,21000100,6.631,20991200,6.631,21000200
2024-09-23,6.86543523065,21000100,6.819,20991200,6.819,21000200
2024-09-24,6.987181500000001,21000100,6.924,20991200,6.924,21000200
2024-09-25,6.833794500000001,21000100,6.772,20991200,6.772,21000200
2024-09-26,7.419087000000001,21000100,7.352,20991200,7.352,21000200
2024-09-27,7.673616811520833,21000100,7.615,20991200,7.615,21000200
2024-09-28,7.668340875,21000100,7.599,20991200,7.599,21000200
2024-09-29,7.516972125000001,21000100,7.449,20991200,7.449,21000200
2024-09-30,7.453637977983333,21000100,7.388,20991200,7.388,21000200
2024-10-01,6.9037145187333335,21000100,6.863,20991200,6.863,21000200
2024-10-02,6.689939092433333,21000100,6.664,20991200,6.664,21000200
2024-10-03,6.548802833700001,21000100,6.562,20991200,6.562,21000200
2024-10-04,6.7075265687291665,21000100,6.715,20991200,6.715,21000200
2024-10-05,6.8155379297500005,21000100,6.82,20991200,6.82,21000200
2024-10-06,7.082910086175,21000100,7.074,20991200,7.074,21000200
2024-10-07,7.278583254525,21000100,7.227,20991200,7.227,21000200
2024-10-08,7.2374445000000005,21000100,7.172,20991200,7.172,21000200
2024-10-09,7.353493875,21000100,7.287,20991200,7.287,21000200
2024-10-10,8.139448292991666,21000100,8.126,20991200,8.126,21000200
2024-10-11,7.931522224870833,21000100,7.891,20991200,7.891,21000200
2024-10-12,8.197122375,21000100,8.123,20991200,8.123,21000200
2024-10-13,7.748061750000001,21000100,7.678,20991200,7.678,21000200
2024-10-14,8.193666412983333,21000100,8.132,20991200,8.132,21000200
2024-10-15,7.916585625,21000100,7.845,20991200,7.845,21000200
2024-10-16,7.6390762500000005,21000100,7.57,20991200,7.57,21000200
2024-10-17,7.412023125,21000100,7.345,20991200,7.345,21000200
2024-10-18,7.532109000000001,21000100,7.464,20991200,7.464,21000200
2024-10-19,7.38477675,21000100,7.318,20991200,7.318,21000200
2024-10-20,7.829800875000001,21000100,7.759,20991200,7.759,21000200
2024-10-21,7.862092875000001,21000100,7.791,20991200,7.791,21000200
2024-10-22,8.067954375000001,21000100,7.995,20991200,7.995,21000200
2024-10-23,7.925667750000001,21000100,7.854,20991200,7.854,21000200
2024-10-24,8.114374125000001,21000100,8.041,20991200,8.041,21000200
2024-10-25,7.494771375,21000100,7.427,20991200,7.427,21000200
2024-10-26,7.497057517599999,21000100,7.441,20991200,7.441,21000200
2024-10-27,7.601738625,21000100,7.533,20991200,7.533,21000200
2024-10-28,7.8540198750000005,21000100,7.783,20991200,7.783,21000200
2024-10-29,8.007406875,21000100,7.935,20991200,7.935,21000200
2024-10-30,8.191067625,21000100,8.117,20991200,8.117,21000200
2024-10-31,7.683477750000001,21000100,7.614,20991200,7.614,21000200
2024-11-01,7.61889375,21000100,7.55,20991200,7.55,21000200
2024-11-02,7.45743375,21000100,7.39,20991200,7.39,21000200
2024-11-03,7.10625825,21000100,7.042,20991200,7.042,21000200
2024-11-04,6.824931905383333,21000100,6.779,20991200,6.779,21000200
2024-11-05,7.258636125,21000100,7.193,20991200,7.193,21000200
2024-11-06,9.376789500000001,21000100,9.292,20991200,9.292,21000200
2024-11-07,8.986258124999999,21000100,8.905,20991200,8.905,21000200
2024-11-08,8.941856625000002,21000100,8.861,20991200,8.861,21000200
2024-11-09,9.337433625000001,21000100,9.253,20991200,9.253,21000200
2024-11-10,9.36354699125,21000100,9.223,20991200,9.223,21000200
2024-11-11,9.490387602575,21000100,9.339,20991200,9.339,21000200
2024-11-12,9.131541073412146,21000100,8.947,20991200,8.947,21000200
2024-11-13,8.7148035,21000100,8.636,20991200,8.636,21000200
2024-11-14,8.257669875,21000100,8.183,20991200,8.183,21000200
2024-11-15,8.649210375000001,21000100,8.571,20991200,8.571,21000200
2024-11-16,9.179805568862498,21000100,9.087,20991200,9.087,21000200
2024-11-17,8.852991452433333,21000100,8.756,20991200,8.756,21000200
2024-11-18,9.387237387066666,21000100,9.248,20991200,9.248,21000200
2024-11-19,9.587484145383334,21000100,9.406,20991200,9.406,21000200
2024-11-20,8.896407517229168,21000100,8.813,20991200,8.813,21000200
2024-11-21,9.339451875000002,21000100,9.255,20991200,9.255,21000200
2024-11-22,10.080302818791667,21000100,9.941,20991200,9.941,21000200
2024-11-23,10.997884772555034,21000100,10.743,20991200,10.743,21000200
2024-11-24,11.171398281375001,21000100,10.91,20991200,10.91,21000200
2024-11-25,11.361638951308333,21000100,11.137,20991200,11.137,21000200
2024-11-26,11.010347140750001,21000100,10.884,20991200,10.884,21000200
2024-11-27,13.790393683600001,21000100,13.542,20991200,13.542,21000200
2024-11-28,12.921503546041667,21000100,12.77,20991200,12.77,21000200
2024-11-29,12.825613452895833,21000100,12.595,20991200,12.595,21000200
2024-11-30,12.945844296,21000100,12.789,20991200,12.789,21000200
2024-12-01,13.359326171562499,21000100,13.075,20991200,13.075,21000200
2024-12-02,14.378276987812502,21000100,14.021,20991200,14.021,21000200
2024-12-03,15.552588090025,21000100,15.134,20991200,15.134,21000200
2024-12-04,16.167508372955577,21000100,15.683,20991200,15.683,21000200
2024-12-05,15.53330943668971,21000100,15.036,20991200,15.036,21000200
2024-12-06,18.085446668495834,21000100,17.579,20991200,17.579,21000200
2024-12-07,18.70167863835,21000100,18.086,20991200,18.086,21000200
2024-12-08,19.255960026799997,21000100,18.613,20991200,18.613,21000200
2024-12-09,16.311710252333334,21000100,16.024,20991200,16.024,21000200
2024-12-10,15.392183625000001,21000100,15.253,20991200,15.253,21000200
2024-12-11,17.317594125000003,21000100,17.161,20991200,17.161,21000200
2024-12-12,17.878667625,21000100,17.717,20991200,17.717,21000200
2024-12-13,17.648587125000002,21000100,17.489,20991200,17.489,21000200
2024-12-14,16.89880725,21000100,16.746,20991200,16.746,21000200
2024-12-15,17.226772875,21000100,17.071,20991200,17.071,21000200
2024-12-16,16.377089625,21000100,16.229,20991200,16.229,21000200
2024-12-17,16.396263,21000100,16.248,20991200,16.248,21000200
2024-12-18,14.927986125,21000100,14.793,20991200,14.793,21000200
2024-12-19,12.83808825,21000100,12.722,20991200,12.722,21000200
2024-12-20,13.793301231100003,21000100,13.672,20991200,13.672,21000200
2024-12-21,13.50007425,21000100,13.378,20991200,13.378,21000200
2024-12-22,13.92441583175,21000100,13.89,20991200,13.89,21000200
2024-12-23,14.395676682600001,21000100,14.283,20991200,14.283,21000200
2024-12-24,14.71909725,21000100,14.586,20991200,14.586,21000200
2024-12-25,14.016166238333335,21000100,13.9,20991200,13.9,21000200
2024-12-26,13.350295069825,21000100,13.258,20991200,13.258,21000200
2024-12-27,13.429680643383334,21000100,13.346,20991200,13.346,21000200
2024-12-28,13.692817125000001,21000100,13.569,20991200,13.569,21000200
2024-12-29,13.117615875000002,21000100,12.999,20991200,12.999,21000200
2024-12-30,13.436499375,21000100,13.315,20991200,13.315,21000200
2024-12-31,13.35879675,21000100,13.238,20991200,13.238,21000200
2025-01-01,13.746300750000001,21000100,13.622,20991200,13.622,21000200
2025-01-02,14.507181000000001,21000100,14.376,20991200,14.376,21000200
2025-01-03,15.348791250000001,21000100,15.21,20991200,15.21,21000200
2025-01-04,15.41337525,21000100,15.274,20991200,15.274,21000200
2025-01-05,15.297325875000002,21000100,15.159,20991200,15.159,21000200
2025-01-06,15.2054955,21000100,15.068,20991200,15.068,21000200
2025-01-07,13.64337,21000100,13.52,20991200,13.52,21000200
2025-01-08,13.196754978016665,21000100,13.108,20991200,13.108,21000200
2025-01-09,12.9448865447,21000100,12.856,20991200,12.856,21000200
2025-01-10,13.9428669173,21000100,13.938,20991200,13.938,21000200
2025-01-11,13.715108916091665,21000100,13.639,20991200,13.639,21000200
2025-01-12,13.685363858399999,21000100,13.624,20991200,13.624,21000200
2025-01-13,12.908118092458333,21000100,12.883,20991200,12.883,21000200
2025-01-14,13.355529854699999,21000100,13.308,20991200,13.308,21000200
2025-01-15,14.668641000000001,21000100,14.536,20991200,14.536,21000200
2025-01-16,14.217562125,21000100,14.089,20991200,14.089,21000200
2025-01-17,15.115683375,21000100,14.979,20991200,14.979,21000200
2025-01-18,14.28229471295,21000100,14.163,20991200,14.163,21000200
2025-01-19,13.405216500000002,21000100,13.284,20991200,13.284,21000200
2025-01-20,13.642360875000001,21000100,13.519,20991200,13.519,21000200
2025-01-21,13.624196625,21000100,13.501,20991200,13.501,21000200
2025-01-22,13.004593875000001,21000100,12.887,20991200,12.887,21000200
2025-01-23,12.915241957887499,21000100,12.799,20991200,12.799,21000200
2025-01-24,12.568651875,21000100,12.455,20991200,12.455,21000200
2025-01-25,12.162630364145834,21000100,12.085,20991200,12.085,21000200
2025-01-26,11.473058985416667,21000100,11.42,20991200,11.42,21000200
2025-01-27,11.084509818841665,21000100,10.997,20991200,10.997,21000200
2025-01-28,11.196388250175,21000100,11.127,20991200,11.127,21000200
2025-01-29,11.706322328912501,21000100,11.721,20991200,11.721,21000200
2025-01-30,12.0061602007875,21000100,11.961,20991200,11.961,21000200
2025-01-31,11.871775427225,21000100,11.767,20991200,11.767,21000200
2025-02-01,10.9357274563875,21000100,10.851,20991200,10.851,21000200
2025-02-02,9.235146030708334,21000100,9.179,20991200,9.179,21000200
2025-02-03,9.867019447675,21000100,9.951,20991200,9.951,21000200
2025-02-04,8.979407991766667,21000100,9.064,20991200,9.064,21000200
2025-02-05,9.326347759233332,21000100,9.266,20991200,9.266,21000200
2025-02-06,8.936137202916665,21000100,8.975,20991200,8.975,21000200
2025-02-07,8.942495429700001,21000100,9.002,20991200,9.002,21000200
2025-02-08,9.156137580254166,21000100,9.133,20991200,9.133,21000200
2025-02-09,9.202206663020833,21000100,9.125,20991200,9.125,21000200
2025-02-10,9.5186974440875,21000100,9.453,20991200,9.453,21000200
2025-02-11,9.417749707866667,21000100,9.374,20991200,9.374,21000200
2025-02-12,9.97446710995,21000100,9.948,20991200,9.948,21000200
2025-02-13,9.937164882866666,21000100,9.884,20991200,9.884,21000200
2025-02-14,10.067805313879168,21000100,10.051,20991200,10.051,21000200
2025-02-15,9.818038009033334,21000100,9.806,20991200,9.806,21000200
2025-02-16,9.613379216399998,21000100,9.578,20991200,9.578,21000200
2025-02-17,9.980507334625,21000100,9.939,20991200,9.939,21000200
2025-02-18,9.6419209306,21000100,9.624,20991200,9.624,21000200
2025-02-19,9.481754724083334,21000100,9.428,20991200,9.428,21000200
2025-02-20,9.381979334233334,21000100,9.338,20991200,9.338,21000200
2025-02-21,8.7886093788125,21000100,8.733,20991200,8.733,21000200
2025-02-22,9.078722400412502,21000100,9.031,20991200,9.031,21000200
2025-02-23,9.0339832986875,21000100,9.015,20991200,9.015,21000200
2025-02-24,8.029636271941666,21000100,7.973,20991200,7.973,21000200
2025-02-25,8.357845035637501,21000100,8.307,20991200,8.307,21000200
2025-02-26,7.938008870133334,21000100,7.904,20991200,7.904,21000200
2025-02-27,7.921862873158334,21000100,7.862,20991200,7.862,21000200
2025-02-28,7.514065913862501,21000100,7.493,20991200,7.493,21000200
2025-03-01,7.523912894275,21000100,7.494,20991200,7.494,21000200
2025-03-02,8.2535992934375,21000100,8.265,20991200,8.265,21000200
2025-03-03,7.135086467274999,21000100,7.122,20991200,7.122,21000200
2025-03-04,7.071047110125,21000100,7.065,20991200,7.065,21000200
2025-03-05,7.566111875508334,21000100,7.514,20991200,7.514,21000200
2025-03-06,7.124887597929167,21000100,7.099,20991200,7.099,21000200
2025-03-07,7.0995861995250005,21000100,7.066,20991200,7.066,21000200
2025-03-08,7.204690590125,21000100,7.158,20991200,7.158,21000200
2025-03-09,6.381849157766667,21000100,6.392,20991200,6.392,21000200
2025-03-10,5.8813750429416665,21000100,5.902,20991200,5.902,21000200
2025-03-11,6.099829545791667,21000100,6.094,20991200,6.094,21000200
2025-03-12,5.936236522883333,21000100,5.908,20991200,5.908,21000200
2025-03-13,5.936090774625001,21000100,5.885,20991200,5.885,21000200
2025-03-14,6.050972744379166,21000100,6.023,20991200,6.023,21000200
2025-03-15,6.259432239883333,21000100,6.266,20991200,6.266,21000200
2025-03-16,6.105161660625,21000100,6.135,20991200,6.135,21000200
2025-03-17,6.325359738316667,21000100,6.292,20991200,6.292,21000200
2025-03-18,6.401540450333333,21000100,6.371,20991200,6.371,21000200
2025-03-19,7.024302379916667,21000100,6.98,20991200,6.98,21000200
2025-03-20,6.951502899733334,21000100,6.908,20991200,6.908,21000200
2025-03-21,6.815409018366667,21000100,6.776,20991200,6.776,21000200
2025-03-22,6.687036689500001,21000100,6.73,20991200,6.73,21000200
2025-03-23,6.646238169520833,21000100,6.685,20991200,6.685,21000200
2025-03-24,7.080774312358334,21000100,7.082,20991200,7.082,21000200
2025-03-25,7.00775952,21000100,6.96,20991200,6.96,21000200
2025-03-26,6.7425596279999995,21000100,6.72,20991200,6.72,21000200
2025-03-27,6.75815276455,21000100,6.722,20991200,6.722,21000200
2025-03-28,6.2079320288333335,21000100,6.17,20991200,6.17,21000200
2025-03-29,5.9988138380625,21000100,5.955,20991200,5.955,21000200
2025-03-30,5.902802790150001,21000100,5.868,20991200,5.868,21000200
2025-03-31,5.982261153325,21000100,5.966,20991200,5.966,21000200
2025-04-01,6.2741040903875,21000100,6.261,20991200,6.261,21000200
2025-04-02,5.844337440666667,21000100,5.831,20991200,5.831,21000200
2025-04-03,5.8877132234875,21000100,5.867,20991200,5.867,21000200
2025-04-04,5.925145104333334,21000100,5.905,20991200,5.905,21000200
2025-04-05,5.896916476629166,21000100,5.861,20991200,5.861,21000200
2025-04-06,5.1011848615,21000100,5.096,20991200,5.096,21000200
2025-04-07,5.120884005291667,21000100,5.119,20991200,5.119,21000200
2025-04-08,4.784157624400001,21000100,4.772,20991200,4.772,21000200
2025-04-09,5.435831713083334,21000100,5.41,20991200,5.41,21000200
2025-04-10,5.05823043505,21000100,5.018,20991200,5.018,21000200
2025-04-11,5.263847274291667,21000100,5.23,20991200,5.23,21000200
2025-04-12,5.5132506585000005,21000100,5.499,20991200,5.499,21000200
2025-04-13,5.3460534840000005,21000100,5.328,20991200,5.328,21000200
2025-04-14,5.334601569749999,21000100,5.345,20991200,5.345,21000200
2025-04-15,5.1435710465,21000100,5.178,20991200,5.178,21000200
2025-04-16,5.155792151866667,21000100,5.146,20991200,5.146,21000200
2025-04-17,5.2127456303083335,21000100,5.179,20991200,5.179,21000200
2025-04-18,5.207241532712499,21000100,5.169,20991200,5.169,21000200
2025-04-19,5.35217925625,21000100,5.316,20991200,5.316,21000200
2025-04-20,5.2821925690875,21000100,5.247,20991200,5.247,21000200
2025-04-21,5.317079625000001,21000100,5.269,20991200,5.269,21000200
2025-04-22,5.8264804026,21000100,5.808,20991200,5.808,21000200
2025-04-23,6.087042,21000100,6.032,20991200,6.032,21000200
2025-04-24,5.86301625,21000100,5.81,20991200,5.81,21000200
2025-04-25,5.87916225,21000100,5.826,20991200,5.826,21000200
2025-04-26,5.8650345,21000100,5.812,20991200,5.812,21000200
2025-04-27,5.527428803829167,21000100,5.497,20991200,5.497,21000200
2025-04-28,5.4214338900375,21000100,5.433,20991200,5.433,21000200
2025-04-29,5.292603327341666,21000100,5.266,20991200,5.266,21000200
2025-04-30,5.2536874455,21000100,5.265,20991200,5.265,21000200
2025-05-01,5.320788635,21000100,5.314,20991200,5.314,21000200
2025-05-02,5.2610827731,21000100,5.247,20991200,5.247,21000200
2025-05-03,5.108996031125001,21000100,5.086,20991200,5.086,21000200
2025-05-04,5.000383603008333,21000100,4.981,20991200,4.981,21000200
2025-05-05,4.987850911341666,21000100,4.973,20991200,4.973,21000200
2025-05-06,4.987502843966667,21000100,4.964,20991200,4.964,21000200
2025-05-07,4.880488938975,21000100,4.874,20991200,4.874,21000200
2025-05-08,6.20393011875,21000100,6.15,20991200,6.15,21000200
2025-05-09,6.410971125,21000100,6.353,20991200,6.353,21000200
2025-05-10,7.623939375,21000100,7.555,20991200,7.555,21000200
2025-05-11,6.989199750000001,21000100,6.926,20991200,6.926,21000200
2025-05-12,6.946816500000001,21000100,6.884,20991200,6.884,21000200
2025-05-13,7.153687125000001,21000100,7.089,20991200,7.089,21000200
2025-05-14,6.65509572585,21000100,6.604,20991200,6.604,21000200
2025-05-15,6.278313489716667,21000100,6.227,20991200,6.227,21000200
2025-05-16,6.12418876875,21000100,6.075,20991200,6.075,21000200
2025-05-17,5.763287122833334,21000100,5.735,20991200,5.735,21000200
2025-05-18,6.1458201880250005,21000100,6.126,20991200,6.126,21000200
2025-05-19,5.956438493199999,21000100,5.928,20991200,5.928,21000200
2025-05-20,6.05789879535,21000100,6.021,20991200,6.021,21000200
2025-05-21,6.244993358191667,21000100,6.206,20991200,6.206,21000200
2025-05-22,6.485469444574999,21000100,6.431,20991200,6.431,21000200
2025-05-23,6.0272882232,21000100,5.976,20991200,5.976,21000200
2025-05-24,6.150168819075001,21000100,6.114,20991200,6.114,21000200
2025-05-25,6.1847458524,21000100,6.156,20991200,6.156,21000200
2025-05-26,6.557294250000001,21000100,6.498,20991200,6.498,21000200
2025-05-27,6.3361253892125005,21000100,6.321,20991200,6.321,21000200
2025-05-28,6.883590087566668,21000100,6.844,20991200,6.844,21000200
2025-05-29,6.5738991912,21000100,6.556,20991200,6.556,21000200
2025-05-30,6.175731210833334,21000100,6.2,20991200,6.2,21000200
2025-05-31,6.033036066033333,21000100,6.047,20991200,6.047,21000200
2025-06-01,6.348236708183333,21000100,6.308,20991200,6.308,21000200
2025-06-02,6.466061943666667,21000100,6.442,20991200,6.442,21000200
2025-06-03,6.659491124,21000100,6.63,20991200,6.63,21000200
2025-06-04,6.315684360675,21000100,6.306,20991200,6.306,21000200
2025-06-05,5.8956954133,21000100,5.892,20991200,5.892,21000200
2025-06-06,5.963155154308333,21000100,5.986,20991200,5.986,21000200
2025-06-07,6.377542816233333,21000100,6.344,20991200,6.344,21000200
2025-06-08,6.37968825,21000100,6.322,20991200,6.322,21000200
2025-06-09,6.90443325,21000100,6.842,20991200,6.842,21000200
2025-06-10,8.746086375,21000100,8.667,20991200,8.667,21000200
2025-06-11,8.233450875,21000100,8.159,20991200,8.159,21000200
2025-06-12,7.5522915,21000100,7.484,20991200,7.484,21000200
2025-06-13,7.799881098833333,21000100,7.753,20991200,7.753,21000200
2025-06-14,7.330715535216666,21000100,7.298,20991200,7.298,21000200
2025-06-15,7.1708444626,21000100,7.176,20991200,7.176,21000200
2025-06-16,7.48085710065,21000100,7.442,20991200,7.442,21000200
2025-06-17,7.485196724929166,21000100,7.433,20991200,7.433,21000200
2025-06-18,7.6169816031125,21000100,7.583,20991200,7.583,21000200
2025-06-19,7.730653983333332,21000100,7.675,20991200,7.675,21000200
2025-06-20,7.07806293095,21000100,7.062,20991200,7.062,21000200
2025-06-21,6.414950015196116,21000100,6.461,20991200,6.461,21000200
2025-06-22,6.279444607466665,21000100,6.254,20991200,6.254,21000200
2025-06-23,6.7479422857375,21000100,6.793,20991200,6.793,21000200
2025-06-24,7.120386000000001,21000100,7.056,20991200,7.056,21000200
2025-06-25,7.0297491342916665,21000100,6.97,20991200,6.97,21000200
2025-06-26,6.847766843400001,21000100,6.804,20991200,6.804,21000200
2025-06-27,6.94858705755,21000100,6.906,20991200,6.906,21000200
2025-06-28,7.1779207248666665,21000100,7.124,20991200,7.124,21000200
2025-06-29,7.419686584541666,21000100,7.39,20991200,7.39,21000200
2025-06-30,7.190015625,21000100,7.125,20991200,7.125,21000200
2025-07-01,6.6309998017,21000100,6.584,20991200,6.584,21000200
2025-07-02,7.3742098594000005,21000100,7.347,20991200,7.347,21000200
2025-07-03,7.534127250000001,21000100,7.466,20991200,7.466,21000200
2025-07-04,6.9599170751375,21000100,6.927,20991200,6.927,21000200
2025-07-05,7.3052898299499995,21000100,7.329,20991200,7.329,21000200
2025-07-06,7.486698375,21000100,7.419,20991200,7.419,21000200
2025-07-07,7.454406375,21000100,7.387,20991200,7.387,21000200
2025-07-08,7.7268701250000005,21000100,7.657,20991200,7.657,21000200
2025-07-09,8.373123591899999,21000100,8.298,20991200,8.298,21000200
2025-07-10,8.540224875,21000100,8.463,20991200,8.463,21000200
2025-07-11,8.772323625,21000100,8.693,20991200,8.693,21000200
2025-07-12,8.465549625,21000100,8.389,20991200,8.389,21000200
2025-07-13,8.567748511429167,21000100,8.509,20991200,8.509,21000200
2025-07-14,9.209083218075,21000100,9.126,20991200,9.126,21000200
2025-07-15,9.43128225,21000100,9.346,20991200,9.346,21000200
2025-07-16,8.975157750000001,21000100,8.894,20991200,8.894,21000200
2025-07-17,8.9829913327375,21000100,8.931,20991200,8.931,21000200
2025-07-18,10.292760299625,21000100,10.134,20991200,10.134,21000200
2025-07-19,10.264819500000002,21000100,10.172,20991200,10.172,21000200
2025-07-20,10.754245125,21000100,10.657,20991200,10.657,21000200
2025-07-21,10.930842000000002,21000100,10.832,20991200,10.832,21000200
2025-07-22,10.879376625,21000100,10.781,20991200,10.781,21000200
2025-07-23,10.270874250000002,21000100,10.178,20991200,10.178,21000200
2025-07-24,10.213354125,21000100,10.121,20991200,10.121,21000200
2025-07-25,10.522146375,21000100,10.427,20991200,10.427,21000200
2025-07-26,10.656360000000001,21000100,10.56,20991200,10.56,21000200
2025-07-27,11.086247250000001,21000100,10.986,20991200,10.986,21000200
2025-07-28,10.556456625000001,21000100,10.461,20991200,10.461,21000200
2025-07-29,10.394996625000001,21000100,10.301,20991200,10.301,21000200
2025-07-30,10.090901243533333,21000100,10.006,20991200,10.006,21000200
2025-07-31,9.408332568583335,21000100,9.34,20991200,9.34,21000200
2025-08-01,9.11643525,21000100,9.034,20991200,9.034,21000200
2025-08-02,8.822614814475,21000100,8.757,20991200,8.757,21000200
2025-08-03,9.211711212729165,21000100,9.145,20991200,9.145,21000200
2025-08-04,10.015730682000001,21000100,9.96,20991200,9.96,21000200
2025-08-05,9.662371875,21000100,9.575,20991200,9.575,21000200
2025-08-06,9.76149669495,21000100,9.691,20991200,9.691,21000200
2025-08-07,10.4989935672,21000100,10.422,20991200,10.422,21000200
2025-08-08,10.9590975,21000100,10.86,20991200,10.86,21000200
2025-08-09,11.076156000000001,21000100,10.976,20991200,10.976,21000200
2025-08-10,11.04588225,21000100,10.946,20991200,10.946,21000200
2025-08-11,11.1367035,21000100,11.036,20991200,11.036,21000200
2025-08-12,11.6840579947,21000100,11.596,20991200,11.596,21000200
2025-08-13,12.2427045,21000100,12.132,20991200,12.132,21000200
2025-08-14,10.969188749999999,21000100,10.87,20991200,10.87,21000200
2025-08-15,10.804335333633333,21000100,10.717,20991200,10.717,21000200
2025-08-16,11.109457125,21000100,11.009,20991200,11.009,21000200
2025-08-17,11.113493625,21000100,11.013,20991200,11.013,21000200
2025-08-18,10.5515809136,21000100,10.482,20991200,10.482,21000200
2025-08-19,10.002791065166665,21000100,9.947,20991200,9.947,21000200
2025-08-20,10.6478274529375,21000100,10.605,20991200,10.605,21000200
2025-08-21,10.300933048841665,21000100,10.222,20991200,10.222,21000200
2025-08-22,11.52051630555,21000100,11.438,20991200,11.438,21000200
2025-08-23,11.447514,21000100,11.344,20991200,11.344,21000200
2025-08-24,11.0236815,21000100,10.924,20991200,10.924,21000200
2025-08-25,9.785538512099999,21000100,9.698,20991200,9.698,21000200
2025-08-26,9.98613240980833,21000100,9.947,20991200,9.947,21000200
2025-08-27,9.900985041191669,21000100,9.851,20991200,9.851,21000200
2025-08-28,10.108405124999999,21000100,10.017,20991200,10.017,21000200
2025-08-29,9.716864625,21000100,9.629,20991200,9.629,21000200
2025-08-30,9.811722375,21000100,9.723,20991200,9.723,21000200
2025-08-31,9.702736875000001,21000100,9.615,20991200,9.615,21000200
2025-09-01,9.421415297000001,21000100,9.348,20991200,9.348,21000200
2025-09-02,9.667669957633334,21000100,9.583,20991200,9.583,21000200
2025-09-03,9.765302625,21000100,9.677,20991200,9.677,21000200
2025-09-04,9.350256774650001,21000100,9.284,20991200,9.284,21000200
2025-09-05,9.4478434232,21000100,9.392,20991200,9.392,21000200
2025-09-06,9.41513625,21000100,9.33,20991200,9.33,21000200
2025-09-07,9.47972025,21000100,9.394,20991200,9.394,21000200
2025-09-08,9.638152875000001,21000100,9.551,20991200,9.551,21000200
2025-09-09,9.622006875,21000100,9.535,20991200,9.535,21000200
2025-09-10,9.796551064233334,21000100,9.736,20991200,9.736,21000200
2025-09-11,10.07308575,21000100,9.982,20991200,9.982,21000200
2025-09-12,10.250099088,21000100,10.176,20991200,10.176,21000200
2025-09-13,10.1904868056,21000100,10.116,20991200,10.116,21000200
2025-09-14,9.427891429404168,21000100,9.409,20991200,9.409,21000200
2025-09-15,9.1552590106,21000100,9.158,20991200,9.158,21000200
2025-09-16,9.367631613,21000100,9.315,20991200,9.315,21000200
2025-09-17,9.582136937916667,21000100,9.547,20991200,9.547,21000200
2025-09-18,9.68961825,21000100,9.602,20991200,9.602,21000200
2025-09-19,9.221993905979167,21000100,9.157,20991200,9.157,21000200
2025-09-20,9.2015812579,21000100,9.179,20991200,9.179,21000200
2025-09-21,9.09133686455,21000100,9.039,20991200,9.039,21000200
2025-09-22,8.229490394625001,21000100,8.226,20991200,8.226,21000200
2025-09-23,8.049769918196043,21000100,8.055,20991200,8.055,21000200
2025-09-24,7.923026330099999,21000100,7.896,20991200,7.896,21000200
2025-09-25,7.4733575016458325,21000100,7.451,20991200,7.451,21000200
2025-09-26,7.619766303974999,21000100,7.617,20991200,7.617,21000200
2025-09-27,7.683477750000001,21000100,7.614,20991200,7.614,21000200
2025-09-28,7.8035777608500005,21000100,7.746,20991200,7.746,21000200
2025-09-29,7.77634962,21000100,7.74,20991200,7.74,21000200
2025-09-30,7.681068131129166,21000100,7.637,20991200,7.637,21000200
2025-10-01,8.12263377305,21000100,8.068,20991200,8.068,21000200
2025-10-02,8.421442476045833,21000100,8.347,20991200,8.347,21000200
2025-10-03,8.24455125,21000100,8.17,20991200,8.17,21000200
2025-10-04,8.0707067458875,21000100,8.019,20991200,8.019,21000200
2025-10-05,8.1100602697,21000100,8.054,20991200,8.054,21000200
2025-10-06,8.391409978825,21000100,8.342,20991200,8.342,21000200
2025-10-07,7.8202732469875,21000100,7.761,20991200,7.761,21000200
2025-10-08,8.092966442937502,21000100,8.069,20991200,8.069,21000200
2025-10-09,7.9113665679875,21000100,7.851,20991200,7.851,21000200
2025-10-10,5.8266877500000005,21000100,5.774,20991200,5.774,21000200
2025-10-11,5.86829553375,21000100,5.85,20991200,5.85,21000200
2025-10-12,6.645793088499999,21000100,6.616,20991200,6.616,21000200
2025-10-13,7.099834134233332,21000100,7.048,20991200,7.048,21000200
2025-10-14,6.844050396,21000100,6.816,20991200,6.816,21000200
2025-10-15,6.598076359991667,21000100,6.566,20991200,6.566,21000200
2025-10-16,6.2995984399000005,21000100,6.276,20991200,6.276,21000200
2025-10-17,6.158444936129167,21000100,6.131,20991200,6.131,21000200
2025-10-18,6.04035249125,21000100,6.02,20991200,6.02,21000200
2025-10-19,6.277173610833333,21000100,6.257,20991200,6.257,21000200
2025-10-20,6.349856941912501,21000100,6.333,20991200,6.333,21000200
2025-10-21,6.288741328125,21000100,6.25,20991200,6.25,21000200
2025-10-22,6.0594084700333335,21000100,6.034,20991200,6.034,21000200
2025-10-23,6.3459073539,21000100,6.312,20991200,6.312,21000200
2025-10-24,6.2976757692,21000100,6.241,20991200,6.241,21000200
2025-10-25,6.27424941,21000100,6.24,20991200,6.24,21000200
2025-10-26,6.690833647604166,21000100,6.661,20991200,6.661,21000200
2025-10-27,6.551768089641667,21000100,6.509,20991200,6.509,21000200
2025-10-28,6.369447116812499,21000100,6.335,20991200,6.335,21000200
2025-10-29,6.3001236276000006,21000100,6.291,20991200,6.291,21000200
2025-10-30,5.826022087653708,21000100,5.841,20991200,5.841,21000200
2025-10-31,5.718872808897646,21000100,5.74,20991200,5.74,21000200
2025-11-01,5.869195167670833,21000100,5.861,20991200,5.861,21000200
2025-11-02,5.8684879932,21000100,5.856,20991200,5.856,21000200
2025-11-03,5.212553840062501,21000100,5.195,20991200,5.195,21000200
2025-11-04,5.087714389875,21000100,5.07,20991200,5.07,21000200
2025-11-05,5.366683387333334,21000100,5.344,20991200,5.344,21000200
2025-11-06,5.280783454699999,21000100,5.252,20991200,5.252,21000200
2025-11-07,5.9027204992875,21000100,5.871,20991200,5.871,21000200
2025-11-08,6.046677912274999,21000100,6.006,20991200,6.006,21000200
2025-11-09,6.599076356250001,21000100,6.57,20991200,6.57,21000200
2025-11-10,9.394994464833333,21000100,9.34,20991200,9.34,21000200
2025-11-11,8.282690540270833,21000100,8.245,20991200,8.245,21000200
2025-11-12,7.5967861583875,21000100,7.563,20991200,7.563,21000200
2025-11-13,7.7818655395,21000100,7.748,20991200,7.748,21000200
2025-11-14,7.029038828462499,21000100,6.987,20991200,6.987,21000200
2025-11-15,7.40304686115,21000100,7.356,20991200,7.356,21000200
2025-11-16,7.203979757408333,21000100,7.174,20991200,7.174,21000200
2025-11-17,7.464389623525,21000100,7.417,20991200,7.417,21000200
2025-11-18,7.519089898104167,21000100,7.495,20991200,7.495,21000200
2025-11-19,7.2565177822625,21000100,7.221,20991200,7.221,21000200
2025-11-20,6.626923875,21000100,6.567,20991200,6.567,21000200
2025-11-21,6.4697648192625,21000100,6.423,20991200,6.423,21000200
2025-11-22,6.206090504970834,21000100,6.157,20991200,6.157,21000200
2025-11-23,6.1672476047,21000100,6.132,20991200,6.132,21000200
2025-11-24,6.3225327724875005,21000100,6.291,20991200,6.291,21000200
2025-11-25,6.21927211565,21000100,6.231,20991200,6.231,21000200
2025-11-26,6.344023927499999,21000100,6.3,20991200,6.3,21000200
2025-11-27,6.160617376333334,21000100,6.136,20991200,6.136,21000200
2025-11-28,6.129504327749999,21000100,6.124,20991200,6.124,21000200
2025-11-29,6.075562906145833,21000100,6.055,20991200,6.055,21000200
2025-11-30,6.03950115665,21000100,6.036,20991200,6.036,21000200
2025-12-01,5.607572691216666,21000100,5.596,20991200,5.596,21000200
2025-12-02,5.9399955330625005,21000100,5.915,20991200,5.915,21000200
2025-12-03,6.1322316153875,21000100,6.103,20991200,6.103,21000200
2025-12-04,5.99911938525,21000100,5.958,20991200,5.958,21000200
2025-12-05,5.501471276,21000100,5.469,20991200,5.469,21000200
2025-12-06,5.5381702181625,21000100,5.561,20991200,5.561,21000200
2025-12-07,5.472501337458334,21000100,5.458,20991200,5.458,21000200
2025-12-08,5.623238070916667,21000100,5.614,20991200,5.614,21000200
2025-12-09,5.770734634266667,21000100,5.744,20991200,5.744,21000200
2025-12-10,5.5916475889,21000100,5.597,20991200,5.597,21000200
2025-12-11,5.541706818291667,21000100,5.546,20991200,5.546,21000200
2025-12-12,5.445344445920832,21000100,5.419,20991200,5.419,21000200
2025-12-13,5.5263513852,21000100,5.496,20991200,5.496,21000200
2025-12-14,5.34612205415,21000100,5.307,20991200,5.307,21000200
2025-12-15,5.0727021228,21000100,5.076,20991200,5.076,21000200
2025-12-16,5.204485436050001,21000100,5.196,20991200,5.196,21000200
2025-12-17,4.997779194420834,21000100,4.963,20991200,4.963,21000200
2025-12-18,4.956610999425,21000100,4.957,20991200,4.957,21000200
2025-12-19,5.2997949271,21000100,5.316,20991200,5.316,21000200
2025-12-20,6.308300881916667,21000100,6.26,20991200,6.26,21000200
2025-12-21,6.156589230445834,21000100,6.113,20991200,6.113,21000200
2025-12-22,6.0455158917541665,21000100,6.017,20991200,6.017,21000200
2025-12-23,5.8402708342833325,21000100,5.806,20991200,5.806,21000200
2025-12-24,5.798504562812501,21000100,5.775,20991200,5.775,21000200
2025-12-25,5.847938428499999,21000100,5.81,20991200,5.81,21000200
2025-12-26,5.840003945945834,21000100,5.827,20991200,5.827,21000200
2025-12-27,6.01039795685,21000100,5.964,20991200,5.964,21000200
2025-12-28,6.280916614591667,21000100,6.226,20991200,6.226,21000200
2025-12-29,5.998998652208333,21000100,5.99,20991200,5.99,21000200
2025-12-30,5.969883751329166,21000100,5.921,20991200,5.921,21000200
2025-12-31,5.686177798675,21000100,5.637,20991200,5.637,21000200
2026-01-01,5.82433074675,21000100,5.805,20991200,5.805,21000200
2026-01-02,6.061688454770833,21000100,6.035,20991200,6.035,21000200
2026-01-03,5.92640121445,21000100,5.914,20991200,5.914,21000200
2026-01-04,5.892429593458333,21000100,5.845,20991200,5.845,21000200
2026-01-05,6.129914534333333,21000100,6.16,20991200,6.16,21000200
2026-01-06,6.077286143475001,21000100,6.067,20991200,6.067,21000200
2026-01-07,5.717210304533333,21000100,5.722,20991200,5.722,21000200
2026-01-08,5.488603626,21000100,5.483,20991200,5.483,21000200
2026-01-09,5.462290498541666,21000100,5.465,20991200,5.465,21000200
2026-01-10,5.505792915683333,21000100,5.471,20991200,5.471,21000200
2026-01-11,5.493077041225,21000100,5.451,20991200,5.451,21000200
2026-01-12,5.35756027215,21000100,5.364,20991200,5.364,21000200
2026-01-13,5.760544017225,21000100,5.729,20991200,5.729,21000200
2026-01-14,5.73183,21000100,5.68,20991200,5.68,21000200
2026-01-15,5.358493134224999,21000100,5.346,20991200,5.346,21000200
2026-01-16,5.2836584216,21000100,5.312,20991200,5.312,21000200
2026-01-17,5.378232084412501,21000100,5.349,20991200,5.349,21000200
2026-01-18,5.098473043904167,21000100,5.093,20991200,5.093,21000200
2026-01-19,5.0190857016749995,21000100,5.023,20991200,5.023,21000200
2026-01-20,4.814717699512499,21000100,4.797,20991200,4.797,21000200
2026-01-21,4.9336385363124995,21000100,4.935,20991200,4.935,21000200
2026-01-22,4.820428841083333,21000100,4.835,20991200,4.835,21000200
2026-01-23,4.853576996175,21000100,4.869,20991200,4.869,21000200
2026-01-24,4.8675698658333335,21000100,4.852,20991200,4.852,21000200
2026-01-25,4.6530853869875,21000100,4.633,20991200,4.633,21000200
2026-01-26,4.679163480383334,21000100,4.708,20991200,4.708,21000200
2026-01-27,4.805873418041667,21000100,4.798,20991200,4.798,21000200
2026-01-28,4.848142621391667,21000100,4.819,20991200,4.819,21000200
2026-01-29,4.382254246091667,21000100,4.393,20991200,4.393,21000200
2026-01-30,4.273086094141667,21000100,4.274,20991200,4.274,21000200
2026-01-31,3.9633242672375,21000100,3.959,20991200,3.959,21000200
2026-02-01,3.8570020999999994,21000100,3.836,20991200,3.836,21000200
2026-02-02,3.9215203751666667,21000100,3.923,20991200,3.923,21000200
2026-02-03,3.860711900725,21000100,3.858,20991200,3.858,21000200
2026-02-04,3.8134938023375002,21000100,3.799,20991200,3.799,21000200
2026-02-05,3.1775187882499996,21000100,3.165,20991200,3.165,21000200
2026-02-06,3.5463412222875,21000100,3.549,20991200,3.549,21000200
2026-02-07,3.5624764040666665,21000100,3.536,20991200,3.536,21000200
2026-02-08,3.4699482365625,21000100,3.465,20991200,3.465,21000200
2026-02-09,3.5044377764999997,21000100,3.492,20991200,3.492,21000200
2026-02-10,3.3658534805249998,21000100,3.358,20991200,3.358,21000200
2026-02-11,3.3824438655625,21000100,3.365,20991200,3.365,21000200
2026-02-12,3.213317750879506,21000100,3.244,20991200,3.244,21000200
2026-02-13,3.3804809592000002,21000100,3.396,20991200,3.396,21000200
2026-02-14,3.642014229,21000100,3.626,20991200,3.626,21000200
2026-02-15,3.48524292925,21000100,3.47,20991200,3.47,21000200
2026-02-16,3.6099600946833332,21000100,3.599,20991200,3.599,21000200
2026-02-17,3.5358740825250004,21000100,3.522,20991200,3.522,21000200
2026-02-18,3.3984572706916665,21000100,3.401,20991200,3.401,21000200
2026-02-19,3.3970187552625,21000100,3.389,20991200,3.389,21000200
2026-02-20,3.5025785338125,21000100,3.489,20991200,3.489,21000200
2026-02-21,3.628537742670834,21000100,3.607,20991200,3.607,21000200
2026-02-22,3.4937182619250002,21000100,3.489,20991200,3.489,21000200
2026-02-23,3.346661837933333,21000100,3.344,20991200,3.344,21000200
2026-02-24,3.3442170406000002,21000100,3.336,20991200,3.336,21000200
2026-02-25,4.076011211475,21000100,4.053,20991200,4.053,21000200
2026-02-26,4.0228221888333335,21000100,4.003,20991200,4.003,21000200
