DATETIME,CARRY,CARRY_CONTRACT,PRICE,PRICE_CONTRACT,FORWARD,FORWARD_CONTRACT
2020-01-07,0.2318865054283333,21000100,0.2138,20991200,0.2138,21000200
2020-01-08,0.22137332629666667,21000100,0.2078,20991200,0.2078,21000200
2020-01-09,0.2058615,21000100,0.204,20991200,0.204,21000200
2020-01-10,0.2147418,21000100,0.2128,20991200,0.2128,21000200
2020-01-11,0.21363176250000002,21000100,0.2117,20991200,0.2117,21000200
2020-01-12,0.217769175,21000100,0.2158,20991200,0.2158,21000200
2020-01-13,0.21424546475625,21000100,0.2115,20991200,0.2115,21000200
2020-01-14,0.24153119441666665,21000100,0.235,20991200,0.235,21000200
2020-01-15,0.27896449707375,21000100,0.2337,20991200,0.2337,21000200
2020-01-16,0.2359283857541667,21000100,0.227,20991200,0.227,21000200
2020-01-17,0.23048415,21000100,0.2284,20991200,0.2284,21000200
2020-01-18,0.24803643186416668,21000100,0.2441,20991200,0.2441,21000200
2020-01-19,0.26735338076666665,21000100,0.236,20991200,0.236,21000200
2020-01-20,0.23841450174166667,21000100,0.2335,20991200,0.2335,21000200
2020-01-21,0.2414192141145833,21000100,0.2375,20991200,0.2375,21000200
2020-01-22,0.24057701811,21000100,0.2376,20991200,0.2376,21000200
2020-01-23,0.231819650595,21000100,0.2262,20991200,0.2262,21000200
2020-01-24,0.2244294,21000100,0.2224,20991200,0.2224,21000200
2020-01-25,0.2217047625,21000100,0.2197,20991200,0.2197,21000200
2020-01-26,0.23341061250000003,21000100,0.2313,20991200,0.2313,21000200
2020-01-27,0.2330069625,21000100,0.2309,20991200,0.2309,21000200
2020-01-28,0.24402584695958335,21000100,0.2393,20991200,0.2393,21000200
2020-01-29,0.26110421089999997,21000100,0.236,20991200,0.236,21000200
2020-01-30,0.2654050087995833,21000100,0.2443,20991200,0.2443,21000200
2020-01-31,0.26656009386125,21000100,0.2397,20991200,0.2397,21000200
2020-02-02,0.26659770533125,21000100,0.2515,20991200,0.2515,21000200
2020-02-03,0.27093157018749997,21000100,0.255,20991200,0.255,21000200
2020-02-04,0.287979924285,21000100,0.2676,20991200,0.2676,21000200
2020-02-05,0.2917859278891667,21000100,0.2786,20991200,0.2786,21000200
2020-02-06,0.32463029550750006,21000100,0.2841,20991200,0.2841,21000200
2020-02-07,0.3160204162425,21000100,0.2799,20991200,0.2799,21000200
2020-02-08,0.2942610555,21000100,0.2775,20991200,0.2775,21000200
2020-02-09,0.30941450242499996,21000100,0.2828,20991200,0.2828,21000200
2020-02-10,0.29586684252,21000100,0.2736,20991200,0.2736,21000200
2020-02-11,0.29732817898666664,21000100,0.2816,20991200,0.2816,21000200
2020-02-12,0.37745066080847833,21000100,0.3043,20991200,0.3043,21000200
2020-02-13,0.40054352793,21000100,0.3276,20991200,0.3276,21000200
2020-02-14,0.3603019580691667,21000100,0.3362,20991200,0.3362,21000200
2020-02-15,0.34209243928125,21000100,0.3075,20991200,0.3075,21000200
2020-02-16,0.3002141457058334,21000100,0.2926,20991200,0.2926,21000200
2020-02-17,0.29187241720000007,21000100,0.2877,20991200,0.2877,21000200
2020-02-18,0.31093229173416664,21000100,0.2989,20991200,0.2989,21000200
2020-02-19,0.29313651830833337,21000100,0.2746,20991200,0.2746,21000200
2020-02-20,0.27386251767083336,21000100,0.271,20991200,0.271,21000200
2020-02-21,0.278836665375,21000100,0.2745,20991200,0.2745,21000200
2020-02-22,0.28272289115249993,21000100,0.2749,20991200,0.2749,21000200
2020-02-23,0.2965627810491666,21000100,0.2834,20991200,0.2834,21000200
2020-02-24,0.27692976911291667,21000100,0.2707,20991200,0.2707,21000200
2020-02-25,0.257914432045,21000100,0.2524,20991200,0.2524,21000200
2020-02-26,0.231440849245,21000100,0.2292,20991200,0.2292,21000200
2020-02-27,0.24097905000000003,21000100,0.2388,20991200,0.2388,21000200
2020-02-28,0.2401156035466667,21000100,0.2368,20991200,0.2368,21000200
2020-02-29,0.23388036241666668,21000100,0.2291,20991200,0.2291,21000200
2020-03-02,0.24360400901958332,21000100,0.2399,20991200,0.2399,21000200
2020-03-03,0.23882666744000003,21000100,0.2344,20991200,0.2344,21000200
2020-03-04,0.23918063751000002,21000100,0.2349,20991200,0.2349,21000200
2020-03-05,0.24490655383125,21000100,0.2395,20991200,0.2395,21000200
2020-03-06,0.25189005008166665,21000100,0.2452,20991200,0.2452,21000200
2020-03-07,0.24341239131499998,21000100,0.2364,20991200,0.2364,21000200
2020-03-08,0.21175950952499997,21000100,0.2042,20991200,0.2042,21000200
2020-03-09,0.21151260000000002,21000100,0.2096,20991200,0.2096,21000200
2020-03-10,0.2138335875,21000100,0.2119,20991200,0.2119,21000200
2020-03-11,0.21030165,21000100,0.2084,20991200,0.2084,21000200
2020-03-12,0.13319310920333333,21000100,0.1346,20991200,0.1346,21000200
2020-03-13,0.13706193591164736,21000100,0.1587,20991200,0.1587,21000200
2020-03-14,0.1446240373425,21000100,0.1458,20991200,0.1458,21000200
2020-03-15,0.15414676189,21000100,0.1529,20991200,0.1529,21000200
2020-03-16,0.13853554,21000100,0.1408,20991200,0.1408,21000200
2020-03-17,0.14797911699458333,21000100,0.1469,20991200,0.1469,21000200
2020-03-18,0.14864411249999998,21000100,0.1473,20991200,0.1473,21000200
2020-03-19,0.1663038,21000100,0.1648,20991200,0.1648,21000200
2020-03-20,0.1582308,21000100,0.1568,20991200,0.1568,21000200
2020-03-21,0.15944175000000002,21000100,0.158,20991200,0.158,21000200
2020-03-22,0.14784526138500004,21000100,0.1476,20991200,0.1476,21000200
2020-03-23,0.1597444875,21000100,0.1583,20991200,0.1583,21000200
2020-03-24,0.16298899852499998,21000100,0.162,20991200,0.162,21000200
2020-03-25,0.16223256164500002,21000100,0.1617,20991200,0.1617,21000200
2020-03-26,0.17716782655000002,21000100,0.1758,20991200,0.1758,21000200
2020-03-27,0.17437680000000003,21000100,0.1728,20991200,0.1728,21000200
2020-03-28,0.17689961250000003,21000100,0.1753,20991200,0.1753,21000200
2020-03-29,0.16398281250000002,21000100,0.1625,20991200,0.1625,21000200
2020-03-30,0.17193012894541665,21000100,0.1709,20991200,0.1709,21000200
2020-03-31,0.1751841,21000100,0.1736,20991200,0.1736,21000200
2020-04-02,0.1798711275958333,21000100,0.1783,20991200,0.1783,21000200
2020-04-03,0.1811379375,21000100,0.1795,20991200,0.1795,21000200
2020-04-04,0.18206734036791666,21000100,0.1811,20991200,0.1811,21000200
2020-04-05,0.17898606186666666,21000100,0.179,20991200,0.179,21000200
2020-04-06,0.1997058375,21000100,0.1979,20991200,0.1979,21000200
2020-04-07,0.1942565625,21000100,0.1925,20991200,0.1925,21000200
2020-04-08,0.2037423375,21000100,0.2019,20991200,0.2019,21000200
2020-04-09,0.19980675000000003,21000100,0.198,20991200,0.198,21000200
2020-04-10,0.1875586873533333,21000100,0.1876,20991200,0.1876,21000200
2020-04-11,0.18773777974875,21000100,0.1881,20991200,0.1881,21000200
2020-04-12,0.1904491566925,21000100,0.1893,20991200,0.1893,21000200
2020-04-13,0.18706643112333335,21000100,0.1874,20991200,0.1874,21000200
2020-04-14,0.185776245875,21000100,0.186,20991200,0.186,21000200
2020-04-15,0.18065438465833333,21000100,0.1805,20991200,0.1805,21000200
2020-04-16,0.19189752297333335,21000100,0.1904,20991200,0.1904,21000200
2020-04-17,0.190320975,21000100,0.1886,20991200,0.1886,21000200
2020-04-18,0.1968802875,21000100,0.1951,20991200,0.1951,21000200
2020-04-19,0.19062371250000001,21000100,0.1889,20991200,0.1889,21000200
2020-04-20,0.1829543625,21000100,0.1813,20991200,0.1813,21000200
2020-04-21,0.1849726125,21000100,0.1833,20991200,0.1833,21000200
2020-04-22,0.1897155,21000100,0.188,20991200,0.188,21000200
2020-04-23,0.1942565625,21000100,0.1925,20991200,0.1925,21000200
2020-04-24,0.1948620375,21000100,0.1931,20991200,0.1931,21000200
2020-04-25,0.1958711625,21000100,0.1941,20991200,0.1941,21000200
2020-04-26,0.19642811860541667,21000100,0.1961,20991200,0.1961,21000200
2020-04-27,0.1984302692575,21000100,0.1974,20991200,0.1974,21000200
2020-04-28,0.2162554875,21000100,0.2143,20991200,0.2143,21000200
2020-04-29,0.22866772500000002,21000100,0.2266,20991200,0.2266,21000200
2020-04-30,0.2137668642316667,21000100,0.2116,20991200,0.2116,21000200
2020-05-02,0.225842175,21000100,0.2238,20991200,0.2238,21000200
2020-05-03,0.22140202500000003,21000100,0.2194,20991200,0.2194,21000200
2020-05-04,0.2200901625,21000100,0.2181,20991200,0.2181,21000200
2020-05-05,0.21887921250000003,21000100,0.2169,20991200,0.2169,21000200
2020-05-06,0.213732675,21000100,0.2118,20991200,0.2118,21000200
2020-05-07,0.2206956375,21000100,0.2187,20991200,0.2187,21000200
2020-05-08,0.22095758612125,21000100,0.2189,20991200,0.2189,21000200
2020-05-09,0.2275160459733333,21000100,0.2167,20991200,0.2167,21000200
2020-05-10,0.20034642013875,21000100,0.1971,20991200,0.1971,21000200
2020-05-11,0.194357475,21000100,0.1926,20991200,0.1926,21000200
2020-05-12,0.198797625,21000100,0.197,20991200,0.197,21000200
2020-05-13,0.20333868750000003,21000100,0.2015,20991200,0.2015,21000200
2020-05-14,0.20545785000000003,21000100,0.2036,20991200,0.2036,21000200
2020-05-15,0.1997058375,21000100,0.1979,20991200,0.1979,21000200
2020-05-16,0.20142135,21000100,0.1996,20991200,0.1996,21000200
2020-05-17,0.2029350375,21000100,0.2011,20991200,0.2011,21000200
2020-05-18,0.2071733625,21000100,0.2053,20991200,0.2053,21000200
2020-05-19,0.2067697125,21000100,0.2049,20991200,0.2049,21000200
2020-05-20,0.2037423375,21000100,0.2019,20991200,0.2019,21000200
2020-05-21,0.19575475953583335,21000100,0.1942,20991200,0.1942,21000200
2020-05-22,0.20012375193999998,21000100,0.2004,20991200,0.2004,21000200
2020-05-23,0.20061405000000002,21000100,0.1988,20991200,0.1988,21000200
2020-05-24,0.19405473750000002,21000100,0.1923,20991200,0.1923,21000200
2020-05-25,0.1978894125,21000100,0.1961,20991200,0.1961,21000200
2020-05-26,0.1953666,21000100,0.1936,20991200,0.1936,21000200
2020-05-27,0.19960492500000002,21000100,0.1978,20991200,0.1978,21000200
2020-05-28,0.20232956250000003,21000100,0.2005,20991200,0.2005,21000200
2020-05-29,0.1995040125,21000100,0.1977,20991200,0.1977,21000200
2020-05-30,0.20909070000000002,21000100,0.2072,20991200,0.2072,21000200
2020-05-31,0.2042469,21000100,0.2024,20991200,0.2024,21000200
2020-06-02,0.20573984786250002,21000100,0.203,20991200,0.203,21000200
2020-06-03,0.2061642375,21000100,0.2043,20991200,0.2043,21000200
2020-06-04,0.2063660625,21000100,0.2045,20991200,0.2045,21000200
2020-06-05,0.2045496375,21000100,0.2027,20991200,0.2027,21000200
2020-06-06,0.2055587625,21000100,0.2037,20991200,0.2037,21000200
2020-06-07,0.205256025,21000100,0.2034,20991200,0.2034,21000200
2020-06-08,0.20596241250000002,21000100,0.2041,20991200,0.2041,21000200
2020-06-09,0.203237775,21000100,0.2014,20991200,0.2014,21000200
2020-06-10,0.2047514625,21000100,0.2029,20991200,0.2029,21000200
2020-06-11,0.1898164125,21000100,0.1881,20991200,0.1881,21000200
2020-06-12,0.194871100305,21000100,0.1932,20991200,0.1932,21000200
2020-06-13,0.19385461696583334,21000100,0.1922,20991200,0.1922,21000200
2020-06-14,0.19045666975000003,21000100,0.19,20991200,0.19,21000200
2020-06-15,0.19192248642416668,21000100,0.1922,20991200,0.1922,21000200
2020-06-16,0.19342835470375003,21000100,0.1923,20991200,0.1923,21000200
2020-06-17,0.19466021249999998,21000100,0.1929,20991200,0.1929,21000200
2020-06-18,0.19143101250000003,21000100,0.1897,20991200,0.1897,21000200
2020-06-19,0.18844421892083335,21000100,0.187,20991200,0.187,21000200
2020-06-20,0.1894273629025,21000100,0.1878,20991200,0.1878,21000200
2020-06-21,0.18731389780000002,21000100,0.186,20991200,0.186,21000200
2020-06-22,0.19044166284,21000100,0.1892,20991200,0.1892,21000200
2020-06-23,0.19062371250000001,21000100,0.1889,20991200,0.1889,21000200
2020-06-24,0.18484292927749998,21000100,0.1833,20991200,0.1833,21000200
2020-06-25,0.18239250289000003,21000100,0.1814,20991200,0.1814,21000200
2020-06-26,0.18381141120000002,21000100,0.1824,20991200,0.1824,21000200
2020-06-27,0.176596875,21000100,0.175,20991200,0.175,21000200
2020-06-28,0.17744241606000002,21000100,0.1768,20991200,0.1768,21000200
2020-06-29,0.17723551900166667,21000100,0.1772,20991200,0.1772,21000200
2020-06-30,0.17645396699000002,21000100,0.1752,20991200,0.1752,21000200
2020-07-02,0.17649596250000002,21000100,0.1749,20991200,0.1749,21000200
2020-07-03,0.177807825,21000100,0.1762,20991200,0.1762,21000200
2020-07-04,0.1797251625,21000100,0.1781,20991200,0.1781,21000200
2020-07-05,0.17851421250000002,21000100,0.1769,20991200,0.1769,21000200
2020-07-06,0.19042188750000003,21000100,0.1887,20991200,0.1887,21000200
2020-07-07,0.1867890375,21000100,0.1851,20991200,0.1851,21000200
2020-07-08,0.20755652215333337,21000100,0.2056,20991200,0.2056,21000200
2020-07-09,0.20835865531014827,21000100,0.2029,20991200,0.2029,21000200
2020-07-10,0.2009167875,21000100,0.1991,20991200,0.1991,21000200
2020-07-11,0.20409386786250003,21000100,0.2013,20991200,0.2013,21000200
2020-07-12,0.203237775,21000100,0.2014,20991200,0.2014,21000200
2020-07-13,0.20178988848958332,21000100,0.1987,20991200,0.1987,21000200
2020-07-14,0.2010177,21000100,0.1992,20991200,0.1992,21000200
2020-07-15,0.199201275,21000100,0.1974,20991200,0.1974,21000200
2020-07-16,0.196375725,21000100,0.1946,20991200,0.1946,21000200
2020-07-17,0.1962748125,21000100,0.1945,20991200,0.1945,21000200
2020-07-18,0.20206924663125,21000100,0.2001,20991200,0.2001,21000200
2020-07-19,0.20194016436,21000100,0.1998,20991200,0.1998,21000200
2020-07-20,0.19747750317166668,21000100,0.1946,20991200,0.1946,21000200
2020-07-21,0.2015222625,21000100,0.1997,20991200,0.1997,21000200
2020-07-22,0.2057605875,21000100,0.2039,20991200,0.2039,21000200
2020-07-23,0.21487751881542425,21000100,0.2087,20991200,0.2087,21000200
2020-07-24,0.21138784510746841,21000100,0.2043,20991200,0.2043,21000200
2020-07-25,0.22323398365975425,21000100,0.215,20991200,0.215,21000200
2020-07-26,0.22623597904005702,21000100,0.2156,20991200,0.2156,21000200
2020-07-27,0.23601999561,21000100,0.2248,20991200,0.2248,21000200
2020-07-28,0.24368994758889612,21000100,0.2307,20991200,0.2307,21000200
2020-07-29,0.2591566016167625,21000100,0.2436,20991200,0.2436,21000200
2020-07-30,0.2614603421915004,21000100,0.2442,20991200,0.2442,21000200
2020-07-31,0.2794319830045879,21000100,0.2596,20991200,0.2596,21000200
2020-08-02,0.3119194593025184,21000100,0.2885,20991200,0.2885,21000200
2020-08-03,0.3222311703325,21000100,0.3102,20991200,0.3102,21000200
2020-08-04,0.30559616547374996,21000100,0.3019,20991200,0.3019,21000200
2020-08-05,0.31262197392708335,21000100,0.3025,20991200,0.3025,21000200
2020-08-06,0.32313826594166667,21000100,0.3035,20991200,0.3035,21000200
2020-08-07,0.3140686921195833,21000100,0.2947,20991200,0.2947,21000200
2020-08-08,0.30142157568916667,21000100,0.2957,20991200,0.2957,21000200
2020-08-09,0.3060798658775,21000100,0.2886,20991200,0.2886,21000200
2020-08-10,0.31608043204166664,21000100,0.295,20991200,0.295,21000200
2020-08-11,0.29648691737375,21000100,0.2833,20991200,0.2833,21000200
2020-08-12,0.285178725,21000100,0.2826,20991200,0.2826,21000200
2020-08-13,0.30272587692249997,21000100,0.2946,20991200,0.2946,21000200
2020-08-14,0.326424378165,21000100,0.3006,20991200,0.3006,21000200
2020-08-15,0.32492712963333337,21000100,0.2992,20991200,0.2992,21000200
2020-08-16,0.33036146626,21000100,0.3052,20991200,0.3052,21000200
2020-08-17,0.35008656046908193,21000100,0.3161,20991200,0.3161,21000200
2020-08-18,0.33550038489499995,21000100,0.3029,20991200,0.3029,21000200
2020-08-19,0.29561498713499995,21000100,0.2899,20991200,0.2899,21000200
2020-08-20,0.29496723750000003,21000100,0.2923,20991200,0.2923,21000200
2020-08-21,0.281949525,21000100,0.2794,20991200,0.2794,21000200
2020-08-22,0.28871066250000005,21000100,0.2861,20991200,0.2861,21000200
2020-08-23,0.287600625,21000100,0.285,20991200,0.285,21000200
2020-08-24,0.291271923735,21000100,0.2886,20991200,0.2886,21000200
2020-08-25,0.28044853214541665,21000100,0.2767,20991200,0.2767,21000200
2020-08-26,0.2792248875,21000100,0.2767,20991200,0.2767,21000200
2020-08-27,0.26701447500000003,21000100,0.2646,20991200,0.2646,21000200
2020-08-28,0.2743810875,21000100,0.2719,20991200,0.2719,21000200
2020-08-29,0.27657042368333334,21000100,0.274,20991200,0.274,21000200
2020-08-30,0.2885869627441666,21000100,0.2834,20991200,0.2834,21000200
2020-08-31,0.2934543291333333,21000100,0.2815,20991200,0.2815,21000200
2020-09-02,0.29332971455,21000100,0.276,20991200,0.276,21000200
2020-09-03,0.246024675,21000100,0.2438,20991200,0.2438,21000200
2020-09-04,0.25601501249999997,21000100,0.2537,20991200,0.2537,21000200
2020-09-05,0.23956627500000002,21000100,0.2374,20991200,0.2374,21000200
2020-09-06,0.24208908750000002,21000100,0.2399,20991200,0.2399,21000200
2020-09-07,0.244410075,21000100,0.2422,20991200,0.2422,21000200
2020-09-08,0.2388598875,21000100,0.2367,20991200,0.2367,21000200
2020-09-09,0.241180875,21000100,0.239,20991200,0.239,21000200
2020-09-10,0.24521737500000002,21000100,0.243,20991200,0.243,21000200
2020-09-11,0.24461190000000002,21000100,0.2424,20991200,0.2424,21000200
2020-09-12,0.2497584375,21000100,0.2475,20991200,0.2475,21000200
2020-09-13,0.24420825000000002,21000100,0.242,20991200,0.242,21000200
2020-09-14,0.2479420125,21000100,0.2457,20991200,0.2457,21000200
2020-09-15,0.2453182875,21000100,0.2431,20991200,0.2431,21000200
2020-09-16,0.24905205,21000100,0.2468,20991200,0.2468,21000200
2020-09-17,0.254501325,21000100,0.2522,20991200,0.2522,21000200
2020-09-18,0.25308855,21000100,0.2508,20991200,0.2508,21000200
2020-09-19,0.2533912875,21000100,0.2511,20991200,0.2511,21000200
2020-09-20,0.24885022500000004,21000100,0.2466,20991200,0.2466,21000200
2020-09-21,0.23290605,21000100,0.2308,20991200,0.2308,21000200
2020-09-22,0.2350252125,21000100,0.2329,20991200,0.2329,21000200
2020-09-23,0.22342027500000003,21000100,0.2214,20991200,0.2214,21000200
2020-09-24,0.23404052378249998,21000100,0.2326,20991200,0.2326,21000200
2020-09-25,0.24285269684375,21000100,0.2415,20991200,0.2415,21000200
2020-09-26,0.24360277500000002,21000100,0.2414,20991200,0.2414,21000200
2020-09-27,0.24572193750000001,21000100,0.2435,20991200,0.2435,21000200
2020-09-28,0.24340095,21000100,0.2412,20991200,0.2412,21000200
2020-09-29,0.24501555,21000100,0.2428,20991200,0.2428,21000200
2020-09-30,0.2438046,21000100,0.2416,20991200,0.2416,21000200
2020-10-02,0.23593342500000003,21000100,0.2338,20991200,0.2338,21000200
2020-10-03,0.2348233875,21000100,0.2327,20991200,0.2327,21000200
2020-10-04,0.2503639125,21000100,0.2481,20991200,0.2481,21000200
2020-10-05,0.25258398750000005,21000100,0.2503,20991200,0.2503,21000200
2020-10-06,0.24763927500000002,21000100,0.2454,20991200,0.2454,21000200
2020-10-07,0.250868475,21000100,0.2486,20991200,0.2486,21000200
2020-10-08,0.25379493750000004,21000100,0.2515,20991200,0.2515,21000200
2020-10-09,0.2555872760375,21000100,0.253,20991200,0.253,21000200
2020-10-10,0.2564186625,21000100,0.2541,20991200,0.2541,21000200
2020-10-11,0.25773052500000004,21000100,0.2554,20991200,0.2554,21000200
2020-10-12,0.2584369125,21000100,0.2561,20991200,0.2561,21000200
2020-10-13,0.25982786810833336,21000100,0.2567,20991200,0.2567,21000200
2020-10-14,0.25274933275666667,21000100,0.2492,20991200,0.2492,21000200
2020-10-15,0.24824475000000001,21000100,0.246,20991200,0.246,21000200
2020-10-16,0.24249273750000003,21000100,0.2403,20991200,0.2403,21000200
2020-10-17,0.2429973,21000100,0.2408,20991200,0.2408,21000200
2020-10-18,0.244410075,21000100,0.2422,20991200,0.2422,21000200
2020-10-19,0.2479420125,21000100,0.2457,20991200,0.2457,21000200
2020-10-20,0.24562102500000002,21000100,0.2434,20991200,0.2434,21000200
2020-10-21,0.25389040629375,21000100,0.2511,20991200,0.2511,21000200
2020-10-22,0.2668138895166666,21000100,0.2572,20991200,0.2572,21000200
2020-10-23,0.2596407532766667,21000100,0.2552,20991200,0.2552,21000200
2020-10-24,0.25901697651333333,21000100,0.2564,20991200,0.2564,21000200
2020-10-25,0.25571227500000004,21000100,0.2534,20991200,0.2534,21000200
2020-10-26,0.25078598125375,21000100,0.2481,20991200,0.2481,21000200
2020-10-27,0.254904975,21000100,0.2526,20991200,0.2526,21000200
2020-10-28,0.24763927500000002,21000100,0.2454,20991200,0.2454,21000200
2020-10-29,0.24461190000000002,21000100,0.2424,20991200,0.2424,21000200
2020-10-30,0.24031734515000003,21000100,0.2388,20991200,0.2388,21000200
2020-10-31,0.23995841564333337,21000100,0.2396,20991200,0.2396,21000200
2020-11-02,0.23744711250000003,21000100,0.2353,20991200,0.2353,21000200
2020-11-03,0.240946206795,21000100,0.2394,20991200,0.2394,21000200
2020-11-04,0.2388814364125,21000100,0.2373,20991200,0.2373,21000200
2020-11-05,0.24784110000000004,21000100,0.2456,20991200,0.2456,21000200
2020-11-06,0.26504716565166664,21000100,0.2588,20991200,0.2588,21000200
2020-11-07,0.25604086095,21000100,0.249,20991200,0.249,21000200
2020-11-08,0.256115925,21000100,0.2538,20991200,0.2538,21000200
2020-11-09,0.2529876375,21000100,0.2507,20991200,0.2507,21000200
2020-11-10,0.25678454596625006,21000100,0.2543,20991200,0.2543,21000200
2020-11-11,0.258336,21000100,0.256,20991200,0.256,21000200
2020-11-12,0.25799506931375,21000100,0.2551,20991200,0.2551,21000200
2020-11-13,0.2705537120916667,21000100,0.2662,20991200,0.2662,21000200
2020-11-14,0.2784826278020833,21000100,0.2683,20991200,0.2683,21000200
2020-11-15,0.2748562155,21000100,0.27,20991200,0.27,21000200
2020-11-16,0.29722369786041664,21000100,0.2885,20991200,0.2885,21000200
2020-11-17,0.31465182838749994,21000100,0.303,20991200,0.303,21000200
2020-11-18,0.3029215500525,21000100,0.2934,20991200,0.2934,21000200
2020-11-19,0.30784957226666665,21000100,0.304,20991200,0.304,21000200
2020-11-20,0.3450090856617898,21000100,0.3306,20991200,0.3306,21000200
2020-11-21,0.4872080059200155,21000100,0.4639,20991200,0.4639,21000200
2020-11-22,0.4710070952936125,21000100,0.4465,20991200,0.4465,21000200
2020-11-23,0.6612279751494156,21000100,0.6157,20991200,0.6157,21000200
2020-11-24,0.7337131988900001,21000100,0.6951,20991200,0.6951,21000200
2020-11-25,0.6824293687258686,21000100,0.6314,20991200,0.6314,21000200
2020-11-26,0.5410345995875,21000100,0.537,20991200,0.537,21000200
2020-11-27,0.5731326776200001,21000100,0.5631,20991200,0.5631,21000200
2020-11-28,0.64194527495,21000100,0.6258,20991200,0.6258,21000200
2020-11-29,0.6153854579095833,21000100,0.6059,20991200,0.6059,21000200
2020-11-30,0.69946930892,21000100,0.6648,20991200,0.6648,21000200
2020-12-02,0.6428334498437499,21000100,0.6303,20991200,0.6303,21000200
2020-12-03,0.6643067345233333,21000100,0.6308,20991200,0.6308,21000200
2020-12-04,0.5638791247541667,21000100,0.5534,20991200,0.5534,21000200
2020-12-05,0.5906408625,21000100,0.5853,20991200,0.5853,21000200
2020-12-06,0.6272721000000001,21000100,0.6216,20991200,0.6216,21000200
2020-12-07,0.6202173875583333,21000100,0.6085,20991200,0.6085,21000200
2020-12-08,0.5637981375,21000100,0.5587,20991200,0.5587,21000200
2020-12-09,0.5730146691175,21000100,0.5826,20991200,0.5826,21000200
2020-12-10,0.5594759178266666,21000100,0.5708,20991200,0.5708,21000200
2020-12-11,0.45950217551701783,21000100,0.5127,20991200,0.5127,21000200
2020-12-12,0.44754243772460184,21000100,0.5065,20991200,0.5065,21000200
2020-12-13,0.518488425,21000100,0.5138,20991200,0.5138,21000200
2020-12-14,0.50254425,21000100,0.498,20991200,0.498,21000200
2020-12-15,0.48356403773125,21000100,0.4685,20991200,0.4685,21000200
2020-12-16,0.5859609832483333,21000100,0.5686,20991200,0.5686,21000200
2020-12-17,0.5953736242416667,21000100,0.5777,20991200,0.5777,21000200
2020-12-18,0.5965087902520834,21000100,0.5843,20991200,0.5843,21000200
2020-12-19,0.6049486875333333,21000100,0.577,20991200,0.577,21000200
2020-12-20,0.5780215540875,21000100,0.5559,20991200,0.5559,21000200
2020-12-21,0.5297616535866666,21000100,0.5152,20991200,0.5152,21000200
2020-12-22,0.453279265145,21000100,0.4452,20991200,0.4452,21000200
2020-12-23,0.2537140084833333,21000100,0.2588,20991200,0.2588,21000200
2020-12-24,0.298861800965,21000100,0.3394,20991200,0.3394,21000200
2020-12-25,0.3184837056508334,21000100,0.3178,20991200,0.3178,21000200
2020-12-26,0.29357264604000005,21000100,0.2952,20991200,0.2952,21000200
2020-12-27,0.290884674315,21000100,0.2844,20991200,0.2844,21000200
2020-12-28,0.25781558858875,21000100,0.2473,20991200,0.2473,21000200
2020-12-29,0.20337216703708333,21000100,0.2213,20991200,0.2213,21000200
2020-12-30,0.20124167979166666,21000100,0.2113,20991200,0.2113,21000200
2020-12-31,0.20325199054499998,21000100,0.2196,20991200,0.2196,21000200
2021-01-02,0.22301662500000002,21000100,0.221,20991200,0.221,21000200
2021-01-03,0.25259371449375,21000100,0.2265,20991200,0.2265,21000200
2021-01-04,0.27731269903342864,21000100,0.2361,20991200,0.2361,21000200
2021-01-05,0.23380372091249998,21000100,0.2258,20991200,0.2258,21000200
2021-01-06,0.28147577376625,21000100,0.2489,20991200,0.2489,21000200
2021-01-07,0.37269428502125,21000100,0.3243,20991200,0.3243,21000200
2021-01-08,0.349297154465,21000100,0.3206,20991200,0.3206,21000200
2021-01-09,0.3608075248075,21000100,0.3247,20991200,0.3247,21000200
2021-01-10,0.3755073946133333,21000100,0.3152,20991200,0.3152,21000200
2021-01-11,0.29973140302,21000100,0.2877,20991200,0.2877,21000200
2021-01-12,0.30778131696000005,21000100,0.2928,20991200,0.2928,21000200
2021-01-13,0.3284091595108333,21000100,0.3059,20991200,0.3059,21000200
2021-01-14,0.31638949897499996,21000100,0.297,20991200,0.297,21000200
2021-01-15,0.30053946209541665,21000100,0.2803,20991200,0.2803,21000200
2021-01-16,0.30190264194,21000100,0.2797,20991200,0.2797,21000200
2021-01-17,0.2955629298491667,21000100,0.2777,20991200,0.2777,21000200
2021-01-18,0.30955094905958336,21000100,0.2857,20991200,0.2857,21000200
2021-01-19,0.3367366434458334,21000100,0.2942,20991200,0.2942,21000200
2021-01-20,0.3148738677333333,21000100,0.296,20991200,0.296,21000200
2021-01-21,0.2868890415416667,21000100,0.2684,20991200,0.2684,21000200
2021-01-22,0.27564957309999993,21000100,0.2724,20991200,0.2724,21000200
2021-01-23,0.28067061880000005,21000100,0.272,20991200,0.272,21000200
2021-01-24,0.28786213238749997,21000100,0.2739,20991200,0.2739,21000200
2021-01-25,0.288313674155,21000100,0.2678,20991200,0.2678,21000200
2021-01-26,0.27740978454,21000100,0.2686,20991200,0.2686,21000200
2021-01-27,0.2557459182883333,21000100,0.2507,20991200,0.2507,21000200
2021-01-28,0.27058877457083336,21000100,0.2645,20991200,0.2645,21000200
2021-01-29,0.30726924927041666,21000100,0.2833,20991200,0.2833,21000200
2021-01-30,0.4776349209770834,21000100,0.4445,20991200,0.4445,21000200
2021-01-31,0.54905575035375,21000100,0.4959,20991200,0.4959,21000200
2021-02-02,0.418424413305,21000100,0.3734,20991200,0.3734,21000200
2021-02-03,0.4630571115083334,21000100,0.398,20991200,0.398,21000200
2021-02-04,0.5173840243208334,21000100,0.4462,20991200,0.4462,21000200
2021-02-05,0.5289195707041666,21000100,0.4535,20991200,0.4535,21000200
2021-02-06,0.5026165199,21000100,0.4442,20991200,0.4442,21000200
2021-02-07,0.46811773967500003,21000100,0.4188,20991200,0.4188,21000200
2021-02-08,0.5172090124775,21000100,0.4522,20991200,0.4522,21000200
2021-02-09,0.5834497659225001,21000100,0.4773,20991200,0.4773,21000200
2021-02-10,0.61064821039375,21000100,0.5055,20991200,0.5055,21000200
2021-02-11,0.60555761091,21000100,0.5292,20991200,0.5292,21000200
2021-02-12,0.7004993382208333,21000100,0.6107,20991200,0.6107,21000200
2021-02-13,0.7313448170200001,21000100,0.6348,20991200,0.6348,21000200
2021-02-14,0.67611793751875,21000100,0.5935,20991200,0.5935,21000200
2021-02-15,0.57426766375,21000100,0.55,20991200,0.55,21000200
2021-02-16,0.5535408093324999,21000100,0.5203,20991200,0.5203,21000200
2021-02-17,0.5835204669,21000100,0.536,20991200,0.536,21000200
2021-02-18,0.6443799306000001,21000100,0.5328,20991200,0.5328,21000200
2021-02-19,0.6668245985025,21000100,0.5667,20991200,0.5667,21000200
2021-02-20,0.6471918810145834,21000100,0.5117,20991200,0.5117,21000200
2021-02-21,0.5955841923141668,21000100,0.5459,20991200,0.5459,21000200
2021-02-22,0.606443246045,21000100,0.5668,20991200,0.5668,21000200
2021-02-23,0.4956387217708333,21000100,0.4765,20991200,0.4765,21000200
2021-02-24,0.47661837208041663,21000100,0.4687,20991200,0.4687,21000200
2021-02-25,0.44602177797583337,21000100,0.4358,20991200,0.4358,21000200
2021-02-26,0.4334978769458333,21000100,0.4279,20991200,0.4279,21000200
2021-02-27,0.44375439994375,21000100,0.4361,20991200,0.4361,21000200
2021-02-28,0.4215473432058333,21000100,0.4159,20991200,0.4159,21000200
2021-03-02,0.44556237968958334,21000100,0.4361,20991200,0.4361,21000200
2021-03-03,0.4645581393891667,21000100,0.4486,20991200,0.4486,21000200
2021-03-04,0.5002508288866666,21000100,0.4816,20991200,0.4816,21000200
2021-03-05,0.46785736320000004,21000100,0.4551,20991200,0.4551,21000200
2021-03-06,0.47864330383333337,21000100,0.463,20991200,0.463,21000200
2021-03-07,0.47554261596666675,21000100,0.466,20991200,0.466,21000200
2021-03-08,0.500816994725,21000100,0.4749,20991200,0.4749,21000200
2021-03-09,0.5371371133683334,21000100,0.4858,20991200,0.4858,21000200
2021-03-10,0.4989612202425,21000100,0.4621,20991200,0.4621,21000200
2021-03-11,0.4705897721925,21000100,0.4527,20991200,0.4527,21000200
2021-03-12,0.46379305302624996,21000100,0.4399,20991200,0.4399,21000200
2021-03-13,0.4876736559191667,21000100,0.4586,20991200,0.4586,21000200
2021-03-14,0.48241151118333336,21000100,0.4394,20991200,0.4394,21000200
2021-03-15,0.46579225372166666,21000100,0.4361,20991200,0.4361,21000200
2021-03-16,0.4852613528483333,21000100,0.4607,20991200,0.4607,21000200
2021-03-17,0.4926644741475,21000100,0.4707,20991200,0.4707,21000200
2021-03-18,0.51817889317,21000100,0.4696,20991200,0.4696,21000200
2021-03-19,0.49595633578,21000100,0.4668,20991200,0.4668,21000200
2021-03-20,0.58247456450625,21000100,0.5265,20991200,0.5265,21000200
2021-03-21,0.5441658631333334,21000100,0.5176,20991200,0.5176,21000200
2021-03-22,0.58848442589,21000100,0.5449,20991200,0.5449,21000200
2021-03-23,0.5776034001258333,21000100,0.5501,20991200,0.5501,21000200
2021-03-24,0.5010723260000001,21000100,0.48,20991200,0.48,21000200
2021-03-25,0.5156628750000001,21000100,0.511,20991200,0.511,21000200
2021-03-26,0.5765046034233333,21000100,0.5638,20991200,0.5638,21000200
2021-03-27,0.5596700288925001,21000100,0.5479,20991200,0.5479,21000200
2021-03-28,0.56618262264375,21000100,0.5463,20991200,0.5463,21000200
2021-03-29,0.5944652985100001,21000100,0.5662,20991200,0.5662,21000200
2021-03-30,0.6309208031641665,21000100,0.5629,20991200,0.5629,21000200
2021-03-31,0.6130790156783332,21000100,0.5708,20991200,0.5708,21000200
2021-04-02,0.7083882028875,21000100,0.6078,20991200,0.6078,21000200
2021-04-03,0.654935835525,21000100,0.579,20991200,0.579,21000200
2021-04-04,0.6723570754708333,21000100,0.6353,20991200,0.6353,21000200
2021-04-05,1.0600060564566667,21000100,0.9176,20991200,0.9176,21000200
2021-04-06,1.2979687906770834,21000100,1.1005,20991200,1.1005,21000200
2021-04-07,1.00104430725,21000100,0.918,20991200,0.918,21000200
2021-04-08,1.1652509578999999,21000100,1.0588,20991200,1.0588,21000200
2021-04-09,1.15182178202,21000100,1.0192,20991200,1.0192,21000200
2021-04-10,1.5987623324750002,21000100,1.3762,20991200,1.3762,21000200
2021-04-11,1.5279815164350001,21000100,1.3563,20991200,1.3563,21000200
2021-04-12,1.7254261623675,21000100,1.4706,20991200,1.4706,21000200
2021-04-13,2.142577613714583,21000100,1.7993,20991200,1.7993,21000200
2021-04-14,2.1541155631145834,21000100,1.8385,20991200,1.8385,21000200
2021-04-15,2.0494480241395836,21000100,1.7599,20991200,1.7599,21000200
2021-04-16,1.897436513397917,21000100,1.5515,20991200,1.5515,21000200
2021-04-17,1.8475894489075,21000100,1.5409,20991200,1.5409,21000200
2021-04-18,1.46181464235625,21000100,1.4105,20991200,1.4105,21000200
2021-04-19,1.329571874875,21000100,1.31,20991200,1.31,21000200
2021-04-20,1.4038101126975,21000100,1.3863,20991200,1.3863,21000200
2021-04-21,1.33212193704,21000100,1.2912,20991200,1.2912,21000200
2021-04-22,1.1836673621499998,21000100,1.1557,20991200,1.1557,21000200
2021-04-23,1.1809789874999999,21000100,1.1703,20991200,1.1703,21000200
2021-04-24,1.0598839875000001,21000100,1.0503,20991200,1.0503,21000200
2021-04-25,1.05160363597,21000100,1.0356,20991200,1.0356,21000200
2021-04-26,1.38923638923,21000100,1.3644,20991200,1.3644,21000200
2021-04-27,1.4416254721091666,21000100,1.4039,20991200,1.4039,21000200
2021-04-28,1.4274470893083333,21000100,1.3594,20991200,1.3594,21000200
2021-04-29,1.4715168271083334,21000100,1.3985,20991200,1.3985,21000200
2021-04-30,1.6645172631379168,21000100,1.6019,20991200,1.6019,21000200
2021-05-02,1.656557724825,21000100,1.5618,20991200,1.5618,21000200
2021-05-03,1.6924806962524999,21000100,1.5582,20991200,1.5582,21000200
2021-05-04,1.4788967802675,21000100,1.3882,20991200,1.3882,21000200
2021-05-05,1.7292792127645835,21000100,1.6181,20991200,1.6181,21000200
2021-05-06,1.8465842988133334,21000100,1.6051,20991200,1.6051,21000200
2021-05-07,1.7073395103712499,21000100,1.5811,20991200,1.5811,21000200
2021-05-08,1.7269601074541665,21000100,1.5635,20991200,1.5635,21000200
2021-05-09,1.6528753422708335,21000100,1.5365,20991200,1.5365,21000200
2021-05-10,1.5375623957341664,21000100,1.3909,20991200,1.3909,21000200
2021-05-11,1.50315925322,21000100,1.4808,20991200,1.4808,21000200
2021-05-12,1.3185406854791666,21000100,1.2686,20991200,1.2686,21000200
2021-05-13,1.3884253105945832,21000100,1.3657,20991200,1.3657,21000200
2021-05-14,1.4276831173870834,21000100,1.4003,20991200,1.4003,21000200
2021-05-15,1.5288752610816667,21000100,1.4927,20991200,1.4927,21000200
2021-05-16,1.5196244789870832,21000100,1.4503,20991200,1.4503,21000200
2021-05-17,1.551046214833333,21000100,1.4968,20991200,1.4968,21000200
2021-05-18,1.6652727608766666,21000100,1.5898,20991200,1.5898,21000200
2021-05-19,1.0098155430925,21000100,1.0578,20991200,1.0578,21000200
2021-05-20,1.1916757125000002,21000100,1.1809,20991200,1.1809,21000200
2021-05-21,1.0160879624999999,21000100,1.0069,20991200,1.0069,21000200
2021-05-22,0.9153254371291666,21000100,0.9055,20991200,0.9055,21000200
2021-05-23,0.79504807780375,21000100,0.7899,20991200,0.7899,21000200
2021-05-24,0.98866142298,21000100,0.9936,20991200,0.9936,21000200
2021-05-25,0.9773075994666668,21000100,0.9745,20991200,0.9745,21000200
2021-05-26,1.0464357729962501,21000100,1.0303,20991200,1.0303,21000200
2021-05-27,0.98527364713125,21000100,0.9747,20991200,0.9747,21000200
2021-05-28,0.8951462094750001,21000100,0.8988,20991200,0.8988,21000200
2021-05-29,0.8415974554750001,21000100,0.8306,20991200,0.8306,21000200
2021-05-30,0.9087440391566667,21000100,0.9047,20991200,0.9047,21000200
2021-05-31,1.050499125,21000100,1.041,20991200,1.041,21000200
2021-06-02,1.0338485625,21000100,1.0245,20991200,1.0245,21000200
2021-06-03,1.0551411000000002,21000100,1.0456,20991200,1.0456,21000200
2021-06-04,0.9779430375,21000100,0.9691,20991200,0.9691,21000200
2021-06-05,0.9311196375,21000100,0.9227,20991200,0.9227,21000200
2021-06-06,0.955237725,21000100,0.9466,20991200,0.9466,21000200
2021-06-07,0.8695630125,21000100,0.8617,20991200,0.8617,21000200
2021-06-08,0.8799423125225,21000100,0.8733,20991200,0.8733,21000200
2021-06-09,0.9226717040108332,21000100,0.9218,20991200,0.9218,21000200
2021-06-10,0.8753230793999999,21000100,0.8692,20991200,0.8692,21000200
2021-06-11,0.8548297875,21000100,0.8471,20991200,0.8471,21000200
2021-06-12,0.8401974750000001,21000100,0.8326,20991200,0.8326,21000200
2021-06-13,0.8916628500000001,21000100,0.8836,20991200,0.8836,21000200
2021-06-14,0.8983230750000001,21000100,0.8902,20991200,0.8902,21000200
2021-06-15,0.8744068125000001,21000100,0.8665,20991200,0.8665,21000200
2021-06-16,0.8396929125,21000100,0.8321,20991200,0.8321,21000200
2021-06-17,0.8491786875,21000100,0.8415,20991200,0.8415,21000200
2021-06-18,0.8008148380525001,21000100,0.7971,20991200,0.7971,21000200
2021-06-19,0.7579740253620834,21000100,0.7577,20991200,0.7577,21000200
2021-06-20,0.7724630564933332,21000100,0.7742,20991200,0.7742,21000200
2021-06-21,0.6105755831025,21000100,0.6066,20991200,0.6066,21000200
2021-06-22,0.5453461469366667,21000100,0.5464,20991200,0.5464,21000200
2021-06-23,0.6382173453333334,21000100,0.638,20991200,0.638,21000200
2021-06-24,0.6768284358,21000100,0.6732,20991200,0.6732,21000200
2021-06-25,0.6161717250000001,21000100,0.6106,20991200,0.6106,21000200
2021-06-26,0.62083762154125,21000100,0.6159,20991200,0.6159,21000200
2021-06-27,0.651175281,21000100,0.648,20991200,0.648,21000200
2021-06-28,0.6466683809770833,21000100,0.6439,20991200,0.6439,21000200
2021-06-29,0.7120489864124999,21000100,0.7065,20991200,0.7065,21000200
2021-06-30,0.7121395125000001,21000100,0.7057,20991200,0.7057,21000200
2021-07-02,0.6614814375,21000100,0.6555,20991200,0.6555,21000200
2021-07-03,0.6764432652633333,21000100,0.6728,20991200,0.6728,21000200
2021-07-04,0.702149175,21000100,0.6958,20991200,0.6958,21000200
2021-07-05,0.6556836486108333,21000100,0.6523,20991200,0.6523,21000200
2021-07-06,0.6692840176929167,21000100,0.6647,20991200,0.6647,21000200
2021-07-07,0.65754585,21000100,0.6516,20991200,0.6516,21000200
2021-07-08,0.6228535341,21000100,0.6216,20991200,0.6216,21000200
2021-07-09,0.64056648013125,21000100,0.6367,20991200,0.6367,21000200
2021-07-10,0.6288411415058334,21000100,0.6247,20991200,0.6247,21000200
2021-07-11,0.6421062375,21000100,0.6363,20991200,0.6363,21000200
2021-07-12,0.6328014880437499,21000100,0.6285,20991200,0.6285,21000200
2021-07-13,0.6222021396,21000100,0.6192,20991200,0.6192,21000200
2021-07-14,0.6234673912695834,21000100,0.6197,20991200,0.6197,21000200
2021-07-15,0.603254925,21000100,0.5978,20991200,0.5978,21000200
2021-07-16,0.5927685929083334,21000100,0.5894,20991200,0.5894,21000200
2021-07-17,0.5872098375,21000100,0.5819,20991200,0.5819,21000200
2021-07-18,0.5856639868216666,21000100,0.5866,20991200,0.5866,21000200
2021-07-19,0.5602542690308333,21000100,0.5569,20991200,0.5569,21000200
2021-07-20,0.52655987445375,21000100,0.5283,20991200,0.5283,21000200
2021-07-21,0.56621140338,21000100,0.5712,20991200,0.5712,21000200
2021-07-22,0.5975029125,21000100,0.5921,20991200,0.5921,21000200
2021-07-23,0.61475895,21000100,0.6092,20991200,0.6092,21000200
2021-07-24,0.613749825,21000100,0.6082,20991200,0.6082,21000200
2021-07-25,0.6107961018533333,21000100,0.6064,20991200,0.6064,21000200
2021-07-26,0.6289876125,21000100,0.6233,20991200,0.6233,21000200
2021-07-27,0.6506838,21000100,0.6448,20991200,0.6448,21000200
2021-07-28,0.7386795,21000100,0.732,20991200,0.732,21000200
2021-07-29,0.75603645,21000100,0.7492,20991200,0.7492,21000200
2021-07-30,0.758862,21000100,0.752,20991200,0.752,21000200
2021-07-31,0.7532109,21000100,0.7464,20991200,0.7464,21000200
2021-08-02,0.7448351625,21000100,0.7381,20991200,0.7381,21000200
2021-08-03,0.7203134250000001,21000100,0.7138,20991200,0.7138,21000200
2021-08-04,0.7380740250000001,21000100,0.7314,20991200,0.7314,21000200
2021-08-05,0.7401931875000001,21000100,0.7335,20991200,0.7335,21000200
2021-08-06,0.7543209375000001,21000100,0.7475,20991200,0.7475,21000200
2021-08-07,0.8274617769124999,21000100,0.817,20991200,0.817,21000200
2021-08-08,0.79276773635,21000100,0.7796,20991200,0.7796,21000200
2021-08-09,0.8280073536625,21000100,0.8178,20991200,0.8178,21000200
2021-08-10,0.86539727997625,21000100,0.8519,20991200,0.8519,21000200
2021-08-11,1.0372603591166667,21000100,1.012,20991200,1.012,21000200
2021-08-12,1.009325726203692,21000100,0.9667,20991200,0.9667,21000200
2021-08-13,1.1085167441016666,21000100,1.0909,20991200,1.0909,21000200
2021-08-14,1.3244051330791666,21000100,1.2805,20991200,1.2805,21000200
2021-08-15,1.3380076420833331,21000100,1.285,20991200,1.285,21000200
2021-08-16,1.2396266716879167,21000100,1.1861,20991200,1.1861,21000200
2021-08-17,1.1128456716733333,21000100,1.0984,20991200,1.0984,21000200
2021-08-18,1.1543380875,21000100,1.1439,20991200,1.1439,21000200
2021-08-19,1.2469757625,21000100,1.2357,20991200,1.2357,21000200
2021-08-20,1.3014147581333333,21000100,1.264,20991200,1.264,21000200
2021-08-21,1.265660355662799,21000100,1.2172,20991200,1.2172,21000200
2021-08-22,1.270191186785,21000100,1.2266,20991200,1.2266,21000200
2021-08-23,1.302633006054961,21000100,1.2465,20991200,1.2465,21000200
2021-08-24,1.17160891557,21000100,1.1358,20991200,1.1358,21000200
2021-08-25,1.191054346295,21000100,1.1749,20991200,1.1749,21000200
2021-08-26,1.10070792832,21000100,1.0724,20991200,1.0724,21000200
2021-08-27,1.2179918737499997,21000100,1.1925,20991200,1.1925,21000200
2021-08-28,1.1924414981733333,21000100,1.1471,20991200,1.1471,21000200
2021-08-29,1.1814982196429167,21000100,1.1423,20991200,1.1423,21000200
2021-08-30,1.1503078308374999,21000100,1.101,20991200,1.101,21000200
2021-08-31,1.2364600048266667,21000100,1.1872,20991200,1.1872,21000200
2021-09-02,1.3248687548454803,21000100,1.2542,20991200,1.2542,21000200
2021-09-03,1.36233312918,21000100,1.2921,20991200,1.2921,21000200
2021-09-04,1.3300506241233332,21000100,1.2556,20991200,1.2556,21000200
2021-09-05,1.3698777720833333,21000100,1.309,20991200,1.309,21000200
2021-09-06,1.4787334352116666,21000100,1.3906,20991200,1.3906,21000200
2021-09-07,1.15439109696,21000100,1.1292,20991200,1.1292,21000200
2021-09-08,1.1145535575966665,21000100,1.1002,20991200,1.1002,21000200
2021-09-09,1.099914565715,21000100,1.0878,20991200,1.0878,21000200
2021-09-10,1.06523235,21000100,1.0556,20991200,1.0556,21000200
2021-09-11,1.0893504375,21000100,1.0795,20991200,1.0795,21000200
2021-09-12,1.1293117875,21000100,1.1191,20991200,1.1191,21000200
2021-09-13,1.0748190375,21000100,1.0651,20991200,1.0651,21000200
2021-09-14,1.1065055625,21000100,1.0965,20991200,1.0965,21000200
2021-09-15,1.1318346,21000100,1.1216,20991200,1.1216,21000200
2021-09-16,1.10486237544,21000100,1.0908,20991200,1.0908,21000200
2021-09-17,1.0777662716066667,21000100,1.0672,20991200,1.0672,21000200
2021-09-18,1.0857894501083332,21000100,1.0756,20991200,1.0756,21000200
2021-09-19,1.0578657375,21000100,1.0483,20991200,1.0483,21000200
2021-09-20,0.9300096,21000100,0.9216,20991200,0.9216,21000200
2021-09-21,0.8817734250000001,21000100,0.8738,20991200,0.8738,21000200
2021-09-22,1.0122532875,21000100,1.0031,20991200,1.0031,21000200
2021-09-23,1.0106386875000002,21000100,1.0015,20991200,1.0015,21000200
2021-09-24,0.9525130875,21000100,0.9439,20991200,0.9439,21000200
2021-09-25,0.948375675,21000100,0.9398,20991200,0.9398,21000200
2021-09-26,0.9516703293154166,21000100,0.9433,20991200,0.9433,21000200
2021-09-27,0.9292023,21000100,0.9208,20991200,0.9208,21000200
2021-09-28,0.8980372313066666,21000100,0.8924,20991200,0.8924,21000200
2021-09-29,0.9345506625000001,21000100,0.9261,20991200,0.9261,21000200
2021-09-30,0.9591221186662501,21000100,0.9531,20991200,0.9531,21000200
2021-10-02,1.045655325,21000100,1.0362,20991200,1.0362,21000200
2021-10-03,1.065434175,21000100,1.0558,20991200,1.0558,21000200
2021-10-04,1.0530219375,21000100,1.0435,20991200,1.0435,21000200
2021-10-05,1.0946988,21000100,1.0848,20991200,1.0848,21000200
2021-10-06,1.0871303625,21000100,1.0773,20991200,1.0773,21000200
2021-10-07,1.097319221635,21000100,1.0686,20991200,1.0686,21000200
2021-10-08,1.0952694664525,21000100,1.0641,20991200,1.0641,21000200
2021-10-09,1.1867076946566668,21000100,1.1618,20991200,1.1618,21000200
2021-10-10,1.1863845406804165,21000100,1.1359,20991200,1.1359,21000200
2021-10-11,1.1681204504666667,21000100,1.1368,20991200,1.1368,21000200
2021-10-12,1.1123584875,21000100,1.1023,20991200,1.1023,21000200
2021-10-13,1.1386966500000002,21000100,1.1284,20991200,1.1284,21000200
2021-10-14,1.1532432068583334,21000100,1.1345,20991200,1.1345,21000200
2021-10-15,1.1745690326025,21000100,1.1423,20991200,1.1423,21000200
2021-10-16,1.1990835556283332,21000100,1.1356,20991200,1.1356,21000200
2021-10-17,1.14518277012625,21000100,1.0947,20991200,1.0947,21000200
2021-10-18,1.10210214492,21000100,1.0836,20991200,1.0836,21000200
2021-10-19,1.1209551433300002,21000100,1.0923,20991200,1.0923,21000200
2021-10-20,1.1908476667066668,21000100,1.1464,20991200,1.1464,21000200
2021-10-21,1.1611916143316665,21000100,1.0894,20991200,1.0894,21000200
2021-10-22,1.1131648615354166,21000100,1.0895,20991200,1.0895,21000200
2021-10-23,1.1382913496733333,21000100,1.0948,20991200,1.0948,21000200
2021-10-24,1.1368355554624998,21000100,1.083,20991200,1.083,21000200
2021-10-25,1.1441769090066667,21000100,1.0957,20991200,1.0957,21000200
2021-10-26,1.1795596438275002,21000100,1.1082,20991200,1.1082,21000200
2021-10-27,1.03533202982625,21000100,0.9951,20991200,0.9951,21000200
2021-10-28,1.068259725,21000100,1.0586,20991200,1.0586,21000200
2021-10-29,1.09958572284375,21000100,1.0833,20991200,1.0833,21000200
2021-10-30,1.1171562117533334,21000100,1.0856,20991200,1.0856,21000200
2021-10-31,1.1451285267395832,21000100,1.1135,20991200,1.1135,21000200
2021-11-02,1.1928422588775,21000100,1.1361,20991200,1.1361,21000200
2021-11-03,1.2861192553866667,21000100,1.2113,20991200,1.2113,21000200
2021-11-04,1.2452948057550002,21000100,1.2012,20991200,1.2012,21000200
2021-11-05,1.2048033564662501,21000100,1.1591,20991200,1.1591,21000200
2021-11-06,1.1850324726716666,21000100,1.1518,20991200,1.1518,21000200
2021-11-07,1.23811116323125,21000100,1.2215,20991200,1.2215,21000200
2021-11-08,1.3631004583466666,21000100,1.2832,20991200,1.2832,21000200
2021-11-09,1.3249922891775,21000100,1.2578,20991200,1.2578,21000200
2021-11-10,1.2498785173837499,21000100,1.1903,20991200,1.1903,21000200
2021-11-11,1.2299224669900002,21000100,1.2152,20991200,1.2152,21000200
2021-11-12,1.1997487125000001,21000100,1.1889,20991200,1.1889,21000200
2021-11-13,1.2061129229549998,21000100,1.1899,20991200,1.1899,21000200
2021-11-14,1.210649337785,21000100,1.1892,20991200,1.1892,21000200
2021-11-15,1.2004041873395834,21000100,1.1729,20991200,1.1729,21000200
2021-11-16,1.10016131194125,21000100,1.0881,20991200,1.0881,21000200
2021-11-17,1.1057991750000002,21000100,1.0958,20991200,1.0958,21000200
2021-11-18,1.050499125,21000100,1.041,20991200,1.041,21000200
2021-11-19,1.1002489875,21000100,1.0903,20991200,1.0903,21000200
2021-11-20,1.1086325172533333,21000100,1.0976,20991200,1.0976,21000200
2021-11-21,1.0721781924412501,21000100,1.0581,20991200,1.0581,21000200
2021-11-22,1.0473173339741666,21000100,1.0366,20991200,1.0366,21000200
2021-11-23,1.0791386632583333,21000100,1.067,20991200,1.067,21000200
2021-11-24,1.0518440487775,21000100,1.0329,20991200,1.0329,21000200
2021-11-25,1.0722001560970833,21000100,1.0447,20991200,1.0447,21000200
2021-11-26,0.9634182425066666,21000100,0.9392,20991200,0.9392,21000200
2021-11-27,0.9541276875000001,21000100,0.9455,20991200,0.9455,21000200
2021-11-28,0.977438475,21000100,0.9686,20991200,0.9686,21000200
2021-11-29,0.9991346625,21000100,0.9901,20991200,0.9901,21000200
2021-11-30,1.0080149625000001,21000100,0.9989,20991200,0.9989,21000200
2021-12-02,0.981071325,21000100,0.9722,20991200,0.9722,21000200
2021-12-03,0.9297068625,21000100,0.9213,20991200,0.9213,21000200
2021-12-04,0.8134880536945251,21000100,0.8449,20991200,0.8449,21000200
2021-12-05,0.8104950441545833,21000100,0.8041,20991200,0.8041,21000200
2021-12-06,0.8326290375,21000100,0.8251,20991200,0.8251,21000200
2021-12-07,0.822840525,21000100,0.8154,20991200,0.8154,21000200
2021-12-08,0.86986575,21000100,0.862,20991200,0.862,21000200
2021-12-09,0.866031075,21000100,0.8582,20991200,0.8582,21000200
2021-12-10,0.80554222103125,21000100,0.7985,20991200,0.7985,21000200
2021-12-11,0.8401782392699999,21000100,0.8388,20991200,0.8388,21000200
2021-12-12,0.8419728557625001,21000100,0.8393,20991200,0.8393,21000200
2021-12-13,0.7886311875,21000100,0.7815,20991200,0.7815,21000200
2021-12-14,0.81624362625375,21000100,0.8101,20991200,0.8101,21000200
2021-12-15,0.8334363375,21000100,0.8259,20991200,0.8259,21000200
2021-12-16,0.8118410625,21000100,0.8045,20991200,0.8045,21000200
2021-12-17,0.8035662375,21000100,0.7963,20991200,0.7963,21000200
2021-12-18,0.8336381625,21000100,0.8261,20991200,0.8261,21000200
2021-12-19,0.8422157250000001,21000100,0.8346,20991200,0.8346,21000200
2021-12-20,0.887020875,21000100,0.879,20991200,0.879,21000200
2021-12-21,0.946760063665,21000100,0.9462,20991200,0.9462,21000200
2021-12-22,0.9407728190474999,21000100,0.9531,20991200,0.9531,21000200
2021-12-23,0.9527076204748859,21000100,0.9937,20991200,0.9937,21000200
2021-12-24,0.8584918680621729,21000100,0.9126,20991200,0.9126,21000200
2021-12-25,0.919052489325,21000100,0.9252,20991200,0.9252,21000200
2021-12-26,0.9284959125000001,21000100,0.9201,20991200,0.9201,21000200
2021-12-27,0.9355597875000001,21000100,0.9271,20991200,0.9271,21000200
2021-12-28,0.8591690250000001,21000100,0.8514,20991200,0.8514,21000200
2021-12-29,0.8243542125,21000100,0.8169,20991200,0.8169,21000200
2021-12-30,0.845848575,21000100,0.8382,20991200,0.8382,21000200
2021-12-31,0.83676645,21000100,0.8292,20991200,0.8292,21000200
2022-01-01,0.8584626375000001,21000100,0.8507,20991200,0.8507,21000200
2022-01-02,0.8661319875,21000100,0.8583,20991200,0.8583,21000200
2022-01-03,0.8399956500000001,21000100,0.8324,20991200,0.8324,21000200
2022-01-04,0.83030805,21000100,0.8228,20991200,0.8228,21000200
2022-01-05,0.778842675,21000100,0.7718,20991200,0.7718,21000200
2022-01-06,0.7823954052091665,21000100,0.7787,20991200,0.7787,21000200
2022-01-07,0.7702469059725,21000100,0.7634,20991200,0.7634,21000200
2022-01-08,0.751798125,21000100,0.745,20991200,0.745,21000200
2022-01-09,0.7597702125000001,21000100,0.7529,20991200,0.7529,21000200
2022-01-10,0.7444650486004166,21000100,0.7393,20991200,0.7393,21000200
2022-01-11,0.7754964011666666,21000100,0.77,20991200,0.77,21000200
2022-01-12,0.8041159624008333,21000100,0.7982,20991200,0.7982,21000200
2022-01-13,0.77424753578,21000100,0.7674,20991200,0.7674,21000200
2022-01-14,0.7797508875000001,21000100,0.7727,20991200,0.7727,21000200
2022-01-15,0.7859065500000001,21000100,0.7788,20991200,0.7788,21000200
2022-01-16,0.78509925,21000100,0.778,20991200,0.778,21000200
2022-01-17,0.768210209055,21000100,0.7614,20991200,0.7614,21000200
2022-01-18,0.7572474,21000100,0.7504,20991200,0.7504,21000200
2022-01-19,0.742723762985,21000100,0.7379,20991200,0.7379,21000200
2022-01-20,0.7259645250000001,21000100,0.7194,20991200,0.7194,21000200
2022-01-21,0.6385639376616666,21000100,0.6364,20991200,0.6364,21000200
2022-01-22,0.5950062113508333,21000100,0.5962,20991200,0.5962,21000200
2022-01-23,0.6291817085858333,21000100,0.6281,20991200,0.6281,21000200
2022-01-24,0.6134111718533333,21000100,0.6116,20991200,0.6116,21000200
2022-01-25,0.6176945845416667,21000100,0.6175,20991200,0.6175,21000200
2022-01-26,0.6196985157083333,21000100,0.619,20991200,0.619,21000200
2022-01-27,0.61079239104,21000100,0.6084,20991200,0.6084,21000200
2022-01-28,0.61343554601,21000100,0.6108,20991200,0.6108,21000200
2022-01-29,0.6215963719908333,21000100,0.6173,20991200,0.6173,21000200
2022-01-30,0.6062133920291666,21000100,0.601,20991200,0.601,21000200
2022-01-31,0.6141780798404166,21000100,0.6173,20991200,0.6173,21000200
2022-02-01,0.63197410175,21000100,0.628,20991200,0.628,21000200
2022-02-02,0.6047300289074999,21000100,0.6003,20991200,0.6003,21000200
2022-02-03,0.6070812547200001,21000100,0.6096,20991200,0.6096,21000200
2022-02-04,0.65708926794375,21000100,0.6555,20991200,0.6555,21000200
2022-02-05,0.6713708625,21000100,0.6653,20991200,0.6653,21000200
2022-02-06,0.6880518872500001,21000100,0.6825,20991200,0.6825,21000200
2022-02-07,0.8371789961925,21000100,0.8307,20991200,0.8307,21000200
2022-02-08,0.8821979251999998,21000100,0.8755,20991200,0.8755,21000200
2022-02-09,0.8754401311424999,21000100,0.8694,20991200,0.8694,21000200
2022-02-10,0.8291455987570833,21000100,0.8249,20991200,0.8249,21000200
2022-02-11,0.7654213125,21000100,0.7585,20991200,0.7585,21000200
2022-02-12,0.8288947977583334,21000100,0.8222,20991200,0.8222,21000200
2022-02-13,0.80949029081,21000100,0.8051,20991200,0.8051,21000200
2022-02-14,0.805047787655,21000100,0.8007,20991200,0.8007,21000200
2022-02-15,0.8497578898666667,21000100,0.8512,20991200,0.8512,21000200
2022-02-16,0.8417646382349999,21000100,0.8364,20991200,0.8364,21000200
2022-02-17,0.7736426080000001,21000100,0.768,20991200,0.768,21000200
2022-02-18,0.7800828071895833,21000100,0.7835,20991200,0.7835,21000200
2022-02-19,0.8284174818250001,21000100,0.8215,20991200,0.8215,21000200
2022-02-20,0.78348465,21000100,0.7764,20991200,0.7764,21000200
2022-02-21,0.7003488414204166,21000100,0.7013,20991200,0.7013,21000200
2022-02-22,0.70831110770875,21000100,0.7203,20991200,0.7203,21000200
2022-02-23,0.6866824479,21000100,0.696,20991200,0.696,21000200
2022-02-24,0.6897676488325,21000100,0.6958,20991200,0.6958,21000200
2022-02-25,0.77239920836,21000100,0.7696,20991200,0.7696,21000200
2022-03-02,0.7736990301075,21000100,0.7686,20991200,0.7686,21000200
2022-03-03,0.7578528750000001,21000100,0.751,20991200,0.751,21000200
2022-03-04,0.714810361375,21000100,0.7122,20991200,0.7122,21000200
2022-03-05,0.7538625385454167,21000100,0.7537,20991200,0.7537,21000200
2022-03-06,0.72648056658,21000100,0.7248,20991200,0.7248,21000200
2022-03-07,0.7194073813199999,21000100,0.7192,20991200,0.7192,21000200
2022-03-08,0.7202769031791667,21000100,0.7205,20991200,0.7205,21000200
2022-03-09,0.7673317798425,21000100,0.7659,20991200,0.7659,21000200
2022-03-10,0.7405217708899999,21000100,0.7359,20991200,0.7359,21000200
2022-03-11,0.8088830515625,21000100,0.8025,20991200,0.8025,21000200
2022-03-12,0.7916745124179166,21000100,0.7853,20991200,0.7853,21000200
2022-03-13,0.7616959922566667,21000100,0.7598,20991200,0.7598,21000200
2022-03-14,0.7744154695375001,21000100,0.7742,20991200,0.7742,21000200
2022-03-15,0.770273627095,21000100,0.7654,20991200,0.7654,21000200
2022-03-16,0.7971614280083333,21000100,0.7915,20991200,0.7915,21000200
2022-03-17,0.8003370375000001,21000100,0.7931,20991200,0.7931,21000200
2022-03-18,0.803868975,21000100,0.7966,20991200,0.7966,21000200
2022-03-19,0.8266752,21000100,0.8192,20991200,0.8192,21000200
2022-03-20,0.8125474500000001,21000100,0.8052,20991200,0.8052,21000200
2022-03-21,0.8447385374999999,21000100,0.8371,20991200,0.8371,21000200
2022-03-22,0.8439312375000001,21000100,0.8363,20991200,0.8363,21000200
2022-03-23,0.8451421875,21000100,0.8375,20991200,0.8375,21000200
2022-03-24,0.8503896375000001,21000100,0.8427,20991200,0.8427,21000200
2022-03-25,0.831519,21000100,0.824,20991200,0.824,21000200
2022-03-26,0.8402983875000001,21000100,0.8327,20991200,0.8327,21000200
2022-03-27,0.865627425,21000100,0.8578,20991200,0.8578,21000200
2022-03-28,0.871884,21000100,0.864,20991200,0.864,21000200
2022-03-29,0.8654256,21000100,0.8576,20991200,0.8576,21000200
2022-03-30,0.8693611875000001,21000100,0.8615,20991200,0.8615,21000200
2022-03-31,0.822033225,21000100,0.8146,20991200,0.8146,21000200
2022-04-03,0.8507932875,21000100,0.8431,20991200,0.8431,21000200
2022-04-04,0.8334363375,21000100,0.8259,20991200,0.8259,21000200
2022-04-05,0.8237487375000001,21000100,0.8163,20991200,0.8163,21000200
2022-04-06,0.7655795479204166,21000100,0.7591,20991200,0.7591,21000200
2022-04-07,0.7908702823666667,21000100,0.787,20991200,0.787,21000200
2022-04-08,0.7614857250000001,21000100,0.7546,20991200,0.7546,21000200
2022-04-09,0.769155075,21000100,0.7622,20991200,0.7622,21000200
2022-04-10,0.760678425,21000100,0.7538,20991200,0.7538,21000200
2022-04-11,0.6966394767,21000100,0.6945,20991200,0.6945,21000200
2022-04-12,0.7177516915741666,21000100,0.7147,20991200,0.7147,21000200
2022-04-13,0.7256092645966667,21000100,0.7228,20991200,0.7228,21000200
2022-04-14,0.73246621011375,21000100,0.7259,20991200,0.7259,21000200
2022-04-15,0.7920349553016667,21000100,0.7853,20991200,0.7853,21000200
2022-04-16,0.7820748378674999,21000100,0.7803,20991200,0.7803,21000200
2022-04-17,0.7515277587133334,21000100,0.7516,20991200,0.7516,21000200
2022-04-18,0.7731010215483333,21000100,0.7693,20991200,0.7693,21000200
2022-04-19,0.7808306595466665,21000100,0.7744,20991200,0.7744,21000200
2022-04-20,0.7581556125,21000100,0.7513,20991200,0.7513,21000200
2022-04-21,0.7364758928679167,21000100,0.7321,20991200,0.7321,21000200
2022-04-22,0.7215405592304166,21000100,0.7177,20991200,0.7177,21000200
2022-04-23,0.7117358625000001,21000100,0.7053,20991200,0.7053,21000200
2022-04-24,0.7042683375,21000100,0.6979,20991200,0.6979,21000200
2022-04-25,0.6928940895033333,21000100,0.6926,20991200,0.6926,21000200
2022-04-26,0.64274398884,21000100,0.6416,20991200,0.6416,21000200
2022-04-27,0.6533964131158333,21000100,0.6517,20991200,0.6517,21000200
2022-04-28,0.6470691987466666,21000100,0.6424,20991200,0.6424,21000200
2022-04-29,0.6166504116533333,21000100,0.6112,20991200,0.6112,21000200
2022-04-30,0.5866235407270832,21000100,0.5839,20991200,0.5839,21000200
2022-05-01,0.60704355603,21000100,0.6066,20991200,0.6066,21000200
2022-05-02,0.61644027624875,21000100,0.6141,20991200,0.6141,21000200
2022-05-03,0.6088987078550001,21000100,0.6044,20991200,0.6044,21000200
2022-05-04,0.6509120742575001,21000100,0.6457,20991200,0.6457,21000200
2022-05-05,0.6030531,21000100,0.5976,20991200,0.5976,21000200
2022-05-06,0.6035519120420834,21000100,0.6019,20991200,0.6019,21000200
2022-05-07,0.5830966230416667,21000100,0.5804,20991200,0.5804,21000200
2022-05-08,0.5655073762220834,21000100,0.5659,20991200,0.5659,21000200
2022-05-09,0.48889383430166666,21000100,0.4868,20991200,0.4868,21000200
2022-05-10,0.50822177288,21000100,0.5128,20991200,0.5128,21000200
2022-05-11,0.4152811786025,21000100,0.4163,20991200,0.4163,21000200
2022-05-12,0.37745289249193587,21000100,0.3851,20991200,0.3851,21000200
2022-05-13,0.4254861389875,21000100,0.4227,20991200,0.4227,21000200
2022-05-14,0.42911516701375,21000100,0.4259,20991200,0.4259,21000200
2022-05-15,0.44823204490333335,21000100,0.4478,20991200,0.4478,21000200
2022-05-16,0.4210568044083333,21000100,0.4228,20991200,0.4228,21000200
2022-05-17,0.4307478802083333,21000100,0.4375,20991200,0.4375,21000200
2022-05-18,0.39563291090581093,21000100,0.405,20991200,0.405,21000200
2022-05-19,0.4128457255483334,21000100,0.4204,20991200,0.4204,21000200
2022-05-20,0.4109959188874999,21000100,0.4099,20991200,0.4099,21000200
2022-05-21,0.4103961097341667,21000100,0.4142,20991200,0.4142,21000200
2022-05-22,0.4194362627233333,21000100,0.4216,20991200,0.4216,21000200
2022-05-23,0.4057296063333333,21000100,0.4048,20991200,0.4048,21000200
2022-05-24,0.40353423731666666,21000100,0.4084,20991200,0.4084,21000200
2022-05-25,0.40132860029625,21000100,0.4059,20991200,0.4059,21000200
2022-05-26,0.38674291496249996,21000100,0.3918,20991200,0.3918,21000200
2022-05-27,0.38090242478916664,21000100,0.3818,20991200,0.3818,21000200
2022-05-28,0.384890843475,21000100,0.386,20991200,0.386,21000200
2022-05-29,0.38404322801999996,21000100,0.3888,20991200,0.3888,21000200
2022-05-30,0.42110548495166666,21000100,0.4186,20991200,0.4186,21000200
2022-05-31,0.42425580218083336,21000100,0.4213,20991200,0.4213,21000200
2022-06-01,0.3971660512941667,21000100,0.3977,20991200,0.3977,21000200
2022-06-02,0.40211765887500006,21000100,0.405,20991200,0.405,21000200
2022-06-03,0.3914830475366667,21000100,0.3901,20991200,0.3901,21000200
2022-06-04,0.39317763231041664,21000100,0.3923,20991200,0.3923,21000200
2022-06-05,0.39451894783125,21000100,0.3951,20991200,0.3951,21000200
2022-06-06,0.40552594144875004,21000100,0.4023,20991200,0.4023,21000200
2022-06-07,0.40539362556166664,21000100,0.4073,20991200,0.4073,21000200
2022-06-08,0.40229695159124995,21000100,0.4003,20991200,0.4003,21000200
2022-06-09,0.40013286000000003,21000100,0.4,20991200,0.4,21000200
2022-06-10,0.38180756296333335,21000100,0.3811,20991200,0.3811,21000200
2022-06-11,0.35402290816166665,21000100,0.3596,20991200,0.3596,21000200
2022-06-12,0.3403312599166667,21000100,0.343,20991200,0.343,21000200
2022-06-13,0.30834858954375,21000100,0.3115,20991200,0.3115,21000200
2022-06-14,0.317829114405,21000100,0.3212,20991200,0.3212,21000200
2022-06-15,0.3386466085516667,21000100,0.3433,20991200,0.3433,21000200
2022-06-16,0.31310338630375,21000100,0.3129,20991200,0.3129,21000200
2022-06-17,0.3206239716933333,21000100,0.3208,20991200,0.3208,21000200
2022-06-18,0.30501284992,21000100,0.3072,20991200,0.3072,21000200
2022-06-19,0.32557293486666666,21000100,0.3262,20991200,0.3262,21000200
2022-06-20,0.3243410235,21000100,0.3225,20991200,0.3225,21000200
2022-06-21,0.33088313294166666,21000100,0.329,20991200,0.329,21000200
2022-06-22,0.3208188507675,21000100,0.3222,20991200,0.3222,21000200
2022-06-23,0.33380886192500003,21000100,0.3355,20991200,0.3355,21000200
2022-06-24,0.36893976906500003,21000100,0.3668,20991200,0.3668,21000200
2022-06-25,0.36916454565833334,21000100,0.3674,20991200,0.3674,21000200
2022-06-26,0.3601594414120833,21000100,0.3589,20991200,0.3589,21000200
2022-06-27,0.35425040243541667,21000100,0.3535,20991200,0.3535,21000200
2022-06-28,0.33687897155,21000100,0.3372,20991200,0.3372,21000200
2022-06-29,0.32748776742625,21000100,0.3293,20991200,0.3293,21000200
2022-06-30,0.32836661655,21000100,0.3318,20991200,0.3318,21000200
2022-07-01,0.3110931089,21000100,0.3138,20991200,0.3138,21000200
2022-07-02,0.31615063987500003,21000100,0.3155,20991200,0.3155,21000200
2022-07-03,0.32147429696666663,21000100,0.3214,20991200,0.3214,21000200
2022-07-04,0.32755134872,21000100,0.3284,20991200,0.3284,21000200
2022-07-05,0.32402669452125,21000100,0.3249,20991200,0.3249,21000200
2022-07-06,0.33132552757875,21000100,0.3321,20991200,0.3321,21000200
2022-07-07,0.3415323791479166,21000100,0.3419,20991200,0.3419,21000200
2022-07-08,0.34163296032249996,21000100,0.3399,20991200,0.3399,21000200
2022-07-09,0.34621561366000003,21000100,0.3444,20991200,0.3444,21000200
2022-07-10,0.32725278674333336,21000100,0.3253,20991200,0.3253,21000200
2022-07-11,0.3142947162275,21000100,0.3147,20991200,0.3147,21000200
2022-07-12,0.3087403326,21000100,0.3114,20991200,0.3114,21000200
2022-07-13,0.31908409829583334,21000100,0.3235,20991200,0.3235,21000200
2022-07-14,0.33042023461000003,21000100,0.3336,20991200,0.3336,21000200
2022-07-15,0.3351559064174999,21000100,0.3339,20991200,0.3339,21000200
2022-07-16,0.34770253425750003,21000100,0.3503,20991200,0.3503,21000200
2022-07-17,0.3443384351754167,21000100,0.3431,20991200,0.3431,21000200
2022-07-18,0.36637339778125,21000100,0.3649,20991200,0.3649,21000200
2022-07-19,0.3729244709475,21000100,0.3726,20991200,0.3726,21000200
2022-07-20,0.36336285414166664,21000100,0.3631,20991200,0.3631,21000200
2022-07-21,0.3636536373275,21000100,0.3666,20991200,0.3666,21000200
2022-07-22,0.35685427287999993,21000100,0.3576,20991200,0.3576,21000200
2022-07-23,0.3556416331,21000100,0.3588,20991200,0.3588,21000200
2022-07-24,0.36055552064,21000100,0.3584,20991200,0.3584,21000200
2022-07-25,0.3326520708833333,21000100,0.3358,20991200,0.3358,21000200
2022-07-26,0.3334677442175,21000100,0.3369,20991200,0.3369,21000200
2022-07-27,0.35554820517333335,21000100,0.3592,20991200,0.3592,21000200
2022-07-28,0.37394300605916664,21000100,0.3734,20991200,0.3734,21000200
2022-07-29,0.3701920653008333,21000100,0.3677,20991200,0.3677,21000200
2022-07-30,0.39041334309750003,21000100,0.3879,20991200,0.3879,21000200
2022-07-31,0.38206588316250006,21000100,0.3789,20991200,0.3789,21000200
2022-08-01,0.37992318048708335,21000100,0.3787,20991200,0.3787,21000200
2022-08-02,0.37113361087999996,21000100,0.3712,20991200,0.3712,21000200
2022-08-03,0.36863469018999995,21000100,0.3692,20991200,0.3692,21000200
2022-08-04,0.3687060785920833,21000100,0.3709,20991200,0.3709,21000200
2022-08-05,0.3760681976108333,21000100,0.3761,20991200,0.3761,21000200
2022-08-06,0.37290850327749997,21000100,0.3711,20991200,0.3711,21000200
2022-08-07,0.37011112690916664,21000100,0.3719,20991200,0.3719,21000200
2022-08-08,0.38114596575625004,21000100,0.3785,20991200,0.3785,21000200
2022-08-09,0.3676119591895833,21000100,0.3671,20991200,0.3671,21000200
2022-08-10,0.373779473935,21000100,0.3813,20991200,0.3813,21000200
2022-08-11,0.3829157051666667,21000100,0.38,20991200,0.38,21000200
2022-08-12,0.38238645816583333,21000100,0.3794,20991200,0.3794,21000200
2022-08-13,0.3802983642133333,21000100,0.3776,20991200,0.3776,21000200
2022-08-14,0.3785394936625,21000100,0.3754,20991200,0.3754,21000200
2022-08-15,0.37135958125,21000100,0.375,20991200,0.375,21000200
2022-08-16,0.3773418760800001,21000100,0.3768,20991200,0.3768,21000200
2022-08-17,0.3806882195025,21000100,0.3794,20991200,0.3794,21000200
2022-08-18,0.36899477783333334,21000100,0.37,20991200,0.37,21000200
2022-08-19,0.32816547357750003,21000100,0.3341,20991200,0.3341,21000200
2022-08-20,0.3312507644466667,21000100,0.3364,20991200,0.3364,21000200
2022-08-21,0.3413960463875,21000100,0.3445,20991200,0.3445,21000200
2022-08-22,0.34121922423333334,21000100,0.3436,20991200,0.3436,21000200
2022-08-23,0.34475367342,21000100,0.3471,20991200,0.3471,21000200
2022-08-24,0.3430981536583333,21000100,0.3454,20991200,0.3454,21000200
2022-08-25,0.34586828470250003,21000100,0.3486,20991200,0.3486,21000200
2022-08-26,0.3403799004529167,21000100,0.3391,20991200,0.3391,21000200
2022-08-27,0.33161620778,21000100,0.3344,20991200,0.3344,21000200
2022-08-28,0.3223029409875,21000100,0.3223,20991200,0.3223,21000200
2022-08-29,0.32762035887083335,21000100,0.3335,20991200,0.3335,21000200
2022-08-30,0.32324019367583334,21000100,0.3266,20991200,0.3266,21000200
2022-08-31,0.323744338265,21000100,0.3273,20991200,0.3273,21000200
2022-09-01,0.32962099187041666,21000100,0.3329,20991200,0.3329,21000200
2022-09-02,0.33067480413916667,21000100,0.3311,20991200,0.3311,21000200
2022-09-03,0.32836511166750004,21000100,0.3294,20991200,0.3294,21000200
2022-09-04,0.33305945611250004,21000100,0.3315,20991200,0.3315,21000200
2022-09-05,0.33293811477625,21000100,0.3327,20991200,0.3327,21000200
2022-09-06,0.32270553185,21000100,0.321,20991200,0.321,21000200
2022-09-07,0.33123616848291665,21000100,0.3367,20991200,0.3367,21000200
2022-09-08,0.34028740089666665,21000100,0.3394,20991200,0.3394,21000200
2022-09-09,0.3579175762020833,21000100,0.3565,20991200,0.3565,21000200
2022-09-10,0.35961546974666664,21000100,0.3572,20991200,0.3572,21000200
2022-09-11,0.35595451033000003,21000100,0.3548,20991200,0.3548,21000200
2022-09-12,0.3613015987316667,21000100,0.3596,20991200,0.3596,21000200
2022-09-13,0.33126327799875,21000100,0.3323,20991200,0.3323,21000200
2022-09-14,0.3329729919383867,21000100,0.3413,20991200,0.3413,21000200
2022-09-15,0.3214748103,21000100,0.326,20991200,0.326,21000200
2022-09-16,0.35120171811833334,21000100,0.3551,20991200,0.3551,21000200
2022-09-17,0.3768264214791667,21000100,0.3761,20991200,0.3761,21000200
2022-09-18,0.35838162121999995,21000100,0.3576,20991200,0.3576,21000200
2022-09-19,0.384725159155,21000100,0.3844,20991200,0.3844,21000200
2022-09-20,0.41285101175,21000100,0.4135,20991200,0.4135,21000200
2022-09-21,0.390653631885,21000100,0.3932,20991200,0.3932,21000200
2022-09-22,0.47964247304875,21000100,0.4857,20991200,0.4857,21000200
2022-09-23,0.4996413660158333,21000100,0.5063,20991200,0.5063,21000200
2022-09-24,0.4791304261879167,21000100,0.4877,20991200,0.4877,21000200
2022-09-25,0.4872492395133333,21000100,0.4912,20991200,0.4912,21000200
2022-09-26,0.4640906740325,21000100,0.4679,20991200,0.4679,21000200
2022-09-27,0.44096587597500003,21000100,0.4454,20991200,0.4454,21000200
2022-09-28,0.43885128771,21000100,0.4488,20991200,0.4488,21000200
2022-09-29,0.48257235986333336,21000100,0.4874,20991200,0.4874,21000200
2022-09-30,0.4811932301475,21000100,0.4797,20991200,0.4797,21000200
2022-10-01,0.47943528750000003,21000100,0.4751,20991200,0.4751,21000200
2022-10-02,0.4494344455125,21000100,0.4482,20991200,0.4482,21000200
2022-10-03,0.46147165472249996,21000100,0.4617,20991200,0.4617,21000200
2022-10-04,0.47818771995000003,21000100,0.4792,20991200,0.4792,21000200
2022-10-05,0.4886878119666666,21000100,0.4885,20991200,0.4885,21000200
2022-10-06,0.49468068752374994,21000100,0.4931,20991200,0.4931,21000200
2022-10-07,0.5175121016216667,21000100,0.5173,20991200,0.5173,21000200
2022-10-08,0.52130311742,21000100,0.5168,20991200,0.5168,21000200
2022-10-09,0.53725815,21000100,0.5324,20991200,0.5324,21000200
2022-10-10,0.49732378354750006,21000100,0.4938,20991200,0.4938,21000200
2022-10-11,0.4874992879166667,21000100,0.4858,20991200,0.4858,21000200
2022-10-12,0.4890652597016667,21000100,0.4879,20991200,0.4879,21000200
2022-10-13,0.47799172575,21000100,0.4788,20991200,0.4788,21000200
2022-10-14,0.48805046733333335,21000100,0.488,20991200,0.488,21000200
2022-10-15,0.4815104068941667,21000100,0.4817,20991200,0.4817,21000200
2022-10-16,0.4757893667875,21000100,0.4762,20991200,0.4762,21000200
2022-10-17,0.4803499619999999,21000100,0.48,20991200,0.48,21000200
2022-10-18,0.46722423978000005,21000100,0.4656,20991200,0.4656,21000200
2022-10-19,0.45223037812500005,21000100,0.45,20991200,0.45,21000200
2022-10-20,0.44769386086749996,21000100,0.4462,20991200,0.4462,21000200
2022-10-21,0.455004680675,21000100,0.4611,20991200,0.4611,21000200
2022-10-22,0.46114186915958333,21000100,0.4651,20991200,0.4651,21000200
2022-10-23,0.47177593748999996,21000100,0.4687,20991200,0.4687,21000200
2022-10-24,0.45446099734125,21000100,0.4527,20991200,0.4527,21000200
2022-10-25,0.45999044249625,21000100,0.4603,20991200,0.4603,21000200
2022-10-26,0.4701343623625,21000100,0.4686,20991200,0.4686,21000200
2022-10-27,0.4619927316983333,21000100,0.4612,20991200,0.4612,21000200
2022-10-28,0.47309863758666665,21000100,0.4741,20991200,0.4741,21000200
2022-10-29,0.47198404539,21000100,0.4698,20991200,0.4698,21000200
2022-10-30,0.46059720377999996,21000100,0.4578,20991200,0.4578,21000200
2022-10-31,0.4656167422683334,21000100,0.4642,20991200,0.4642,21000200
2022-11-01,0.46406702982791664,21000100,0.4633,20991200,0.4633,21000200
2022-11-02,0.4487382716075,21000100,0.4494,20991200,0.4494,21000200
2022-11-03,0.4538576059991667,21000100,0.4546,20991200,0.4546,21000200
2022-11-04,0.5080499050916667,21000100,0.506,20991200,0.506,21000200
2022-11-05,0.49710146317000004,21000100,0.4929,20991200,0.4929,21000200
2022-11-06,0.47455412238,21000100,0.4706,20991200,0.4706,21000200
2022-11-07,0.46862875093499995,21000100,0.4644,20991200,0.4644,21000200
2022-11-08,0.40464362157166667,21000100,0.4054,20991200,0.4054,21000200
2022-11-09,0.3225717331557416,21000100,0.3321,20991200,0.3321,21000200
2022-11-10,0.37802750279583863,21000100,0.3941,20991200,0.3941,21000200
2022-11-11,0.38120529276625,21000100,0.3841,20991200,0.3841,21000200
2022-11-12,0.3649911393291666,21000100,0.3634,20991200,0.3634,21000200
2022-11-13,0.33880675450625003,21000100,0.3405,20991200,0.3405,21000200
2022-11-14,0.375922692355,21000100,0.3772,20991200,0.3772,21000200
2022-11-15,0.38146884120625,21000100,0.3885,20991200,0.3885,21000200
2022-11-16,0.37509556502291663,21000100,0.3749,20991200,0.3749,21000200
2022-11-17,0.38046956778416663,21000100,0.3817,20991200,0.3817,21000200
2022-11-18,0.3830007894433333,21000100,0.3827,20991200,0.3827,21000200
2022-11-19,0.3861809770408334,21000100,0.3839,20991200,0.3839,21000200
2022-11-20,0.3603387153654167,21000100,0.3607,20991200,0.3607,21000200
2022-11-21,0.3631562406841667,21000100,0.3643,20991200,0.3643,21000200
2022-11-22,0.373149330505,21000100,0.3756,20991200,0.3756,21000200
2022-11-23,0.383333339445,21000100,0.3813,20991200,0.3813,21000200
2022-11-24,0.40231067438249996,21000100,0.4017,20991200,0.4017,21000200
2022-11-25,0.408373252865,21000100,0.4076,20991200,0.4076,21000200
2022-11-26,0.39647755023,21000100,0.3958,20991200,0.3958,21000200
2022-11-27,0.3949359182141667,21000100,0.3961,20991200,0.3961,21000200
2022-11-28,0.3876407249316667,21000100,0.3884,20991200,0.3884,21000200
2022-11-29,0.3993507168191666,21000100,0.3977,20991200,0.3977,21000200
2022-11-30,0.40781425620249995,21000100,0.4074,20991200,0.4074,21000200
2022-12-01,0.398508647415,21000100,0.3966,20991200,0.3966,21000200
2022-12-02,0.3971469528925,21000100,0.3957,20991200,0.3957,21000200
2022-12-03,0.38637198323666666,21000100,0.3868,20991200,0.3868,21000200
2022-12-04,0.3883033254945833,21000100,0.3893,20991200,0.3893,21000200
2022-12-05,0.39008026920833333,21000100,0.389,20991200,0.389,21000200
2022-12-06,0.38951664794583335,21000100,0.3911,20991200,0.3911,21000200
2022-12-07,0.3826283782916667,21000100,0.383,20991200,0.383,21000200
2022-12-08,0.3857788764958333,21000100,0.3938,20991200,0.3938,21000200
2022-12-09,0.3887778897458333,21000100,0.3886,20991200,0.3886,21000200
2022-12-10,0.38290883684625,21000100,0.3861,20991200,0.3861,21000200
2022-12-11,0.3727451724425,21000100,0.3806,20991200,0.3806,21000200
2022-12-12,0.3840893230125,21000100,0.387,20991200,0.387,21000200
2022-12-13,0.39328515852083334,21000100,0.395,20991200,0.395,21000200
2022-12-14,0.3884122125,21000100,0.3849,20991200,0.3849,21000200
2022-12-15,0.37873084592,21000100,0.3776,20991200,0.3776,21000200
2022-12-16,0.35375435574666664,21000100,0.3508,20991200,0.3508,21000200
2022-12-17,0.35201199296083335,21000100,0.3542,20991200,0.3542,21000200
2022-12-18,0.34703029319999995,21000100,0.3495,20991200,0.3495,21000200
2022-12-19,0.3323059013333334,21000100,0.3385,20991200,0.3385,21000200
2022-12-20,0.3450962830291667,21000100,0.3482,20991200,0.3482,21000200
2022-12-21,0.342768525775,21000100,0.3445,20991200,0.3445,21000200
2022-12-22,0.34665940926625,21000100,0.3489,20991200,0.3489,21000200
2022-12-23,0.349909534425,21000100,0.354,20991200,0.354,21000200
2022-12-24,0.348830129025,21000100,0.3515,20991200,0.3515,21000200
2022-12-25,0.34225746090625,21000100,0.3455,20991200,0.3455,21000200
2022-12-26,0.3583246776125,21000100,0.3655,20991200,0.3655,21000200
2022-12-27,0.3653666935875,21000100,0.3674,20991200,0.3674,21000200
2022-12-28,0.35487802087500003,21000100,0.3556,20991200,0.3556,21000200
2022-12-29,0.34332257385,21000100,0.342,20991200,0.342,21000200
2022-12-30,0.34659069242625,21000100,0.3447,20991200,0.3447,21000200
2022-12-31,0.33857091614499996,21000100,0.3388,20991200,0.3388,21000200
2023-01-01,0.34158881250000006,21000100,0.3385,20991200,0.3385,21000200
2023-01-02,0.34193717229875,21000100,0.3479,20991200,0.3479,21000200
2023-01-03,0.3391749637916666,21000100,0.3434,20991200,0.3434,21000200
2023-01-04,0.34698670122499997,21000100,0.347,20991200,0.347,21000200
2023-01-05,0.33651084432625,21000100,0.3377,20991200,0.3377,21000200
2023-01-06,0.34584186056666666,21000100,0.344,20991200,0.344,21000200
2023-01-07,0.34653751407375,21000100,0.3441,20991200,0.3441,21000200
2023-01-08,0.3470301500516667,21000100,0.3451,20991200,0.3451,21000200
2023-01-09,0.35007310952250004,21000100,0.3486,20991200,0.3486,21000200
2023-01-10,0.35390013750000004,21000100,0.3507,20991200,0.3507,21000200
2023-01-11,0.3761008875,21000100,0.3727,20991200,0.3727,21000200
2023-01-12,0.378018225,21000100,0.3746,20991200,0.3746,21000200
2023-01-13,0.38911860000000004,21000100,0.3856,20991200,0.3856,21000200
2023-01-14,0.3988062,21000100,0.3952,20991200,0.3952,21000200
2023-01-15,0.38800856250000004,21000100,0.3845,20991200,0.3845,21000200
2023-01-16,0.38891677500000005,21000100,0.3854,20991200,0.3854,21000200
2023-01-17,0.39032954999999997,21000100,0.3868,20991200,0.3868,21000200
2023-01-18,0.38144925,21000100,0.378,20991200,0.378,21000200
2023-01-19,0.39628338750000003,21000100,0.3927,20991200,0.3927,21000200
2023-01-20,0.41467437343749997,21000100,0.4125,20991200,0.4125,21000200
2023-01-21,0.4061059548,21000100,0.4032,20991200,0.4032,21000200
2023-01-22,0.403851825,21000100,0.4002,20991200,0.4002,21000200
2023-01-23,0.42726352500000003,21000100,0.4234,20991200,0.4234,21000200
2023-01-24,0.4112184375,21000100,0.4075,20991200,0.4075,21000200
2023-01-25,0.4207042125,21000100,0.4169,20991200,0.4169,21000200
2023-01-26,0.412732125,21000100,0.409,20991200,0.409,21000200
2023-01-27,0.4165668,21000100,0.4128,20991200,0.4128,21000200
2023-01-28,0.4112184375,21000100,0.4075,20991200,0.4075,21000200
2023-01-29,0.41707136250000004,21000100,0.4133,20991200,0.4133,21000200
2023-01-30,0.39678795,21000100,0.3932,20991200,0.3932,21000200
2023-01-31,0.4091989496400001,21000100,0.4056,20991200,0.4056,21000200
2023-02-01,0.41697045000000005,21000100,0.4132,20991200,0.4132,21000200
2023-02-02,0.4136403375,21000100,0.4099,20991200,0.4099,21000200
2023-02-03,0.4154567625,21000100,0.4117,20991200,0.4117,21000200
2023-02-04,0.414346725,21000100,0.4106,20991200,0.4106,21000200
2023-02-05,0.4019344875,21000100,0.3983,20991200,0.3983,21000200
2023-02-06,0.39515336396666667,21000100,0.392,20991200,0.392,21000200
2023-02-07,0.40728285000000003,21000100,0.4036,20991200,0.4036,21000200
2023-02-08,0.4013290125,21000100,0.3977,20991200,0.3977,21000200
2023-02-09,0.38508210000000004,21000100,0.3816,20991200,0.3816,21000200
2023-02-10,0.38186564072708334,21000100,0.3815,20991200,0.3815,21000200
2023-02-11,0.38634762426666663,21000100,0.383,20991200,0.383,21000200
2023-02-12,0.37412008296000004,21000100,0.3744,20991200,0.3744,21000200
2023-02-13,0.36653440837,21000100,0.3704,20991200,0.3704,21000200
2023-02-14,0.38416988191583334,21000100,0.3818,20991200,0.3818,21000200
2023-02-15,0.40462005949,21000100,0.4012,20991200,0.4012,21000200
2023-02-16,0.3874030875,21000100,0.3839,20991200,0.3839,21000200
2023-02-17,0.3985302450208333,21000100,0.395,20991200,0.395,21000200
2023-02-18,0.39759525,21000100,0.394,20991200,0.394,21000200
2023-02-19,0.3894213375,21000100,0.3859,20991200,0.3859,21000200
2023-02-20,0.4010453063675,21000100,0.3986,20991200,0.3986,21000200
2023-02-21,0.395375175,21000100,0.3918,20991200,0.3918,21000200
2023-02-22,0.3989071125,21000100,0.3953,20991200,0.3953,21000200
2023-02-23,0.3916414125,21000100,0.3881,20991200,0.3881,21000200
2023-02-24,0.3815501625,21000100,0.3781,20991200,0.3781,21000200
2023-02-25,0.3801539020729167,21000100,0.3775,20991200,0.3775,21000200
2023-02-26,0.3794307621333333,21000100,0.3776,20991200,0.3776,21000200
2023-02-27,0.38175198750000006,21000100,0.3783,20991200,0.3783,21000200
2023-02-28,0.379431,21000100,0.376,20991200,0.376,21000200
2023-03-01,0.38689852500000005,21000100,0.3834,20991200,0.3834,21000200
2023-03-02,0.3805410375,21000100,0.3771,20991200,0.3771,21000200
2023-03-03,0.37977125002916673,21000100,0.377,20991200,0.377,21000200
2023-03-04,0.37670636250000006,21000100,0.3733,20991200,0.3733,21000200
2023-03-05,0.3683909219575,21000100,0.3666,20991200,0.3666,21000200
2023-03-06,0.370353929325,21000100,0.3694,20991200,0.3694,21000200
2023-03-07,0.3827281576354166,21000100,0.3799,20991200,0.3799,21000200
2023-03-08,0.39162298446,21000100,0.3888,20991200,0.3888,21000200
2023-03-09,0.3738808125,21000100,0.3705,20991200,0.3705,21000200
2023-03-10,0.37085835174208326,21000100,0.3697,20991200,0.3697,21000200
2023-03-11,0.36268723974791667,21000100,0.3635,20991200,0.3635,21000200
2023-03-12,0.37106127528750005,21000100,0.371,20991200,0.371,21000200
2023-03-13,0.372817451885,21000100,0.3722,20991200,0.3722,21000200
2023-03-14,0.37452146504500006,21000100,0.3724,20991200,0.3724,21000200
2023-03-15,0.36207405000000004,21000100,0.3588,20991200,0.3588,21000200
2023-03-16,0.36747975393000004,21000100,0.3644,20991200,0.3644,21000200
2023-03-17,0.3794620544458333,21000100,0.3799,20991200,0.3799,21000200
2023-03-18,0.3773118375,21000100,0.3739,20991200,0.3739,21000200
2023-03-19,0.38952225,21000100,0.386,20991200,0.386,21000200
2023-03-20,0.37670636250000006,21000100,0.3733,20991200,0.3733,21000200
2023-03-21,0.47212173571083327,21000100,0.4694,20991200,0.4694,21000200
2023-03-22,0.42504345000000004,21000100,0.4212,20991200,0.4212,21000200
2023-03-23,0.44478436306458335,21000100,0.4435,20991200,0.4435,21000200
2023-03-24,0.4277264004533333,21000100,0.4256,20991200,0.4256,21000200
2023-03-25,0.44526786290416664,21000100,0.4427,20991200,0.4427,21000200
2023-03-26,0.44946728455749996,21000100,0.4477,20991200,0.4477,21000200
2023-03-27,0.480080489275,21000100,0.4786,20991200,0.4786,21000200
2023-03-28,0.51637776850625,21000100,0.5145,20991200,0.5145,21000200
2023-03-29,0.545160994755,21000100,0.5421,20991200,0.5421,21000200
2023-03-30,0.5343017617549999,21000100,0.5316,20991200,0.5316,21000200
2023-03-31,0.5400733746708333,21000100,0.5374,20991200,0.5374,21000200
2023-04-01,0.5105490193166666,21000100,0.5092,20991200,0.5092,21000200
2023-04-02,0.5177199983195834,21000100,0.5177,20991200,0.5177,21000200
2023-04-03,0.4978568423354166,21000100,0.4957,20991200,0.4957,21000200
2023-04-04,0.5014843243316667,21000100,0.5026,20991200,0.5026,21000200
2023-04-05,0.507482693575,21000100,0.5052,20991200,0.5052,21000200
2023-04-06,0.5026266058000001,21000100,0.5027,20991200,0.5027,21000200
2023-04-07,0.5123656021495833,21000100,0.5123,20991200,0.5123,21000200
2023-04-08,0.5065958485541666,21000100,0.5045,20991200,0.5045,21000200
2023-04-09,0.5051761839791666,21000100,0.505,20991200,0.505,21000200
2023-04-10,0.51598254682625,21000100,0.5173,20991200,0.5173,21000200
2023-04-11,0.5183721592937499,21000100,0.5163,20991200,0.5163,21000200
2023-04-12,0.5091358683225,21000100,0.5046,20991200,0.5046,21000200
2023-04-13,0.50982444737625,21000100,0.5121,20991200,0.5121,21000200
2023-04-14,0.5274696375000001,21000100,0.5227,20991200,0.5227,21000200
2023-04-15,0.5242404374999999,21000100,0.5195,20991200,0.5195,21000200
2023-04-16,0.5254513875000001,21000100,0.5207,20991200,0.5207,21000200
2023-04-17,0.5154610500000001,21000100,0.5108,20991200,0.5108,21000200
2023-04-18,0.5375608875,21000100,0.5327,20991200,0.5327,21000200
2023-04-19,0.490394989795,21000100,0.4908,20991200,0.4908,21000200
2023-04-20,0.47360351816083335,21000100,0.4747,20991200,0.4747,21000200
2023-04-21,0.44708656533125,21000100,0.4485,20991200,0.4485,21000200
2023-04-22,0.46769330197813946,21000100,0.4717,20991200,0.4717,21000200
2023-04-23,0.4647334315616667,21000100,0.4642,20991200,0.4642,21000200
2023-04-24,0.4604748914441667,21000100,0.4606,20991200,0.4606,21000200
2023-04-25,0.46812672511833336,21000100,0.4694,20991200,0.4694,21000200
2023-04-26,0.46084348046375,21000100,0.4611,20991200,0.4611,21000200
2023-04-27,0.4613334196528246,21000100,0.4662,20991200,0.4662,21000200
2023-04-28,0.4794581811825,21000100,0.4794,20991200,0.4794,21000200
2023-04-29,0.4813537242775,21000100,0.4777,20991200,0.4777,21000200
2023-04-30,0.4745914875,21000100,0.4703,20991200,0.4703,21000200
2023-05-01,0.46813513791375,21000100,0.4647,20991200,0.4647,21000200
2023-05-02,0.46691666146666666,21000100,0.464,20991200,0.464,21000200
2023-05-03,0.4606760370916667,21000100,0.463,20991200,0.463,21000200
2023-05-04,0.46282155248583334,21000100,0.4606,20991200,0.4606,21000200
2023-05-05,0.47101681251500005,21000100,0.4668,20991200,0.4668,21000200
2023-05-06,0.45933679098833324,21000100,0.4579,20991200,0.4579,21000200
2023-05-07,0.45010410195333334,21000100,0.4487,20991200,0.4487,21000200
2023-05-08,0.4263222863441667,21000100,0.4279,20991200,0.4279,21000200
2023-05-09,0.424278843765,21000100,0.4284,20991200,0.4284,21000200
2023-05-10,0.4255146432833333,21000100,0.4298,20991200,0.4298,21000200
2023-05-11,0.4197475987566666,21000100,0.4204,20991200,0.4204,21000200
2023-05-12,0.43221926709,21000100,0.4303,20991200,0.4303,21000200
2023-05-13,0.42429654527000005,21000100,0.4238,20991200,0.4238,21000200
2023-05-14,0.42596953125,21000100,0.425,20991200,0.425,21000200
2023-05-15,0.42736560985416666,21000100,0.427,20991200,0.427,21000200
2023-05-16,0.43967791833,21000100,0.4424,20991200,0.4424,21000200
2023-05-17,0.4503313441349999,21000100,0.4482,20991200,0.4482,21000200
2023-05-18,0.4607022549458334,21000100,0.4595,20991200,0.4595,21000200
2023-05-19,0.47136228750000003,21000100,0.4671,20991200,0.4671,21000200
2023-05-20,0.47106906420333333,21000100,0.4684,20991200,0.4684,21000200
2023-05-21,0.461127890925,21000100,0.4572,20991200,0.4572,21000200
2023-05-22,0.46453904069749996,21000100,0.4614,20991200,0.4614,21000200
2023-05-23,0.4666282773725,21000100,0.4649,20991200,0.4649,21000200
2023-05-24,0.4560345107666666,21000100,0.4528,20991200,0.4528,21000200
2023-05-25,0.45493788221666664,21000100,0.4535,20991200,0.4535,21000200
2023-05-26,0.47010016009333333,21000100,0.4681,20991200,0.4681,21000200
2023-05-27,0.47487710344,21000100,0.4712,20991200,0.4712,21000200
2023-05-28,0.4857360201583333,21000100,0.482,20991200,0.482,21000200
2023-05-29,0.498709575,21000100,0.4942,20991200,0.4942,21000200
2023-05-30,0.5237963528475,21000100,0.5202,20991200,0.5202,21000200
2023-05-31,0.521313975,21000100,0.5166,20991200,0.5166,21000200
2023-06-01,0.51050988337125,21000100,0.5061,20991200,0.5061,21000200
2023-06-02,0.5281103717087501,21000100,0.5241,20991200,0.5241,21000200
2023-06-03,0.523332225,21000100,0.5186,20991200,0.5186,21000200
2023-06-04,0.540285525,21000100,0.5354,20991200,0.5354,21000200
2023-06-05,0.5131400625,21000100,0.5085,20991200,0.5085,21000200
2023-06-06,0.5310388829624999,21000100,0.5297,20991200,0.5297,21000200
2023-06-07,0.5225177733491667,21000100,0.5179,20991200,0.5179,21000200
2023-06-08,0.5262822169266667,21000100,0.5233,20991200,0.5233,21000200
2023-06-09,0.5415937791666666,21000100,0.5375,20991200,0.5375,21000200
2023-06-10,0.50378976915,21000100,0.5065,20991200,0.5065,21000200
2023-06-11,0.516406646255,21000100,0.5207,20991200,0.5207,21000200
2023-06-12,0.5286484112250001,21000100,0.5247,20991200,0.5247,21000200
2023-06-13,0.5193046814616666,21000100,0.5189,20991200,0.5189,21000200
2023-06-14,0.4770856070175,21000100,0.4797,20991200,0.4797,21000200
2023-06-15,0.4774534441391667,21000100,0.4798,20991200,0.4798,21000200
2023-06-16,0.47006911908,21000100,0.4752,20991200,0.4752,21000200
2023-06-17,0.4716064796786592,21000100,0.479,20991200,0.479,21000200
2023-06-18,0.4806375918895833,21000100,0.4865,20991200,0.4865,21000200
2023-06-19,0.49076601904916667,21000100,0.4934,20991200,0.4934,21000200
2023-06-20,0.49138667091666666,21000100,0.4925,20991200,0.4925,21000200
2023-06-21,0.50208271961875,21000100,0.4999,20991200,0.4999,21000200
2023-06-22,0.49496384148,21000100,0.4936,20991200,0.4936,21000200
2023-06-23,0.4987749389250001,21000100,0.4959,20991200,0.4959,21000200
2023-06-24,0.49017694583,21000100,0.4862,20991200,0.4862,21000200
2023-06-25,0.4943140112475,21000100,0.4899,20991200,0.4899,21000200
2023-06-26,0.48087457057500005,21000100,0.4788,20991200,0.4788,21000200
2023-06-27,0.48460789493999995,21000100,0.4836,20991200,0.4836,21000200
2023-06-28,0.4676485455104167,21000100,0.4645,20991200,0.4645,21000200
2023-06-29,0.46937951101125,21000100,0.4743,20991200,0.4743,21000200
2023-06-30,0.47482098876458334,21000100,0.4729,20991200,0.4729,21000200
2023-07-01,0.47702196147666664,21000100,0.4732,20991200,0.4732,21000200
2023-07-02,0.4887192375,21000100,0.4843,20991200,0.4843,21000200
2023-07-03,0.49326030000000004,21000100,0.4888,20991200,0.4888,21000200
2023-07-04,0.49144387500000003,21000100,0.487,20991200,0.487,21000200
2023-07-05,0.48058089457125,21000100,0.4773,20991200,0.4773,21000200
2023-07-06,0.46291612826833334,21000100,0.4618,20991200,0.4618,21000200
2023-07-07,0.46906006651,21000100,0.4683,20991200,0.4683,21000200
2023-07-08,0.47086003345416666,21000100,0.4702,20991200,0.4702,21000200
2023-07-09,0.47029892510375004,21000100,0.4677,20991200,0.4677,21000200
2023-07-10,0.48016558207291665,21000100,0.4775,20991200,0.4775,21000200
2023-07-11,0.47772772872999997,21000100,0.4749,20991200,0.4749,21000200
2023-07-12,0.47351646483000004,21000100,0.4707,20991200,0.4707,21000200
2023-07-13,0.8132796983925,21000100,0.8154,20991200,0.8154,21000200
2023-07-14,0.7315153601691666,21000100,0.7177,20991200,0.7177,21000200
2023-07-15,0.7209189,21000100,0.7144,20991200,0.7144,21000200
2023-07-16,0.7531099875,21000100,0.7463,20991200,0.7463,21000200
2023-07-17,0.743725125,21000100,0.737,20991200,0.737,21000200
2023-07-18,0.78363788256,21000100,0.7776,20991200,0.7776,21000200
2023-07-19,0.8267761125,21000100,0.8193,20991200,0.8193,21000200
2023-07-20,0.7998836260166667,21000100,0.794,20991200,0.794,21000200
2023-07-21,0.7750322777545833,21000100,0.7709,20991200,0.7709,21000200
2023-07-22,0.7367727613950001,21000100,0.7326,20991200,0.7326,21000200
2023-07-23,0.7424279450241666,21000100,0.7379,20991200,0.7379,21000200
2023-07-24,0.70587796565625,21000100,0.7017,20991200,0.7017,21000200
2023-07-25,0.711017334335,21000100,0.7084,20991200,0.7084,21000200
2023-07-26,0.7197129348533334,21000100,0.7156,20991200,0.7156,21000200
2023-07-27,0.7176202618399999,21000100,0.7136,20991200,0.7136,21000200
2023-07-28,0.7180933500000001,21000100,0.7116,20991200,0.7116,21000200
2023-07-29,0.718497,21000100,0.712,20991200,0.712,21000200
2023-07-30,0.7109285625,21000100,0.7045,20991200,0.7045,21000200
2023-07-31,0.7034740975791668,21000100,0.6973,20991200,0.6973,21000200
2023-08-01,0.7103083015716667,21000100,0.7066,20991200,0.7066,21000200
2023-08-02,0.690846975,21000100,0.6846,20991200,0.6846,21000200
2023-08-03,0.66690014013625,21000100,0.6627,20991200,0.6627,21000200
2023-08-04,0.6410971125,21000100,0.6353,20991200,0.6353,21000200
2023-08-05,0.633674555725,21000100,0.6285,20991200,0.6285,21000200
2023-08-06,0.6276069590408334,21000100,0.6239,20991200,0.6239,21000200
2023-08-07,0.6288867,21000100,0.6232,20991200,0.6232,21000200
2023-08-08,0.6459884124520833,21000100,0.6415,20991200,0.6415,21000200
2023-08-09,0.6448624423458333,21000100,0.6431,20991200,0.6431,21000200
2023-08-10,0.6384051250620834,21000100,0.6329,20991200,0.6329,21000200
2023-08-11,0.637161525,21000100,0.6314,20991200,0.6314,21000200
2023-08-12,0.633125025,21000100,0.6274,20991200,0.6274,21000200
2023-08-13,0.63039644879,21000100,0.6252,20991200,0.6252,21000200
2023-08-14,0.6396843375000001,21000100,0.6339,20991200,0.6339,21000200
2023-08-15,0.61506185053125,21000100,0.6099,20991200,0.6099,21000200
2023-08-16,0.5909864543829167,21000100,0.5887,20991200,0.5887,21000200
2023-08-17,0.5090115279870834,21000100,0.5057,20991200,0.5057,21000200
2023-08-18,0.50482276068,21000100,0.5058,20991200,0.5058,21000200
2023-08-19,0.5181253430133334,21000100,0.5198,20991200,0.5198,21000200
2023-08-20,0.5373354493879167,21000100,0.5383,20991200,0.5383,21000200
2023-08-21,0.5259548558604167,21000100,0.5239,20991200,0.5239,21000200
2023-08-22,0.5194350251808333,21000100,0.5206,20991200,0.5206,21000200
2023-08-23,0.5300886151724999,21000100,0.5298,20991200,0.5298,21000200
2023-08-24,0.5170329144,21000100,0.5184,20991200,0.5184,21000200
2023-08-25,0.5269692454499999,21000100,0.5255,20991200,0.5255,21000200
2023-08-26,0.5243466378529167,21000100,0.5227,20991200,0.5227,21000200
2023-08-27,0.5262406879799999,21000100,0.5232,20991200,0.5232,21000200
2023-08-28,0.5245180268270834,21000100,0.5227,20991200,0.5227,21000200
2023-08-29,0.5371008884583334,21000100,0.5395,20991200,0.5395,21000200
2023-08-30,0.531605303705,21000100,0.5279,20991200,0.5279,21000200
2023-08-31,0.5128359620775,21000100,0.5106,20991200,0.5106,21000200
2023-09-01,0.49789570942708333,21000100,0.4975,20991200,0.4975,21000200
2023-09-02,0.49567260977708333,21000100,0.4985,20991200,0.4985,21000200
2023-09-03,0.502765598985,21000100,0.5044,20991200,0.5044,21000200
2023-09-04,0.51006624084,21000100,0.5083,20991200,0.5083,21000200
2023-09-05,0.5084519993391667,21000100,0.5051,20991200,0.5051,21000200
2023-09-06,0.5037723229666666,21000100,0.503,20991200,0.503,21000200
2023-09-07,0.5081812071725,21000100,0.5046,20991200,0.5046,21000200
2023-09-08,0.5043677809775,21000100,0.5046,20991200,0.5046,21000200
2023-09-09,0.5064387553729166,21000100,0.5035,20991200,0.5035,21000200
2023-09-10,0.49982296606708326,21000100,0.4967,20991200,0.4967,21000200
2023-09-11,0.473388265475,21000100,0.474,20991200,0.474,21000200
2023-09-12,0.47505556146833333,21000100,0.4799,20991200,0.4799,21000200
2023-09-13,0.48221964218999996,21000100,0.4829,20991200,0.4829,21000200
2023-09-14,0.49105349223666667,21000100,0.4888,20991200,0.4888,21000200
2023-09-15,0.50306804349,21000100,0.5001,20991200,0.5001,21000200
2023-09-16,0.50220604749375,21000100,0.4995,20991200,0.4995,21000200
2023-09-17,0.4949753394283334,21000100,0.4922,20991200,0.4922,21000200
2023-09-18,0.50568485037125,21000100,0.5027,20991200,0.5027,21000200
2023-09-19,0.5172683748766667,21000100,0.5134,20991200,0.5134,21000200
2023-09-20,0.5209269348708334,21000100,0.5209,20991200,0.5209,21000200
2023-09-21,0.5099181799133334,21000100,0.5068,20991200,0.5068,21000200
2023-09-22,0.5162625770666668,21000100,0.512,20991200,0.512,21000200
2023-09-23,0.5101080196425,21000100,0.5073,20991200,0.5073,21000200
2023-09-24,0.5053956768908333,21000100,0.5017,20991200,0.5017,21000200
2023-09-25,0.5077025698416666,21000100,0.5051,20991200,0.5051,21000200
2023-09-26,0.5023978479875,21000100,0.5015,20991200,0.5015,21000200
2023-09-27,0.5000361828800001,21000100,0.4992,20991200,0.4992,21000200
2023-09-28,0.5135523366875,21000100,0.5093,20991200,0.5093,21000200
2023-09-29,0.525172214115,21000100,0.5211,20991200,0.5211,21000200
2023-09-30,0.5184722513591666,21000100,0.5146,20991200,0.5146,21000200
2023-10-01,0.5287815,21000100,0.524,20991200,0.524,21000200
2023-10-02,0.5159102843216666,21000100,0.5119,20991200,0.5119,21000200
2023-10-03,0.5422509853783333,21000100,0.5386,20991200,0.5386,21000200
2023-10-04,0.5351782370345833,21000100,0.5323,20991200,0.5323,21000200
2023-10-05,0.5245219033724999,21000100,0.5223,20991200,0.5223,21000200
2023-10-06,0.5277736779250001,21000100,0.5251,20991200,0.5251,21000200
2023-10-07,0.5229362388133333,21000100,0.5212,20991200,0.5212,21000200
2023-10-08,0.52083932521,21000100,0.5172,20991200,0.5172,21000200
2023-10-09,0.50194019623125,21000100,0.5023,20991200,0.5023,21000200
2023-10-10,0.4942405082675,21000100,0.4962,20991200,0.4962,21000200
2023-10-11,0.489720802505,21000100,0.4884,20991200,0.4884,21000200
2023-10-12,0.484398774095,21000100,0.4828,20991200,0.4828,21000200
2023-10-13,0.4885064356683333,21000100,0.4849,20991200,0.4849,21000200
2023-10-14,0.48888767713500003,21000100,0.4862,20991200,0.4862,21000200
2023-10-15,0.49082799143583333,21000100,0.4871,20991200,0.4871,21000200
2023-10-16,0.49954790582041664,21000100,0.4973,20991200,0.4973,21000200
2023-10-17,0.493970066975,21000100,0.4908,20991200,0.4908,21000200
2023-10-18,0.49025219778249995,21000100,0.4874,20991200,0.4874,21000200
2023-10-19,0.5188845816375,21000100,0.5193,20991200,0.5193,21000200
2023-10-20,0.5167061891866666,21000100,0.5146,20991200,0.5146,21000200
2023-10-21,0.52244051291875,21000100,0.5205,20991200,0.5205,21000200
2023-10-22,0.5261686727916666,21000100,0.5225,20991200,0.5225,21000200
2023-10-23,0.55259685,21000100,0.5476,20991200,0.5476,21000200
2023-10-24,0.563697225,21000100,0.5586,20991200,0.5586,21000200
2023-10-25,0.5601652875,21000100,0.5551,20991200,0.5551,21000200
2023-10-26,0.5585506875,21000100,0.5535,20991200,0.5535,21000200
2023-10-27,0.5481567,21000100,0.5432,20991200,0.5432,21000200
2023-10-28,0.5496703875,21000100,0.5447,20991200,0.5447,21000200
2023-10-29,0.56147715,21000100,0.5564,20991200,0.5564,21000200
2023-10-30,0.5841729257283333,21000100,0.5786,20991200,0.5786,21000200
2023-10-31,0.606228044345,21000100,0.5997,20991200,0.5997,21000200
2023-11-01,0.6146580375,21000100,0.6091,20991200,0.6091,21000200
2023-11-02,0.61288659012,21000100,0.6057,20991200,0.6057,21000200
2023-11-03,0.61975847592,21000100,0.6124,20991200,0.6124,21000200
2023-11-04,0.621661682385,21000100,0.6156,20991200,0.6156,21000200
2023-11-05,0.6731943373166667,21000100,0.661,20991200,0.661,21000200
2023-11-06,0.7225557558254166,21000100,0.7153,20991200,0.7153,21000200
2023-11-07,0.69512764011,21000100,0.6852,20991200,0.6852,21000200
2023-11-08,0.694354756065,21000100,0.6876,20991200,0.6876,21000200
2023-11-09,0.6804178919238113,21000100,0.667,20991200,0.667,21000200
2023-11-10,0.6737804159832042,21000100,0.6599,20991200,0.6599,21000200
2023-11-11,0.6747338130733334,21000100,0.6634,20991200,0.6634,21000200
2023-11-12,0.67638521166,21000100,0.6618,20991200,0.6618,21000200
2023-11-13,0.6865860571432211,21000100,0.6706,20991200,0.6706,21000200
2023-11-14,0.63991938249,21000100,0.6294,20991200,0.6294,21000200
2023-11-15,0.6541148250000001,21000100,0.6482,20991200,0.6482,21000200
2023-11-16,0.6175845,21000100,0.612,20991200,0.612,21000200
2023-11-17,0.6188963625,21000100,0.6133,20991200,0.6133,21000200
2023-11-18,0.616575375,21000100,0.611,20991200,0.611,21000200
2023-11-19,0.6317122500000001,21000100,0.626,20991200,0.626,21000200
2023-11-20,0.617786325,21000100,0.6122,20991200,0.6122,21000200
2023-11-21,0.5838797250000001,21000100,0.5786,20991200,0.5786,21000200
2023-11-22,0.6168781125,21000100,0.6113,20991200,0.6113,21000200
2023-11-23,0.6267675375,21000100,0.6211,20991200,0.6211,21000200
2023-11-24,0.62686845,21000100,0.6212,20991200,0.6212,21000200
2023-11-25,0.6283821375,21000100,0.6227,20991200,0.6227,21000200
2023-11-26,0.6215200875,21000100,0.6159,20991200,0.6159,21000200
2023-11-27,0.609309675,21000100,0.6038,20991200,0.6038,21000200
2023-11-28,0.6160708125000001,21000100,0.6105,20991200,0.6105,21000200
2023-11-29,0.6146580375,21000100,0.6091,20991200,0.6091,21000200
2023-11-30,0.6120343125000001,21000100,0.6065,20991200,0.6065,21000200
2023-12-01,0.61978518835875,21000100,0.6129,20991200,0.6129,21000200
2023-12-02,0.6285467681262499,21000100,0.6213,20991200,0.6213,21000200
2023-12-03,0.6348335096133334,21000100,0.6236,20991200,0.6236,21000200
2023-12-04,0.6323826953125,21000100,0.625,20991200,0.625,21000200
2023-12-05,0.6272721000000001,21000100,0.6216,20991200,0.6216,21000200
2023-12-06,0.65550552458125,21000100,0.6405,20991200,0.6405,21000200
2023-12-07,0.6591119487425,21000100,0.6438,20991200,0.6438,21000200
2023-12-08,0.6921903663330484,21000100,0.6729,20991200,0.6729,21000200
2023-12-09,0.6784765144208882,21000100,0.6587,20991200,0.6587,21000200
2023-12-10,0.6770999828541666,21000100,0.6622,20991200,0.6622,21000200
2023-12-11,0.629082751385,21000100,0.6189,20991200,0.6189,21000200
2023-12-12,0.6253547625000001,21000100,0.6197,20991200,0.6197,21000200
2023-12-13,0.6334277625000001,21000100,0.6277,20991200,0.6277,21000200
2023-12-14,0.6378679125000001,21000100,0.6321,20991200,0.6321,21000200
2023-12-15,0.6247627714308334,21000100,0.6158,20991200,0.6158,21000200
2023-12-16,0.6284002438525,21000100,0.6207,20991200,0.6207,21000200
2023-12-17,0.6192995084354166,21000100,0.6107,20991200,0.6107,21000200
2023-12-18,0.6185229093312501,21000100,0.6127,20991200,0.6127,21000200
2023-12-19,0.6103188,21000100,0.6048,20991200,0.6048,21000200
2023-12-20,0.62583413676,21000100,0.6174,20991200,0.6174,21000200
2023-12-21,0.63811003554,21000100,0.6246,20991200,0.6246,21000200
2023-12-22,0.6456340249912984,21000100,0.6251,20991200,0.6251,21000200
2023-12-23,0.638717273,21000100,0.62,20991200,0.62,21000200
2023-12-24,0.6348151568961432,21000100,0.6129,20991200,0.6129,21000200
2023-12-25,0.6681232928754167,21000100,0.6467,20991200,0.6467,21000200
2023-12-26,0.6448643370312501,21000100,0.6225,20991200,0.6225,21000200
2023-12-27,0.6604141750341324,21000100,0.6349,20991200,0.6349,21000200
2023-12-28,0.6630336370824605,21000100,0.6352,20991200,0.6352,21000200
2023-12-29,0.6518669100505544,21000100,0.6232,20991200,0.6232,21000200
2023-12-30,0.63784937134,21000100,0.6212,20991200,0.6212,21000200
2023-12-31,0.63533414195875,21000100,0.6157,20991200,0.6157,21000200
2024-01-01,0.6441043368649999,21000100,0.6303,20991200,0.6303,21000200
2024-01-02,0.6563564493783991,21000100,0.625,20991200,0.625,21000200
2024-01-03,0.5979342533775001,21000100,0.5822,20991200,0.5822,21000200
2024-01-04,0.5921545500000001,21000100,0.5868,20991200,0.5868,21000200
2024-01-05,0.58085235,21000100,0.5756,20991200,0.5756,21000200
2024-01-06,0.5730820875,21000100,0.5679,20991200,0.5679,21000200
2024-01-07,0.5561287875,21000100,0.5511,20991200,0.5511,21000200
2024-01-08,0.5828706,21000100,0.5776,20991200,0.5776,21000200
2024-01-09,0.5720729625,21000100,0.5669,20991200,0.5669,21000200
2024-01-10,0.6065850375,21000100,0.6011,20991200,0.6011,21000200
2024-01-11,0.60749325,21000100,0.602,20991200,0.602,21000200
2024-01-12,0.574999425,21000100,0.5698,20991200,0.5698,21000200
2024-01-13,0.58004505,21000100,0.5748,20991200,0.5748,21000200
2024-01-14,0.5817605625000001,21000100,0.5765,20991200,0.5765,21000200
2024-01-15,0.5809532625,21000100,0.5757,20991200,0.5757,21000200
2024-01-16,0.581054175,21000100,0.5758,20991200,0.5758,21000200
2024-01-17,0.5739903,21000100,0.5688,20991200,0.5688,21000200
2024-01-18,0.5571379125000001,21000100,0.5521,20991200,0.5521,21000200
2024-01-19,0.5492667375,21000100,0.5443,20991200,0.5443,21000200
2024-01-20,0.5585506875,21000100,0.5535,20991200,0.5535,21000200
2024-01-21,0.5514868125,21000100,0.5465,20991200,0.5465,21000200
2024-01-22,0.53241435,21000100,0.5276,20991200,0.5276,21000200
2024-01-23,0.52272675,21000100,0.518,20991200,0.518,21000200
2024-01-24,0.5228276625,21000100,0.5181,20991200,0.5181,21000200
2024-01-25,0.518488425,21000100,0.5138,20991200,0.5138,21000200
2024-01-26,0.5368545,21000100,0.532,20991200,0.532,21000200
2024-01-27,0.5349371625,21000100,0.5301,20991200,0.5301,21000200
2024-01-28,0.5286805875,21000100,0.5239,20991200,0.5239,21000200
2024-01-29,0.5396800500000001,21000100,0.5348,20991200,0.5348,21000200
2024-01-30,0.5152592250000001,21000100,0.5106,20991200,0.5106,21000200
2024-01-31,0.50642847396375,21000100,0.5031,20991200,0.5031,21000200
2024-02-01,0.5102136,21000100,0.5056,20991200,0.5056,21000200
2024-02-02,0.514855575,21000100,0.5102,20991200,0.5102,21000200
2024-02-03,0.523332225,21000100,0.5186,20991200,0.5186,21000200
2024-02-04,0.5074889625000001,21000100,0.5029,20991200,0.5029,21000200
2024-02-05,0.5111218125,21000100,0.5065,20991200,0.5065,21000200
2024-02-06,0.5094063000000001,21000100,0.5048,20991200,0.5048,21000200
2024-02-07,0.5182865999999999,21000100,0.5136,20991200,0.5136,21000200
2024-02-08,0.5190939,21000100,0.5144,20991200,0.5144,21000200
2024-02-09,0.53079975,21000100,0.526,20991200,0.526,21000200
2024-02-10,0.5286805875,21000100,0.5239,20991200,0.5239,21000200
2024-02-11,0.53079975,21000100,0.526,20991200,0.526,21000200
2024-02-12,0.5365517625,21000100,0.5317,20991200,0.5317,21000200
2024-02-13,0.5299589356250001,21000100,0.525,20991200,0.525,21000200
2024-02-14,0.54290925,21000100,0.538,20991200,0.538,21000200
2024-02-15,0.57385532109375,21000100,0.5625,20991200,0.5625,21000200
2024-02-16,0.5756769179825001,21000100,0.5646,20991200,0.5646,21000200
2024-02-17,0.5605977597916667,21000100,0.55,20991200,0.55,21000200
2024-02-18,0.56550722371,21000100,0.5577,20991200,0.5577,21000200
2024-02-19,0.5784759996958333,21000100,0.563,20991200,0.563,21000200
2024-02-20,0.5827199425249999,21000100,0.5628,20991200,0.5628,21000200
2024-02-21,0.555009589225,21000100,0.5495,20991200,0.5495,21000200
2024-02-22,0.5522156618341667,21000100,0.5413,20991200,0.5413,21000200
2024-02-23,0.5466809253916666,21000100,0.5345,20991200,0.5345,21000200
2024-02-24,0.5574722865716667,21000100,0.5453,20991200,0.5453,21000200
2024-02-25,0.5567880502679167,21000100,0.5431,20991200,0.5431,21000200
2024-02-26,0.5708564029133334,21000100,0.5512,20991200,0.5512,21000200
2024-02-27,0.6161197604308334,21000100,0.5869,20991200,0.5869,21000200
2024-02-28,0.6031992322375,21000100,0.5755,20991200,0.5755,21000200
2024-02-29,0.6214318353275913,21000100,0.5872,20991200,0.5872,21000200
2024-03-01,0.6359799541875001,21000100,0.6019,20991200,0.6019,21000200
2024-03-02,0.6871362657697612,21000100,0.6449,20991200,0.6449,21000200
2024-03-03,0.6649242820266668,21000100,0.6272,20991200,0.6272,21000200
2024-03-04,0.6828988028199999,21000100,0.6484,20991200,0.6484,21000200
2024-03-05,0.6347070291923721,21000100,0.5915,20991200,0.5915,21000200
2024-03-06,0.6261550823333333,21000100,0.6128,20991200,0.6128,21000200
2024-03-07,0.6541838006,21000100,0.628,20991200,0.628,21000200
2024-03-08,0.65142008272,21000100,0.6204,20991200,0.6204,21000200
2024-03-09,0.6498817335983333,21000100,0.6206,20991200,0.6206,21000200
2024-03-10,0.6397298189966667,21000100,0.6086,20991200,0.6086,21000200
2024-03-11,0.7639360379033334,21000100,0.7243,20991200,0.7243,21000200
2024-03-12,0.7290758420091665,21000100,0.6886,20991200,0.6886,21000200
2024-03-13,0.72301945738,21000100,0.6898,20991200,0.6898,21000200
2024-03-14,0.7045497570491667,21000100,0.6698,20991200,0.6698,21000200
2024-03-15,0.6553417338950001,21000100,0.6348,20991200,0.6348,21000200
2024-03-16,0.6152518566749999,21000100,0.6036,20991200,0.6036,21000200
2024-03-17,0.6287644333975001,21000100,0.6198,20991200,0.6198,21000200
2024-03-18,0.6575476587350001,21000100,0.6457,20991200,0.6457,21000200
2024-03-19,0.5939757013125,21000100,0.585,20991200,0.585,21000200
2024-03-20,0.62028860512,21000100,0.6112,20991200,0.6112,21000200
2024-03-21,0.649480849535,21000100,0.6412,20991200,0.6412,21000200
2024-03-22,0.6263806619420833,21000100,0.6119,20991200,0.6119,21000200
2024-03-23,0.6243490095983333,21000100,0.6172,20991200,0.6172,21000200
2024-03-24,0.6458505335775,21000100,0.6333,20991200,0.6333,21000200
2024-03-25,0.65176836534,21000100,0.6408,20991200,0.6408,21000200
2024-03-26,0.64475801721,21000100,0.6323,20991200,0.6323,21000200
2024-03-27,0.6281636571925,21000100,0.6123,20991200,0.6123,21000200
2024-03-28,0.64853400616,21000100,0.6252,20991200,0.6252,21000200
2024-03-29,0.6611140454566666,21000100,0.6308,20991200,0.6308,21000200
2024-03-30,0.6530797013425,21000100,0.6217,20991200,0.6217,21000200
2024-03-31,0.663890306645,21000100,0.6297,20991200,0.6297,21000200
2024-04-01,0.6380854262208334,21000100,0.6115,20991200,0.6115,21000200
2024-04-02,0.5969546547091666,21000100,0.5858,20991200,0.5858,21000200
2024-04-03,0.5805246694758333,21000100,0.5746,20991200,0.5746,21000200
2024-04-04,0.6032936923025001,21000100,0.5937,20991200,0.5937,21000200
2024-04-05,0.5941926296066667,21000100,0.5872,20991200,0.5872,21000200
2024-04-06,0.5993870018499999,21000100,0.5932,20991200,0.5932,21000200
2024-04-07,0.6002709704,21000100,0.5948,20991200,0.5948,21000200
2024-04-08,0.62313159673,21000100,0.6152,20991200,0.6152,21000200
2024-04-09,0.6266317944145834,21000100,0.6145,20991200,0.6145,21000200
2024-04-10,0.6261279777733334,21000100,0.6176,20991200,0.6176,21000200
2024-04-11,0.6162893922108333,21000100,0.6089,20991200,0.6089,21000200
2024-04-12,0.55288173470125,21000100,0.5469,20991200,0.5469,21000200
2024-04-13,0.48296722500000006,21000100,0.4786,20991200,0.4786,21000200
2024-04-14,0.5065341523691667,21000100,0.5029,20991200,0.5029,21000200
2024-04-15,0.49930059231416674,21000100,0.4973,20991200,0.4973,21000200
2024-04-16,0.4971351208,21000100,0.496,20991200,0.496,21000200
2024-04-17,0.4946106200775,21000100,0.4947,20991200,0.4947,21000200
2024-04-18,0.50589905454,21000100,0.5022,20991200,0.5022,21000200
2024-04-19,0.5049897461354167,21000100,0.5027,20991200,0.5027,21000200
2024-04-20,0.5278904281,21000100,0.5285,20991200,0.5285,21000200
2024-04-21,0.5272450171304166,21000100,0.5243,20991200,0.5243,21000200
2024-04-22,0.5579008568408333,21000100,0.5558,20991200,0.5558,21000200
2024-04-23,0.5462080549895834,21000100,0.5443,20991200,0.5443,21000200
2024-04-24,0.52959355416625,21000100,0.5271,20991200,0.5271,21000200
2024-04-25,0.52857338553375,21000100,0.5251,20991200,0.5251,21000200
2024-04-26,0.5283495499041666,21000100,0.5257,20991200,0.5257,21000200
2024-04-27,0.52017597874,21000100,0.5176,20991200,0.5176,21000200
2024-04-28,0.51034806825125,21000100,0.5099,20991200,0.5099,21000200
2024-04-29,0.5125511317891667,21000100,0.5147,20991200,0.5147,21000200
2024-04-30,0.5038303962899999,21000100,0.5004,20991200,0.5004,21000200
2024-05-01,0.5191248921425,21000100,0.5173,20991200,0.5173,21000200
2024-05-02,0.522524925,21000100,0.5178,20991200,0.5178,21000200
2024-05-03,0.5353306222666666,21000100,0.5312,20991200,0.5312,21000200
2024-05-04,0.5316152553891667,21000100,0.5299,20991200,0.5299,21000200
2024-05-05,0.532673785665,21000100,0.5292,20991200,0.5292,21000200
2024-05-06,0.544725675,21000100,0.5398,20991200,0.5398,21000200
2024-05-07,0.5262525247575,21000100,0.5242,20991200,0.5242,21000200
2024-05-08,0.5207670881533334,21000100,0.5168,20991200,0.5168,21000200
2024-05-09,0.525350475,21000100,0.5206,20991200,0.5206,21000200
2024-05-10,0.5048555218,21000100,0.5019,20991200,0.5019,21000200
2024-05-11,0.5093591545954167,21000100,0.5057,20991200,0.5057,21000200
2024-05-12,0.5023110084025,21000100,0.4989,20991200,0.4989,21000200
2024-05-13,0.5072172761458333,21000100,0.505,20991200,0.505,21000200
2024-05-14,0.5044615875,21000100,0.4999,20991200,0.4999,21000200
2024-05-15,0.5214781392449999,21000100,0.5186,20991200,0.5186,21000200
2024-05-16,0.520091043,21000100,0.5155,20991200,0.5155,21000200
2024-05-17,0.5275127451841667,21000100,0.5231,20991200,0.5231,21000200
2024-05-18,0.5224669645041667,21000100,0.521,20991200,0.521,21000200
2024-05-19,0.51206803390875,21000100,0.5091,20991200,0.5091,21000200
2024-05-20,0.539155879955,21000100,0.5379,20991200,0.5379,21000200
2024-05-21,0.54210195,21000100,0.5372,20991200,0.5372,21000200
2024-05-22,0.5320107000000001,21000100,0.5272,20991200,0.5272,21000200
2024-05-23,0.5338271250000001,21000100,0.529,20991200,0.529,21000200
2024-05-24,0.54129465,21000100,0.5364,20991200,0.5364,21000200
2024-05-25,0.5469457500000001,21000100,0.542,20991200,0.542,21000200
2024-05-26,0.5333225625,21000100,0.5285,20991200,0.5285,21000200
2024-05-27,0.5394774426925,21000100,0.5343,20991200,0.5343,21000200
2024-05-28,0.5356184943633333,21000100,0.5291,20991200,0.5291,21000200
2024-05-29,0.5310358236083333,21000100,0.5239,20991200,0.5239,21000200
2024-05-30,0.5253137106875001,21000100,0.519,20991200,0.519,21000200
2024-05-31,0.5227518598333334,21000100,0.5179,20991200,0.5179,21000200
2024-06-01,0.5286794337154167,21000100,0.5189,20991200,0.5189,21000200
2024-06-02,0.5191436082662501,21000100,0.5137,20991200,0.5137,21000200
2024-06-03,0.5281366155175,21000100,0.5203,20991200,0.5203,21000200
2024-06-04,0.53079975,21000100,0.526,20991200,0.526,21000200
2024-06-05,0.5332127005074999,21000100,0.5263,20991200,0.5263,21000200
2024-06-06,0.5309876456800001,21000100,0.5218,20991200,0.5218,21000200
2024-06-07,0.5073560473450001,21000100,0.4989,20991200,0.4989,21000200
2024-06-08,0.497094975,21000100,0.4926,20991200,0.4926,21000200
2024-06-09,0.5030488125,21000100,0.4985,20991200,0.4985,21000200
2024-06-10,0.501535125,21000100,0.497,20991200,0.497,21000200
2024-06-11,0.4846827375,21000100,0.4803,20991200,0.4803,21000200
2024-06-12,0.4959849375,21000100,0.4915,20991200,0.4915,21000200
2024-06-13,0.48115080000000005,21000100,0.4768,20991200,0.4768,21000200
2024-06-14,0.4788298125,21000100,0.4745,20991200,0.4745,21000200
2024-06-15,0.495076725,21000100,0.4906,20991200,0.4906,21000200
2024-06-16,0.49336121250000003,21000100,0.4889,20991200,0.4889,21000200
2024-06-17,0.5084991200899999,21000100,0.5044,20991200,0.5044,21000200
2024-06-18,0.49504390539333337,21000100,0.4907,20991200,0.4907,21000200
2024-06-19,0.4955589678541667,21000100,0.493,20991200,0.493,21000200
2024-06-20,0.49130336105624994,21000100,0.4885,20991200,0.4885,21000200
2024-06-21,0.48960240797,21000100,0.4888,20991200,0.4888,21000200
2024-06-22,0.4900890501333333,21000100,0.4864,20991200,0.4864,21000200
2024-06-23,0.48216818805833334,21000100,0.4796,20991200,0.4796,21000200
2024-06-24,0.4756602256633333,21000100,0.4738,20991200,0.4738,21000200
2024-06-25,0.4798389375,21000100,0.4755,20991200,0.4755,21000200
2024-06-26,0.47358914242666666,21000100,0.4696,20991200,0.4696,21000200
2024-06-27,0.47894633226,21000100,0.4752,20991200,0.4752,21000200
2024-06-28,0.4758024375,21000100,0.4715,20991200,0.4715,21000200
2024-06-29,0.47671065,21000100,0.4724,20991200,0.4724,21000200
2024-06-30,0.4795987345333333,21000100,0.476,20991200,0.476,21000200
2024-07-01,0.48115080000000005,21000100,0.4768,20991200,0.4768,21000200
2024-07-02,0.48946635105208336,21000100,0.4853,20991200,0.4853,21000200
2024-07-03,0.47105955,21000100,0.4668,20991200,0.4668,21000200
2024-07-04,0.43508585659,21000100,0.4326,20991200,0.4326,21000200
2024-07-05,0.4227868368321198,21000100,0.4249,20991200,0.4249,21000200
2024-07-06,0.4510557740879167,21000100,0.4487,20991200,0.4487,21000200
2024-07-07,0.4210036510425,21000100,0.4194,20991200,0.4194,21000200
2024-07-08,0.43191345407750004,21000100,0.4314,20991200,0.4314,21000200
2024-07-09,0.437908206125,21000100,0.4355,20991200,0.4355,21000200
2024-07-10,0.44179174641666663,21000100,0.4385,20991200,0.4385,21000200
2024-07-11,0.45109077431,21000100,0.4488,20991200,0.4488,21000200
2024-07-12,0.47789878371,21000100,0.4742,20991200,0.4742,21000200
2024-07-13,0.5270848094687499,21000100,0.5255,20991200,0.5255,21000200
2024-07-14,0.5247023635125,21000100,0.5202,20991200,0.5202,21000200
2024-07-15,0.5398944193866667,21000100,0.5368,20991200,0.5368,21000200
2024-07-16,0.5833387031466667,21000100,0.5791,20991200,0.5791,21000200
2024-07-17,0.6300222912795834,21000100,0.6257,20991200,0.6257,21000200
2024-07-18,0.5744948625,21000100,0.5693,20991200,0.5693,21000200
2024-07-19,0.5761478035191667,21000100,0.5729,20991200,0.5729,21000200
2024-07-20,0.5987665336333334,21000100,0.5936,20991200,0.5936,21000200
2024-07-21,0.6027452043066667,21000100,0.5984,20991200,0.5984,21000200
2024-07-22,0.61314435,21000100,0.6076,20991200,0.6076,21000200
2024-07-23,0.6020772577499999,21000100,0.5972,20991200,0.5972,21000200
2024-07-24,0.6231346875000001,21000100,0.6175,20991200,0.6175,21000200
2024-07-25,0.6023101066070834,21000100,0.5993,20991200,0.5993,21000200
2024-07-26,0.6017956951066666,21000100,0.6032,20991200,0.6032,21000200
2024-07-27,0.600833025,21000100,0.5954,20991200,0.5954,21000200
2024-07-28,0.606484125,21000100,0.601,20991200,0.601,21000200
2024-07-29,0.6056308302933333,21000100,0.6016,20991200,0.6016,21000200
2024-07-30,0.6327397308174999,21000100,0.6274,20991200,0.6274,21000200
2024-07-31,0.628676916175,21000100,0.623,20991200,0.623,21000200
2024-08-01,0.5994112425033332,21000100,0.5962,20991200,0.5962,21000200
2024-08-02,0.5622493508604166,21000100,0.5605,20991200,0.5605,21000200
2024-08-03,0.555750574545,21000100,0.5556,20991200,0.5556,21000200
2024-08-04,0.5223197009033335,21000100,0.5227,20991200,0.5227,21000200
2024-08-05,0.48846276058500004,21000100,0.4887,20991200,0.4887,21000200
2024-08-06,0.5060693148170834,21000100,0.5057,20991200,0.5057,21000200
2024-08-07,0.6001357759616667,21000100,0.6001,20991200,0.6001,21000200
2024-08-08,0.6186969195716666,21000100,0.6164,20991200,0.6164,21000200
2024-08-09,0.5840540026904166,21000100,0.5801,20991200,0.5801,21000200
2024-08-10,0.5828282683708333,21000100,0.5837,20991200,0.5837,21000200
2024-08-11,0.5548263449895833,21000100,0.5525,20991200,0.5525,21000200
2024-08-12,0.5699586557,21000100,0.568,20991200,0.568,21000200
2024-08-13,0.5785263686750001,21000100,0.5765,20991200,0.5765,21000200
2024-08-14,0.5708268335350001,21000100,0.5684,20991200,0.5684,21000200
2024-08-15,0.5640651910333333,21000100,0.5605,20991200,0.5605,21000200
2024-08-16,0.5652214651574999,21000100,0.5634,20991200,0.5634,21000200
2024-08-17,0.5684689728225001,21000100,0.5661,20991200,0.5661,21000200
2024-08-18,0.564238809925,21000100,0.5628,20991200,0.5628,21000200
2024-08-19,0.5998480193333333,21000100,0.598,20991200,0.598,21000200
2024-08-20,0.5973093261054166,21000100,0.5933,20991200,0.5933,21000200
2024-08-21,0.60082783330125,21000100,0.5997,20991200,0.5997,21000200
2024-08-22,0.601295481115,21000100,0.5974,20991200,0.5974,21000200
2024-08-23,0.6128889500937501,21000100,0.6105,20991200,0.6105,21000200
2024-08-24,0.6150364375316666,21000100,0.6121,20991200,0.6121,21000200
2024-08-25,0.599313848395,21000100,0.5996,20991200,0.5996,21000200
2024-08-26,0.5859283612237499,21000100,0.5871,20991200,0.5871,21000200
2024-08-27,0.5651136414966667,21000100,0.5662,20991200,0.5662,21000200
2024-08-28,0.5669004777208333,21000100,0.569,20991200,0.569,21000200
2024-08-29,0.5639320436666666,21000100,0.5615,20991200,0.5615,21000200
2024-08-30,0.5668289405854167,21000100,0.5665,20991200,0.5665,21000200
2024-08-31,0.5706859029787501,21000100,0.5661,20991200,0.5661,21000200
2024-09-01,0.54903867326,21000100,0.5467,20991200,0.5467,21000200
2024-09-02,0.5677860707808333,21000100,0.5674,20991200,0.5674,21000200
2024-09-03,0.5598604363120833,21000100,0.5569,20991200,0.5569,21000200
2024-09-04,0.56033078327,21000100,0.5576,20991200,0.5576,21000200
2024-09-05,0.5444147754525,21000100,0.5441,20991200,0.5441,21000200
2024-09-06,0.5210022068833333,21000100,0.5206,20991200,0.5206,21000200
2024-09-07,0.5220680093566666,21000100,0.5246,20991200,0.5246,21000200
2024-09-08,0.53190614358,21000100,0.5292,20991200,0.5292,21000200
2024-09-09,0.54057125974,21000100,0.5392,20991200,0.5392,21000200
2024-09-10,0.5418767030458332,21000100,0.5405,20991200,0.5405,21000200
2024-09-11,0.5358870383625,21000100,0.5346,20991200,0.5346,21000200
2024-09-12,0.5634807781400001,21000100,0.5624,20991200,0.5624,21000200
2024-09-13,0.5735062014708333,21000100,0.5722,20991200,0.5722,21000200
2024-09-14,0.5968811068783334,21000100,0.5953,20991200,0.5953,21000200
2024-09-15,0.57175763689875,21000100,0.5703,20991200,0.5703,21000200
2024-09-16,0.5879333501049999,21000100,0.5861,20991200,0.5861,21000200
2024-09-17,0.5863294193866666,21000100,0.5836,20991200,0.5836,21000200
2024-09-18,0.5855691234283333,21000100,0.5851,20991200,0.5851,21000200
2024-09-19,0.5912059782291667,21000100,0.5867,20991200,0.5867,21000200
2024-09-20,0.5900353875000001,21000100,0.5847,20991200,0.5847,21000200
2024-09-21,0.6020623450737501,21000100,0.5973,20991200,0.5973,21000200
2024-09-22,0.5912789831708334,21000100,0.5869,20991200,0.5869,21000200
2024-09-23,0.5887000026833333,21000100,0.5845,20991200,0.5845,21000200
2024-09-24,0.5948372110175,21000100,0.5909,20991200,0.5909,21000200
2024-09-25,0.5876332401725,21000100,0.5827,20991200,0.5827,21000200
2024-09-26,0.5944790165520834,21000100,0.5903,20991200,0.5903,21000200
2024-09-27,0.5936962514770833,21000100,0.5885,20991200,0.5885,21000200
2024-09-28,0.6189861475633334,21000100,0.6136,20991200,0.6136,21000200
2024-09-29,0.64705095,21000100,0.6412,20991200,0.6412,21000200
2024-09-30,0.6168781125,21000100,0.6113,20991200,0.6113,21000200
2024-10-01,0.6020439750000001,21000100,0.5966,20991200,0.5966,21000200
2024-10-02,0.5402772714625,21000100,0.5379,20991200,0.5379,21000200
2024-10-03,0.5237311511575,21000100,0.5214,20991200,0.5214,21000200
2024-10-04,0.5351091422758334,21000100,0.5338,20991200,0.5338,21000200
2024-10-05,0.5312415565004167,21000100,0.5291,20991200,0.5291,21000200
2024-10-06,0.5381400768799999,21000100,0.5334,20991200,0.5334,21000200
2024-10-07,0.5311338274774999,21000100,0.5282,20991200,0.5282,21000200
2024-10-08,0.5352610710016668,21000100,0.5308,20991200,0.5308,21000200
2024-10-09,0.5288824125,21000100,0.5241,20991200,0.5241,21000200
2024-10-10,0.5343132949329167,21000100,0.5303,20991200,0.5303,21000200
2024-10-11,0.5426290915549999,21000100,0.5386,20991200,0.5386,21000200
2024-10-12,0.5439183750000001,21000100,0.539,20991200,0.539,21000200
2024-10-13,0.5344387174199999,21000100,0.5316,20991200,0.5316,21000200
2024-10-14,0.5531873035,21000100,0.5484,20991200,0.5484,21000200
2024-10-15,0.5464411875,21000100,0.5415,20991200,0.5415,21000200
2024-10-16,0.5531014125000001,21000100,0.5481,20991200,0.5481,21000200
2024-10-17,0.5488630875000001,21000100,0.5439,20991200,0.5439,21000200
2024-10-18,0.5514868125,21000100,0.5465,20991200,0.5465,21000200
2024-10-19,0.548762175,21000100,0.5438,20991200,0.5438,21000200
2024-10-20,0.5533032375,21000100,0.5483,20991200,0.5483,21000200
2024-10-21,0.5497713,21000100,0.5448,20991200,0.5448,21000200
2024-10-22,0.53844767596,21000100,0.5336,20991200,0.5336,21000200
2024-10-23,0.5304970124999999,21000100,0.5257,20991200,0.5257,21000200
2024-10-24,0.537056325,21000100,0.5322,20991200,0.5322,21000200
2024-10-25,0.5062780125,21000100,0.5017,20991200,0.5017,21000200
2024-10-26,0.5168250749175,21000100,0.5133,20991200,0.5133,21000200
2024-10-27,0.5214148875000001,21000100,0.5167,20991200,0.5167,21000200
2024-10-28,0.5236480686066667,21000100,0.5192,20991200,0.5192,21000200
2024-10-29,0.533423475,21000100,0.5286,20991200,0.5286,21000200
2024-10-30,0.5278732875000001,21000100,0.5231,20991200,0.5231,21000200
2024-10-31,0.5141491874999999,21000100,0.5095,20991200,0.5095,21000200
2024-11-01,0.5176811250000001,21000100,0.513,20991200,0.513,21000200
2024-11-02,0.5149564875,21000100,0.5103,20991200,0.5103,21000200
2024-11-03,0.5067114392870833,21000100,0.5029,20991200,0.5029,21000200
2024-11-04,0.5077917,21000100,0.5032,20991200,0.5032,21000200
2024-11-05,0.51869025,21000100,0.514,20991200,0.514,21000200
2024-11-06,0.5470466625,21000100,0.5421,20991200,0.5421,21000200
2024-11-07,0.5609725875,21000100,0.5559,20991200,0.5559,21000200
2024-11-08,0.5591561625000001,21000100,0.5541,20991200,0.5541,21000200
2024-11-09,0.56470635,21000100,0.5596,20991200,0.5596,21000200
2024-11-10,0.5990796643456109,21000100,0.5888,20991200,0.5888,21000200
2024-11-11,0.62987994251,21000100,0.6216,20991200,0.6216,21000200
2024-11-12,0.7221489745614411,21000100,0.7048,20991200,0.7048,21000200
2024-11-13,0.70138955293,21000100,0.6901,20991200,0.6901,21000200
2024-11-14,0.7845608132516667,21000100,0.7741,20991200,0.7741,21000200
2024-11-15,0.9014578971833334,21000100,0.8924,20991200,0.8924,21000200
2024-11-16,1.1374761387,21000100,1.122,20991200,1.122,21000200
2024-11-17,1.0728947561458333,21000100,1.055,20991200,1.055,21000200
2024-11-18,1.1337451968149999,21000100,1.1151,20991200,1.1151,21000200
2024-11-19,1.12157624691,21000100,1.1012,20991200,1.1012,21000200
2024-11-20,1.1189143600875,21000100,1.1045,20991200,1.1045,21000200
2024-11-21,1.2590852625000002,21000100,1.2477,20991200,1.2477,21000200
2024-11-22,1.5053006165724998,21000100,1.4739,20991200,1.4739,21000200
2024-11-23,1.5015466843499998,21000100,1.4697,20991200,1.4697,21000200
2024-11-24,1.45932062611,21000100,1.4334,20991200,1.4334,21000200
2024-11-25,1.4306254748375,21000100,1.4151,20991200,1.4151,21000200
2024-11-26,1.4120686125000002,21000100,1.3993,20991200,1.3993,21000200
2024-11-27,1.4843219625000001,21000100,1.4709,20991200,1.4709,21000200
2024-11-28,1.574941354133333,21000100,1.5431,20991200,1.5431,21000200
2024-11-29,1.8439211338708332,21000100,1.8019,20991200,1.8019,21000200
2024-11-30,1.9767442729125,21000100,1.953,20991200,1.953,21000200
2024-12-01,2.315134575,21000100,2.2942,20991200,2.2942,21000200
2024-12-02,2.7916486462349996,21000100,2.7243,20991200,2.7243,21000200
2024-12-03,2.5525617659483335,21000100,2.5127,20991200,2.5127,21000200
2024-12-04,2.3844228435,21000100,2.36,20991200,2.36,21000200
2024-12-05,2.3219717563303686,21000100,2.2455,20991200,2.2455,21000200
2024-12-06,2.4966964864416665,21000100,2.4266,20991200,2.4266,21000200
2024-12-07,2.6822553666833335,21000100,2.612,20991200,2.612,21000200
2024-12-08,2.6453824353025004,21000100,2.6031,20991200,2.6031,21000200
2024-12-09,2.2323863250000002,21000100,2.2122,20991200,2.2122,21000200
2024-12-10,2.3904153,21000100,2.3688,20991200,2.3688,21000200
2024-12-11,2.4037343207424997,21000100,2.3939,20991200,2.3939,21000200
2024-12-12,2.3590315125,21000100,2.3377,20991200,2.3377,21000200
2024-12-13,2.4436749422166666,21000100,2.422,20991200,2.422,21000200
2024-12-14,2.4215972625,21000100,2.3997,20991200,2.3997,21000200
2024-12-15,2.4639988354404165,21000100,2.4473,20991200,2.4473,21000200
2024-12-16,2.48731418392875,21000100,2.4847,20991200,2.4847,21000200
2024-12-17,2.5889101875000002,21000100,2.5655,20991200,2.5655,21000200
2024-12-18,2.3270257665083336,21000100,2.309,20991200,2.309,21000200
2024-12-19,2.228875279085,21000100,2.2386,20991200,2.2386,21000200
2024-12-20,2.299392225,21000100,2.2786,20991200,2.2786,21000200
2024-12-21,2.257816275,21000100,2.2374,20991200,2.2374,21000200
2024-12-22,2.2225978125,21000100,2.2025,20991200,2.2025,21000200
2024-12-23,2.2739471933499997,21000100,2.2611,20991200,2.2611,21000200
2024-12-24,2.3435919000000003,21000100,2.3224,20991200,2.3224,21000200
2024-12-25,2.31470397708,21000100,2.2968,20991200,2.2968,21000200
2024-12-26,2.1586177053099997,21000100,2.1549,20991200,2.1549,21000200
2024-12-27,2.1514413927650002,21000100,2.1454,20991200,2.1454,21000200
2024-12-28,2.2035253500000005,21000100,2.1836,20991200,2.1836,21000200
2024-12-29,2.111101757776667,21000100,2.0926,20991200,2.0926,21000200
2024-12-30,2.06375320779875,21000100,2.0579,20991200,2.0579,21000200
2024-12-31,2.092602584475,21000100,2.0836,20991200,2.0836,21000200
2025-01-01,2.3533804125,21000100,2.3321,20991200,2.3321,21000200
2025-01-02,2.4244228125,21000100,2.4025,20991200,2.4025,21000200
2025-01-03,2.4767964000000005,21000100,2.4544,20991200,2.4544,21000200
2025-01-04,2.442284325,21000100,2.4202,20991200,2.4202,21000200
2025-01-05,2.42068905,21000100,2.3988,20991200,2.3988,21000200
2025-01-06,2.441477025,21000100,2.4194,20991200,2.4194,21000200
2025-01-07,2.290511925,21000100,2.2698,20991200,2.2698,21000200
2025-01-08,2.3825671465866667,21000100,2.3722,20991200,2.3722,21000200
2025-01-09,2.2867666540625,21000100,2.271,20991200,2.271,21000200
2025-01-10,2.3596854076250002,21000100,2.3411,20991200,2.3411,21000200
2025-01-11,2.5996069125,21000100,2.5761,20991200,2.5761,21000200
2025-01-12,2.5259407875,21000100,2.5031,20991200,2.5031,21000200
2025-01-13,2.5381083786562497,21000100,2.5225,20991200,2.5225,21000200
2025-01-14,2.69113455,21000100,2.6668,20991200,2.6668,21000200
2025-01-15,3.1697625375,21000100,3.1411,20991200,3.1411,21000200
2025-01-16,3.2703390812837503,21000100,3.2433,20991200,3.2433,21000200
2025-01-17,3.305615122291667,21000100,3.2911,20991200,3.2911,21000200
2025-01-18,3.289918517925,21000100,3.2695,20991200,3.2695,21000200
2025-01-19,2.972434694820833,21000100,2.9555,20991200,2.9555,21000200
2025-01-20,3.128447850394167,21000100,3.1042,20991200,3.1042,21000200
2025-01-21,3.1909579259708334,21000100,3.1735,20991200,3.1735,21000200
2025-01-22,3.20780655,21000100,3.1788,20991200,3.1788,21000200
2025-01-23,3.1372110251499996,21000100,3.1186,20991200,3.1186,21000200
2025-01-24,3.120530012239583,21000100,3.0985,20991200,3.0985,21000200
2025-01-25,3.1184849439929168,21000100,3.1069,20991200,3.1069,21000200
2025-01-26,3.0473556750000004,21000100,3.0198,20991200,3.0198,21000200
2025-01-27,3.0566480070604167,21000100,3.0533,20991200,3.0533,21000200
2025-01-28,3.0793935611225,21000100,3.0553,20991200,3.0553,21000200
2025-01-29,3.0770037681366667,21000100,3.0671,20991200,3.0671,21000200
2025-01-30,3.1528126944541666,21000100,3.127,20991200,3.127,21000200
2025-01-31,3.0623916375,21000100,3.0347,20991200,3.0347,21000200
2025-02-01,2.8738109089066666,21000100,2.8768,20991200,2.8768,21000200
2025-02-02,2.596411391713333,21000100,2.5784,20991200,2.5784,21000200
2025-02-03,2.684442037681667,21000100,2.6989,20991200,2.6989,21000200
2025-02-04,2.51998389627125,21000100,2.5253,20991200,2.5253,21000200
2025-02-05,2.36744843261375,21000100,2.3799,20991200,2.3799,21000200
2025-02-06,2.333371790295,21000100,2.3238,20991200,2.3238,21000200
2025-02-07,2.3899829486866664,21000100,2.3951,20991200,2.3951,21000200
2025-02-08,2.4236004309654167,21000100,2.4179,20991200,2.4179,21000200
2025-02-09,2.3912134370279166,21000100,2.3909,20991200,2.3909,21000200
2025-02-10,2.4284802558500003,21000100,2.4226,20991200,2.4226,21000200
2025-02-11,2.4298907898825,21000100,2.4117,20991200,2.4117,21000200
2025-02-12,2.4682272153900002,21000100,2.4723,20991200,2.4723,21000200
2025-02-13,2.57415715935,21000100,2.558,20991200,2.558,21000200
2025-02-14,2.752864710475,21000100,2.7372,20991200,2.7372,21000200
2025-02-15,2.772582977765417,21000100,2.7601,20991200,2.7601,21000200
2025-02-16,2.7328026005933332,21000100,2.7272,20991200,2.7272,21000200
2025-02-17,2.662082079195,21000100,2.6586,20991200,2.6586,21000200
2025-02-18,2.570212931577083,21000100,2.5615,20991200,2.5615,21000200
2025-02-19,2.731019408775,21000100,2.7356,20991200,2.7356,21000200
2025-02-20,2.683087138537083,21000100,2.6867,20991200,2.6867,21000200
2025-02-21,2.5542006608425,21000100,2.5698,20991200,2.5698,21000200
2025-02-22,2.56350109969,21000100,2.5726,20991200,2.5726,21000200
2025-02-23,2.56833217138,21000100,2.5744,20991200,2.5744,21000200
2025-02-24,2.2794465323954163,21000100,2.2769,20991200,2.2769,21000200
2025-02-25,2.31849697339125,21000100,2.3211,20991200,2.3211,21000200
2025-02-26,2.1824759284629165,21000100,2.1971,20991200,2.1971,21000200
2025-02-27,2.2056690213074996,21000100,2.1973,20991200,2.1973,21000200
2025-02-28,2.1397944325783333,21000100,2.1443,20991200,2.1443,21000200
2025-03-01,2.1922455032666663,21000100,2.1904,20991200,2.1904,21000200
2025-03-02,2.9407729416499997,21000100,2.9384,20991200,2.9384,21000200
2025-03-03,2.397728711075,21000100,2.386,20991200,2.386,21000200
2025-03-04,2.4505204616349996,21000100,2.4532,20991200,2.4532,21000200
2025-03-05,2.4765133801416668,21000100,2.498,20991200,2.498,21000200
2025-03-06,2.5938831970966665,21000100,2.5981,20991200,2.5981,21000200
2025-03-07,2.3668319301733334,21000100,2.3836,20991200,2.3836,21000200
2025-03-08,2.317840433410417,21000100,2.3245,20991200,2.3245,21000200
2025-03-09,2.13105001952,21000100,2.1376,20991200,2.1376,21000200
2025-03-10,1.9984278332199998,21000100,2.0202,20991200,2.0202,21000200
2025-03-11,2.1590353878333333,21000100,2.17,20991200,2.17,21000200
2025-03-12,2.22289865761,21000100,2.2382,20991200,2.2382,21000200
2025-03-13,2.2478810652199996,21000100,2.2512,20991200,2.2512,21000200
2025-03-14,2.350660998204167,21000100,2.3555,20991200,2.3555,21000200
2025-03-15,2.3884555942295833,21000100,2.3899,20991200,2.3899,21000200
2025-03-16,2.2882062701133337,21000100,2.2928,20991200,2.2928,21000200
2025-03-17,2.3320826901633334,21000100,2.3366,20991200,2.3366,21000200
2025-03-18,2.2613528167449997,21000100,2.2836,20991200,2.2836,21000200
2025-03-19,2.52443338130625,21000100,2.5457,20991200,2.5457,21000200
2025-03-20,2.4366208904508335,21000100,2.4346,20991200,2.4346,21000200
2025-03-21,2.3783135917887503,21000100,2.3793,20991200,2.3793,21000200
2025-03-22,2.3603068774250002,21000100,2.3698,20991200,2.3698,21000200
2025-03-23,2.437843006855,21000100,2.4378,20991200,2.4378,21000200
2025-03-24,2.4549212524625004,21000100,2.4485,20991200,2.4485,21000200
2025-03-25,2.4624423264554167,21000100,2.4481,20991200,2.4481,21000200
2025-03-26,2.35120470420875,21000100,2.3473,20991200,2.3473,21000200
2025-03-27,2.3090210812499996,21000100,2.34,20991200,2.34,21000200
2025-03-28,2.2031446822229164,21000100,2.2055,20991200,2.2055,21000200
2025-03-29,2.11554449066875,21000100,2.1335,20991200,2.1335,21000200
2025-03-30,2.1115325001533334,21000100,2.1352,20991200,2.1352,21000200
2025-03-31,2.0673919631887503,21000100,2.0889,20991200,2.0889,21000200
2025-04-01,2.1295269010575,21000100,2.1378,20991200,2.1378,21000200
2025-04-02,2.0196230253333334,21000100,2.021,20991200,2.021,21000200
2025-04-03,2.0260418121284314,21000100,2.063,20991200,2.063,21000200
2025-04-04,2.104361503335,21000100,2.1294,20991200,2.1294,21000200
2025-04-05,2.1576456353233335,21000100,2.1436,20991200,2.1436,21000200
2025-04-06,1.9287564445633334,21000100,1.9204,20991200,1.9204,21000200
2025-04-07,1.8793117221316666,21000100,1.8974,20991200,1.8974,21000200
2025-04-08,1.7651542178916668,21000100,1.7956,20991200,1.7956,21000200
2025-04-09,2.05178999489875,21000100,2.0523,20991200,2.0523,21000200
2025-04-10,1.95914548513125,21000100,1.9645,20991200,1.9645,21000200
2025-04-11,2.0122179959050004,21000100,2.0213,20991200,2.0213,21000200
2025-04-12,2.1696738755999996,21000100,2.1588,20991200,2.1588,21000200
2025-04-13,2.13391582622375,21000100,2.1181,20991200,2.1181,21000200
2025-04-14,2.128232638340833,21000100,2.1262,20991200,2.1262,21000200
2025-04-15,2.0907942909083332,21000100,2.083,20991200,2.083,21000200
2025-04-16,2.0583441391658335,21000100,2.0822,20991200,2.0822,21000200
2025-04-17,2.073658412358333,21000100,2.066,20991200,2.066,21000200
2025-04-18,2.0481427639275003,21000100,2.0607,20991200,2.0607,21000200
2025-04-19,2.0961402385625,21000100,2.0865,20991200,2.0865,21000200
2025-04-20,2.0659593155258333,21000100,2.0777,20991200,2.0777,21000200
2025-04-21,2.098521633283333,21000100,2.084,20991200,2.084,21000200
2025-04-22,2.2161130059125,21000100,2.2138,20991200,2.2138,21000200
2025-04-23,2.2377346874999997,21000100,2.2175,20991200,2.2175,21000200
2025-04-24,2.2146143128925,21000100,2.2038,20991200,2.2038,21000200
2025-04-25,2.1918623116975,21000100,2.1801,20991200,2.1801,21000200
2025-04-26,2.1945656891125003,21000100,2.1898,20991200,2.1898,21000200
2025-04-27,2.2532412099399997,21000100,2.2512,20991200,2.2512,21000200
2025-04-28,2.3150336625,21000100,2.2941,20991200,2.2941,21000200
2025-04-29,2.2339919563,21000100,2.2364,20991200,2.2364,21000200
2025-04-30,2.1783010682266664,21000100,2.1898,20991200,2.1898,21000200
2025-05-01,2.2238349878391666,21000100,2.2114,20991200,2.2114,21000200
2025-05-02,2.2280839940774997,21000100,2.2083,20991200,2.2083,21000200
2025-05-03,2.198554134241667,21000100,2.186,20991200,2.186,21000200
2025-05-04,2.16079707775,21000100,2.1548,20991200,2.1548,21000200
2025-05-05,2.1211886062825,21000100,2.1298,20991200,2.1298,21000200
2025-05-06,2.160544543075,21000100,2.154,20991200,2.154,21000200
2025-05-07,2.13395177620625,21000100,2.1255,20991200,2.1255,21000200
2025-05-08,2.34518069292,21000100,2.3266,20991200,2.3266,21000200
2025-05-09,2.3648844375,21000100,2.3435,20991200,2.3435,21000200
2025-05-10,2.4936487875,21000100,2.4711,20991200,2.4711,21000200
2025-05-11,2.38335885591375,21000100,2.3661,20991200,2.3661,21000200
2025-05-12,2.56562895203125,21000100,2.5431,20991200,2.5431,21000200
2025-05-13,2.60556075,21000100,2.582,20991200,2.582,21000200
2025-05-14,2.57246145,21000100,2.5492,20991200,2.5492,21000200
2025-05-15,2.39315366941875,21000100,2.3841,20991200,2.3841,21000200
2025-05-16,2.3920540309062495,21000100,2.3785,20991200,2.3785,21000200
2025-05-17,2.363503632,21000100,2.352,20991200,2.352,21000200
2025-05-18,2.4302186065,21000100,2.427,20991200,2.427,21000200
2025-05-19,2.38368944175,21000100,2.3796,20991200,2.3796,21000200
2025-05-20,2.3665748936875,21000100,2.355,20991200,2.355,21000200
2025-05-21,2.40338165557875,21000100,2.3947,20991200,2.3947,21000200
2025-05-22,2.4521737500000005,21000100,2.43,20991200,2.43,21000200
2025-05-23,2.30984463707375,21000100,2.2953,20991200,2.2953,21000200
2025-05-24,2.335391607534583,21000100,2.3291,20991200,2.3291,21000200
2025-05-25,2.337201045745833,21000100,2.3405,20991200,2.3405,21000200
2025-05-26,2.3263842222133335,21000100,2.3089,20991200,2.3089,21000200
2025-05-27,2.321209004410833,21000100,2.3158,20991200,2.3158,21000200
2025-05-28,2.2783622288233336,21000100,2.2732,20991200,2.2732,21000200
2025-05-29,2.2518318684716663,21000100,2.2426,20991200,2.2426,21000200
2025-05-30,2.1466758458341664,21000100,2.1383,20991200,2.1383,21000200
2025-05-31,2.1761626692300005,21000100,2.1732,20991200,2.1732,21000200
2025-06-01,2.178582315525,21000100,2.178,20991200,2.178,21000200
2025-06-02,2.2033401303833333,21000100,2.1956,20991200,2.1956,21000200
2025-06-03,2.264274675,21000100,2.2438,20991200,2.2438,21000200
2025-06-04,2.21940747734,21000100,2.1998,20991200,2.1998,21000200
2025-06-05,2.1007344586524996,21000100,2.0922,20991200,2.0922,21000200
2025-06-06,2.1552088949541663,21000100,2.159,20991200,2.159,21000200
2025-06-07,2.193528657285,21000100,2.1756,20991200,2.1756,21000200
2025-06-08,2.2829772763525,21000100,2.2659,20991200,2.2659,21000200
2025-06-09,2.3322968750774997,21000100,2.3202,20991200,2.3202,21000200
2025-06-10,2.317922272868333,21000100,2.3066,20991200,2.3066,21000200
2025-06-11,2.2898055375,21000100,2.2691,20991200,2.2691,21000200
2025-06-12,2.1948907821691663,21000100,2.1889,20991200,2.1889,21000200
2025-06-13,2.14081032800375,21000100,2.1463,20991200,2.1463,21000200
2025-06-14,2.14405190024,21000100,2.1381,20991200,2.1381,21000200
2025-06-15,2.1699866590966668,21000100,2.1644,20991200,2.1644,21000200
2025-06-16,2.24700301889,21000100,2.2372,20991200,2.2372,21000200
2025-06-17,2.17552406778,21000100,2.1581,20991200,2.1581,21000200
2025-06-18,2.173850652022917,21000100,2.1695,20991200,2.1695,21000200
2025-06-19,2.17430131730875,21000100,2.1639,20991200,2.1639,21000200
2025-06-20,2.1271526954750004,21000100,2.1185,20991200,2.1185,21000200
2025-06-21,2.065902062780833,21000100,2.0618,20991200,2.0618,21000200
2025-06-22,2.0210021841029167,21000100,2.0159,20991200,2.0159,21000200
2025-06-23,2.1559926176770836,21000100,2.1575,20991200,2.1575,21000200
2025-06-24,2.1981905448000005,21000100,2.1888,20991200,2.1888,21000200
2025-06-25,2.2041674509066667,21000100,2.1848,20991200,2.1848,21000200
2025-06-26,2.1175420024416662,21000100,2.1047,20991200,2.1047,21000200
2025-06-27,2.1417923678400004,21000100,2.1408,20991200,2.1408,21000200
2025-06-28,2.1954498139574996,21000100,2.1843,20991200,2.1843,21000200
2025-06-29,2.2213247899333335,21000100,2.2052,20991200,2.2052,21000200
2025-06-30,2.2497683468166665,21000100,2.2358,20991200,2.2358,21000200
2025-07-01,2.184714932459167,21000100,2.1706,20991200,2.1706,21000200
2025-07-02,2.2293370481433334,21000100,2.2328,20991200,2.2328,21000200
2025-07-03,2.276586,21000100,2.256,20991200,2.256,21000200
2025-07-04,2.2372008549075,21000100,2.2194,20991200,2.2194,21000200
2025-07-05,2.219212892324583,21000100,2.2163,20991200,2.2163,21000200
2025-07-06,2.2838006777774997,21000100,2.2701,20991200,2.2701,21000200
2025-07-07,2.290108275,21000100,2.2694,20991200,2.2694,21000200
2025-07-08,2.3153261046700004,21000100,2.3096,20991200,2.3096,21000200
2025-07-09,2.4252301125000004,21000100,2.4033,20991200,2.4033,21000200
2025-07-10,2.5691183067241665,21000100,2.5463,20991200,2.5463,21000200
2025-07-11,2.7584431875,21000100,2.7335,20991200,2.7335,21000200
2025-07-12,2.7644979375000003,21000100,2.7395,20991200,2.7395,21000200
2025-07-13,2.8613739375000002,21000100,2.8355,20991200,2.8355,21000200
2025-07-14,2.9851935750000003,21000100,2.9582,20991200,2.9582,21000200
2025-07-15,2.9469477375000004,21000100,2.9203,20991200,2.9203,21000200
2025-07-16,3.067538175,21000100,3.0398,20991200,3.0398,21000200
2025-07-17,3.5157915,21000100,3.484,20991200,3.484,21000200
2025-07-18,3.474146956308394,21000100,3.414,20991200,3.414,21000200
2025-07-19,3.456253125,21000100,3.425,20991200,3.425,21000200
2025-07-20,3.4857195750000005,21000100,3.4542,20991200,3.4542,21000200
2025-07-21,3.5820910125000003,21000100,3.5497,20991200,3.5497,21000200
2025-07-22,3.5857238625,21000100,3.5533,20991200,3.5533,21000200
2025-07-23,3.2342656941375,21000100,3.1845,20991200,3.1845,21000200
2025-07-24,3.172890825,21000100,3.1442,20991200,3.1442,21000200
2025-07-25,3.1587272150625,21000100,3.141,20991200,3.141,21000200
2025-07-26,3.1938806250000003,21000100,3.165,20991200,3.165,21000200
2025-07-27,3.26140287567,21000100,3.2376,20991200,3.2376,21000200
2025-07-28,3.1442530001850004,21000100,3.1218,20991200,3.1218,21000200
2025-07-29,3.1322699035425,21000100,3.1269,20991200,3.1269,21000200
2025-07-30,3.1014720616375,21000100,3.0957,20991200,3.0957,21000200
2025-07-31,3.041335810609167,21000100,3.0203,20991200,3.0203,21000200
2025-08-01,2.9578760826558335,21000100,2.9602,20991200,2.9602,21000200
2025-08-02,2.7921754229249998,21000100,2.7684,20991200,2.7684,21000200
2025-08-03,2.95599562265875,21000100,2.9463,20991200,2.9463,21000200
2025-08-04,3.080914593547083,21000100,3.0701,20991200,3.0701,21000200
2025-08-05,2.98016710828625,21000100,2.9607,20991200,2.9607,21000200
2025-08-06,2.996131765276666,21000100,2.9896,20991200,2.9896,21000200
2025-08-07,3.3439450127100003,21000100,3.3181,20991200,3.3181,21000200
2025-08-08,3.3134789318399998,21000100,3.2848,20991200,3.2848,21000200
2025-08-09,3.2539235625000003,21000100,3.2245,20991200,3.2245,21000200
2025-08-10,3.2069654209999996,21000100,3.1856,20991200,3.1856,21000200
2025-08-11,3.1446002843525,21000100,3.1281,20991200,3.1281,21000200
2025-08-12,3.2839528822791673,21000100,3.2665,20991200,3.2665,21000200
2025-08-13,3.3050862,21000100,3.2752,20991200,3.2752,21000200
2025-08-14,3.1054812750000003,21000100,3.0774,20991200,3.0774,21000200
2025-08-15,3.082547721759583,21000100,3.0763,20991200,3.0763,21000200
2025-08-16,3.122949164549583,21000100,3.1039,20991200,3.1039,21000200
2025-08-17,3.1026888756266664,21000100,3.0856,20991200,3.0856,21000200
2025-08-18,3.041374616697917,21000100,3.0605,20991200,3.0605,21000200
2025-08-19,2.8766810294437506,21000100,2.8593,20991200,2.8593,21000200
2025-08-20,2.95463166733875,21000100,2.9503,20991200,2.9503,21000200
2025-08-21,2.8695199731270833,21000100,2.8505,20991200,2.8505,21000200
2025-08-22,3.0923353341874997,21000100,3.0738,20991200,3.0738,21000200
2025-08-23,3.075611175,21000100,3.0478,20991200,3.0478,21000200
2025-08-24,3.052603125,21000100,3.025,20991200,3.025,21000200
2025-08-25,2.8774235730625,21000100,2.8567,20991200,2.8567,21000200
2025-08-26,3.0137068365466666,21000100,3.0112,20991200,3.0112,21000200
2025-08-27,2.9871178928349997,21000100,2.9676,20991200,2.9676,21000200
2025-08-28,2.9904056537025,21000100,2.9647,20991200,2.9647,21000200
2025-08-29,2.83139864507625,21000100,2.8179,20991200,2.8179,21000200
2025-08-30,2.81751562243,21000100,2.8167,20991200,2.8167,21000200
2025-08-31,2.7919292818354173,21000100,2.7745,20991200,2.7745,21000200
2025-09-01,2.77520074968,21000100,2.7576,20991200,2.7576,21000200
2025-09-02,2.8841467284875,21000100,2.8605,20991200,2.8605,21000200
2025-09-03,2.8649688678958336,21000100,2.843,20991200,2.843,21000200
2025-09-04,2.80112593041625,21000100,2.7933,20991200,2.7933,21000200
2025-09-05,2.828512423425,21000100,2.8132,20991200,2.8132,21000200
2025-09-06,2.8204961426675,21000100,2.8083,20991200,2.8083,21000200
2025-09-07,2.8956817502166663,21000100,2.876,20991200,2.876,21000200
2025-09-08,2.99234632634875,21000100,2.9687,20991200,2.9687,21000200
2025-09-09,2.9724786000000005,21000100,2.9456,20991200,2.9456,21000200
2025-09-10,3.0044163462300006,21000100,2.9822,20991200,2.9822,21000200
2025-09-11,3.0652969558783334,21000100,3.0388,20991200,3.0388,21000200
2025-09-12,3.127502491905833,21000100,3.1046,20991200,3.1046,21000200
2025-09-13,3.1465526625000004,21000100,3.1181,20991200,3.1181,21000200
2025-09-14,3.0513454816,21000100,3.0266,20991200,3.0266,21000200
2025-09-15,3.0022186681641663,21000100,2.9957,20991200,2.9957,21000200
2025-09-16,3.0520748583266664,21000100,3.0364,20991200,3.0364,21000200
2025-09-17,3.0945736590750004,21000100,3.083,20991200,3.083,21000200
2025-09-18,3.1001329125,21000100,3.0721,20991200,3.0721,21000200
2025-09-19,3.000836067272917,21000100,2.9885,20991200,2.9885,21000200
2025-09-20,2.9771168538937496,21000100,2.9735,20991200,2.9735,21000200
2025-09-21,2.976628121040833,21000100,2.9686,20991200,2.9686,21000200
2025-09-22,2.85101180892,21000100,2.8512,20991200,2.8512,21000200
2025-09-23,2.8298494690916667,21000100,2.8234,20991200,2.8234,21000200
2025-09-24,2.9494767085291667,21000100,2.9246,20991200,2.9246,21000200
2025-09-25,2.75730769485,21000100,2.742,20991200,2.742,21000200
2025-09-26,2.7939770116841665,21000100,2.7823,20991200,2.7823,21000200
2025-09-27,2.82702958272,21000100,2.8032,20991200,2.8032,21000200
2025-09-28,2.8839158986025,21000100,2.8662,20991200,2.8662,21000200
2025-09-29,2.9044412197050002,21000100,2.8788,20991200,2.8788,21000200
2025-09-30,2.8670827660525,21000100,2.8454,20991200,2.8454,21000200
2025-10-01,2.973381013832083,21000100,2.9473,20991200,2.9473,21000200
2025-10-02,3.05586078890625,21000100,3.0375,20991200,3.0375,21000200
2025-10-03,3.0617900466041665,21000100,3.0395,20991200,3.0395,21000200
2025-10-04,2.9945784375,21000100,2.9675,20991200,2.9675,21000200
2025-10-05,2.9949820875000004,21000100,2.9679,20991200,2.9679,21000200
2025-10-06,3.0115212148283335,21000100,2.9878,20991200,2.9878,21000200
2025-10-07,2.8669066987762504,21000100,2.8509,20991200,2.8509,21000200
2025-10-08,2.8852963912266665,21000100,2.8786,20991200,2.8786,21000200
2025-10-09,2.8147882520825,21000100,2.8011,20991200,2.8011,21000200
2025-10-10,2.373756657565,21000100,2.3666,20991200,2.3666,21000200
2025-10-11,2.4033533681141668,21000100,2.3806,20991200,2.3806,21000200
2025-10-12,2.5133472018474374,21000100,2.5271,20991200,2.5271,21000200
2025-10-13,2.5983795695966667,21000100,2.6042,20991200,2.6042,21000200
2025-10-14,2.5110470652,21000100,2.502,20991200,2.502,21000200
2025-10-15,2.4120579014904164,21000100,2.4097,20991200,2.4097,21000200
2025-10-16,2.32479710995,21000100,2.3268,20991200,2.3268,21000200
2025-10-17,2.3025509122291665,21000100,2.2925,20991200,2.2925,21000200
2025-10-18,2.3472656947566666,21000100,2.3582,20991200,2.3582,21000200
2025-10-19,2.3779038598683337,21000100,2.3894,20991200,2.3894,21000200
2025-10-20,2.49960253158,21000100,2.4936,20991200,2.4936,21000200
2025-10-21,2.4242098643383327,21000100,2.4212,20991200,2.4212,21000200
2025-10-22,2.36507222974375,21000100,2.3635,20991200,2.3635,21000200
2025-10-23,2.4043708210133334,21000100,2.3936,20991200,2.3936,21000200
2025-10-24,2.5176949363379166,21000100,2.5093,20991200,2.5093,21000200
2025-10-25,2.6121709908112503,21000100,2.5947,20991200,2.5947,21000200
2025-10-26,2.6592038396083333,21000100,2.6449,20991200,2.6449,21000200
2025-10-27,2.653079840395833,21000100,2.6327,20991200,2.6327,21000200
2025-10-28,2.612605318333333,21000100,2.602,20991200,2.602,21000200
2025-10-29,2.5564645085954165,21000100,2.5489,20991200,2.5489,21000200
2025-10-30,2.44483532828,21000100,2.4378,20991200,2.4378,21000200
2025-10-31,2.508480677327917,21000100,2.5081,20991200,2.5081,21000200
2025-11-01,2.50292889575,21000100,2.5043,20991200,2.5043,21000200
2025-11-02,2.5425249134687498,21000100,2.5253,20991200,2.5253,21000200
2025-11-03,2.3034305735166662,21000100,2.308,20991200,2.308,21000200
2025-11-04,2.2101812068291666,21000100,2.2039,20991200,2.2039,21000200
2025-11-05,2.33996977875,21000100,2.342,20991200,2.342,21000200
2025-11-06,2.2096111875812503,21000100,2.2117,20991200,2.2117,21000200
2025-11-07,2.3051494097100003,21000100,2.3149,20991200,2.3149,21000200
2025-11-08,2.301651041365,21000100,2.2854,20991200,2.2854,21000200
2025-11-09,2.3578491886025,21000100,2.3649,20991200,2.3649,21000200
2025-11-10,2.5390171482291666,21000100,2.525,20991200,2.525,21000200
2025-11-11,2.402953570948333,21000100,2.3903,20991200,2.3903,21000200
2025-11-12,2.3880143200533337,21000100,2.3864,20991200,2.3864,21000200
2025-11-13,2.3263794773474995,21000100,2.3211,20991200,2.3211,21000200
2025-11-14,2.2377565574133333,21000100,2.2432,20991200,2.2432,21000200
2025-11-15,2.227415591630833,21000100,2.2358,20991200,2.2358,21000200
2025-11-16,2.20426726749625,21000100,2.2137,20991200,2.2137,21000200
2025-11-17,2.1685971479841664,21000100,2.1622,20991200,2.1622,21000200
2025-11-18,2.2163145960083335,21000100,2.2162,20991200,2.2162,21000200
2025-11-19,2.1095331466225002,21000100,2.1082,20991200,2.1082,21000200
2025-11-20,2.0080552451775,21000100,1.9989,20991200,1.9989,21000200
2025-11-21,1.95648285625,21000100,1.95,20991200,1.95,21000200
2025-11-22,1.95243210648625,21000100,1.9497,20991200,1.9497,21000200
2025-11-23,2.0460307832166666,21000100,2.0477,20991200,2.0477,21000200
2025-11-24,2.221509164475,21000100,2.227,20991200,2.227,21000200
2025-11-25,2.2045133829333334,21000100,2.201,20991200,2.201,21000200
2025-11-26,2.217181805941667,21000100,2.222,20991200,2.222,21000200
2025-11-27,2.198748175117083,21000100,2.1989,20991200,2.1989,21000200
2025-11-28,2.185224867440833,21000100,2.1782,20991200,2.1782,21000200
2025-11-29,2.19362549137,21000100,2.1998,20991200,2.1998,21000200
2025-11-30,2.149887412575,21000100,2.1537,20991200,2.1537,21000200
2025-12-01,2.021468338365,21000100,2.0286,20991200,2.0286,21000200
2025-12-02,2.1474674212825002,21000100,2.1526,20991200,2.1526,21000200
2025-12-03,2.2117634601958334,21000100,2.1965,20991200,2.1965,21000200
2025-12-04,2.10704755697,21000100,2.0949,20991200,2.0949,21000200
2025-12-05,2.03016996339625,21000100,2.0333,20991200,2.0333,21000200
2025-12-06,2.0187782198299997,21000100,2.0298,20991200,2.0298,21000200
2025-12-07,2.0254821949600004,21000100,2.0426,20991200,2.0426,21000200
2025-12-08,2.0791912008883333,21000100,2.0711,20991200,2.0711,21000200
2025-12-09,2.1124647449775,21000100,2.1051,20991200,2.1051,21000200
2025-12-10,2.0439225134225,21000100,2.0406,20991200,2.0406,21000200
2025-12-11,2.0169736831125,21000100,2.033,20991200,2.033,21000200
2025-12-12,2.0103593802283335,21000100,2.0063,20991200,2.0063,21000200
2025-12-13,2.022122866264583,21000100,2.0215,20991200,2.0215,21000200
2025-12-14,1.97667527775,21000100,1.977,20991200,1.977,21000200
2025-12-15,1.8784156871875,21000100,1.8965,20991200,1.8965,21000200
2025-12-16,1.9046652698364235,21000100,1.9286,20991200,1.9286,21000200
2025-12-17,1.8661111491091669,21000100,1.8614,20991200,1.8614,21000200
2025-12-18,1.78605770723625,21000100,1.8067,20991200,1.8067,21000200
2025-12-19,1.9088169767158332,21000100,1.9082,20991200,1.9082,21000200
2025-12-20,1.9322488665112498,21000100,1.9323,20991200,1.9323,21000200
2025-12-21,1.9230294727941666,21000100,1.9211,20991200,1.9211,21000200
2025-12-22,1.9112202102204165,21000100,1.9033,20991200,1.9033,21000200
2025-12-23,1.8671746880208335,21000100,1.8725,20991200,1.8725,21000200
2025-12-24,1.8622456761324997,21000100,1.8618,20991200,1.8618,21000200
2025-12-25,1.8362507889,21000100,1.8315,20991200,1.8315,21000200
2025-12-26,1.8412524088816666,21000100,1.8428,20991200,1.8428,21000200
2025-12-27,1.870601546015,21000100,1.8727,20991200,1.8727,21000200
2025-12-28,1.8794836955808334,21000100,1.8646,20991200,1.8646,21000200
2025-12-29,1.8537995145424997,21000100,1.8494,20991200,1.8494,21000200
2025-12-30,1.8583095999375001,21000100,1.8765,20991200,1.8765,21000200
2025-12-31,1.84766321465,21000100,1.8411,20991200,1.8411,21000200
2026-01-01,1.8608409575508331,21000100,1.8791,20991200,1.8791,21000200
2026-01-02,2.02327254199125,21000100,2.0061,20991200,2.0061,21000200
2026-01-03,2.0309609008166665,21000100,2.017,20991200,2.017,21000200
2026-01-04,2.093620721253333,21000100,2.0896,20991200,2.0896,21000200
2026-01-05,2.3541969751679166,21000100,2.3471,20991200,2.3471,21000200
2026-01-06,2.320636484815417,21000100,2.3029,20991200,2.3029,21000200
2026-01-07,2.17712176198,21000100,2.1648,20991200,2.1648,21000200
2026-01-08,2.135910520695,21000100,2.1221,20991200,2.1221,21000200
2026-01-09,2.09570092176,21000100,2.0946,20991200,2.0946,21000200
2026-01-10,2.0820484415508336,21000100,2.0897,20991200,2.0897,21000200
2026-01-11,2.068334167685834,21000100,2.0731,20991200,2.0731,21000200
2026-01-12,2.0438624666625,21000100,2.0526,20991200,2.0526,21000200
2026-01-13,2.16582200445,21000100,2.1645,20991200,2.1645,21000200
2026-01-14,2.15628684009375,21000100,2.1385,20991200,2.1385,21000200
2026-01-15,2.0859587581625,21000100,2.0774,20991200,2.0774,21000200
2026-01-16,2.056686880638334,21000100,2.0668,20991200,2.0668,21000200
2026-01-17,2.07131970105875,21000100,2.0623,20991200,2.0623,21000200
2026-01-18,1.9888065521066667,21000100,1.9904,20991200,1.9904,21000200
2026-01-19,1.9744992176666667,21000100,1.985,20991200,1.985,21000200
2026-01-20,1.9011750560020833,21000100,1.8889,20991200,1.8889,21000200
2026-01-21,1.9453643064308335,21000100,1.9466,20991200,1.9466,21000200
2026-01-22,1.92951222765,21000100,1.9226,20991200,1.9226,21000200
2026-01-23,1.9226155738408333,21000100,1.9186,20991200,1.9186,21000200
2026-01-24,1.9137683125645835,21000100,1.9135,20991200,1.9135,21000200
2026-01-25,1.83581611094,21000100,1.8344,20991200,1.8344,21000200
2026-01-26,1.9007127830783332,21000100,1.9031,20991200,1.9031,21000200
2026-01-27,1.9190807219091666,21000100,1.9147,20991200,1.9147,21000200
2026-01-28,1.9214405200000002,21000100,1.9104,20991200,1.9104,21000200
2026-01-29,1.8026833321791667,21000100,1.8065,20991200,1.8065,21000200
2026-01-30,1.7164108356725,21000100,1.7337,20991200,1.7337,21000200
2026-01-31,1.6282651798583332,21000100,1.646,20991200,1.646,21000200
2026-02-01,1.5835261555766669,21000100,1.5901,20991200,1.5901,21000200
2026-02-02,1.6189196966166666,21000100,1.6189,20991200,1.6189,21000200
2026-02-03,1.5729930513158334,21000100,1.5782,20991200,1.5782,21000200
2026-02-04,1.5148643389875,21000100,1.5111,20991200,1.5111,21000200
2026-02-05,1.2120389210366667,21000100,1.2136,20991200,1.2136,21000200
2026-02-06,1.4431291236538188,21000100,1.4684,20991200,1.4684,21000200
2026-02-07,1.4144739130666668,21000100,1.4224,20991200,1.4224,21000200
2026-02-08,1.4132370416566666,21000100,1.4299,20991200,1.4299,21000200
2026-02-09,1.4266878854174998,21000100,1.4363,20991200,1.4363,21000200
2026-02-10,1.3828351517283333,21000100,1.3988,20991200,1.3988,21000200
2026-02-11,1.3583654539875,21000100,1.369,20991200,1.369,21000200
2026-02-12,1.36040829630875,21000100,1.3627,20991200,1.3627,21000200
2026-02-13,1.4017739282937498,21000100,1.4061,20991200,1.4061,21000200
2026-02-14,1.501222501225,21000100,1.5082,20991200,1.5082,21000200
2026-02-15,1.4608591240070832,21000100,1.4741,20991200,1.4741,21000200
2026-02-16,1.46779508422,21000100,1.4864,20991200,1.4864,21000200
2026-02-17,1.46504012935,21000100,1.4732,20991200,1.4732,21000200
2026-02-18,1.41927028045875,21000100,1.4211,20991200,1.4211,21000200
2026-02-19,1.4053556296620833,21000100,1.4059,20991200,1.4059,21000200
2026-02-20,1.4231601255712498,21000100,1.4283,20991200,1.4283,21000200
2026-02-21,1.43065788904375,21000100,1.4295,20991200,1.4295,21000200
2026-02-22,1.382740955505,21000100,1.3923,20991200,1.3923,21000200
2026-02-23,1.33615817699,21000100,1.3512,20991200,1.3512,21000200
2026-02-24,1.3374063628620834,21000100,1.3477,20991200,1.3477,21000200
2026-02-25,1.436190927165,21000100,1.4332,20991200,1.4332,21000200
2026-02-26,1.444712981625,21000100,1.4409,20991200,1.4409,21000200
