DATETIME,CARRY,CARRY_CONTRACT,PRICE,PRICE_CONTRACT,FORWARD,FORWARD_CONTRACT
2020-02-06,77.25781468687501,21000100,70.17,20991200,70.17,21000200
2020-02-07,86.50711152287501,21000100,68.59,20991200,68.59,21000200
2020-02-08,83.56192058816666,21000100,70.13,20991200,70.13,21000200
2020-02-09,86.51386149262501,21000100,71.43,20991200,71.43,21000200
2020-02-10,78.95182835875,21000100,69.9,20991200,69.9,21000200
2020-02-11,82.88596468125,21000100,72.75,20991200,72.75,21000200
2020-02-12,90.48136169983333,21000100,73.61,20991200,73.61,21000200
2020-02-13,84.29398972250002,21000100,72.12,20991200,72.12,21000200
2020-02-14,76.14077935999998,21000100,72.96,20991200,72.96,21000200
2020-02-15,77.976409442625,21000100,64.53,20991200,64.53,21000200
2020-02-16,60.650356767000005,21000100,60.06,20991200,60.06,21000200
2020-02-17,64.79591624999999,21000100,64.21,20991200,64.21,21000200
2020-02-18,66.606795302125,21000100,65.91,20991200,65.91,21000200
2020-02-19,69.80517115875,21000100,62.07,20991200,62.07,21000200
2020-02-20,61.91999325333334,21000100,60.8,20991200,60.8,21000200
2020-02-21,63.7159567135,21000100,61.63,20991200,61.63,21000200
2020-02-22,61.63754203475,21000100,60.86,20991200,60.86,21000200
2020-02-23,65.4948968775,21000100,63.4,20991200,63.4,21000200
2020-02-24,64.849179899,21000100,60.76,20991200,60.76,21000200
2020-02-25,58.13191610779166,21000100,57.11,20991200,57.11,21000200
2020-02-26,52.21077328191667,21000100,51.38,20991200,51.38,21000200
2020-02-27,53.4634425,21000100,52.98,20991200,52.98,21000200
2020-02-28,51.255436173999996,21000100,50.79,20991200,50.79,21000200
2020-02-29,50.88214258575,21000100,48.98,20991200,48.98,21000200
2020-03-02,52.86805875,21000100,52.39,20991200,52.39,21000200
2020-03-03,51.48866141683334,21000100,50.84,20991200,50.84,21000200
2020-03-04,50.61771,21000100,50.16,20991200,50.16,21000200
2020-03-05,53.137768290000004,21000100,51.9,20991200,51.9,21000200
2020-03-06,54.35448612825,21000100,53.34,20991200,53.34,21000200
2020-03-07,51.57944414466667,21000100,50.68,20991200,50.68,21000200
2020-03-08,43.465040269375,21000100,42.81,20991200,42.81,21000200
2020-03-09,42.595166250000005,21000100,42.21,20991200,42.21,21000200
2020-03-10,41.6866151775,21000100,41.46,20991200,41.46,21000200
2020-03-11,40.6273725,21000100,40.26,20991200,40.26,21000200
2020-03-12,25.6255343685,21000100,25.38,20991200,25.38,21000200
2020-03-13,27.6298425,21000100,27.38,20991200,27.38,21000200
2020-03-14,25.167577500000004,21000100,24.94,20991200,24.94,21000200
2020-03-15,25.9832640385,21000100,25.66,20991200,25.66,21000200
2020-03-16,24.269177464333335,21000100,24.67,20991200,24.67,21000200
2020-03-17,25.05919581629167,21000100,25.01,20991200,25.01,21000200
2020-03-18,29.660876809374997,21000100,29.75,20991200,29.75,21000200
2020-03-19,32.238910138125,21000100,31.95,20991200,31.95,21000200
2020-03-20,33.37176375,21000100,33.07,20991200,33.07,21000200
2020-03-21,31.758459766041668,21000100,32.95,20991200,32.95,21000200
2020-03-22,28.291329384791666,21000100,29.45,20991200,29.45,21000200
2020-03-23,32.26282318175001,21000100,32.06,20991200,32.06,21000200
2020-03-24,32.83746739033334,21000100,32.72,20991200,32.72,21000200
2020-03-25,32.35794954895834,21000100,32.15,20991200,32.15,21000200
2020-03-26,30.167209181500002,21000100,32.43,20991200,32.43,21000200
2020-03-27,30.86233877854167,21000100,31.01,20991200,31.01,21000200
2020-03-28,30.576487500000002,21000100,30.3,20991200,30.3,21000200
2020-03-29,26.0352065055,21000100,28.17,20991200,28.17,21000200
2020-03-30,30.44609497175,21000100,30.54,20991200,30.54,21000200
2020-03-31,30.349794359833332,21000100,30.92,20991200,30.92,21000200
2020-04-02,32.348228812375,21000100,32.21,20991200,32.21,21000200
2020-04-03,32.80580075025,21000100,32.67,20991200,32.67,21000200
2020-04-04,33.31121625,21000100,33.01,20991200,33.01,21000200
2020-04-05,32.816745000000004,21000100,32.52,20991200,32.52,21000200
2020-04-06,37.9229175,21000100,37.58,20991200,37.58,21000200
2020-04-07,36.772515,21000100,36.44,20991200,36.44,21000200
2020-04-08,38.21556375,21000100,37.87,20991200,37.87,21000200
2020-04-09,41.14202625000001,21000100,40.77,20991200,40.77,21000200
2020-04-10,36.92388375000001,21000100,36.59,20991200,36.59,21000200
2020-04-11,36.5505075,21000100,36.22,20991200,36.22,21000200
2020-04-12,36.70187625,21000100,36.37,20991200,36.37,21000200
2020-04-13,36.05603625,21000100,35.73,20991200,35.73,21000200
2020-04-14,35.83402875,21000100,35.51,20991200,35.51,21000200
2020-04-15,35.39001375,21000100,35.07,20991200,35.07,21000200
2020-04-16,38.69020328116667,21000100,38.74,20991200,38.74,21000200
2020-04-17,40.60991729316667,21000100,40.34,20991200,40.34,21000200
2020-04-18,41.50425360041667,21000100,42.1,20991200,42.1,21000200
2020-04-19,45.339001939999996,21000100,46.4,20991200,46.4,21000200
2020-04-20,36.50494839225,21000100,41.94,20991200,41.94,21000200
2020-04-21,43.36619410958333,21000100,42.14,20991200,42.14,21000200
2020-04-22,45.92527875,21000100,45.51,20991200,45.51,21000200
2020-04-23,44.906062500000004,21000100,44.5,20991200,44.5,21000200
2020-04-24,44.502412500000005,21000100,44.1,20991200,44.1,21000200
2020-04-25,46.67264815708333,21000100,44.78,20991200,44.78,21000200
2020-04-26,45.36483651625,21000100,44.61,20991200,44.61,21000200
2020-04-27,46.28037004241666,21000100,44.51,20991200,44.51,21000200
2020-04-28,45.333960710499994,21000100,44.66,20991200,44.66,21000200
2020-04-29,49.569551111375006,21000100,47.13,20991200,47.13,21000200
2020-04-30,45.168435,21000100,44.76,20991200,44.76,21000200
2020-05-02,46.97476875,21000100,46.55,20991200,46.55,21000200
2020-05-03,45.2289825,21000100,44.82,20991200,44.82,21000200
2020-05-04,44.4015,21000100,44.0,20991200,44.0,21000200
2020-05-05,44.42116070433334,21000100,43.88,20991200,43.88,21000200
2020-05-06,42.71626125,21000100,42.33,20991200,42.33,21000200
2020-05-07,44.663872500000004,21000100,44.26,20991200,44.26,21000200
2020-05-08,48.286607815833335,21000100,46.76,20991200,46.76,21000200
2020-05-09,48.290397426750005,21000100,45.02,20991200,45.02,21000200
2020-05-10,41.32366875,21000100,40.95,20991200,40.95,21000200
2020-05-11,40.444382577,21000100,39.72,20991200,39.72,21000200
2020-05-12,42.67530308800001,21000100,42.24,20991200,42.24,21000200
2020-05-13,43.2914625,21000100,42.9,20991200,42.9,21000200
2020-05-14,43.59420000000001,21000100,43.2,20991200,43.2,21000200
2020-05-15,42.31261125,21000100,41.93,20991200,41.93,21000200
2020-05-16,42.9685425,21000100,42.58,20991200,42.58,21000200
2020-05-17,46.6013925,21000100,46.18,20991200,46.18,21000200
2020-05-18,47.74838719625,21000100,48.1,20991200,48.1,21000200
2020-05-19,49.55963511941666,21000100,48.97,20991200,48.97,21000200
2020-05-20,49.56847902883333,21000100,48.44,20991200,48.44,21000200
2020-05-21,46.439932500000005,21000100,46.02,20991200,46.02,21000200
2020-05-22,48.52689718875,21000100,47.7,20991200,47.7,21000200
2020-05-23,47.33805375,21000100,46.91,20991200,46.91,21000200
2020-05-24,45.44089875,21000100,45.03,20991200,45.03,21000200
2020-05-25,46.75046578583333,21000100,45.98,20991200,45.98,21000200
2020-05-26,45.3097125,21000100,44.9,20991200,44.9,21000200
2020-05-27,46.61148375,21000100,46.19,20991200,46.19,21000200
2020-05-28,48.235352494,21000100,47.76,20991200,47.76,21000200
2020-05-29,47.13242892400001,21000100,46.63,20991200,46.63,21000200
2020-05-30,55.41424531166667,21000100,54.59,20991200,54.59,21000200
2020-05-31,52.0103025,21000100,51.54,20991200,51.54,21000200
2020-06-02,54.399240995375,21000100,51.49,20991200,51.49,21000200
2020-06-03,53.41298625,21000100,52.93,20991200,52.93,21000200
2020-06-04,52.71669000000001,21000100,52.24,20991200,52.24,21000200
2020-06-05,54.131984073999995,21000100,52.64,20991200,52.64,21000200
2020-06-06,54.69557272200001,21000100,52.92,20991200,52.92,21000200
2020-06-07,52.76714625,21000100,52.29,20991200,52.29,21000200
2020-06-08,53.421229868125,21000100,52.57,20991200,52.57,21000200
2020-06-09,52.504773750000005,21000100,52.03,20991200,52.03,21000200
2020-06-10,56.468208475125,21000100,55.29,20991200,55.29,21000200
2020-06-11,50.466121153625,21000100,49.69,20991200,49.69,21000200
2020-06-12,52.14148875000001,21000100,51.67,20991200,51.67,21000200
2020-06-13,53.40350623550001,21000100,52.84,20991200,52.84,21000200
2020-06-14,51.57637875,21000100,51.11,20991200,51.11,21000200
2020-06-15,52.746963750000006,21000100,52.27,20991200,52.27,21000200
2020-06-16,53.51389875,21000100,53.03,20991200,53.03,21000200
2020-06-17,54.198764967833334,21000100,52.87,20991200,52.87,21000200
2020-06-18,53.16400064775,21000100,52.02,20991200,52.02,21000200
2020-06-19,52.70667418333334,21000100,51.5,20991200,51.5,21000200
2020-06-20,52.111715138125,21000100,51.51,20991200,51.51,21000200
2020-06-21,51.411051467791665,21000100,50.51,20991200,50.51,21000200
2020-06-22,54.05882625,21000100,53.57,20991200,53.57,21000200
2020-06-23,59.150910706249995,21000100,58.26,20991200,58.26,21000200
2020-06-24,55.703700000000005,21000100,55.2,20991200,55.2,21000200
2020-06-25,56.367832486000005,21000100,55.84,20991200,55.84,21000200
2020-06-26,56.248627500000005,21000100,55.74,20991200,55.74,21000200
2020-06-27,52.821807265333334,21000100,52.28,20991200,52.28,21000200
2020-06-28,52.77261212058333,21000100,51.97,20991200,51.97,21000200
2020-06-29,53.06822025958333,21000100,52.42,20991200,52.42,21000200
2020-06-30,53.5452778575,21000100,51.48,20991200,51.48,21000200
2020-07-02,51.65710875,21000100,51.19,20991200,51.19,21000200
2020-07-03,51.59656125000001,21000100,51.13,20991200,51.13,21000200
2020-07-04,51.929572500000006,21000100,51.46,20991200,51.46,21000200
2020-07-05,51.57408264499999,21000100,51.16,20991200,51.16,21000200
2020-07-06,56.0871675,21000100,55.58,20991200,55.58,21000200
2020-07-07,56.329532428166665,21000100,55.16,20991200,55.16,21000200
2020-07-08,61.507256997999995,21000100,58.08,20991200,58.08,21000200
2020-07-09,60.57961601695833,21000100,56.93,20991200,56.93,21000200
2020-07-10,57.113208252499994,21000100,56.12,20991200,56.12,21000200
2020-07-11,56.640583483125,21000100,55.87,20991200,55.87,21000200
2020-07-12,61.34992958466667,21000100,58.72,20991200,58.72,21000200
2020-07-13,66.16635692533335,21000100,61.31,20991200,61.31,21000200
2020-07-14,63.69932674991667,21000100,62.09,20991200,62.09,21000200
2020-07-15,61.921592174500006,21000100,61.26,20991200,61.26,21000200
2020-07-16,59.992151511875,21000100,59.19,20991200,59.19,21000200
2020-07-17,61.25570242808333,21000100,59.57,20991200,59.57,21000200
2020-07-18,60.507540375000005,21000100,59.1,20991200,59.1,21000200
2020-07-19,58.92280875,21000100,58.39,20991200,58.39,21000200
2020-07-20,59.02017531575001,21000100,57.09,20991200,57.09,21000200
2020-07-21,64.1328908935,21000100,62.53,20991200,62.53,21000200
2020-07-22,66.05889677333333,21000100,64.4,20991200,64.4,21000200
2020-07-23,66.07036840833334,21000100,63.56,20991200,63.56,21000200
2020-07-24,65.956191474,21000100,63.12,20991200,63.12,21000200
2020-07-25,69.71374852733334,21000100,65.74,20991200,65.74,21000200
2020-07-26,71.30068591064683,21000100,66.28,20991200,66.28,21000200
2020-07-27,76.5688796868053,21000100,70.96,20991200,70.96,21000200
2020-07-28,76.58831721693356,21000100,70.66,20991200,70.66,21000200
2020-07-29,78.77954727712567,21000100,72.24,20991200,72.24,21000200
2020-07-30,74.07977253733334,21000100,70.72,20991200,70.72,21000200
2020-07-31,79.09728468750001,21000100,75.0,20991200,75.0,21000200
2020-08-02,90.41716358400001,21000100,84.48,20991200,84.48,21000200
2020-08-03,87.263673633,21000100,82.44,20991200,82.44,21000200
2020-08-04,88.99460839179167,21000100,85.07,20991200,85.07,21000200
2020-08-05,100.87420738912499,21000100,97.53,20991200,97.53,21000200
2020-08-06,102.723444608,21000100,96.96,20991200,96.96,21000200
2020-08-07,100.66870574775,21000100,94.59,20991200,94.59,21000200
2020-08-08,101.34478823958334,21000100,97.25,20991200,97.25,21000200
2020-08-09,98.00857089816667,21000100,92.14,20991200,92.14,21000200
2020-08-10,97.882123261875,21000100,89.15,20991200,89.15,21000200
2020-08-11,89.82055162103659,21000100,81.02,20991200,81.02,21000200
2020-08-12,89.18666309583332,21000100,83.72,20991200,83.72,21000200
2020-08-13,96.07062842300002,21000100,87.56,20991200,87.56,21000200
2020-08-14,94.68281739525001,21000100,85.23,20991200,85.23,21000200
2020-08-15,92.84675310166666,21000100,85.36,20991200,85.36,21000200
2020-08-16,94.06591261875,21000100,85.5,20991200,85.5,21000200
2020-08-17,96.51895301750001,21000100,86.84,20991200,86.84,21000200
2020-08-18,92.971353438375,21000100,83.31,20991200,83.31,21000200
2020-08-19,77.81763486224999,21000100,76.38,20991200,76.38,21000200
2020-08-20,83.15385679466667,21000100,79.04,20991200,79.04,21000200
2020-08-21,78.87223378125,21000100,73.71,20991200,73.71,21000200
2020-08-22,79.53177936095834,21000100,76.97,20991200,76.97,21000200
2020-08-23,89.210412468,21000100,84.44,20991200,84.44,21000200
2020-08-24,83.68107077854167,21000100,80.45,20991200,80.45,21000200
2020-08-25,74.68517855341666,21000100,73.01,20991200,73.01,21000200
2020-08-26,78.01037534583334,21000100,75.02,20991200,75.02,21000200
2020-08-27,74.58161417875,21000100,72.3,20991200,72.3,21000200
2020-08-28,78.63966377358334,21000100,76.27,20991200,76.27,21000200
2020-08-29,81.07136282850001,21000100,78.76,20991200,78.76,21000200
2020-08-30,85.24272591129167,21000100,81.29,20991200,81.29,21000200
2020-08-31,82.14880258112498,21000100,78.33,20991200,78.33,21000200
2020-09-02,80.20815443404166,21000100,76.07,20991200,76.07,21000200
2020-09-03,57.38470343825,21000100,56.73,20991200,56.73,21000200
2020-09-04,59.897458247500005,21000100,59.7,20991200,59.7,21000200
2020-09-05,56.511,21000100,56.0,20991200,56.0,21000200
2020-09-06,59.477827500000004,21000100,58.94,20991200,58.94,21000200
2020-09-07,62.4648375,21000100,61.9,20991200,61.9,21000200
2020-09-08,59.2356375,21000100,58.7,20991200,58.7,21000200
2020-09-09,60.507135000000005,21000100,59.96,20991200,59.96,21000200
2020-09-10,62.717118750000004,21000100,62.15,20991200,62.15,21000200
2020-09-11,63.94825125,21000100,63.37,20991200,63.37,21000200
2020-09-12,66.2995125,21000100,65.7,20991200,65.7,21000200
2020-09-13,63.191407500000004,21000100,62.62,20991200,62.62,21000200
2020-09-14,63.897795,21000100,63.32,20991200,63.32,21000200
2020-09-15,59.942025,21000100,59.4,20991200,59.4,21000200
2020-09-16,58.96317375,21000100,58.43,20991200,58.43,21000200
2020-09-17,60.2851275,21000100,59.74,20991200,59.74,21000200
2020-09-18,58.43842875,21000100,57.91,20991200,57.91,21000200
2020-09-19,58.529250000000005,21000100,58.0,20991200,58.0,21000200
2020-09-20,58.1861475,21000100,57.66,20991200,57.66,21000200
2020-09-21,52.14148875000001,21000100,51.67,20991200,51.67,21000200
2020-09-22,53.836818750000006,21000100,53.35,20991200,53.35,21000200
2020-09-23,52.353405,21000100,51.88,20991200,51.88,21000200
2020-09-24,55.69360875,21000100,55.19,20991200,55.19,21000200
2020-09-25,55.4009625,21000100,54.9,20991200,54.9,21000200
2020-09-26,56.753190000000004,21000100,56.24,20991200,56.24,21000200
2020-09-27,56.107350000000004,21000100,55.6,20991200,55.6,21000200
2020-09-28,56.7733725,21000100,56.26,20991200,56.26,21000200
2020-09-29,61.84927125,21000100,61.29,20991200,61.29,21000200
2020-09-30,64.77015474508333,21000100,64.13,20991200,64.13,21000200
2020-10-02,64.4427225,21000100,63.86,20991200,63.86,21000200
2020-10-03,61.294252500000006,21000100,60.74,20991200,60.74,21000200
2020-10-04,64.102422992,21000100,63.16,20991200,63.16,21000200
2020-10-05,66.39033375000001,21000100,65.79,20991200,65.79,21000200
2020-10-06,62.03091375,21000100,61.47,20991200,61.47,21000200
2020-10-07,62.07127875,21000100,61.51,20991200,61.51,21000200
2020-10-08,62.555658750000006,21000100,61.99,20991200,61.99,21000200
2020-10-09,64.10971125,21000100,63.53,20991200,63.53,21000200
2020-10-10,68.1393391835,21000100,66.82,20991200,66.82,21000200
2020-10-11,73.81836574816667,21000100,72.52,20991200,72.52,21000200
2020-10-12,73.61566875000001,21000100,72.95,20991200,72.95,21000200
2020-10-13,70.8954281555,21000100,70.12,20991200,70.12,21000200
2020-10-14,69.49863676666666,21000100,68.8,20991200,68.8,21000200
2020-10-15,69.25598400124998,21000100,68.3,20991200,68.3,21000200
2020-10-16,63.17122500000001,21000100,62.6,20991200,62.6,21000200
2020-10-17,63.574875000000006,21000100,63.0,20991200,63.0,21000200
2020-10-18,65.07847124999999,21000100,64.49,20991200,64.49,21000200
2020-10-19,64.816827574,21000100,64.16,20991200,64.16,21000200
2020-10-20,58.59101824425,21000100,57.87,20991200,57.87,21000200
2020-10-21,63.34277625000001,21000100,62.77,20991200,62.77,21000200
2020-10-22,67.12048662520834,21000100,65.59,20991200,65.59,21000200
2020-10-23,63.99068159633334,21000100,63.28,20991200,63.28,21000200
2020-10-24,65.29475728858334,21000100,64.22,20991200,64.22,21000200
2020-10-25,63.532995242625006,21000100,62.77,20991200,62.77,21000200
2020-10-26,60.7695075,21000100,60.22,20991200,60.22,21000200
2020-10-27,61.768541250000006,21000100,61.21,20991200,61.21,21000200
2020-10-28,57.568332268875004,21000100,56.79,20991200,56.79,21000200
2020-10-29,57.5225357875,21000100,56.9,20991200,56.9,21000200
2020-10-30,58.731075000000004,21000100,58.2,20991200,58.2,21000200
2020-10-31,58.72098375,21000100,58.19,20991200,58.19,21000200
2020-11-02,55.2798675,21000100,54.78,20991200,54.78,21000200
2020-11-03,53.68545,21000100,53.2,20991200,53.2,21000200
2020-11-04,54.5936625,21000100,54.1,20991200,54.1,21000200
2020-11-05,57.272803198458334,21000100,56.69,20991200,56.69,21000200
2020-11-06,65.41785883295833,21000100,61.67,20991200,61.67,21000200
2020-11-07,60.634662916,21000100,57.43,20991200,57.43,21000200
2020-11-08,63.51212971466667,21000100,60.64,20991200,60.64,21000200
2020-11-09,60.3129783015,21000100,58.49,20991200,58.49,21000200
2020-11-10,59.66956125000001,21000100,59.13,20991200,59.13,21000200
2020-11-11,59.89165166041667,21000100,58.93,20991200,58.93,21000200
2020-11-12,63.62533125,21000100,63.05,20991200,63.05,21000200
2020-11-13,66.61094842158333,21000100,65.83,20991200,65.83,21000200
2020-11-14,64.81517875,21000100,63.94,20991200,63.94,21000200
2020-11-15,62.079903007249996,21000100,61.22,20991200,61.22,21000200
2020-11-16,65.260750696,21000100,64.58,20991200,64.58,21000200
2020-11-17,67.50037125,21000100,66.89,20991200,66.89,21000200
2020-11-18,64.09749597075,21000100,63.22,20991200,63.22,21000200
2020-11-19,63.322292571,21000100,62.46,20991200,62.46,21000200
2020-11-20,65.59293436033333,21000100,63.28,20991200,63.28,21000200
2020-11-21,75.30730315000001,21000100,72.75,20991200,72.75,21000200
2020-11-22,71.22708808325,21000100,68.89,20991200,68.89,21000200
2020-11-23,84.31182259589647,21000100,79.58,20991200,79.58,21000200
2020-11-24,91.74237947083333,21000100,87.05,20991200,87.05,21000200
2020-11-25,83.1204079010532,21000100,78.21,20991200,78.21,21000200
2020-11-26,71.69019097500001,21000100,70.2,20991200,70.2,21000200
2020-11-27,70.24519125,21000100,69.61,20991200,69.61,21000200
2020-11-28,75.96693,21000100,75.28,20991200,75.28,21000200
2020-11-29,75.75501375,21000100,75.07,20991200,75.07,21000200
2020-11-30,79.73096625000001,21000100,79.01,20991200,79.01,21000200
2020-12-02,77.3998875,21000100,76.7,20991200,76.7,21000200
2020-12-03,77.19301649900001,21000100,75.76,20991200,75.76,21000200
2020-12-04,70.11636724516667,21000100,69.16,20991200,69.16,21000200
2020-12-05,72.54599625,21000100,71.89,20991200,71.89,21000200
2020-12-06,75.47928450399999,21000100,74.64,20991200,74.64,21000200
2020-12-07,77.098215274,21000100,75.63,20991200,75.63,21000200
2020-12-08,71.00250860433333,21000100,69.61,20991200,69.61,21000200
2020-12-09,70.0130925,21000100,69.38,20991200,69.38,21000200
2020-12-10,66.561885,21000100,65.96,20991200,65.96,21000200
2020-12-11,64.29135375,21000100,63.71,20991200,63.71,21000200
2020-12-12,66.63252375,21000100,66.03,20991200,66.03,21000200
2020-12-13,68.87278125,21000100,68.25,20991200,68.25,21000200
2020-12-14,68.67095625,21000100,68.05,20991200,68.05,21000200
2020-12-15,68.32785375,21000100,67.71,20991200,67.71,21000200
2020-12-16,74.47457406458332,21000100,73.27,20991200,73.27,21000200
2020-12-17,76.65673000070834,21000100,74.33,20991200,74.33,21000200
2020-12-18,75.39324887250001,21000100,73.95,20991200,73.95,21000200
2020-12-19,75.27756308695832,21000100,73.61,20991200,73.61,21000200
2020-12-20,76.12793663687499,21000100,73.77,20991200,73.77,21000200
2020-12-21,68.87589959774999,21000100,67.83,20991200,67.83,21000200
2020-12-22,68.30767125,21000100,67.69,20991200,67.69,21000200
2020-12-23,55.94589,21000100,55.44,20991200,55.44,21000200
2020-12-24,62.686845,21000100,62.12,20991200,62.12,21000200
2020-12-25,64.8867375,21000100,64.3,20991200,64.3,21000200
2020-12-26,67.22790750000001,21000100,66.62,20991200,66.62,21000200
2020-12-27,67.65174,21000100,67.04,20991200,67.04,21000200
2020-12-28,69.99613315200001,21000100,69.12,20991200,69.12,21000200
2020-12-29,66.0169575,21000100,65.42,20991200,65.42,21000200
2020-12-30,64.74546,21000100,64.16,20991200,64.16,21000200
2020-12-31,64.5234525,21000100,63.94,20991200,63.94,21000200
2021-01-02,58.0650525,21000100,57.54,20991200,57.54,21000200
2021-01-03,61.77822461445834,21000100,59.53,20991200,59.53,21000200
2021-01-04,64.48701244090626,21000100,60.43,20991200,60.43,21000200
2021-01-05,61.219310009375,21000100,59.75,20991200,59.75,21000200
2021-01-06,68.93972294058307,21000100,64.05,20991200,64.05,21000200
2021-01-07,73.96100100161203,21000100,67.88,20991200,67.88,21000200
2021-01-08,73.13561508275001,21000100,68.69,20991200,68.69,21000200
2021-01-09,83.028339087375,21000100,78.63,20991200,78.63,21000200
2021-01-10,106.18942222880267,21000100,96.63,20991200,96.63,21000200
2021-01-11,90.9876723525,21000100,88.2,20991200,88.2,21000200
2021-01-12,101.26850632033333,21000100,99.82,20991200,99.82,21000200
2021-01-13,122.256862924,21000100,117.56,20991200,117.56,21000200
2021-01-14,118.01301872716667,21000100,111.88,20991200,111.88,21000200
2021-01-15,108.84620626833332,21000100,103.3,20991200,103.3,21000200
2021-01-16,110.49901327604168,21000100,108.25,20991200,108.25,21000200
2021-01-17,105.99288411045833,21000100,102.37,20991200,102.37,21000200
2021-01-18,110.65363039045833,21000100,104.21,20991200,104.21,21000200
2021-01-19,113.86890554203856,21000100,102.64,20991200,102.64,21000200
2021-01-20,102.21782177420833,21000100,99.17,20991200,99.17,21000200
2021-01-21,84.53895943833334,21000100,83.06,20991200,83.06,21000200
2021-01-22,87.793875,21000100,87.0,20991200,87.0,21000200
2021-01-23,87.145639218,21000100,86.13,20991200,86.13,21000200
2021-01-24,92.82714250733333,21000100,90.14,20991200,90.14,21000200
2021-01-25,91.71743496666667,21000100,88.0,20991200,88.0,21000200
2021-01-26,90.47345168399998,21000100,89.32,20991200,89.32,21000200
2021-01-27,79.79650864083334,21000100,78.55,20991200,78.55,21000200
2021-01-28,88.400995320625,21000100,86.97,20991200,86.97,21000200
2021-01-29,91.14955081250001,21000100,85.65,20991200,85.65,21000200
2021-01-30,88.12164549825,21000100,84.63,20991200,84.63,21000200
2021-01-31,91.3995582645,21000100,85.77,20991200,85.77,21000200
2021-02-02,101.12866408091668,21000100,92.53,20991200,92.53,21000200
2021-02-03,107.52760255032891,21000100,95.49,20991200,95.49,21000200
2021-02-04,100.76700787474999,21000100,90.06,20991200,90.06,21000200
2021-02-05,110.18554128379425,21000100,96.78,20991200,96.78,21000200
2021-02-06,105.778617399,21000100,94.54,20991200,94.54,21000200
2021-02-07,102.27035723274999,21000100,92.41,20991200,92.41,21000200
2021-02-08,110.27648740125,21000100,98.3,20991200,98.3,21000200
2021-02-09,126.5285954573167,21000100,109.05,20991200,109.05,21000200
2021-02-10,136.85666140105093,21000100,116.6,20991200,116.6,21000200
2021-02-11,161.77622756583332,21000100,142.7,20991200,142.7,21000200
2021-02-12,168.13987980562501,21000100,143.15,20991200,143.15,21000200
2021-02-13,211.40453515674184,21000100,176.61,20991200,176.61,21000200
2021-02-14,185.63694693983334,21000100,156.62,20991200,156.62,21000200
2021-02-15,172.07921278979168,21000100,158.99,20991200,158.99,21000200
2021-02-16,171.49926701270832,21000100,155.95,20991200,155.95,21000200
2021-02-17,182.66876136541669,21000100,168.7,20991200,168.7,21000200
2021-02-18,201.54402945833337,21000100,169.61,20991200,169.61,21000200
2021-02-19,218.52311034808335,21000100,180.74,20991200,180.74,21000200
2021-02-20,203.7935060325133,21000100,164.3,20991200,164.3,21000200
2021-02-21,174.11236907675,21000100,162.11,20991200,162.11,21000200
2021-02-22,151.73992181141668,21000100,144.49,20991200,144.49,21000200
2021-02-23,128.33042625000002,21000100,127.17,20991200,127.17,21000200
2021-02-24,132.195375,21000100,131.0,20991200,131.0,21000200
2021-02-25,122.53804875000002,21000100,121.43,20991200,121.43,21000200
2021-02-26,119.359305,21000100,118.28,20991200,118.28,21000200
2021-02-27,120.86290125000001,21000100,119.77,20991200,119.77,21000200
2021-02-28,112.43670750000001,21000100,111.42,20991200,111.42,21000200
2021-03-02,121.72065750000002,21000100,120.62,20991200,120.62,21000200
2021-03-03,128.44609166783334,21000100,126.77,20991200,126.77,21000200
2021-03-04,123.35544,21000100,122.24,20991200,122.24,21000200
2021-03-05,122.41695375,21000100,121.31,20991200,121.31,21000200
2021-03-06,127.07813778475,21000100,125.27,20991200,125.27,21000200
2021-03-07,134.205434285,21000100,130.26,20991200,130.26,21000200
2021-03-08,134.69953908558335,21000100,129.74,20991200,129.74,21000200
2021-03-09,149.97726570474998,21000100,137.94,20991200,137.94,21000200
2021-03-10,148.76445902999998,21000100,140.02,20991200,140.02,21000200
2021-03-11,158.6319999529167,21000100,152.05,20991200,152.05,21000200
2021-03-12,153.41631921,21000100,145.53,20991200,145.53,21000200
2021-03-13,161.12819898449996,21000100,156.42,20991200,156.42,21000200
2021-03-14,151.27772582187498,21000100,143.25,20991200,143.25,21000200
2021-03-15,139.341233397,21000100,135.32,20991200,135.32,21000200
2021-03-16,141.44041517124998,21000100,139.45,20991200,139.45,21000200
2021-03-17,149.74963200566665,21000100,146.21,20991200,146.21,21000200
2021-03-18,150.87884680091668,21000100,143.11,20991200,143.11,21000200
2021-03-19,154.06165317674999,21000100,150.46,20991200,150.46,21000200
2021-03-20,164.7674567305,21000100,155.22,20991200,155.22,21000200
2021-03-21,154.39324046099998,21000100,148.38,20991200,148.38,21000200
2021-03-22,147.333173124,21000100,139.68,20991200,139.68,21000200
2021-03-23,137.53965027695833,21000100,136.19,20991200,136.19,21000200
2021-03-24,129.84318963208332,21000100,127.7,20991200,127.7,21000200
2021-03-25,124.24347000000002,21000100,123.12,20991200,123.12,21000200
2021-03-26,134.79891750000002,21000100,133.58,20991200,133.58,21000200
2021-03-27,136.03201369,21000100,133.8,20991200,133.8,21000200
2021-03-28,148.49144133833335,21000100,145.04,20991200,145.04,21000200
2021-03-29,154.22792934908333,21000100,149.38,20991200,149.38,21000200
2021-03-30,163.52326694466666,21000100,154.76,20991200,154.76,21000200
2021-03-31,167.9368998,21000100,158.5,20991200,158.5,21000200
2021-04-02,188.033100287375,21000100,169.89,20991200,169.89,21000200
2021-04-03,195.81974983883333,21000100,171.74,20991200,171.74,21000200
2021-04-04,199.92386275558334,21000100,187.34,20991200,187.34,21000200
2021-04-05,216.95157870375002,21000100,197.45,20991200,197.45,21000200
2021-04-06,215.88264236525,21000100,191.31,20991200,191.31,21000200
2021-04-07,179.47038318124999,21000100,171.5,20991200,171.5,21000200
2021-04-08,188.86396017066667,21000100,184.82,20991200,184.82,21000200
2021-04-09,201.71253644,21000100,194.8,20991200,194.8,21000200
2021-04-10,222.77123405650002,21000100,206.59,20991200,206.59,21000200
2021-04-11,254.76280711245835,21000100,222.91,20991200,222.91,21000200
2021-04-12,253.12026166020834,21000100,221.57,20991200,221.57,21000200
2021-04-13,252.65105346420833,21000100,226.43,20991200,226.43,21000200
2021-04-14,271.0389120075,21000100,238.14,20991200,238.14,21000200
2021-04-15,285.4969483776667,21000100,252.56,20991200,252.56,21000200
2021-04-16,312.9940057185833,21000100,270.46,20991200,270.46,21000200
2021-04-17,311.18281200300004,21000100,280.44,20991200,280.44,21000200
2021-04-18,271.4782811825,21000100,260.2,20991200,260.2,21000200
2021-04-19,228.07546688625,21000100,225.9,20991200,225.9,21000200
2021-04-20,255.66420880466666,21000100,249.76,20991200,249.76,21000200
2021-04-21,241.42169947399998,21000100,237.52,20991200,237.52,21000200
2021-04-22,229.83388851675,21000100,224.01,20991200,224.01,21000200
2021-04-23,222.40105875,21000100,220.39,20991200,220.39,21000200
2021-04-24,200.53054360033332,21000100,198.68,20991200,198.68,21000200
2021-04-25,204.6360793291667,21000100,202.55,20991200,202.55,21000200
2021-04-26,232.63603819949998,21000100,227.24,20991200,227.24,21000200
2021-04-27,244.87072500000002,21000100,242.0,20991200,242.0,21000200
2021-04-28,244.99698253412498,21000100,240.81,20991200,240.81,21000200
2021-04-29,236.70460492575,21000100,229.58,20991200,229.58,21000200
2021-04-30,256.8278938333333,21000100,245.65,20991200,245.65,21000200
2021-05-02,258.24353020883336,21000100,243.58,20991200,243.58,21000200
2021-05-03,267.33893117866666,21000100,250.88,20991200,250.88,21000200
2021-05-04,252.89612339775,21000100,241.29,20991200,241.29,21000200
2021-05-05,307.4423211399583,21000100,292.69,20991200,292.69,21000200
2021-05-06,339.13538959849996,21000100,309.32,20991200,309.32,21000200
2021-05-07,337.7554341331666,21000100,320.33,20991200,320.33,21000200
2021-05-08,340.3976027891666,21000100,316.52,20991200,316.52,21000200
2021-05-09,323.1407119750833,21000100,305.62,20991200,305.62,21000200
2021-05-10,298.256596724625,21000100,284.13,20991200,284.13,21000200
2021-05-11,305.280495,21000100,302.52,20991200,302.52,21000200
2021-05-12,297.5565731770833,21000100,282.5,20991200,282.5,21000200
2021-05-13,300.64614753891664,21000100,296.59,20991200,296.59,21000200
2021-05-14,308.60051625,21000100,305.81,20991200,305.81,21000200
2021-05-15,274.342956780375,21000100,271.17,20991200,271.17,21000200
2021-05-16,264.80449125,21000100,262.41,20991200,262.41,21000200
2021-05-17,237.870945,21000100,235.72,20991200,235.72,21000200
2021-05-18,257.3066925,21000100,254.98,20991200,254.98,21000200
2021-05-19,129.7543676303302,21000100,146.53,20991200,146.53,21000200
2021-05-20,184.09467375000003,21000100,182.43,20991200,182.43,21000200
2021-05-21,157.69596375,21000100,156.27,20991200,156.27,21000200
2021-05-22,143.70949125,21000100,142.41,20991200,142.41,21000200
2021-05-23,115.5044475,21000100,114.46,20991200,114.46,21000200
2021-05-24,150.67245375000002,21000100,149.31,20991200,149.31,21000200
2021-05-25,146.77723125,21000100,145.45,20991200,145.45,21000200
2021-05-26,160.00686000000002,21000100,158.56,20991200,158.56,21000200
2021-05-27,151.56048375,21000100,150.19,20991200,150.19,21000200
2021-05-28,166.14234,21000100,164.64,20991200,164.64,21000200
2021-05-29,150.60181500000002,21000100,149.24,20991200,149.24,21000200
2021-05-30,151.21738125,21000100,149.85,20991200,149.85,21000200
2021-05-31,163.10487375,21000100,161.63,20991200,161.63,21000200
2021-06-02,165.89005875,21000100,164.39,20991200,164.39,21000200
2021-06-03,174.58871625,21000100,173.01,20991200,173.01,21000200
2021-06-04,156.58592625,21000100,155.17,20991200,155.17,21000200
2021-06-05,154.46676375,21000100,153.07,20991200,153.07,21000200
2021-06-06,150.93482625000001,21000100,149.57,20991200,149.57,21000200
2021-06-07,136.97862750000002,21000100,135.74,20991200,135.74,21000200
2021-06-08,132.10455375,21000100,130.91,20991200,130.91,21000200
2021-06-09,146.323125,21000100,145.0,20991200,145.0,21000200
2021-06-10,135.24293250000002,21000100,134.02,20991200,134.02,21000200
2021-06-11,125.8782525,21000100,124.74,20991200,124.74,21000200
2021-06-12,127.00847250000001,21000100,125.86,20991200,125.86,21000200
2021-06-13,134.26408125000003,21000100,133.05,20991200,133.05,21000200
2021-06-14,140.22801,21000100,138.96,20991200,138.96,21000200
2021-06-15,137.80611000000002,21000100,136.56,20991200,136.56,21000200
2021-06-16,138.36112875000003,21000100,137.11,20991200,137.11,21000200
2021-06-17,143.51775750000002,21000100,142.22,20991200,142.22,21000200
2021-06-18,133.96134375,21000100,132.75,20991200,132.75,21000200
2021-06-19,129.01663125,21000100,127.85,20991200,127.85,21000200
2021-06-20,132.94212750000003,21000100,131.74,20991200,131.74,21000200
2021-06-21,102.20418000000001,21000100,101.28,20991200,101.28,21000200
2021-06-22,107.32044375,21000100,106.35,20991200,106.35,21000200
2021-06-23,112.22880854933334,21000100,111.68,20991200,111.68,21000200
2021-06-24,113.56342674583334,21000100,112.76,20991200,112.76,21000200
2021-06-25,100.85843064825,21000100,99.99,20991200,99.99,21000200
2021-06-26,103.468121413125,21000100,103.53,20991200,103.53,21000200
2021-06-27,107.93209141,21000100,107.58,20991200,107.58,21000200
2021-06-28,119.07675,21000100,118.0,20991200,118.0,21000200
2021-06-29,127.62403875000001,21000100,126.47,20991200,126.47,21000200
2021-06-30,131.99355000000003,21000100,130.8,20991200,130.8,21000200
2021-07-02,119.48040000000002,21000100,118.4,20991200,118.4,21000200
2021-07-03,117.21996,21000100,116.16,20991200,116.16,21000200
2021-07-04,121.34728125000001,21000100,120.25,20991200,120.25,21000200
2021-07-05,112.14406125000001,21000100,111.13,20991200,111.13,21000200
2021-07-06,118.5318225,21000100,117.46,20991200,117.46,21000200
2021-07-07,119.55103875,21000100,118.47,20991200,118.47,21000200
2021-07-08,110.30745375000001,21000100,109.31,20991200,109.31,21000200
2021-07-09,111.94223625000001,21000100,110.93,20991200,110.93,21000200
2021-07-10,109.0056825,21000100,108.02,20991200,108.02,21000200
2021-07-11,111.660671285,21000100,110.82,20991200,110.82,21000200
2021-07-12,108.57175875000001,21000100,107.59,20991200,107.59,21000200
2021-07-13,104.99945625000001,21000100,104.05,20991200,104.05,21000200
2021-07-14,105.42328875,21000100,104.47,20991200,104.47,21000200
2021-07-15,101.06386875000001,21000100,100.15,20991200,100.15,21000200
2021-07-16,93.85871625000001,21000100,93.01,20991200,93.01,21000200
2021-07-17,93.91926375,21000100,93.07,20991200,93.07,21000200
2021-07-18,94.71647250000001,21000100,93.86,20991200,93.86,21000200
2021-07-19,90.04422375000001,21000100,89.23,20991200,89.23,21000200
2021-07-20,86.11775364600001,21000100,85.59,20991200,85.59,21000200
2021-07-21,96.04851750000002,21000100,95.18,20991200,95.18,21000200
2021-07-22,98.43005250000002,21000100,97.54,20991200,97.54,21000200
2021-07-23,98.60160375,21000100,97.71,20991200,97.71,21000200
2021-07-24,100.13547375,21000100,99.23,20991200,99.23,21000200
2021-07-25,101.31615000000001,21000100,100.4,20991200,100.4,21000200
2021-07-26,102.244545,21000100,101.32,20991200,101.32,21000200
2021-07-27,103.77841500000001,21000100,102.84,20991200,102.84,21000200
2021-07-28,106.846155,21000100,105.88,20991200,105.88,21000200
2021-07-29,108.85431375,21000100,107.87,20991200,107.87,21000200
2021-07-30,110.89274625,21000100,109.89,20991200,109.89,21000200
2021-07-31,112.18442625,21000100,111.17,20991200,111.17,21000200
2021-08-02,116.33193,21000100,115.28,20991200,115.28,21000200
2021-08-03,115.16134500000001,21000100,114.12,20991200,114.12,21000200
2021-08-04,119.1776625,21000100,118.1,20991200,118.1,21000200
2021-08-05,120.11614875000001,21000100,119.03,20991200,119.03,21000200
2021-08-06,128.16896625,21000100,127.01,20991200,127.01,21000200
2021-08-07,135.50530500000002,21000100,134.28,20991200,134.28,21000200
2021-08-08,124.63702875000001,21000100,123.51,20991200,123.51,21000200
2021-08-09,131.90272875000002,21000100,130.71,20991200,130.71,21000200
2021-08-10,133.1843175,21000100,131.98,20991200,131.98,21000200
2021-08-11,138.83241196299997,21000100,137.29,20991200,137.29,21000200
2021-08-12,134.89983,21000100,133.68,20991200,133.68,21000200
2021-08-13,146.31303375000002,21000100,144.99,20991200,144.99,21000200
2021-08-14,146.88743356054167,21000100,145.09,20991200,145.09,21000200
2021-08-15,158.01283404433335,21000100,155.03,20991200,155.03,21000200
2021-08-16,157.59215057666665,21000100,150.2,20991200,150.2,21000200
2021-08-17,142.74073124999998,21000100,141.45,20991200,141.45,21000200
2021-08-18,142.1453475,21000100,140.86,20991200,140.86,21000200
2021-08-19,148.86612000000002,21000100,147.52,20991200,147.52,21000200
2021-08-20,156.50400869041664,21000100,153.95,20991200,153.95,21000200
2021-08-21,159.9571165902499,21000100,156.1,20991200,156.1,21000200
2021-08-22,164.52178537591666,21000100,160.78,20991200,160.78,21000200
2021-08-23,169.92135972943856,21000100,165.35,20991200,165.35,21000200
2021-08-24,159.88336166538625,21000100,155.39,20991200,155.39,21000200
2021-08-25,165.44604375,21000100,163.95,20991200,163.95,21000200
2021-08-26,145.31400000000002,21000100,144.0,20991200,144.0,21000200
2021-08-27,153.63928125,21000100,152.25,20991200,152.25,21000200
2021-08-28,152.135685,21000100,150.76,20991200,150.76,21000200
2021-08-29,149.8550625,21000100,148.5,20991200,148.5,21000200
2021-08-30,142.76122484733335,21000100,141.28,20991200,141.28,21000200
2021-08-31,145.56863538233333,21000100,143.92,20991200,143.92,21000200
2021-09-02,155.4117379495938,21000100,150.77,20991200,150.77,21000200
2021-09-03,162.4818847828056,21000100,156.72,20991200,156.72,21000200
2021-09-04,167.25367897263556,21000100,160.34,20991200,160.34,21000200
2021-09-05,181.69753709791507,21000100,173.07,20991200,173.07,21000200
2021-09-06,180.66724306042582,21000100,171.34,20991200,171.34,21000200
2021-09-07,140.247473132,21000100,136.38,20991200,136.38,21000200
2021-09-08,136.64561625,21000100,135.41,20991200,135.41,21000200
2021-09-09,138.98678625,21000100,137.73,20991200,137.73,21000200
2021-09-10,129.33955125,21000100,128.17,20991200,128.17,21000200
2021-09-11,129.6725625,21000100,128.5,20991200,128.5,21000200
2021-09-12,132.4173825,21000100,131.22,20991200,131.22,21000200
2021-09-13,128.94599250000002,21000100,127.78,20991200,127.78,21000200
2021-09-14,135.08147250000002,21000100,133.86,20991200,133.86,21000200
2021-09-15,141.16649625,21000100,139.89,20991200,139.89,21000200
2021-09-16,139.17852,21000100,137.92,20991200,137.92,21000200
2021-09-17,135.828225,21000100,134.6,20991200,134.6,21000200
2021-09-18,139.87481625,21000100,138.61,20991200,138.61,21000200
2021-09-19,134.84937375,21000100,133.63,20991200,133.63,21000200
2021-09-20,120.14642250000001,21000100,119.06,20991200,119.06,21000200
2021-09-21,112.68898875000001,21000100,111.67,20991200,111.67,21000200
2021-09-22,122.49768375000001,21000100,121.39,20991200,121.39,21000200
2021-09-23,123.70863375,21000100,122.59,20991200,122.59,21000200
2021-09-24,111.54867750000001,21000100,110.54,20991200,110.54,21000200
2021-09-25,111.53858625000001,21000100,110.53,20991200,110.53,21000200
2021-09-26,112.12387875,21000100,111.11,20991200,111.11,21000200
2021-09-27,105.393015,21000100,104.44,20991200,104.44,21000200
2021-09-28,101.5785225,21000100,100.66,20991200,100.66,21000200
2021-09-29,104.55544125,21000100,103.61,20991200,103.61,21000200
2021-09-30,108.09747000000002,21000100,107.12,20991200,107.12,21000200
2021-10-02,115.19161875000002,21000100,114.15,20991200,114.15,21000200
2021-10-03,119.90423249999999,21000100,118.82,20991200,118.82,21000200
2021-10-04,117.986895,21000100,116.92,20991200,116.92,21000200
2021-10-05,124.24347000000002,21000100,123.12,20991200,123.12,21000200
2021-10-06,126.51400125,21000100,125.37,20991200,125.37,21000200
2021-10-07,127.36555736829166,21000100,125.47,20991200,125.47,21000200
2021-10-08,125.09949399675,21000100,123.63,20991200,123.63,21000200
2021-10-09,129.05222031891668,21000100,127.67,20991200,127.67,21000200
2021-10-10,121.382342712,21000100,119.52,20991200,119.52,21000200
2021-10-11,120.76198875000001,21000100,119.67,20991200,119.67,21000200
2021-10-12,117.35114625000001,21000100,116.29,20991200,116.29,21000200
2021-10-13,120.62071125000001,21000100,119.53,20991200,119.53,21000200
2021-10-14,123.612773348,21000100,121.92,20991200,121.92,21000200
2021-10-15,128.38497708095832,21000100,126.43,20991200,126.43,21000200
2021-10-16,130.797535416,21000100,126.24,20991200,126.24,21000200
2021-10-17,141.04479519616666,21000100,137.77,20991200,137.77,21000200
2021-10-18,141.9838875,21000100,140.7,20991200,140.7,21000200
2021-10-19,145.56628125,21000100,144.25,20991200,144.25,21000200
2021-10-20,152.68436085620837,21000100,150.11,20991200,150.11,21000200
2021-10-21,162.746610264,21000100,155.16,20991200,155.16,21000200
2021-10-22,166.92774719995833,21000100,165.23,20991200,165.23,21000200
2021-10-23,176.56885080233332,21000100,173.89,20991200,173.89,21000200
2021-10-24,181.497234444125,21000100,173.09,20991200,173.09,21000200
2021-10-25,176.0662078166667,21000100,170.35,20991200,170.35,21000200
2021-10-26,170.837534258125,21000100,161.27,20991200,161.27,21000200
2021-10-27,151.75343790450003,21000100,147.24,20991200,147.24,21000200
2021-10-28,160.5517875,21000100,159.1,20991200,159.1,21000200
2021-10-29,164.325915,21000100,162.84,20991200,162.84,21000200
2021-10-30,156.773924848,21000100,153.42,20991200,153.42,21000200
2021-10-31,171.375318219875,21000100,167.37,20991200,167.37,21000200
2021-11-02,179.3674502733333,21000100,172.1,20991200,172.1,21000200
2021-11-03,174.18323043125,21000100,168.58,20991200,168.58,21000200
2021-11-04,171.03895344125,21000100,163.95,20991200,163.95,21000200
2021-11-05,168.33869691962502,21000100,162.93,20991200,162.93,21000200
2021-11-06,164.12409910166667,21000100,159.82,20991200,159.82,21000200
2021-11-07,169.92014446899998,21000100,164.28,20991200,164.28,21000200
2021-11-08,179.4921106926667,21000100,170.96,20991200,170.96,21000200
2021-11-09,210.01449893395835,21000100,200.33,20991200,200.33,21000200
2021-11-10,185.95328711924998,21000100,179.97,20991200,179.97,21000200
2021-11-11,207.26442274875,21000100,204.7,20991200,204.7,21000200
2021-11-12,204.18922919925,21000100,202.26,20991200,202.26,21000200
2021-11-13,201.1186125,21000100,199.3,20991200,199.3,21000200
2021-11-14,204.514377325,21000100,202.0,20991200,202.0,21000200
2021-11-15,201.3267969403333,21000100,195.76,20991200,195.76,21000200
2021-11-16,167.77523410666666,21000100,165.76,20991200,165.76,21000200
2021-11-17,160.84443375,21000100,159.39,20991200,159.39,21000200
2021-11-18,149.552325,21000100,148.2,20991200,148.2,21000200
2021-11-19,160.3903275,21000100,158.94,20991200,158.94,21000200
2021-11-20,181.0975725,21000100,179.46,20991200,179.46,21000200
2021-11-21,231.70519125,21000100,229.61,20991200,229.61,21000200
2021-11-22,208.495012011625,21000100,206.07,20991200,206.07,21000200
2021-11-23,220.998375,21000100,219.0,20991200,219.0,21000200
2021-11-24,264.44357849525,21000100,261.03,20991200,261.03,21000200
2021-11-25,297.9855438455,21000100,294.98,20991200,294.98,21000200
2021-11-26,256.2245124871667,21000100,246.92,20991200,246.92,21000200
2021-11-27,245.91367125000002,21000100,243.69,20991200,243.69,21000200
2021-11-28,243.45140625000002,21000100,241.25,20991200,241.25,21000200
2021-11-29,248.92086375,21000100,246.67,20991200,246.67,21000200
2021-11-30,222.451515,21000100,220.44,20991200,220.44,21000200
2021-12-02,227.56777875,21000100,225.51,20991200,225.51,21000200
2021-12-03,208.15221375000002,21000100,206.27,20991200,206.27,21000200
2021-12-04,189.2513025,21000100,187.54,20991200,187.54,21000200
2021-12-05,184.2056775,21000100,182.54,20991200,182.54,21000200
2021-12-06,181.44067500000003,21000100,179.8,20991200,179.8,21000200
2021-12-07,175.70884500000003,21000100,174.12,20991200,174.12,21000200
2021-12-08,180.43155000000002,21000100,178.8,20991200,178.8,21000200
2021-12-09,165.536865,21000100,164.04,20991200,164.04,21000200
2021-12-10,160.8343425,21000100,159.38,20991200,159.38,21000200
2021-12-11,169.76509875,21000100,168.23,20991200,168.23,21000200
2021-12-12,171.0870525,21000100,169.54,20991200,169.54,21000200
2021-12-13,149.27986125,21000100,147.93,20991200,147.93,21000200
2021-12-14,152.90262,21000100,151.52,20991200,151.52,21000200
2021-12-15,160.96552875,21000100,159.51,20991200,159.51,21000200
2021-12-16,153.67964625,21000100,152.29,20991200,152.29,21000200
2021-12-17,151.17701625,21000100,149.81,20991200,149.81,21000200
2021-12-18,158.94727875,21000100,157.51,20991200,157.51,21000200
2021-12-19,159.03810000000001,21000100,157.6,20991200,157.6,21000200
2021-12-20,158.028975,21000100,156.6,20991200,156.6,21000200
2021-12-21,163.63971,21000100,162.16,20991200,162.16,21000200
2021-12-22,166.87900125000002,21000100,165.37,20991200,165.37,21000200
2021-12-23,169.17980625,21000100,167.65,20991200,167.65,21000200
2021-12-24,166.505625,21000100,165.0,20991200,165.0,21000200
2021-12-25,170.91550125,21000100,169.37,20991200,169.37,21000200
2021-12-26,169.11925875,21000100,167.59,20991200,167.59,21000200
2021-12-27,171.16778250000002,21000100,169.62,20991200,169.62,21000200
2021-12-28,150.87427875,21000100,149.51,20991200,149.51,21000200
2021-12-29,147.97808999999998,21000100,146.64,20991200,146.64,21000200
2021-12-30,154.86032250000002,21000100,153.46,20991200,153.46,21000200
2021-12-31,147.52116284949997,21000100,146.39,20991200,146.39,21000200
2022-01-01,151.62103125000002,21000100,150.25,20991200,150.25,21000200
2022-01-02,154.315395,21000100,152.92,20991200,152.92,21000200
2022-01-03,151.92376875000002,21000100,150.55,20991200,150.55,21000200
2022-01-04,148.6037475,21000100,147.26,20991200,147.26,21000200
2022-01-05,137.97766124999998,21000100,136.73,20991200,136.73,21000200
2022-01-06,138.42167625,21000100,137.17,20991200,137.17,21000200
2022-01-07,140.833485,21000100,139.56,20991200,139.56,21000200
2022-01-08,143.0588129145,21000100,143.46,20991200,143.46,21000200
2022-01-09,145.31400000000002,21000100,144.0,20991200,144.0,21000200
2022-01-10,141.46086946125,21000100,141.3,20991200,141.3,21000200
2022-01-11,142.58936250000002,21000100,141.3,20991200,141.3,21000200
2022-01-12,145.758015,21000100,144.44,20991200,144.44,21000200
2022-01-13,144.48651750000002,21000100,143.18,20991200,143.18,21000200
2022-01-14,143.70949125,21000100,142.41,20991200,142.41,21000200
2022-01-15,145.63692,21000100,144.32,20991200,144.32,21000200
2022-01-16,142.5086325,21000100,141.22,20991200,141.22,21000200
2022-01-17,140.00600250000002,21000100,138.74,20991200,138.74,21000200
2022-01-18,132.85130625000002,21000100,131.65,20991200,131.65,21000200
2022-01-19,126.79415606391667,21000100,125.81,20991200,125.81,21000200
2022-01-20,119.75286375,21000100,118.67,20991200,118.67,21000200
2022-01-21,102.7779994725,21000100,102.15,20991200,102.15,21000200
2022-01-22,95.191633427625,21000100,94.43,20991200,94.43,21000200
2022-01-23,98.17584101704168,21000100,97.37,20991200,97.37,21000200
2022-01-24,95.12665819983333,21000100,94.27,20991200,94.27,21000200
2022-01-25,91.1643525,21000100,90.34,20991200,90.34,21000200
2022-01-26,90.4817956975,21000100,89.72,20991200,89.72,21000200
2022-01-27,88.70461763195833,21000100,88.51,20991200,88.51,21000200
2022-01-28,91.58437599500002,21000100,91.12,20991200,91.12,21000200
2022-01-29,96.751485981375,21000100,96.27,20991200,96.27,21000200
2022-01-30,93.63792718770834,21000100,92.93,20991200,92.93,21000200
2022-01-31,94.87275994625,21000100,94.38,20991200,94.38,21000200
2022-02-01,99.49566190950001,21000100,98.79,20991200,98.79,21000200
2022-02-02,98.75467608533332,21000100,98.24,20991200,98.24,21000200
2022-02-03,101.19618816666666,21000100,100.75,20991200,100.75,21000200
2022-02-04,107.58365348400001,21000100,107.04,20991200,107.04,21000200
2022-02-05,116.68421182624999,21000100,115.95,20991200,115.95,21000200
2022-02-06,125.18570179499999,21000100,124.31,20991200,124.31,21000200
2022-02-07,129.49494093616667,21000100,128.69,20991200,128.69,21000200
2022-02-08,134.20353375000002,21000100,132.99,20991200,132.99,21000200
2022-02-09,126.947925,21000100,125.8,20991200,125.8,21000200
2022-02-10,125.04895352833333,21000100,124.6,20991200,124.6,21000200
2022-02-11,117.45205875,21000100,116.39,20991200,116.39,21000200
2022-02-12,118.90021699579165,21000100,117.83,20991200,117.83,21000200
2022-02-13,117.9263475,21000100,116.86,20991200,116.86,21000200
2022-02-14,121.33377925666667,21000100,120.4,20991200,120.4,21000200
2022-02-15,126.47485389408334,21000100,125.86,20991200,125.86,21000200
2022-02-16,126.46475223566667,21000100,125.38,20991200,125.38,21000200
2022-02-17,114.4549575,21000100,113.42,20991200,113.42,21000200
2022-02-18,109.81338871325002,21000100,108.93,20991200,108.93,21000200
2022-02-19,112.52487364066668,21000100,112.04,20991200,112.04,21000200
2022-02-20,108.16008977899999,21000100,107.79,20991200,107.79,21000200
2022-02-21,99.81384051940512,21000100,100.27,20991200,100.27,21000200
2022-02-22,102.689626767,21000100,102.83,20991200,102.83,21000200
2022-02-23,96.78679794728758,21000100,97.37,20991200,97.37,21000200
2022-02-24,102.26708916583333,21000100,102.46,20991200,102.46,21000200
2022-02-25,107.38968957416667,21000100,106.84,20991200,106.84,21000200
2022-03-02,126.62062455466668,21000100,125.72,20991200,125.72,21000200
2022-03-03,128.30408092996655,21000100,128.98,20991200,128.98,21000200
2022-03-04,117.673348310375,21000100,116.87,20991200,116.87,21000200
2022-03-05,117.09720161000001,21000100,116.3,20991200,116.3,21000200
2022-03-06,108.23874750000002,21000100,107.26,20991200,107.26,21000200
2022-03-07,109.32006667079168,21000100,109.37,20991200,109.37,21000200
2022-03-08,138.65354670108334,21000100,138.38,20991200,138.38,21000200
2022-03-09,142.27054053824997,21000100,141.42,20991200,141.42,21000200
2022-03-10,158.55372,21000100,157.12,20991200,157.12,21000200
2022-03-11,152.12793449623294,21000100,153.35,20991200,153.35,21000200
2022-03-12,151.147506215,21000100,151.6,20991200,151.6,21000200
2022-03-13,153.18235214407406,21000100,154.7,20991200,154.7,21000200
2022-03-14,147.67222228453917,21000100,149.38,20991200,149.38,21000200
2022-03-15,135.46080463987502,21000100,136.11,20991200,136.11,21000200
2022-03-16,151.63893349215815,21000100,153.9,20991200,153.9,21000200
2022-03-17,153.004141694,21000100,152.52,20991200,152.52,21000200
2022-03-18,173.36767500000002,21000100,171.8,20991200,171.8,21000200
2022-03-19,181.43058375,21000100,179.79,20991200,179.79,21000200
2022-03-20,175.1841,21000100,173.6,20991200,173.6,21000200
2022-03-21,183.01491000000001,21000100,181.36,20991200,181.36,21000200
2022-03-22,175.84003125,21000100,174.25,20991200,174.25,21000200
2022-03-23,183.781845,21000100,182.12,20991200,182.12,21000200
2022-03-24,194.66021250000003,21000100,192.9,20991200,192.9,21000200
2022-03-25,197.01147375,21000100,195.23,20991200,195.23,21000200
2022-03-26,206.53761375,21000100,204.67,20991200,204.67,21000200
2022-03-27,212.12816625000002,21000100,210.21,20991200,210.21,21000200
2022-03-28,194.04464625,21000100,192.29,20991200,192.29,21000200
2022-03-29,197.99032499999998,21000100,196.2,20991200,196.2,21000200
2022-03-30,193.65108750000002,21000100,191.9,20991200,191.9,21000200
2022-03-31,179.9673525,21000100,178.34,20991200,178.34,21000200
2022-04-03,181.359945,21000100,179.72,20991200,179.72,21000200
2022-04-04,175.35565125000002,21000100,173.77,20991200,173.77,21000200
2022-04-05,167.16155625000002,21000100,165.65,20991200,165.65,21000200
2022-04-06,162.33793875,21000100,160.87,20991200,160.87,21000200
2022-04-07,174.174975,21000100,172.6,20991200,172.6,21000200
2022-04-08,167.10100875,21000100,165.59,20991200,165.59,21000200
2022-04-09,170.69349375000002,21000100,169.15,20991200,169.15,21000200
2022-04-10,162.49939875,21000100,161.03,20991200,161.03,21000200
2022-04-11,144.05259375,21000100,142.75,20991200,142.75,21000200
2022-04-12,148.61383875,21000100,147.27,20991200,147.27,21000200
2022-04-13,153.94201875000002,21000100,152.55,20991200,152.55,21000200
2022-04-14,145.4956425,21000100,144.18,20991200,144.18,21000200
2022-04-15,147.78635624999998,21000100,146.45,20991200,146.45,21000200
2022-04-16,145.04153625,21000100,143.73,20991200,143.73,21000200
2022-04-17,138.56295375000002,21000100,137.31,20991200,137.31,21000200
2022-04-18,157.50423,21000100,156.08,20991200,156.08,21000200
2022-04-19,160.05731625,21000100,158.61,20991200,158.61,21000200
2022-04-20,158.15007,21000100,156.72,20991200,156.72,21000200
2022-04-21,160.89489,21000100,159.44,20991200,159.44,21000200
2022-04-22,158.50326375,21000100,157.07,20991200,157.07,21000200
2022-04-23,154.50712875000002,21000100,153.11,20991200,153.11,21000200
2022-04-24,161.5496160275,21000100,160.84,20991200,160.84,21000200
2022-04-25,166.58760341475,21000100,165.97,20991200,165.97,21000200
2022-04-26,147.24142875,21000100,145.91,20991200,145.91,21000200
2022-04-27,150.5676835497917,21000100,149.21,20991200,149.21,21000200
2022-04-28,148.22028,21000100,146.88,20991200,146.88,21000200
2022-04-29,129.27117373824998,21000100,128.22,20991200,128.22,21000200
2022-04-30,113.39100033566667,21000100,113.84,20991200,113.84,21000200
2022-05-01,124.75002295779169,21000100,124.01,20991200,124.01,21000200
2022-05-02,125.42188684783333,21000100,124.67,20991200,124.67,21000200
2022-05-03,120.72162375,21000100,119.63,20991200,119.63,21000200
2022-05-04,135.41799311375,21000100,134.38,20991200,134.38,21000200
2022-05-05,126.63509625,21000100,125.49,20991200,125.49,21000200
2022-05-06,124.03843823166666,21000100,123.65,20991200,123.65,21000200
2022-05-07,113.596896003125,21000100,112.65,20991200,112.65,21000200
2022-05-08,114.77554105000002,21000100,114.0,20991200,114.0,21000200
2022-05-09,92.690127915,21000100,92.4,20991200,92.4,21000200
2022-05-10,92.05765634583334,21000100,92.9,20991200,92.9,21000200
2022-05-11,81.4634177784781,21000100,83.21,20991200,83.21,21000200
2022-05-12,85.12558442699999,21000100,86.58,20991200,86.58,21000200
2022-05-13,93.08553353333335,21000100,93.76,20991200,93.76,21000200
2022-05-14,103.5886455915,21000100,105.48,20991200,105.48,21000200
2022-05-15,110.38676233466666,21000100,112.24,20991200,112.24,21000200
2022-05-16,103.034184487375,21000100,102.81,20991200,102.81,21000200
2022-05-17,113.75486266200001,21000100,114.54,20991200,114.54,21000200
2022-05-18,99.55273997500001,21000100,99.58,20991200,99.58,21000200
2022-05-19,102.65928665416668,21000100,104.65,20991200,104.65,21000200
2022-05-20,107.184850542,21000100,107.04,20991200,107.04,21000200
2022-05-21,103.85554579937501,21000100,104.43,20991200,104.43,21000200
2022-05-22,106.17119501683334,21000100,106.61,20991200,106.61,21000200
2022-05-23,99.78189191562501,21000100,99.25,20991200,99.25,21000200
2022-05-24,99.201137889,21000100,100.08,20991200,100.08,21000200
2022-05-25,95.67977900083335,21000100,95.54,20991200,95.54,21000200
2022-05-26,87.38632558383334,21000100,87.38,20991200,87.38,21000200
2022-05-27,86.30341753649998,21000100,86.07,20991200,86.07,21000200
2022-05-28,86.44037455,21000100,86.6,20991200,86.6,21000200
2022-05-29,92.08877153875,21000100,92.19,20991200,92.19,21000200
2022-05-30,99.28045909658333,21000100,98.63,20991200,98.63,21000200
2022-05-31,94.03029617145833,21000100,93.19,20991200,93.19,21000200
2022-06-01,90.30659625,21000100,89.49,20991200,89.49,21000200
2022-06-02,91.67528548141667,21000100,91.22,20991200,91.22,21000200
2022-06-03,89.89908691,21000100,89.3,20991200,89.3,21000200
2022-06-04,90.06370152508335,21000100,89.62,20991200,89.62,21000200
2022-06-05,90.09544415,21000100,89.34,20991200,89.34,21000200
2022-06-06,94.62565125,21000100,93.77,20991200,93.77,21000200
2022-06-07,93.37934414325001,21000100,92.73,20991200,92.73,21000200
2022-06-08,93.40461,21000100,92.56,20991200,92.56,21000200
2022-06-09,92.02777172408334,21000100,91.22,20991200,91.22,21000200
2022-06-10,86.63250269199999,21000100,86.28,20991200,86.28,21000200
2022-06-11,79.73445582725,21000100,79.58,20991200,79.58,21000200
2022-06-12,78.8656289,21000100,79.0,20991200,79.0,21000200
2022-06-13,65.209060939,21000100,65.58,20991200,65.58,21000200
2022-06-14,64.503314182125,21000100,63.99,20991200,63.99,21000200
2022-06-15,68.60323072025,21000100,68.54,20991200,68.54,21000200
2022-06-16,59.548466250000004,21000100,59.01,20991200,59.01,21000200
2022-06-17,62.677610197999996,21000100,62.58,20991200,62.58,21000200
2022-06-18,59.72082222816667,21000100,59.23,20991200,59.23,21000200
2022-06-19,68.06709365625,21000100,67.5,20991200,67.5,21000200
2022-06-20,65.57294250000001,21000100,64.98,20991200,64.98,21000200
2022-06-21,66.34996875,21000100,65.75,20991200,65.75,21000200
2022-06-22,63.776700000000005,21000100,63.2,20991200,63.2,21000200
2022-06-23,66.158235,21000100,65.56,20991200,65.56,21000200
2022-06-24,69.72044625000001,21000100,69.09,20991200,69.09,21000200
2022-06-25,68.87278125,21000100,68.25,20991200,68.25,21000200
2022-06-26,64.29135375,21000100,63.71,20991200,63.71,21000200
2022-06-27,62.918943750000004,21000100,62.35,20991200,62.35,21000200
2022-06-28,59.2597986105,21000100,58.82,20991200,58.82,21000200
2022-06-29,57.9221802225,21000100,57.64,20991200,57.64,21000200
2022-06-30,54.901861654166666,21000100,54.5,20991200,54.5,21000200
2022-07-01,53.801147062125,21000100,53.47,20991200,53.47,21000200
2022-07-02,54.19078468016667,21000100,54.02,20991200,54.02,21000200
2022-07-03,54.738969761583334,21000100,54.46,20991200,54.46,21000200
2022-07-04,58.2976125405,21000100,58.12,20991200,58.12,21000200
2022-07-05,57.53021625,21000100,57.01,20991200,57.01,21000200
2022-07-06,58.731075000000004,21000100,58.2,20991200,58.2,21000200
2022-07-07,60.365857500000004,21000100,59.82,20991200,59.82,21000200
2022-07-08,59.942025,21000100,59.4,20991200,59.4,21000200
2022-07-09,61.74835875,21000100,61.19,20991200,61.19,21000200
2022-07-10,60.121050242749995,21000100,59.66,20991200,59.66,21000200
2022-07-11,55.130118749333334,21000100,55.64,20991200,55.64,21000200
2022-07-12,51.60249070175,21000100,51.98,20991200,51.98,21000200
2022-07-13,54.15986130375,21000100,54.9,20991200,54.9,21000200
2022-07-14,57.804853021875005,21000100,57.63,20991200,57.63,21000200
2022-07-15,58.881643957125,21000100,58.41,20991200,58.41,21000200
2022-07-16,63.702983481375,21000100,63.21,20991200,63.21,21000200
2022-07-17,59.840479779166664,21000100,59.48,20991200,59.48,21000200
2022-07-18,65.9823396305,21000100,65.49,20991200,65.49,21000200
2022-07-19,65.23993125000001,21000100,64.65,20991200,64.65,21000200
2022-07-20,62.6666625,21000100,62.1,20991200,62.1,21000200
2022-07-21,62.16902590791666,21000100,61.85,20991200,61.85,21000200
2022-07-22,60.25114602958333,21000100,59.9,20991200,59.9,21000200
2022-07-23,59.01422495366667,21000100,59.09,20991200,59.09,21000200
2022-07-24,58.460870480625005,21000100,58.95,20991200,58.95,21000200
2022-07-25,53.76363969375,21000100,54.26,20991200,54.26,21000200
2022-07-26,55.21413296875,21000100,55.65,20991200,55.65,21000200
2022-07-27,61.410236233333336,21000100,61.7,20991200,61.7,21000200
2022-07-28,64.23080625,21000100,63.65,20991200,63.65,21000200
2022-07-29,64.18035,21000100,63.6,20991200,63.6,21000200
2022-07-30,65.754585,21000100,65.16,20991200,65.16,21000200
2022-07-31,65.0078325,21000100,64.42,20991200,64.42,21000200
2022-08-01,63.31250250000001,21000100,62.74,20991200,62.74,21000200
2022-08-02,61.99054875,21000100,61.43,20991200,61.43,21000200
2022-08-03,62.273103750000004,21000100,61.71,20991200,61.71,21000200
2022-08-04,64.97755875,21000100,64.39,20991200,64.39,21000200
2022-08-05,69.66999000000001,21000100,69.04,20991200,69.04,21000200
2022-08-06,68.24712375,21000100,67.63,20991200,67.63,21000200
2022-08-07,71.002035,21000100,70.36,20991200,70.36,21000200
2022-08-08,78.17691375,21000100,77.47,20991200,77.47,21000200
2022-08-09,80.37680625000002,21000100,79.65,20991200,79.65,21000200
2022-08-10,79.25667750000001,21000100,78.54,20991200,78.54,21000200
2022-08-11,79.95297375000001,21000100,79.23,20991200,79.23,21000200
2022-08-12,77.9246325,21000100,77.22,20991200,77.22,21000200
2022-08-13,76.84486875,21000100,76.15,20991200,76.15,21000200
2022-08-14,74.392695,21000100,73.72,20991200,73.72,21000200
2022-08-15,74.22173684566665,21000100,73.78,20991200,73.78,21000200
2022-08-16,76.65313499999999,21000100,75.96,20991200,75.96,21000200
2022-08-17,74.91744,21000100,74.24,20991200,74.24,21000200
2022-08-18,70.71948,21000100,70.08,20991200,70.08,21000200
2022-08-19,62.07666003433334,21000100,62.17,20991200,62.17,21000200
2022-08-20,62.804403541666666,21000100,62.96,20991200,62.96,21000200
2022-08-21,65.1805284195,21000100,64.62,20991200,64.62,21000200
2022-08-22,65.350110673125,21000100,64.95,20991200,64.95,21000200
2022-08-23,66.99580875000001,21000100,66.39,20991200,66.39,21000200
2022-08-24,68.168704735125,21000100,67.59,20991200,67.59,21000200
2022-08-25,68.37831000000001,21000100,67.76,20991200,67.76,21000200
2022-08-26,61.596990000000005,21000100,61.04,20991200,61.04,21000200
2022-08-27,61.589623953,21000100,61.38,20991200,61.38,21000200
2022-08-28,61.28097525000001,21000100,61.2,20991200,61.2,21000200
2022-08-29,63.84469672379167,21000100,63.77,20991200,63.77,21000200
2022-08-30,60.2643428325,21000100,59.94,20991200,59.94,21000200
2022-08-31,59.12753642075,21000100,59.78,20991200,59.78,21000200
2022-09-01,58.709442735,21000100,58.95,20991200,58.95,21000200
2022-09-02,60.52206589333334,21000100,60.34,20991200,60.34,21000200
2022-09-03,62.103916350666665,21000100,62.63,20991200,62.63,21000200
2022-09-04,63.829409075125,21000100,63.93,20991200,63.93,21000200
2022-09-05,63.96843375,21000100,63.39,20991200,63.39,21000200
2022-09-06,58.49897625,21000100,57.97,20991200,57.97,21000200
2022-09-07,59.18086506458333,21000100,59.3,20991200,59.3,21000200
2022-09-08,61.26669552829166,21000100,61.07,20991200,61.07,21000200
2022-09-09,66.51142875,21000100,65.91,20991200,65.91,21000200
2022-09-10,65.85549750000001,21000100,65.26,20991200,65.26,21000200
2022-09-11,64.83628125,21000100,64.25,20991200,64.25,21000200
2022-09-12,63.42350625,21000100,62.85,20991200,62.85,21000200
2022-09-13,58.93847475383334,21000100,58.82,20991200,58.82,21000200
2022-09-14,61.36023657133333,21000100,61.87,20991200,61.87,21000200
2022-09-15,58.718205432750004,21000100,58.26,20991200,58.26,21000200
2022-09-16,56.953399151250004,21000100,56.7,20991200,56.7,21000200
2022-09-17,58.69955057479166,21000100,58.69,20991200,58.69,21000200
2022-09-18,52.882768253125,21000100,53.25,20991200,53.25,21000200
2022-09-19,55.043865694999994,21000100,55.23,20991200,55.23,21000200
2022-09-20,53.9478225,21000100,53.46,20991200,53.46,21000200
2022-09-21,53.67130499375,21000100,53.5,20991200,53.5,21000200
2022-09-22,56.758650533875006,21000100,56.67,20991200,56.67,21000200
2022-09-23,56.03716047825,21000100,55.98,20991200,55.98,21000200
2022-09-24,56.077076250000005,21000100,55.57,20991200,55.57,21000200
2022-09-25,55.7649645365,21000100,56.12,20991200,56.12,21000200
2022-09-26,59.18666458208333,21000100,58.9,20991200,58.9,21000200
2022-09-27,57.48985125,21000100,56.97,20991200,56.97,21000200
2022-09-28,55.41123033287499,21000100,55.41,20991200,55.41,21000200
2022-09-29,57.197205000000004,21000100,56.68,20991200,56.68,21000200
2022-09-30,56.147715000000005,21000100,55.64,20991200,55.64,21000200
2022-10-01,55.78443,21000100,55.28,20991200,55.28,21000200
2022-10-02,53.721432515625,21000100,53.55,20991200,53.55,21000200
2022-10-03,56.33944875,21000100,55.83,20991200,55.83,21000200
2022-10-04,57.24766125,21000100,56.73,20991200,56.73,21000200
2022-10-05,57.01695868895834,21000100,56.63,20991200,56.63,21000200
2022-10-06,55.426839674916664,21000100,55.13,20991200,55.13,21000200
2022-10-07,54.978696888500004,21000100,54.67,20991200,54.67,21000200
2022-10-08,54.87056145958334,21000100,54.46,20991200,54.46,21000200
2022-10-09,55.032149829249995,21000100,54.78,20991200,54.78,21000200
2022-10-10,53.110248750000004,21000100,52.63,20991200,52.63,21000200
2022-10-11,51.77961947891667,21000100,51.53,20991200,51.53,21000200
2022-10-12,52.135248673999996,21000100,51.72,20991200,51.72,21000200
2022-10-13,50.677550153125,21000100,50.89,20991200,50.89,21000200
2022-10-14,50.17472398941666,21000100,49.93,20991200,49.93,21000200
2022-10-15,51.239145263833336,21000100,50.89,20991200,50.89,21000200
2022-10-16,52.135685807625,21000100,51.77,20991200,51.77,21000200
2022-10-17,52.92104421999999,21000100,52.8,20991200,52.8,21000200
2022-10-18,52.75525228425,21000100,52.38,20991200,52.38,21000200
2022-10-19,51.00126954,21000100,50.7,20991200,50.7,21000200
2022-10-20,52.26451532116666,21000100,51.88,20991200,51.88,21000200
2022-10-21,52.44121303333333,21000100,52.16,20991200,52.16,21000200
2022-10-22,52.82807175666667,21000100,52.4,20991200,52.4,21000200
2022-10-23,53.57444625000001,21000100,53.09,20991200,53.09,21000200
2022-10-24,52.242153163124996,21000100,51.95,20991200,51.95,21000200
2022-10-25,53.64396058454167,21000100,53.21,20991200,53.21,21000200
2022-10-26,55.189681576249995,21000100,55.05,20991200,55.05,21000200
2022-10-27,53.23134375,21000100,52.75,20991200,52.75,21000200
2022-10-28,53.975158851625004,21000100,53.79,20991200,53.79,21000200
2022-10-29,54.70116198983333,21000100,54.23,20991200,54.23,21000200
2022-10-30,54.0389881135,21000100,53.61,20991200,53.61,21000200
2022-10-31,52.91130354250001,21000100,52.52,20991200,52.52,21000200
2022-11-01,50.180065551874996,21000100,50.15,20991200,50.15,21000200
2022-11-02,49.66534742717126,21000100,50.27,20991200,50.27,21000200
2022-11-03,50.391945556875,21000100,50.31,20991200,50.31,21000200
2022-11-04,54.02259120591667,21000100,53.69,20991200,53.69,21000200
2022-11-05,54.07900875000001,21000100,53.59,20991200,53.59,21000200
2022-11-06,50.70853125,21000100,50.25,20991200,50.25,21000200
2022-11-07,51.128551949999995,21000100,51.12,20991200,51.12,21000200
2022-11-08,42.000344844375,21000100,42.15,20991200,42.15,21000200
2022-11-09,35.019720934666665,21000100,35.17,20991200,35.17,21000200
2022-11-10,38.70370968724285,21000100,39.28,20991200,39.28,21000200
2022-11-11,38.86289182445833,21000100,39.41,20991200,39.41,21000200
2022-11-12,39.447487333333335,21000100,40.0,20991200,40.0,21000200
2022-11-13,39.850844566,21000100,40.56,20991200,40.56,21000200
2022-11-14,40.727128410375,21000100,40.59,20991200,40.59,21000200
2022-11-15,40.75749432395833,21000100,40.85,20991200,40.85,21000200
2022-11-16,39.285236250000004,21000100,38.93,20991200,38.93,21000200
2022-11-17,40.05217125,21000100,39.69,20991200,39.69,21000200
2022-11-18,39.26006571116666,21000100,39.16,20991200,39.16,21000200
2022-11-19,40.173266250000005,21000100,39.81,20991200,39.81,21000200
2022-11-20,38.056996989375,21000100,38.01,20991200,38.01,21000200
2022-11-21,37.6823447155,21000100,37.61,20991200,37.61,21000200
2022-11-22,40.04968805408333,21000100,39.94,20991200,39.94,21000200
2022-11-23,43.53881860333333,21000100,43.18,20991200,43.18,21000200
2022-11-24,44.15931,21000100,43.76,20991200,43.76,21000200
2022-11-25,41.64002165933333,21000100,41.42,20991200,41.42,21000200
2022-11-26,41.596578225416664,21000100,41.3,20991200,41.3,21000200
2022-11-27,40.970475,21000100,40.6,20991200,40.6,21000200
2022-11-28,39.745413256125,21000100,39.51,20991200,39.51,21000200
2022-11-29,40.352366552375,21000100,39.99,20991200,39.99,21000200
2022-11-30,43.243261845,21000100,43.3,20991200,43.3,21000200
2022-12-01,45.184353814625,21000100,44.97,20991200,44.97,21000200
2022-12-02,46.23859427166667,21000100,46.1,20991200,46.1,21000200
2022-12-03,45.88491375,21000100,45.47,20991200,45.47,21000200
2022-12-04,46.18765125000001,21000100,45.77,20991200,45.77,21000200
2022-12-05,46.79691155925,21000100,46.38,20991200,46.38,21000200
2022-12-06,46.540845,21000100,46.12,20991200,46.12,21000200
2022-12-07,43.88627047475,21000100,43.62,20991200,43.62,21000200
2022-12-08,44.845980151166664,21000100,44.93,20991200,44.93,21000200
2022-12-09,46.08673875,21000100,45.67,20991200,45.67,21000200
2022-12-10,45.78395732770833,21000100,45.49,20991200,45.49,21000200
2022-12-11,45.0385329825,21000100,44.82,20991200,44.82,21000200
2022-12-12,46.061754606625,21000100,45.93,20991200,45.93,21000200
2022-12-13,46.565929617375005,21000100,46.27,20991200,46.27,21000200
2022-12-14,46.76285250000001,21000100,46.34,20991200,46.34,21000200
2022-12-15,46.379385000000006,21000100,45.96,20991200,45.96,21000200
2022-12-16,41.2515847615,21000100,40.97,20991200,40.97,21000200
2022-12-17,43.07296578825,21000100,42.97,20991200,42.97,21000200
2022-12-18,42.53829976084343,21000100,43.45,20991200,43.45,21000200
2022-12-19,41.576450539583334,21000100,42.1,20991200,42.1,21000200
2022-12-20,42.16809016925,21000100,42.06,20991200,42.06,21000200
2022-12-21,41.64023971499999,21000100,41.4,20991200,41.4,21000200
2022-12-22,39.56053397708333,21000100,39.35,20991200,39.35,21000200
2022-12-23,39.414804820875,21000100,39.33,20991200,39.33,21000200
2022-12-24,39.925363023,21000100,39.69,20991200,39.69,21000200
2022-12-25,39.4927179185,21000100,39.93,20991200,39.93,21000200
2022-12-26,40.61931479649999,21000100,40.26,20991200,40.26,21000200
2022-12-27,39.044586729749994,21000100,38.78,20991200,38.78,21000200
2022-12-28,37.672887053000004,21000100,37.46,20991200,37.46,21000200
2022-12-29,38.27254999183333,21000100,37.99,20991200,37.99,21000200
2022-12-30,38.296293750000004,21000100,37.95,20991200,37.95,21000200
2022-12-31,37.61008875,21000100,37.27,20991200,37.27,21000200
2023-01-01,37.32912006612499,21000100,37.23,20991200,37.23,21000200
2023-01-02,39.63801890533333,21000100,39.52,20991200,39.52,21000200
2023-01-03,38.97811698766214,21000100,40.0,20991200,40.0,21000200
2023-01-04,40.66368324429166,21000100,40.73,20991200,40.73,21000200
2023-01-05,40.00008025775,21000100,39.79,20991200,39.79,21000200
2023-01-06,41.225473731,21000100,41.34,20991200,41.34,21000200
2023-01-07,41.11732365833333,21000100,41.5,20991200,41.5,21000200
2023-01-08,42.503967871875,21000100,42.75,20991200,42.75,21000200
2023-01-09,43.42675636458334,21000100,43.1,20991200,43.1,21000200
2023-01-10,44.391408750000004,21000100,43.99,20991200,43.99,21000200
2023-01-11,44.556831548999995,21000100,44.28,20991200,44.28,21000200
2023-01-12,45.74363625,21000100,45.33,20991200,45.33,21000200
2023-01-13,45.794092500000005,21000100,45.38,20991200,45.38,21000200
2023-01-14,47.16442442300001,21000100,46.68,20991200,46.68,21000200
2023-01-15,45.94138704325,21000100,44.79,20991200,44.79,21000200
2023-01-16,43.586169658,21000100,42.58,20991200,42.58,21000200
2023-01-17,45.0271575,21000100,44.62,20991200,44.62,21000200
2023-01-18,43.11906942991667,21000100,42.74,20991200,42.74,21000200
2023-01-19,44.54938378025,21000100,44.43,20991200,44.43,21000200
2023-01-20,48.52882125000001,21000100,48.09,20991200,48.09,21000200
2023-01-21,48.45818250000001,21000100,48.02,20991200,48.02,21000200
2023-01-22,47.830278989041666,21000100,47.29,20991200,47.29,21000200
2023-01-23,47.71544884633334,21000100,46.96,20991200,46.96,21000200
2023-01-24,45.23129856375,21000100,44.46,20991200,44.46,21000200
2023-01-25,45.84454875,21000100,45.43,20991200,45.43,21000200
2023-01-26,47.22705,21000100,46.8,20991200,46.8,21000200
2023-01-27,47.025225000000006,21000100,46.6,20991200,46.6,21000200
2023-01-28,45.88263995695833,21000100,45.41,20991200,45.41,21000200
2023-01-29,47.6508825,21000100,47.22,20991200,47.22,21000200
2023-01-30,44.9867925,21000100,44.58,20991200,44.58,21000200
2023-01-31,45.572085,21000100,45.16,20991200,45.16,21000200
2023-02-01,47.62060875,21000100,47.19,20991200,47.19,21000200
2023-02-02,46.79491376,21000100,45.92,20991200,45.92,21000200
2023-02-03,47.486585660083335,21000100,47.03,20991200,47.03,21000200
2023-02-04,47.787511683333335,21000100,46.6,20991200,46.6,21000200
2023-02-05,44.85642547924999,21000100,44.22,20991200,44.22,21000200
2023-02-06,43.75566,21000100,43.36,20991200,43.36,21000200
2023-02-07,47.31812461283334,21000100,46.82,20991200,46.82,21000200
2023-02-08,46.189060065,21000100,45.3,20991200,45.3,21000200
2023-02-09,43.316458321625,21000100,42.83,20991200,42.83,21000200
2023-02-10,43.9373025,21000100,43.54,20991200,43.54,21000200
2023-02-11,46.00600875000001,21000100,45.59,20991200,45.59,21000200
2023-02-12,46.59130125,21000100,46.17,20991200,46.17,21000200
2023-02-13,43.867638848,21000100,43.52,20991200,43.52,21000200
2023-02-14,44.06848875000001,21000100,43.67,20991200,43.67,21000200
2023-02-15,46.712396250000005,21000100,46.29,20991200,46.29,21000200
2023-02-16,44.29455180295834,21000100,43.61,20991200,43.61,21000200
2023-02-17,45.652815000000004,21000100,45.24,20991200,45.24,21000200
2023-02-18,46.86110466125,21000100,46.1,20991200,46.1,21000200
2023-02-19,48.81948640416667,21000100,47.9,20991200,47.9,21000200
2023-02-20,50.987241828125,21000100,50.25,20991200,50.25,21000200
2023-02-21,50.73515623370833,21000100,49.49,20991200,49.49,21000200
2023-02-22,48.666930019166664,21000100,47.95,20991200,47.95,21000200
2023-02-23,48.457993081125004,21000100,47.99,20991200,47.99,21000200
2023-02-24,45.700232975000006,21000100,45.25,20991200,45.25,21000200
2023-02-25,44.87578875,21000100,44.47,20991200,44.47,21000200
2023-02-26,45.53172,21000100,45.12,20991200,45.12,21000200
2023-02-27,44.573051250000006,21000100,44.17,20991200,44.17,21000200
2023-02-28,43.46301375,21000100,43.07,20991200,43.07,21000200
2023-03-01,44.75469375,21000100,44.35,20991200,44.35,21000200
2023-03-02,44.038215,21000100,43.64,20991200,43.64,21000200
2023-03-03,39.91746901491667,21000100,39.59,20991200,39.59,21000200
2023-03-04,38.8916775,21000100,38.54,20991200,38.54,21000200
2023-03-05,38.41738875,21000100,38.07,20991200,38.07,21000200
2023-03-06,38.841221250000004,21000100,38.49,20991200,38.49,21000200
2023-03-07,37.97337375000001,21000100,37.63,20991200,37.63,21000200
2023-03-08,35.9853975,21000100,35.66,20991200,35.66,21000200
2023-03-09,34.4918925,21000100,34.18,20991200,34.18,21000200
2023-03-10,32.21834120450001,21000100,32.03,20991200,32.03,21000200
2023-03-11,31.461186176000002,21000100,31.36,20991200,31.36,21000200
2023-03-12,34.424434985249995,21000100,34.22,20991200,34.22,21000200
2023-03-13,35.60193,21000100,35.28,20991200,35.28,21000200
2023-03-14,36.52023375,21000100,36.19,20991200,36.19,21000200
2023-03-15,33.5682373825,21000100,33.24,20991200,33.24,21000200
2023-03-16,34.1689725,21000100,33.86,20991200,33.86,21000200
2023-03-17,37.46881125,21000100,37.13,20991200,37.13,21000200
2023-03-18,36.29822625,21000100,35.97,20991200,35.97,21000200
2023-03-19,36.9541575,21000100,36.62,20991200,36.62,21000200
2023-03-20,34.623078750000005,21000100,34.31,20991200,34.31,21000200
2023-03-21,36.691785,21000100,36.36,20991200,36.36,21000200
2023-03-22,34.9359075,21000100,34.62,20991200,34.62,21000200
2023-03-23,38.387115,21000100,38.04,20991200,38.04,21000200
2023-03-24,36.1468575,21000100,35.82,20991200,35.82,21000200
2023-03-25,35.854211250000006,21000100,35.53,20991200,35.53,21000200
2023-03-26,36.570690000000006,21000100,36.24,20991200,36.24,21000200
2023-03-27,36.17713125,21000100,35.85,20991200,35.85,21000200
2023-03-28,36.47686340516667,21000100,36.34,20991200,36.34,21000200
2023-03-29,37.46881125,21000100,37.13,20991200,37.13,21000200
2023-03-30,38.18529,21000100,37.84,20991200,37.84,21000200
2023-03-31,39.09350250000001,21000100,38.74,20991200,38.74,21000200
2023-04-01,38.629305,21000100,38.28,20991200,38.28,21000200
2023-04-02,36.89361,21000100,36.56,20991200,36.56,21000200
2023-04-03,36.76242375,21000100,36.43,20991200,36.43,21000200
2023-04-04,38.07428625,21000100,37.73,20991200,37.73,21000200
2023-04-05,38.31647625,21000100,37.97,20991200,37.97,21000200
2023-04-06,38.11465125000001,21000100,37.77,20991200,37.77,21000200
2023-04-07,38.05410375,21000100,37.71,20991200,37.71,21000200
2023-04-08,38.82103875,21000100,38.47,20991200,38.47,21000200
2023-04-09,40.0622625,21000100,39.7,20991200,39.7,21000200
2023-04-10,39.85034625,21000100,39.49,20991200,39.49,21000200
2023-04-11,40.082445,21000100,39.72,20991200,39.72,21000200
2023-04-12,40.12281,21000100,39.76,20991200,39.76,21000200
2023-04-13,41.62640625,21000100,41.25,20991200,41.25,21000200
2023-04-14,42.51443625,21000100,42.13,20991200,42.13,21000200
2023-04-15,43.2510975,21000100,42.86,20991200,42.86,21000200
2023-04-16,43.07735235525,21000100,42.67,20991200,42.67,21000200
2023-04-17,41.979600000000005,21000100,41.6,20991200,41.6,21000200
2023-04-18,43.022209048499995,21000100,42.57,20991200,42.57,21000200
2023-04-19,38.4880275,21000100,38.14,20991200,38.14,21000200
2023-04-20,38.10456,21000100,37.76,20991200,37.76,21000200
2023-04-21,36.78554668045833,21000100,36.53,20991200,36.53,21000200
2023-04-22,38.005463859833334,21000100,37.72,20991200,37.72,21000200
2023-04-23,37.30792201854167,21000100,37.01,20991200,37.01,21000200
2023-04-24,37.18625625000001,21000100,36.85,20991200,36.85,21000200
2023-04-25,37.729784896625006,21000100,37.39,20991200,37.39,21000200
2023-04-26,36.86333625,21000100,36.53,20991200,36.53,21000200
2023-04-27,38.382936073125,21000100,38.05,20991200,38.05,21000200
2023-04-28,38.10456,21000100,37.76,20991200,37.76,21000200
2023-04-29,38.8916775,21000100,38.54,20991200,38.54,21000200
2023-04-30,37.90273500000001,21000100,37.56,20991200,37.56,21000200
2023-05-01,36.76242375,21000100,36.43,20991200,36.43,21000200
2023-05-02,37.05507,21000100,36.72,20991200,36.72,21000200
2023-05-03,37.386886696249995,21000100,37.05,20991200,37.05,21000200
2023-05-04,36.58776393541667,21000100,36.31,20991200,36.31,21000200
2023-05-05,37.42844625000001,21000100,37.09,20991200,37.09,21000200
2023-05-06,36.17713125,21000100,35.85,20991200,35.85,21000200
2023-05-07,35.561565,21000100,35.24,20991200,35.24,21000200
2023-05-08,33.381855,21000100,33.08,20991200,33.08,21000200
2023-05-09,33.383691881749996,21000100,33.18,20991200,33.18,21000200
2023-05-10,33.635212225083336,21000100,33.34,20991200,33.34,21000200
2023-05-11,32.78608361441667,21000100,32.54,20991200,32.54,21000200
2023-05-12,33.2259642,21000100,33.0,20991200,33.0,21000200
2023-05-13,32.92702640729167,21000100,32.65,20991200,32.65,21000200
2023-05-14,33.21030375,21000100,32.91,20991200,32.91,21000200
2023-05-15,33.1062316425,21000100,32.85,20991200,32.85,21000200
2023-05-16,33.407149296,21000100,33.12,20991200,33.12,21000200
2023-05-17,34.23961125,21000100,33.93,20991200,33.93,21000200
2023-05-18,33.91669125,21000100,33.61,20991200,33.61,21000200
2023-05-19,33.7249575,21000100,33.42,20991200,33.42,21000200
2023-05-20,33.422219999999996,21000100,33.12,20991200,33.12,21000200
2023-05-21,32.399722108000006,21000100,32.11,20991200,32.11,21000200
2023-05-22,32.28877917825,21000100,32.03,20991200,32.03,21000200
2023-05-23,32.47678372466667,21000100,32.24,20991200,32.24,21000200
2023-05-24,31.19062212175,21000100,30.94,20991200,30.94,21000200
2023-05-25,31.318852652147555,21000100,31.22,20991200,31.22,21000200
2023-05-26,32.685519755,21000100,32.55,20991200,32.55,21000200
2023-05-27,33.04086479625,21000100,32.85,20991200,32.85,21000200
2023-05-28,34.4918925,21000100,34.18,20991200,34.18,21000200
2023-05-29,33.9267825,21000100,33.62,20991200,33.62,21000200
2023-05-30,34.148790000000005,21000100,33.84,20991200,33.84,21000200
2023-05-31,32.473642500000004,21000100,32.18,20991200,32.18,21000200
2023-06-01,31.79752875,21000100,31.51,20991200,31.51,21000200
2023-06-02,32.4332775,21000100,32.14,20991200,32.14,21000200
2023-06-03,32.53419,21000100,32.24,20991200,32.24,21000200
2023-06-04,32.22136125,21000100,31.93,20991200,31.93,21000200
2023-06-05,29.55727125,21000100,29.29,20991200,29.29,21000200
2023-06-06,30.143862173499997,21000100,30.04,20991200,30.04,21000200
2023-06-07,29.012343750000003,21000100,28.75,20991200,28.75,21000200
2023-06-08,29.23435125,21000100,28.97,20991200,28.97,21000200
2023-06-09,29.264625000000002,21000100,29.0,20991200,29.0,21000200
2023-06-10,24.0323025945,21000100,23.96,20991200,23.96,21000200
2023-06-11,24.94557,21000100,24.72,20991200,24.72,21000200
2023-06-12,25.224708026792882,21000100,25.17,20991200,25.17,21000200
2023-06-13,25.409389056651154,21000100,25.38,20991200,25.38,21000200
2023-06-14,24.508766391666665,21000100,24.43,20991200,24.43,21000200
2023-06-15,24.9668434925,21000100,24.76,20991200,24.76,21000200
2023-06-16,25.305960959999997,21000100,25.2,20991200,25.2,21000200
2023-06-17,25.773052500000002,21000100,25.54,20991200,25.54,21000200
2023-06-18,25.934616216875,21000100,25.73,20991200,25.73,21000200
2023-06-19,26.391517631999996,21000100,26.24,20991200,26.24,21000200
2023-06-20,26.56969686833333,21000100,26.41,20991200,26.41,21000200
2023-06-21,27.45639599925,21000100,27.29,20991200,27.29,21000200
2023-06-22,26.260535899,21000100,26.13,20991200,26.13,21000200
2023-06-23,29.0022525,21000100,28.74,20991200,28.74,21000200
2023-06-24,29.616962934999997,21000100,29.4,20991200,29.4,21000200
2023-06-25,30.569024109041663,21000100,30.49,20991200,30.49,21000200
2023-06-26,30.275594734448607,21000100,30.3,20991200,30.3,21000200
2023-06-27,30.393260218749997,21000100,30.25,20991200,30.25,21000200
2023-06-28,29.016358189,21000100,28.86,20991200,28.86,21000200
2023-06-29,29.629601283333336,21000100,29.59,20991200,29.59,21000200
2023-06-30,33.93387483475,21000100,33.77,20991200,33.77,21000200
2023-07-01,34.13058640425,21000100,34.02,20991200,34.02,21000200
2023-07-02,33.0791175,21000100,32.78,20991200,32.78,21000200
2023-07-03,33.53322375,21000100,33.23,20991200,33.23,21000200
2023-07-04,33.4424025,21000100,33.14,20991200,33.14,21000200
2023-07-05,31.994639836333334,21000100,31.76,20991200,31.76,21000200
2023-07-06,30.318917679791667,21000100,30.35,20991200,30.35,21000200
2023-07-07,29.713335356333328,21000100,29.56,20991200,29.56,21000200
2023-07-08,28.63640481136882,21000100,28.74,20991200,28.74,21000200
2023-07-09,28.548158509000004,21000100,28.52,20991200,28.52,21000200
2023-07-10,29.118080550000002,21000100,28.86,20991200,28.86,21000200
2023-07-11,29.193986250000002,21000100,28.93,20991200,28.93,21000200
2023-07-12,29.476541250000004,21000100,29.21,20991200,29.21,21000200
2023-07-13,33.1598475,21000100,32.86,20991200,32.86,21000200
2023-07-14,32.12044875,21000100,31.83,20991200,31.83,21000200
2023-07-15,31.525065,21000100,31.24,20991200,31.24,21000200
2023-07-16,31.09114125,21000100,30.81,20991200,30.81,21000200
2023-07-17,32.69565,21000100,32.4,20991200,32.4,21000200
2023-07-18,31.47460875,21000100,31.19,20991200,31.19,21000200
2023-07-19,31.57552125,21000100,31.29,20991200,31.29,21000200
2023-07-20,31.454426250000004,21000100,31.17,20991200,31.17,21000200
2023-07-21,31.716798750000002,21000100,31.43,20991200,31.43,21000200
2023-07-22,31.636068750000003,21000100,31.35,20991200,31.35,21000200
2023-07-23,32.0296275,21000100,31.74,20991200,31.74,21000200
2023-07-24,30.1728375,21000100,29.9,20991200,29.9,21000200
2023-07-25,30.06183375,21000100,29.79,20991200,29.79,21000200
2023-07-26,30.24347625,21000100,29.97,20991200,29.97,21000200
2023-07-27,30.34438875,21000100,30.07,20991200,30.07,21000200
2023-07-28,30.899407500000002,21000100,30.62,20991200,30.62,21000200
2023-07-29,30.647126250000003,21000100,30.37,20991200,30.37,21000200
2023-07-30,30.152655,21000100,29.88,20991200,29.88,21000200
2023-07-31,30.556305000000002,21000100,30.28,20991200,30.28,21000200
2023-08-01,30.7867146615,21000100,30.52,20991200,30.52,21000200
2023-08-02,29.889711319,21000100,29.64,20991200,29.64,21000200
2023-08-03,29.930647500000003,21000100,29.66,20991200,29.66,21000200
2023-08-04,29.332945256208333,21000100,29.09,20991200,29.09,21000200
2023-08-05,29.484704930333333,21000100,29.24,20991200,29.24,21000200
2023-08-06,29.50671860520833,21000100,29.35,20991200,29.35,21000200
2023-08-07,29.338356478125004,21000100,29.17,20991200,29.17,21000200
2023-08-08,29.476367084125002,21000100,29.51,20991200,29.51,21000200
2023-08-09,29.60971195175,21000100,29.49,20991200,29.49,21000200
2023-08-10,29.71873125,21000100,29.45,20991200,29.45,21000200
2023-08-11,29.8902825,21000100,29.62,20991200,29.62,21000200
2023-08-12,29.476541250000004,21000100,29.21,20991200,29.21,21000200
2023-08-13,30.126475925333338,21000100,29.92,20991200,29.92,21000200
2023-08-14,29.870100000000004,21000100,29.6,20991200,29.6,21000200
2023-08-15,28.376595000000002,21000100,28.12,20991200,28.12,21000200
2023-08-16,26.97391125,21000100,26.73,20991200,26.73,21000200
2023-08-17,24.51966795,21000100,24.3,20991200,24.3,21000200
2023-08-18,24.40093994891667,21000100,24.37,20991200,24.37,21000200
2023-08-19,24.93618889154167,21000100,24.89,20991200,24.89,21000200
2023-08-20,24.967124547624998,21000100,25.09,20991200,25.09,21000200
2023-08-21,24.896008485833335,21000100,24.83,20991200,24.83,21000200
2023-08-22,24.809783977727463,21000100,24.97,20991200,24.97,21000200
2023-08-23,25.626064123,21000100,25.46,20991200,25.46,21000200
2023-08-24,24.574521297047156,21000100,24.74,20991200,24.74,21000200
2023-08-25,24.995822461749995,21000100,24.99,20991200,24.99,21000200
2023-08-26,24.803317830625,21000100,24.87,20991200,24.87,21000200
2023-08-27,24.848382783214372,21000100,25.09,20991200,25.09,21000200
2023-08-28,25.179343133,21000100,25.34,20991200,25.34,21000200
2023-08-29,26.02634390175673,21000100,26.37,20991200,26.37,21000200
2023-08-30,26.150432497208335,21000100,26.23,20991200,26.23,21000200
2023-08-31,24.791984353125002,21000100,24.75,20991200,24.75,21000200
2023-09-01,24.0495519275,21000100,24.2,20991200,24.2,21000200
2023-09-02,24.59496074175,21000100,24.71,20991200,24.71,21000200
2023-09-03,24.467074555583334,21000100,24.73,20991200,24.73,21000200
2023-09-04,24.554243714583333,21000100,24.5,20991200,24.5,21000200
2023-09-05,24.738032704666665,21000100,24.61,20991200,24.61,21000200
2023-09-06,25.1346625685,21000100,25.14,20991200,25.14,21000200
2023-09-07,25.492411738333335,21000100,25.33,20991200,25.33,21000200
2023-09-08,25.17329326575,21000100,25.02,20991200,25.02,21000200
2023-09-09,25.571227500000003,21000100,25.34,20991200,25.34,21000200
2023-09-10,24.943588159999997,21000100,24.77,20991200,24.77,21000200
2023-09-11,24.694861927666665,21000100,24.56,20991200,24.56,21000200
2023-09-12,24.909132162333336,21000100,24.76,20991200,24.76,21000200
2023-09-13,25.300838668,21000100,25.32,20991200,25.32,21000200
2023-09-14,25.50361622708333,21000100,25.31,20991200,25.31,21000200
2023-09-15,26.099601210333333,21000100,26.06,20991200,26.06,21000200
2023-09-16,26.207556920583333,21000100,26.03,20991200,26.03,21000200
2023-09-17,25.568922818000004,21000100,25.44,20991200,25.44,21000200
2023-09-18,25.319620137500003,21000100,25.35,20991200,25.35,21000200
2023-09-19,25.956525972,21000100,25.78,20991200,25.78,21000200
2023-09-20,26.315822857500002,21000100,26.1,20991200,26.1,21000200
2023-09-21,26.2977975,21000100,26.06,20991200,26.06,21000200
2023-09-22,26.908055075833335,21000100,26.69,20991200,26.69,21000200
2023-09-23,26.493181045958334,21000100,26.59,20991200,26.59,21000200
2023-09-24,25.673257171666666,21000100,25.84,20991200,25.84,21000200
2023-09-25,26.32807125,21000100,26.09,20991200,26.09,21000200
2023-09-26,26.255600875833334,21000100,26.2,20991200,26.2,21000200
2023-09-27,26.277615,21000100,26.04,20991200,26.04,21000200
2023-09-28,26.5896738635,21000100,26.42,20991200,26.42,21000200
2023-09-29,26.916897945333336,21000100,26.68,20991200,26.68,21000200
2023-09-30,27.155553750000003,21000100,26.91,20991200,26.91,21000200
2023-10-01,28.285773750000004,21000100,28.03,20991200,28.03,21000200
2023-10-02,27.528930000000003,21000100,27.28,20991200,27.28,21000200
2023-10-03,27.10198440191667,21000100,26.89,20991200,26.89,21000200
2023-10-04,27.272738561666667,21000100,27.1,20991200,27.1,21000200
2023-10-05,27.31571712916667,21000100,27.1,20991200,27.1,21000200
2023-10-06,26.83208401,21000100,26.7,20991200,26.7,21000200
2023-10-07,27.154747436500003,21000100,26.98,20991200,26.98,21000200
2023-10-08,26.261788828916668,21000100,26.18,20991200,26.18,21000200
2023-10-09,25.793235,21000100,25.56,20991200,25.56,21000200
2023-10-10,25.682835997916666,21000100,25.46,20991200,25.46,21000200
2023-10-11,25.290488231125,21000100,25.09,20991200,25.09,21000200
2023-10-12,24.629870655374997,21000100,24.49,20991200,24.49,21000200
2023-10-13,25.110086247999998,21000100,24.96,20991200,24.96,21000200
2023-10-14,25.15748625,21000100,24.93,20991200,24.93,21000200
2023-10-15,25.35931125,21000100,25.13,20991200,25.13,21000200
2023-10-16,25.80250912216667,21000100,25.58,20991200,25.58,21000200
2023-10-17,24.777692564625,21000100,24.57,20991200,24.57,21000200
2023-10-18,24.90903963575,21000100,24.73,20991200,24.73,21000200
2023-10-19,25.08242976141667,21000100,24.98,20991200,24.98,21000200
2023-10-20,25.298592136,21000100,25.24,20991200,25.24,21000200
2023-10-21,25.827444015541662,21000100,25.63,20991200,25.63,21000200
2023-10-22,26.10606375,21000100,25.87,20991200,25.87,21000200
2023-10-23,27.528930000000003,21000100,27.28,20991200,27.28,21000200
2023-10-24,27.74084625,21000100,27.49,20991200,27.49,21000200
2023-10-25,27.66011625,21000100,27.41,20991200,27.41,21000200
2023-10-26,28.053675000000002,21000100,27.8,20991200,27.8,21000200
2023-10-27,27.549112500000003,21000100,27.3,20991200,27.3,21000200
2023-10-28,28.1142225,21000100,27.86,20991200,27.86,21000200
2023-10-29,28.48759875,21000100,28.23,20991200,28.23,21000200
2023-10-30,28.7600625,21000100,28.5,20991200,28.5,21000200
2023-10-31,28.57842,21000100,28.32,20991200,28.32,21000200
2023-11-01,28.95179625,21000100,28.69,20991200,28.69,21000200
2023-11-02,27.963104942416667,21000100,27.53,20991200,27.53,21000200
2023-11-03,27.93258,21000100,27.68,20991200,27.68,21000200
2023-11-04,28.467416250000003,21000100,28.21,20991200,28.21,21000200
2023-11-05,28.946715754375,21000100,28.65,20991200,28.65,21000200
2023-11-06,30.356216458333336,21000100,29.84,20991200,29.84,21000200
2023-11-07,29.672592665624997,21000100,29.25,20991200,29.25,21000200
2023-11-08,30.36457125,21000100,30.09,20991200,30.09,21000200
2023-11-09,29.78937,21000100,29.52,20991200,29.52,21000200
2023-11-10,30.734017282916664,21000100,30.41,20991200,30.41,21000200
2023-11-11,31.26182674083834,21000100,30.46,20991200,30.46,21000200
2023-11-12,32.14643427534432,21000100,31.25,20991200,31.25,21000200
2023-11-13,30.24425347141667,21000100,29.62,20991200,29.62,21000200
2023-11-14,29.7078401315,21000100,29.42,20991200,29.42,21000200
2023-11-15,30.65961081108333,21000100,30.38,20991200,30.38,21000200
2023-11-16,29.799461250000004,21000100,29.53,20991200,29.53,21000200
2023-11-17,29.62791,21000100,29.36,20991200,29.36,21000200
2023-11-18,29.1637125,21000100,28.9,20991200,28.9,21000200
2023-11-19,29.526997500000004,21000100,29.26,20991200,29.26,21000200
2023-11-20,29.23435125,21000100,28.97,20991200,28.97,21000200
2023-11-21,27.05464125,21000100,26.81,20991200,26.81,21000200
2023-11-22,28.780245,21000100,28.52,20991200,28.52,21000200
2023-11-23,29.103165,21000100,28.84,20991200,28.84,21000200
2023-11-24,29.910465000000002,21000100,29.64,20991200,29.64,21000200
2023-11-25,30.445301250000004,21000100,30.17,20991200,30.17,21000200
2023-11-26,29.83982625,21000100,29.57,20991200,29.57,21000200
2023-11-27,29.07289125,21000100,28.81,20991200,28.81,21000200
2023-11-28,29.30499,21000100,29.04,20991200,29.04,21000200
2023-11-29,29.345355,21000100,29.08,20991200,29.08,21000200
2023-11-30,29.83982625,21000100,29.57,20991200,29.57,21000200
2023-12-01,30.071925000000004,21000100,29.8,20991200,29.8,21000200
2023-12-02,31.716798750000002,21000100,31.43,20991200,31.43,21000200
2023-12-03,31.296440761875004,21000100,30.85,20991200,30.85,21000200
2023-12-04,32.55826603242886,21000100,31.76,20991200,31.76,21000200
2023-12-05,32.268485199375,21000100,31.77,20991200,31.77,21000200
2023-12-06,31.891310084249998,21000100,31.23,20991200,31.23,21000200
2023-12-07,32.92631705540279,21000100,32.05,20991200,32.05,21000200
2023-12-08,34.47769870682749,21000100,33.47,20991200,33.47,21000200
2023-12-09,34.65527944385461,21000100,33.52,20991200,33.52,21000200
2023-12-10,34.43383757958334,21000100,33.7,20991200,33.7,21000200
2023-12-11,30.69997835625,21000100,30.41,20991200,30.41,21000200
2023-12-12,31.37818625229167,21000100,31.01,20991200,31.01,21000200
2023-12-13,31.06734430375,21000100,30.7,20991200,30.7,21000200
2023-12-14,31.238356122916667,21000100,30.65,20991200,30.65,21000200
2023-12-15,30.45209377933333,21000100,29.54,20991200,29.54,21000200
2023-12-16,30.653782522666663,21000100,30.01,20991200,30.01,21000200
2023-12-17,30.4257647745,21000100,29.79,20991200,29.79,21000200
2023-12-18,29.457786562000003,21000100,28.96,20991200,28.96,21000200
2023-12-19,28.330950016583337,21000100,27.91,20991200,27.91,21000200
2023-12-20,29.632885515166667,21000100,29.18,20991200,29.18,21000200
2023-12-21,30.662236730125,21000100,30.03,20991200,30.03,21000200
2023-12-22,31.597986842769533,21000100,30.43,20991200,30.43,21000200
2023-12-23,31.654880502745456,21000100,30.41,20991200,30.41,21000200
2023-12-24,31.47576935536663,21000100,30.18,20991200,30.18,21000200
2023-12-25,32.21645434916667,21000100,31.3,20991200,31.3,21000200
2023-12-26,31.559633679666668,21000100,30.44,20991200,30.44,21000200
2023-12-27,32.54612258116667,21000100,31.87,20991200,31.87,21000200
2023-12-28,32.965825888124996,21000100,31.95,20991200,31.95,21000200
2023-12-29,29.663847143833337,21000100,28.69,20991200,28.69,21000200
2023-12-30,29.314110493416667,21000100,28.67,20991200,28.67,21000200
2023-12-31,28.023026648791667,21000100,26.93,20991200,26.93,21000200
2024-01-01,28.496107571249997,21000100,27.83,20991200,27.83,21000200
2024-01-02,28.8599387335,21000100,27.64,20991200,27.64,21000200
2024-01-03,25.592344071750002,21000100,25.02,20991200,25.02,21000200
2024-01-04,24.380460000000003,21000100,24.16,20991200,24.16,21000200
2024-01-05,23.764893750000002,21000100,23.55,20991200,23.55,21000200
2024-01-06,23.290605,21000100,23.08,20991200,23.08,21000200
2024-01-07,22.120020000000004,21000100,21.92,20991200,21.92,21000200
2024-01-08,21.464088750000002,21000100,21.27,20991200,21.27,21000200
2024-01-09,19.82930625,21000100,19.65,20991200,19.65,21000200
2024-01-10,22.51357875,21000100,22.31,20991200,22.31,21000200
2024-01-11,24.65292375,21000100,24.43,20991200,24.43,21000200
2024-01-12,23.976810000000004,21000100,23.76,20991200,23.76,21000200
2024-01-13,23.60343375,21000100,23.39,20991200,23.39,21000200
2024-01-14,22.9475025,21000100,22.74,20991200,22.74,21000200
2024-01-15,23.84562375,21000100,23.63,20991200,23.63,21000200
2024-01-16,23.381426250000004,21000100,23.17,20991200,23.17,21000200
2024-01-17,23.149327500000002,21000100,22.94,20991200,22.94,21000200
2024-01-18,22.715403750000004,21000100,22.51,20991200,22.51,21000200
2024-01-19,23.82544125,21000100,23.61,20991200,23.61,21000200
2024-01-20,23.815350000000002,21000100,23.6,20991200,23.6,21000200
2024-01-21,23.60343375,21000100,23.39,20991200,23.39,21000200
2024-01-22,22.453031250000002,21000100,22.25,20991200,22.25,21000200
2024-01-23,21.62554875,21000100,21.43,20991200,21.43,21000200
2024-01-24,22.130111250000002,21000100,21.93,20991200,21.93,21000200
2024-01-25,22.6044,21000100,22.4,20991200,22.4,21000200
2024-01-26,22.897046250000002,21000100,22.69,20991200,22.69,21000200
2024-01-27,22.967685000000003,21000100,22.76,20991200,22.76,21000200
2024-01-28,22.3823925,21000100,22.18,20991200,22.18,21000200
2024-01-29,23.219966250000002,21000100,23.01,20991200,23.01,21000200
2024-01-30,22.7860425,21000100,22.58,20991200,22.58,21000200
2024-01-31,21.88792125,21000100,21.69,20991200,21.69,21000200
2024-02-01,21.88792125,21000100,21.69,20991200,21.69,21000200
2024-02-02,22.28148,21000100,22.08,20991200,22.08,21000200
2024-02-03,22.301662500000003,21000100,22.1,20991200,22.1,21000200
2024-02-04,21.595275,21000100,21.4,20991200,21.4,21000200
2024-02-05,21.54481875,21000100,21.35,20991200,21.35,21000200
2024-02-06,19.3953825,21000100,19.22,20991200,19.22,21000200
2024-02-07,20.989800000000002,21000100,20.8,20991200,20.8,21000200
2024-02-08,21.060438750000003,21000100,20.87,20991200,20.87,21000200
2024-02-09,21.32281125,21000100,21.13,20991200,21.13,21000200
2024-02-10,21.0907125,21000100,20.9,20991200,20.9,21000200
2024-02-11,20.535693750000004,21000100,20.35,20991200,20.35,21000200
2024-02-12,21.2925375,21000100,21.1,20991200,21.1,21000200
2024-02-13,21.362112773875,21000100,20.87,20991200,20.87,21000200
2024-02-14,21.969814768875,21000100,21.33,20991200,21.33,21000200
2024-02-15,22.985547485541666,21000100,22.33,20991200,22.33,21000200
2024-02-16,23.367020510166665,21000100,22.67,20991200,22.67,21000200
2024-02-17,25.17402712270833,21000100,24.85,20991200,24.85,21000200
2024-02-18,25.992981651583335,21000100,25.69,20991200,25.69,21000200
2024-02-19,27.561352098083333,21000100,26.89,20991200,26.89,21000200
2024-02-20,25.68336638883333,21000100,24.82,20991200,24.82,21000200
2024-02-21,24.7915004395,21000100,24.54,20991200,24.54,21000200
2024-02-22,27.07416464395833,21000100,26.77,20991200,26.77,21000200
2024-02-23,27.362645952999998,21000100,26.86,20991200,26.86,21000200
2024-02-24,28.317748904416668,21000100,28.01,20991200,28.01,21000200
2024-02-25,28.142979389000004,21000100,27.76,20991200,27.76,21000200
2024-02-26,28.859596440791666,21000100,28.13,20991200,28.13,21000200
2024-02-27,29.904305433999998,21000100,28.79,20991200,28.79,21000200
2024-02-28,29.66008390425,21000100,28.37,20991200,28.37,21000200
2024-02-29,29.481893154654845,21000100,27.94,20991200,27.94,21000200
2024-03-01,30.915515800999998,21000100,29.58,20991200,29.58,21000200
2024-03-02,35.16611109385794,21000100,33.15,20991200,33.15,21000200
2024-03-03,33.685340885559675,21000100,31.67,20991200,31.67,21000200
2024-03-04,34.638775329333335,21000100,32.86,20991200,32.86,21000200
2024-03-05,32.45139974293907,21000100,30.33,20991200,30.33,21000200
2024-03-06,33.23428909395833,21000100,32.89,20991200,32.89,21000200
2024-03-07,34.85825115208334,21000100,34.1,20991200,34.1,21000200
2024-03-08,36.34169149570833,21000100,34.63,20991200,34.63,21000200
2024-03-09,36.6002177795,21000100,34.27,20991200,34.27,21000200
2024-03-10,35.39463050175,21000100,33.79,20991200,33.79,21000200
2024-03-11,36.43866207,21000100,34.92,20991200,34.92,21000200
2024-03-12,36.05615736866666,21000100,34.22,20991200,34.22,21000200
2024-03-13,37.08166981791667,21000100,34.9,20991200,34.9,21000200
2024-03-14,35.73164396529167,21000100,34.13,20991200,34.13,21000200
2024-03-15,32.16743386475,21000100,31.53,20991200,31.53,21000200
2024-03-16,29.604680421125,21000100,29.11,20991200,29.11,21000200
2024-03-17,29.65561816095833,21000100,29.29,20991200,29.29,21000200
2024-03-18,27.901741485,21000100,27.6,20991200,27.6,21000200
2024-03-19,25.353221708333333,21000100,25.04,20991200,25.04,21000200
2024-03-20,28.618785000000003,21000100,28.36,20991200,28.36,21000200
2024-03-21,29.69854875,21000100,29.43,20991200,29.43,21000200
2024-03-22,29.08795286925,21000100,28.82,20991200,28.82,21000200
2024-03-23,28.97520083475,21000100,28.69,20991200,28.69,21000200
2024-03-24,30.155152352416664,21000100,29.81,20991200,29.81,21000200
2024-03-25,30.691971040499997,21000100,30.36,20991200,30.36,21000200
2024-03-26,32.16491250029167,21000100,31.67,20991200,31.67,21000200
2024-03-27,31.99642081875,21000100,31.05,20991200,31.05,21000200
2024-03-28,31.531399132999997,21000100,30.84,20991200,30.84,21000200
2024-03-29,32.021379634375,21000100,30.75,20991200,30.75,21000200
2024-03-30,31.442903074625,21000100,30.13,20991200,30.13,21000200
2024-03-31,32.01297168958333,21000100,30.5,20991200,30.5,21000200
2024-04-01,30.350197271333336,21000100,28.99,20991200,28.99,21000200
2024-04-02,27.970944549166667,21000100,27.7,20991200,27.7,21000200
2024-04-03,27.495209080000002,21000100,27.2,20991200,27.2,21000200
2024-04-04,27.942671250000004,21000100,27.69,20991200,27.69,21000200
2024-04-05,27.569295,21000100,27.32,20991200,27.32,21000200
2024-04-06,27.823076727999997,21000100,27.52,20991200,27.52,21000200
2024-04-07,28.160150786,21000100,27.88,20991200,27.88,21000200
2024-04-08,29.001140319375,21000100,28.55,20991200,28.55,21000200
2024-04-09,27.964021201999998,21000100,27.66,20991200,27.66,21000200
2024-04-10,27.46262362725,21000100,27.09,20991200,27.09,21000200
2024-04-11,26.851382325,21000100,26.55,20991200,26.55,21000200
2024-04-12,23.564655137249996,21000100,23.22,20991200,23.22,21000200
2024-04-13,20.61642375,21000100,20.43,20991200,20.43,21000200
2024-04-14,22.121043120750002,21000100,21.94,20991200,21.94,21000200
2024-04-15,21.403541250000004,21000100,21.21,20991200,21.21,21000200
2024-04-16,21.585183750000002,21000100,21.39,20991200,21.39,21000200
2024-04-17,21.22189875,21000100,21.03,20991200,21.03,21000200
2024-04-18,22.20075,21000100,22.0,20991200,22.0,21000200
2024-04-19,22.453031250000002,21000100,22.25,20991200,22.25,21000200
2024-04-20,23.441973750000002,21000100,23.23,20991200,23.23,21000200
2024-04-21,22.910762042666665,21000100,22.72,20991200,22.72,21000200
2024-04-22,24.366775708333336,21000100,24.28,20991200,24.28,21000200
2024-04-23,24.158452500000003,21000100,23.94,20991200,23.94,21000200
2024-04-24,22.98877438,21000100,22.88,20991200,22.88,21000200
2024-04-25,23.47463727625,21000100,23.34,20991200,23.34,21000200
2024-04-26,23.07868875,21000100,22.87,20991200,22.87,21000200
2024-04-27,23.421791250000002,21000100,23.21,20991200,23.21,21000200
2024-04-28,22.631773331333335,21000100,22.46,20991200,22.46,21000200
2024-04-29,22.538633876,21000100,22.34,20991200,22.34,21000200
2024-04-30,21.54481875,21000100,21.35,20991200,21.35,21000200
2024-05-01,22.402575,21000100,22.2,20991200,22.2,21000200
2024-05-02,22.9475025,21000100,22.74,20991200,22.74,21000200
2024-05-03,23.219966250000002,21000100,23.01,20991200,23.01,21000200
2024-05-04,23.171614987125,21000100,23.07,20991200,23.07,21000200
2024-05-05,23.125455425666665,21000100,23.06,20991200,23.06,21000200
2024-05-06,23.00593487416667,21000100,22.85,20991200,22.85,21000200
2024-05-07,22.624582500000002,21000100,22.42,20991200,22.42,21000200
2024-05-08,23.6740725,21000100,23.46,20991200,23.46,21000200
2024-05-09,23.653890000000004,21000100,23.44,20991200,23.44,21000200
2024-05-10,23.058506250000004,21000100,22.85,20991200,22.85,21000200
2024-05-11,22.68513,21000100,22.48,20991200,22.48,21000200
2024-05-12,22.553943750000002,21000100,22.35,20991200,22.35,21000200
2024-05-13,22.372301250000003,21000100,22.17,20991200,22.17,21000200
2024-05-14,22.1402025,21000100,21.94,20991200,21.94,21000200
2024-05-15,23.4318825,21000100,23.22,20991200,23.22,21000200
2024-05-16,23.89608,21000100,23.68,20991200,23.68,21000200
2024-05-17,23.795167499999998,21000100,23.58,20991200,23.58,21000200
2024-05-18,23.7548025,21000100,23.54,20991200,23.54,21000200
2024-05-19,23.421791250000002,21000100,23.21,20991200,23.21,21000200
2024-05-20,25.238216250000004,21000100,25.01,20991200,25.01,21000200
2024-05-21,24.81438375,21000100,24.59,20991200,24.59,21000200
2024-05-22,24.93547875,21000100,24.71,20991200,24.71,21000200
2024-05-23,25.54095375,21000100,25.31,20991200,25.31,21000200
2024-05-24,27.96285375,21000100,27.71,20991200,27.71,21000200
2024-05-25,27.135371250000002,21000100,26.89,20991200,26.89,21000200
2024-05-26,26.7821775,21000100,26.54,20991200,26.54,21000200
2024-05-27,27.256466250000003,21000100,27.01,20991200,27.01,21000200
2024-05-28,26.913363750000002,21000100,26.67,20991200,26.67,21000200
2024-05-29,27.1050975,21000100,26.86,20991200,26.86,21000200
2024-05-30,26.963820000000002,21000100,26.72,20991200,26.72,21000200
2024-05-31,27.226192500000003,21000100,26.98,20991200,26.98,21000200
2024-06-01,27.324259486666666,21000100,27.07,20991200,27.07,21000200
2024-06-02,26.630808750000003,21000100,26.39,20991200,26.39,21000200
2024-06-03,25.75287,21000100,25.52,20991200,25.52,21000200
2024-06-04,27.84175875,21000100,27.59,20991200,27.59,21000200
2024-06-05,26.871901062499997,21000100,26.52,20991200,26.52,21000200
2024-06-06,27.075988573291667,21000100,26.77,20991200,26.77,21000200
2024-06-07,25.2776726175,21000100,24.9,20991200,24.9,21000200
2024-06-08,23.199783749999998,21000100,22.99,20991200,22.99,21000200
2024-06-09,23.976810000000004,21000100,23.76,20991200,23.76,21000200
2024-06-10,23.774985,21000100,23.56,20991200,23.56,21000200
2024-06-11,22.97777625,21000100,22.77,20991200,22.77,21000200
2024-06-12,23.835532500000003,21000100,23.62,20991200,23.62,21000200
2024-06-13,22.97777625,21000100,22.77,20991200,22.77,21000200
2024-06-14,22.9475025,21000100,22.74,20991200,22.74,21000200
2024-06-15,22.85668125,21000100,22.65,20991200,22.65,21000200
2024-06-16,23.058506250000004,21000100,22.85,20991200,22.85,21000200
2024-06-17,21.8980125,21000100,21.7,20991200,21.7,21000200
2024-06-18,20.67697125,21000100,20.49,20991200,20.49,21000200
2024-06-19,20.204656337666663,21000100,20.06,20991200,20.06,21000200
2024-06-20,20.1825,21000100,20.0,20991200,20.0,21000200
2024-06-21,20.25313875,21000100,20.07,20991200,20.07,21000200
2024-06-22,20.1623175,21000100,19.98,20991200,19.98,21000200
2024-06-23,19.748576250000003,21000100,19.57,20991200,19.57,21000200
2024-06-24,19.99076625,21000100,19.81,20991200,19.81,21000200
2024-06-25,20.33386875,21000100,20.15,20991200,20.15,21000200
2024-06-26,20.061405,21000100,19.88,20991200,19.88,21000200
2024-06-27,21.07053,21000100,20.88,20991200,20.88,21000200
2024-06-28,20.8485225,21000100,20.66,20991200,20.66,21000200
2024-06-29,20.394416250000003,21000100,20.21,20991200,20.21,21000200
2024-06-30,21.131077500000004,21000100,20.94,20991200,20.94,21000200
2024-07-01,20.90907,21000100,20.72,20991200,20.72,21000200
2024-07-02,21.030165,21000100,20.84,20991200,20.84,21000200
2024-07-03,20.97970875,21000100,20.79,20991200,20.79,21000200
2024-07-04,18.5477175,21000100,18.38,20991200,18.38,21000200
2024-07-05,18.446805,21000100,18.28,20991200,18.28,21000200
2024-07-06,19.95392006270833,21000100,19.81,20991200,19.81,21000200
2024-07-07,18.68344242259135,21000100,18.66,20991200,18.66,21000200
2024-07-08,20.576951747333336,21000100,20.44,20991200,20.44,21000200
2024-07-09,22.622402909166667,21000100,22.6,20991200,22.6,21000200
2024-07-10,23.39639572369304,21000100,23.39,20991200,23.39,21000200
2024-07-11,24.420825,21000100,24.2,20991200,24.2,21000200
2024-07-12,24.2795475,21000100,24.06,20991200,24.06,21000200
2024-07-13,26.829198850666664,21000100,26.72,20991200,26.72,21000200
2024-07-14,29.072632870923428,21000100,29.34,20991200,29.34,21000200
2024-07-15,28.350488136625003,21000100,28.19,20991200,28.19,21000200
2024-07-16,30.1338070245,21000100,30.28,20991200,30.28,21000200
2024-07-17,31.3434225,21000100,31.06,20991200,31.06,21000200
2024-07-18,31.050776250000002,21000100,30.77,20991200,30.77,21000200
2024-07-19,29.7691875,21000100,29.5,20991200,29.5,21000200
2024-07-20,29.8902825,21000100,29.62,20991200,29.62,21000200
2024-07-21,32.332365,21000100,32.04,20991200,32.04,21000200
2024-07-22,30.6168525,21000100,30.34,20991200,30.34,21000200
2024-07-23,29.940738750000005,21000100,29.67,20991200,29.67,21000200
2024-07-24,30.394845000000004,21000100,30.12,20991200,30.12,21000200
2024-07-25,30.4150275,21000100,30.14,20991200,30.14,21000200
2024-07-26,32.7561975,21000100,32.46,20991200,32.46,21000200
2024-07-27,31.979171250000004,21000100,31.69,20991200,31.69,21000200
2024-07-28,32.26412324525,21000100,31.98,20991200,31.98,21000200
2024-07-29,33.190121250000004,21000100,32.89,20991200,32.89,21000200
2024-07-30,32.09369960866666,21000100,32.12,20991200,32.12,21000200
2024-07-31,33.77541375,21000100,33.47,20991200,33.47,21000200
2024-08-01,32.03219312832969,21000100,32.41,20991200,32.41,21000200
2024-08-02,32.405222656,21000100,32.64,20991200,32.64,21000200
2024-08-03,31.233185515043672,21000100,31.76,20991200,31.76,21000200
2024-08-04,31.042502709833336,21000100,30.77,20991200,30.77,21000200
2024-08-05,30.2939325,21000100,30.02,20991200,30.02,21000200
2024-08-06,32.10026625,21000100,31.81,20991200,31.81,21000200
2024-08-07,32.786471250000005,21000100,32.49,20991200,32.49,21000200
2024-08-08,36.13676625,21000100,35.81,20991200,35.81,21000200
2024-08-09,41.121843750000004,21000100,40.75,20991200,40.75,21000200
2024-08-10,41.53090375525,21000100,41.23,20991200,41.23,21000200
2024-08-11,41.41449,21000100,41.04,20991200,41.04,21000200
2024-08-12,43.57035923333333,21000100,43.36,20991200,43.36,21000200
2024-08-13,43.114177533,21000100,42.96,20991200,42.96,21000200
2024-08-14,42.44946832116667,21000100,42.17,20991200,42.17,21000200
2024-08-15,43.18045875,21000100,42.79,20991200,42.79,21000200
2024-08-16,42.55493280125,21000100,42.33,20991200,42.33,21000200
2024-08-17,43.86172226075001,21000100,43.59,20991200,43.59,21000200
2024-08-18,42.97527550816667,21000100,42.74,20991200,42.74,21000200
2024-08-19,42.23954445733333,21000100,41.92,20991200,41.92,21000200
2024-08-20,41.89887,21000100,41.52,20991200,41.52,21000200
2024-08-21,41.858505,21000100,41.48,20991200,41.48,21000200
2024-08-22,41.777775,21000100,41.4,20991200,41.4,21000200
2024-08-23,42.773134066875,21000100,42.39,20991200,42.39,21000200
2024-08-24,43.345476157,21000100,42.97,20991200,42.97,21000200
2024-08-25,40.12281,21000100,39.76,20991200,39.76,21000200
2024-08-26,37.02479625,21000100,36.69,20991200,36.69,21000200
2024-08-27,35.74667543708334,21000100,35.45,20991200,35.45,21000200
2024-08-28,33.741414034875,21000100,33.49,20991200,33.49,21000200
2024-08-29,33.4156235895,21000100,33.21,20991200,33.21,21000200
2024-08-30,33.23869401533334,21000100,32.99,20991200,32.99,21000200
2024-08-31,32.401983767833336,21000100,32.17,20991200,32.17,21000200
2024-09-01,29.609861118749997,21000100,29.37,20991200,29.37,21000200
2024-09-02,29.599961697624998,21000100,29.49,20991200,29.49,21000200
2024-09-03,28.937238558666664,21000100,28.72,20991200,28.72,21000200
2024-09-04,29.673018965,21000100,29.56,20991200,29.56,21000200
2024-09-05,29.037109971999996,21000100,28.86,20991200,28.86,21000200
2024-09-06,27.17452072,21000100,26.96,20991200,26.96,21000200
2024-09-07,27.751449494999996,21000100,27.72,20991200,27.72,21000200
2024-09-08,27.776864429999996,21000100,27.68,20991200,27.68,21000200
2024-09-09,29.470499307750003,21000100,29.34,20991200,29.34,21000200
2024-09-10,31.026086741249998,21000100,30.78,20991200,30.78,21000200
2024-09-11,29.45597297475,21000100,29.61,20991200,29.61,21000200
2024-09-12,29.618425986,21000100,29.36,20991200,29.36,21000200
2024-09-13,30.773768992875,21000100,30.51,20991200,30.51,21000200
2024-09-14,30.790845704625003,21000100,30.57,20991200,30.57,21000200
2024-09-15,29.221990384749997,21000100,29.18,20991200,29.18,21000200
2024-09-16,29.183868885749998,21000100,29.07,20991200,29.07,21000200
2024-09-17,30.08201625,21000100,29.81,20991200,29.81,21000200
2024-09-18,30.88931625,21000100,30.61,20991200,30.61,21000200
2024-09-19,31.858076250000003,21000100,31.57,20991200,31.57,21000200
2024-09-20,31.545247500000002,21000100,31.26,20991200,31.26,21000200
2024-09-21,31.57552125,21000100,31.29,20991200,31.29,21000200
2024-09-22,30.445301250000004,21000100,30.17,20991200,30.17,21000200
2024-09-23,29.791336405249996,21000100,29.58,20991200,29.58,21000200
2024-09-24,29.45481662579166,21000100,29.33,20991200,29.33,21000200
2024-09-25,28.410810616750002,21000100,28.33,20991200,28.33,21000200
2024-09-26,30.4957575,21000100,30.22,20991200,30.22,21000200
2024-09-27,30.6774,21000100,30.4,20991200,30.4,21000200
2024-09-28,29.75909625,21000100,29.49,20991200,29.49,21000200
2024-09-29,29.345355,21000100,29.08,20991200,29.08,21000200
2024-09-30,28.013310000000004,21000100,27.76,20991200,27.76,21000200
2024-10-01,26.862907500000002,21000100,26.62,20991200,26.62,21000200
2024-10-02,26.116155,21000100,25.88,20991200,25.88,21000200
2024-10-03,25.79798903120833,21000100,25.61,20991200,25.61,21000200
2024-10-04,26.713589059083333,21000100,26.78,20991200,26.78,21000200
2024-10-05,27.141455957999998,21000100,27.36,20991200,27.36,21000200
2024-10-06,29.285152835083334,21000100,29.27,20991200,29.27,21000200
2024-10-07,29.22426,21000100,28.96,20991200,28.96,21000200
2024-10-08,29.205578267249997,21000100,28.98,20991200,28.98,21000200
2024-10-09,29.30499,21000100,29.04,20991200,29.04,21000200
2024-10-10,34.005859554500006,21000100,33.78,20991200,33.78,21000200
2024-10-11,35.623551040500004,21000100,36.28,20991200,36.28,21000200
2024-10-12,34.84508625,21000100,34.53,20991200,34.53,21000200
2024-10-13,35.712933750000005,21000100,35.39,20991200,35.39,21000200
2024-10-14,36.530325000000005,21000100,36.2,20991200,36.2,21000200
2024-10-15,37.77154875,21000100,37.43,20991200,37.43,21000200
2024-10-16,37.2770775,21000100,36.94,20991200,36.94,21000200
2024-10-17,36.449595,21000100,36.12,20991200,36.12,21000200
2024-10-18,36.1468575,21000100,35.82,20991200,35.82,21000200
2024-10-19,37.42844625000001,21000100,37.09,20991200,37.09,21000200
2024-10-20,37.256895,21000100,36.92,20991200,36.92,21000200
2024-10-21,37.77154875,21000100,37.43,20991200,37.43,21000200
2024-10-22,38.296293750000004,21000100,37.95,20991200,37.95,21000200
2024-10-23,38.21556375,21000100,37.87,20991200,37.87,21000200
2024-10-24,37.50917625,21000100,37.17,20991200,37.17,21000200
2024-10-25,36.3083175,21000100,35.98,20991200,35.98,21000200
2024-10-26,34.87536,21000100,34.56,20991200,34.56,21000200
2024-10-27,38.69994375,21000100,38.35,20991200,38.35,21000200
2024-10-28,38.63035164408333,21000100,38.33,20991200,38.33,21000200
2024-10-29,38.83113,21000100,38.48,20991200,38.48,21000200
2024-10-30,38.80085625,21000100,38.45,20991200,38.45,21000200
2024-10-31,37.135799999999996,21000100,36.8,20991200,36.8,21000200
2024-11-01,38.195381250000004,21000100,37.85,20991200,37.85,21000200
2024-11-02,37.078771625583336,21000100,36.86,20991200,36.86,21000200
2024-11-03,37.519267500000005,21000100,37.18,20991200,37.18,21000200
2024-11-04,37.172536938624994,21000100,36.87,20991200,36.87,21000200
2024-11-05,38.53848375,21000100,38.19,20991200,38.19,21000200
2024-11-06,43.56148436329167,21000100,43.21,20991200,43.21,21000200
2024-11-07,44.25253235583333,21000100,44.05,20991200,44.05,21000200
2024-11-08,46.5610275,21000100,46.14,20991200,46.14,21000200
2024-11-09,46.5206625,21000100,46.1,20991200,46.1,21000200
2024-11-10,46.01613058416667,21000100,45.56,20991200,45.56,21000200
2024-11-11,45.77391,21000100,45.36,20991200,45.36,21000200
2024-11-12,42.91800856538722,21000100,42.01,20991200,42.01,21000200
2024-11-13,39.25693315125,21000100,38.7,20991200,38.7,21000200
2024-11-14,37.25455076591667,21000100,36.83,20991200,36.83,21000200
2024-11-15,38.881586250000005,21000100,38.53,20991200,38.53,21000200
2024-11-16,45.40053375,21000100,44.99,20991200,44.99,21000200
2024-11-17,44.95169750991666,21000100,44.54,20991200,44.54,21000200
2024-11-18,45.92519917166667,21000100,44.92,20991200,44.92,21000200
2024-11-19,43.63817237333333,21000100,42.8,20991200,42.8,21000200
2024-11-20,41.838322500000004,21000100,41.46,20991200,41.46,21000200
2024-11-21,45.814275,21000100,45.4,20991200,45.4,21000200
2024-11-22,47.02513731533334,21000100,45.92,20991200,45.92,21000200
2024-11-23,50.13354511270643,21000100,48.87,20991200,48.87,21000200
2024-11-24,53.788508951333334,21000100,52.64,20991200,52.64,21000200
2024-11-25,48.58511237250001,21000100,47.85,20991200,47.85,21000200
2024-11-26,51.73209755175,21000100,51.26,20991200,51.26,21000200
2024-11-27,57.1603318005,21000100,56.52,20991200,56.52,21000200
2024-11-28,57.005353004999996,21000100,55.8,20991200,55.8,21000200
2024-11-29,55.42535168325,21000100,54.54,20991200,54.54,21000200
2024-11-30,60.787323462500005,21000100,59.35,20991200,59.35,21000200
2024-12-01,61.439662713916675,21000100,60.17,20991200,60.17,21000200
2024-12-02,76.44570914733335,21000100,74.72,20991200,74.72,21000200
2024-12-03,75.55254819703192,21000100,73.28,20991200,73.28,21000200
2024-12-04,72.09673248973773,21000100,69.67,20991200,69.67,21000200
2024-12-05,73.5562788212521,21000100,70.8,20991200,70.8,21000200
2024-12-06,72.246883458,21000100,70.38,20991200,70.38,21000200
2024-12-07,73.31433357670721,21000100,70.38,20991200,70.38,21000200
2024-12-08,77.64501124508672,21000100,74.38,20991200,74.38,21000200
2024-12-09,59.42155166916667,21000100,58.51,20991200,58.51,21000200
2024-12-10,59.26591125,21000100,58.73,20991200,58.73,21000200
2024-12-11,64.26108,21000100,63.68,20991200,63.68,21000200
2024-12-12,59.97229875,21000100,59.43,20991200,59.43,21000200
2024-12-13,60.567682500000004,21000100,60.02,20991200,60.02,21000200
2024-12-14,58.892535,21000100,58.36,20991200,58.36,21000200
2024-12-15,59.619105000000005,21000100,59.08,20991200,59.08,21000200
2024-12-16,56.92474125,21000100,56.41,20991200,56.41,21000200
2024-12-17,55.774338750000005,21000100,55.27,20991200,55.27,21000200
2024-12-18,51.09199875,21000100,50.63,20991200,50.63,21000200
2024-12-19,48.73064625,21000100,48.29,20991200,48.29,21000200
2024-12-20,54.84411222775001,21000100,54.38,20991200,54.38,21000200
2024-12-21,53.81182921,21000100,53.6,20991200,53.6,21000200
2024-12-22,58.58371489225,21000100,58.47,20991200,58.47,21000200
2024-12-23,66.1786880475,21000100,65.8,20991200,65.8,21000200
2024-12-24,69.68594524841667,21000100,69.26,20991200,69.26,21000200
2024-12-25,74.15050500000001,21000100,73.48,20991200,73.48,21000200
2024-12-26,69.51862125000001,21000100,68.89,20991200,68.89,21000200
2024-12-27,62.686845,21000100,62.12,20991200,62.12,21000200
2024-12-28,63.28222875,21000100,62.71,20991200,62.71,21000200
2024-12-29,61.183248750000004,21000100,60.63,20991200,60.63,21000200
2024-12-30,58.82189625,21000100,58.29,20991200,58.29,21000200
2024-12-31,56.763281250000006,21000100,56.25,20991200,56.25,21000200
2025-01-01,58.771440000000005,21000100,58.24,20991200,58.24,21000200
2025-01-02,60.032846250000006,21000100,59.49,20991200,59.49,21000200
2025-01-03,61.4960775,21000100,60.94,20991200,60.94,21000200
2025-01-04,59.74020000000001,21000100,59.2,20991200,59.2,21000200
2025-01-05,59.05399500000001,21000100,58.52,20991200,58.52,21000200
2025-01-06,60.95115,21000100,60.4,20991200,60.4,21000200
2025-01-07,52.6965075,21000100,52.22,20991200,52.22,21000200
2025-01-08,50.668166250000006,21000100,50.21,20991200,50.21,21000200
2025-01-09,47.39860125,21000100,46.97,20991200,46.97,21000200
2025-01-10,48.68019,21000100,48.24,20991200,48.24,21000200
2025-01-11,48.962745000000005,21000100,48.52,20991200,48.52,21000200
2025-01-12,48.42790875000001,21000100,47.99,20991200,47.99,21000200
2025-01-13,48.84165,21000100,48.4,20991200,48.4,21000200
2025-01-14,51.556196250000006,21000100,51.09,20991200,51.09,21000200
2025-01-15,55.762864225833326,21000100,55.3,20991200,55.3,21000200
2025-01-16,54.553297500000006,21000100,54.06,20991200,54.06,21000200
2025-01-17,55.33032375,21000100,54.83,20991200,54.83,21000200
2025-01-18,52.434135000000005,21000100,51.96,20991200,51.96,21000200
2025-01-19,47.30778000000001,21000100,46.88,20991200,46.88,21000200
2025-01-20,48.004076250000004,21000100,47.57,20991200,47.57,21000200
2025-01-21,49.527855,21000100,49.08,20991200,49.08,21000200
2025-01-22,48.9021975,21000100,48.46,20991200,48.46,21000200
2025-01-23,49.033383750000006,21000100,48.59,20991200,48.59,21000200
2025-01-24,46.65184875,21000100,46.23,20991200,46.23,21000200
2025-01-25,46.8234,21000100,46.4,20991200,46.4,21000200
2025-01-26,45.178526250000004,21000100,44.77,20991200,44.77,21000200
2025-01-27,43.5336525,21000100,43.14,20991200,43.14,21000200
2025-01-28,42.07042125,21000100,41.69,20991200,41.69,21000200
2025-01-29,42.75662625,21000100,42.37,20991200,42.37,21000200
2025-01-30,44.31067875,21000100,43.91,20991200,43.91,21000200
2025-01-31,43.6143825,21000100,43.22,20991200,43.22,21000200
2025-02-01,39.517334999999996,21000100,39.16,20991200,39.16,21000200
2025-02-02,33.51304125,21000100,33.21,20991200,33.21,21000200
2025-02-03,35.43381492525,21000100,35.43,20991200,35.43,21000200
2025-02-04,32.214341663458335,21000100,32.09,20991200,32.09,21000200
2025-02-05,32.34130626466666,21000100,32.12,20991200,32.12,21000200
2025-02-06,30.11229,21000100,29.84,20991200,29.84,21000200
2025-02-07,30.36457125,21000100,30.09,20991200,30.09,21000200
2025-02-08,32.12044875,21000100,31.83,20991200,31.83,21000200
2025-02-09,32.425137585083334,21000100,32.38,20991200,32.38,21000200
2025-02-10,32.674428177083335,21000100,32.5,20991200,32.5,21000200
2025-02-11,33.266569735,21000100,33.04,20991200,33.04,21000200
2025-02-12,32.71925885433333,21000100,32.62,20991200,32.62,21000200
2025-02-13,32.603252272499994,21000100,32.44,20991200,32.44,21000200
2025-02-14,33.301125,21000100,33.0,20991200,33.0,21000200
2025-02-15,32.294115889875,21000100,32.13,20991200,32.13,21000200
2025-02-16,34.426854522,21000100,34.14,20991200,34.14,21000200
2025-02-17,36.365811913749994,21000100,36.41,20991200,36.41,21000200
2025-02-18,33.586220597125,21000100,33.83,20991200,33.83,21000200
2025-02-19,36.17374275533333,21000100,36.08,20991200,36.08,21000200
2025-02-20,36.48227668241666,21000100,36.58,20991200,36.58,21000200
2025-02-21,35.4606525,21000100,35.14,20991200,35.14,21000200
2025-02-22,36.16596394491666,21000100,35.86,20991200,35.86,21000200
2025-02-23,36.06044559608333,21000100,35.86,20991200,35.86,21000200
2025-02-24,33.152897503249996,21000100,32.97,20991200,32.97,21000200
2025-02-25,33.37906553925,21000100,33.51,20991200,33.51,21000200
2025-02-26,36.04864986641667,21000100,36.07,20991200,36.07,21000200
2025-02-27,36.93200488725,21000100,36.63,20991200,36.63,21000200
2025-02-28,37.36968943729166,21000100,37.55,20991200,37.55,21000200
2025-03-01,38.01135799075,21000100,37.74,20991200,37.74,21000200
2025-03-02,41.166703919499994,21000100,41.26,20991200,41.26,21000200
2025-03-03,36.611055,21000100,36.28,20991200,36.28,21000200
2025-03-04,35.34964875,21000100,35.03,20991200,35.03,21000200
2025-03-05,36.428695913,21000100,36.39,20991200,36.39,21000200
2025-03-06,34.269259956750005,21000100,34.06,20991200,34.06,21000200
2025-03-07,33.02907588125,21000100,32.95,20991200,32.95,21000200
2025-03-08,32.375287689602686,21000100,32.55,20991200,32.55,21000200
2025-03-09,29.636074441811765,21000100,29.82,20991200,29.82,21000200
2025-03-10,28.971855119166666,21000100,29.15,20991200,29.15,21000200
2025-03-11,30.213677589833335,21000100,30.28,20991200,30.28,21000200
2025-03-12,30.505848750000002,21000100,30.23,20991200,30.23,21000200
2025-03-13,31.202145,21000100,30.92,20991200,30.92,21000200
2025-03-14,32.23012119125,21000100,32.26,20991200,32.26,21000200
2025-03-15,32.09205067633333,21000100,32.26,20991200,32.26,21000200
2025-03-16,32.521364608333336,21000100,32.75,20991200,32.75,21000200
2025-03-17,34.087445422375005,21000100,34.17,20991200,34.17,21000200
2025-03-18,33.345204269999996,21000100,33.12,20991200,33.12,21000200
2025-03-19,34.417924027541666,21000100,34.27,20991200,34.27,21000200
2025-03-20,34.14759181804167,21000100,33.89,20991200,33.89,21000200
2025-03-21,31.16178,21000100,30.88,20991200,30.88,21000200
2025-03-22,31.33333125,21000100,31.05,20991200,31.05,21000200
2025-03-23,31.112978552,21000100,30.98,20991200,30.98,21000200
2025-03-24,32.428661595708334,21000100,32.33,20991200,32.33,21000200
2025-03-25,36.08440856403775,21000100,36.47,20991200,36.47,21000200
2025-03-26,38.52277468149777,21000100,38.99,20991200,38.99,21000200
2025-03-27,37.499085,21000100,37.16,20991200,37.16,21000200
2025-03-28,37.22662125,21000100,36.89,20991200,36.89,21000200
2025-03-29,36.115858974,21000100,36.24,20991200,36.24,21000200
2025-03-30,37.18607484258334,21000100,37.46,20991200,37.46,21000200
2025-03-31,39.25833261875,21000100,39.34,20991200,39.34,21000200
2025-04-01,39.66725659281829,21000100,40.68,20991200,40.68,21000200
2025-04-02,37.40317483626921,21000100,38.9,20991200,38.9,21000200
2025-04-03,37.19181444321769,21000100,38.9,20991200,38.9,21000200
2025-04-04,37.13822351204314,21000100,39.47,20991200,39.47,21000200
2025-04-05,34.56515513360129,21000100,37.6,20991200,37.6,21000200
2025-04-06,32.686393234115684,21000100,35.99,20991200,35.99,21000200
2025-04-07,25.05976528994263,21000100,34.25,20991200,34.25,21000200
2025-04-08,27.072276668500002,21000100,36.12,20991200,36.12,21000200
2025-04-09,24.423825601016485,21000100,36.89,20991200,36.89,21000200
2025-04-10,23.778355063746975,21000100,37.33,20991200,37.33,21000200
2025-04-11,21.362786336803417,21000100,36.68,20991200,36.68,21000200
2025-04-12,27.991643151875,21000100,37.15,20991200,37.15,21000200
2025-04-13,18.253389895267492,21000100,34.91,20991200,34.91,21000200
2025-04-14,25.541000147375,21000100,31.19,20991200,31.19,21000200
2025-04-15,31.050776250000002,21000100,30.77,20991200,30.77,21000200
2025-04-16,31.35351375,21000100,31.07,20991200,31.07,21000200
2025-04-17,30.9801375,21000100,30.7,20991200,30.7,21000200
2025-04-18,31.131506250000005,21000100,30.85,20991200,30.85,21000200
2025-04-19,31.958988750000003,21000100,31.67,20991200,31.67,21000200
2025-04-20,31.23241875,21000100,30.95,20991200,30.95,21000200
2025-04-21,31.464517500000003,21000100,31.18,20991200,31.18,21000200
2025-04-22,33.301125,21000100,33.0,20991200,33.0,21000200
2025-04-23,34.542348749999995,21000100,34.23,20991200,34.23,21000200
2025-04-24,34.5726225,21000100,34.26,20991200,34.26,21000200
2025-04-25,34.47171,21000100,34.16,20991200,34.16,21000200
2025-04-26,33.75523125,21000100,33.45,20991200,33.45,21000200
2025-04-27,32.80665375,21000100,32.51,20991200,32.51,21000200
2025-04-28,35.745575629499996,21000100,35.64,20991200,35.64,21000200
2025-04-29,34.88545125,21000100,34.57,20991200,34.57,21000200
2025-04-30,36.328500000000005,21000100,36.0,20991200,36.0,21000200
2025-05-01,37.761457500000006,21000100,37.42,20991200,37.42,21000200
2025-05-02,36.56059875,21000100,36.23,20991200,36.23,21000200
2025-05-03,36.05603625,21000100,35.73,20991200,35.73,21000200
2025-05-04,35.692851096125004,21000100,35.59,20991200,35.59,21000200
2025-05-05,36.707183716500005,21000100,36.52,20991200,36.52,21000200
2025-05-06,38.140466528416674,21000100,38.02,20991200,38.02,21000200
2025-05-07,40.402126760499996,21000100,40.44,20991200,40.44,21000200
2025-05-08,42.170674,21000100,42.0,20991200,42.0,21000200
2025-05-09,42.282337500000004,21000100,41.9,20991200,41.9,21000200
2025-05-10,43.9776675,21000100,43.58,20991200,43.58,21000200
2025-05-11,45.652815000000004,21000100,45.24,20991200,45.24,21000200
2025-05-12,44.835423750000004,21000100,44.43,20991200,44.43,21000200
2025-05-13,43.8969375,21000100,43.5,20991200,43.5,21000200
2025-05-14,42.35297625,21000100,41.97,20991200,41.97,21000200
2025-05-15,42.14106,21000100,41.76,20991200,41.76,21000200
2025-05-16,40.645439184416674,21000100,40.34,20991200,40.34,21000200
2025-05-17,40.44720599212499,21000100,40.41,20991200,40.41,21000200
2025-05-18,41.689575504333334,21000100,41.38,20991200,41.38,21000200
2025-05-19,40.17679064,21000100,40.65,20991200,40.65,21000200
2025-05-20,41.300297631666666,21000100,41.15,20991200,41.15,21000200
2025-05-21,42.8702607925,21000100,42.87,20991200,42.87,21000200
2025-05-22,49.130170884,21000100,48.96,20991200,48.96,21000200
2025-05-23,47.29768875,21000100,46.87,20991200,46.87,21000200
2025-05-24,49.90123125,21000100,49.45,20991200,49.45,21000200
2025-05-25,54.53227092708333,21000100,54.58,20991200,54.58,21000200
2025-05-26,53.867539785375,21000100,54.27,20991200,54.27,21000200
2025-05-27,52.14880281566668,21000100,51.77,20991200,51.77,21000200
2025-05-28,52.025769966375,21000100,53.19,20991200,53.19,21000200
2025-05-29,51.66345366,21000100,53.2,20991200,53.2,21000200
2025-05-30,46.67509703541666,21000100,47.3,20991200,47.3,21000200
2025-05-31,49.110211411416664,21000100,50.06,20991200,50.06,21000200
2025-06-01,49.93799989720833,21000100,53.03,20991200,53.03,21000200
2025-06-02,52.01886289708334,21000100,53.95,20991200,53.95,21000200
2025-06-03,52.840305440416664,21000100,54.29,20991200,54.29,21000200
2025-06-04,49.221529690625,21000100,50.25,20991200,50.25,21000200
2025-06-05,47.19055435233333,21000100,47.44,20991200,47.44,21000200
2025-06-06,45.43131423587501,21000100,48.03,20991200,48.03,21000200
2025-06-07,49.00665072354167,21000100,50.17,20991200,50.17,21000200
2025-06-08,45.83069621520833,21000100,48.65,20991200,48.65,21000200
2025-06-09,49.52913020858333,21000100,51.47,20991200,51.47,21000200
2025-06-10,50.26802881333333,21000100,51.8,20991200,51.8,21000200
2025-06-11,49.283730628916665,21000100,49.93,20991200,49.93,21000200
2025-06-12,46.81567721208333,21000100,47.87,20991200,47.87,21000200
2025-06-13,44.95164289720833,21000100,45.19,20991200,45.19,21000200
2025-06-14,42.92313874433333,21000100,44.12,20991200,44.12,21000200
2025-06-15,42.718147159333334,21000100,43.36,20991200,43.36,21000200
2025-06-16,43.175326263125,21000100,43.05,20991200,43.05,21000200
2025-06-17,41.17494530145833,21000100,41.15,20991200,41.15,21000200
2025-06-18,42.04473182166667,21000100,42.1,20991200,42.1,21000200
2025-06-19,42.040147499999996,21000100,41.66,20991200,41.66,21000200
2025-06-20,40.517256752499996,21000100,40.28,20991200,40.28,21000200
2025-06-21,39.374808720874995,21000100,39.47,20991200,39.47,21000200
2025-06-22,38.40481309270834,21000100,38.17,20991200,38.17,21000200
2025-06-23,41.78725341904167,21000100,41.51,20991200,41.51,21000200
2025-06-24,42.99597088183334,21000100,42.76,20991200,42.76,21000200
2025-06-25,41.61775741083334,21000100,41.38,20991200,41.38,21000200
2025-06-26,39.248623091249996,21000100,39.15,20991200,39.15,21000200
2025-06-27,38.61153608,21000100,38.55,20991200,38.55,21000200
2025-06-28,39.30541875000001,21000100,38.95,20991200,38.95,21000200
2025-06-29,40.42554750000001,21000100,40.06,20991200,40.06,21000200
2025-06-30,38.41255184683334,21000100,38.21,20991200,38.21,21000200
2025-07-01,37.20643875,21000100,36.87,20991200,36.87,21000200
2025-07-02,39.22468875,21000100,38.87,20991200,38.87,21000200
2025-07-03,41.09632834508333,21000100,40.91,20991200,40.91,21000200
2025-07-04,40.10463285,21000100,40.09,20991200,40.09,21000200
2025-07-05,38.84876911491667,21000100,39.17,20991200,39.17,21000200
2025-07-06,39.283604927875004,21000100,39.27,20991200,39.27,21000200
2025-07-07,39.00643483425,21000100,38.74,20991200,38.74,21000200
2025-07-08,44.03558260316666,21000100,43.66,20991200,43.66,21000200
2025-07-09,41.221467137,21000100,40.98,20991200,40.98,21000200
2025-07-10,42.383250000000004,21000100,42.0,20991200,42.0,21000200
2025-07-11,42.423615,21000100,42.04,20991200,42.04,21000200
2025-07-12,42.655713750000004,21000100,42.27,20991200,42.27,21000200
2025-07-13,42.746535,21000100,42.36,20991200,42.36,21000200
2025-07-14,43.483196250000006,21000100,43.09,20991200,43.09,21000200
2025-07-15,44.1391275,21000100,43.74,20991200,43.74,21000200
2025-07-16,44.6235075,21000100,44.22,20991200,44.22,21000200
2025-07-17,45.8748225,21000100,45.46,20991200,45.46,21000200
2025-07-18,44.69414625,21000100,44.29,20991200,44.29,21000200
2025-07-19,45.09779625,21000100,44.69,20991200,44.69,21000200
2025-07-20,45.3904425,21000100,44.98,20991200,44.98,21000200
2025-07-21,44.99688375000001,21000100,44.59,20991200,44.59,21000200
2025-07-22,44.502412500000005,21000100,44.1,20991200,44.1,21000200
2025-07-23,41.70713625,21000100,41.33,20991200,41.33,21000200
2025-07-24,40.576916250000004,21000100,40.21,20991200,40.21,21000200
2025-07-25,41.1521175,21000100,40.78,20991200,40.78,21000200
2025-07-26,41.58604125,21000100,41.21,20991200,41.21,21000200
2025-07-27,42.211698750000004,21000100,41.83,20991200,41.83,21000200
2025-07-28,40.960383750000005,21000100,40.59,20991200,40.59,21000200
2025-07-29,40.768866167999995,21000100,40.44,20991200,40.44,21000200
2025-07-30,38.73645923329166,21000100,38.41,20991200,38.41,21000200
2025-07-31,37.2046350225,21000100,36.9,20991200,36.9,21000200
2025-08-01,35.752920149333335,21000100,35.84,20991200,35.84,21000200
2025-08-02,35.69275125,21000100,35.37,20991200,35.37,21000200
2025-08-03,36.16119930879167,21000100,36.13,20991200,36.13,21000200
2025-08-04,37.418355,21000100,37.08,20991200,37.08,21000200
2025-08-05,35.76339,21000100,35.44,20991200,35.44,21000200
2025-08-06,36.389047500000004,21000100,36.06,20991200,36.06,21000200
2025-08-07,38.437571250000005,21000100,38.09,20991200,38.09,21000200
2025-08-08,39.07332,21000100,38.72,20991200,38.72,21000200
2025-08-09,39.9815325,21000100,39.62,20991200,39.62,21000200
2025-08-10,39.79989,21000100,39.44,20991200,39.44,21000200
2025-08-11,36.9137925,21000100,36.58,20991200,36.58,21000200
2025-08-12,39.85034625,21000100,39.49,20991200,39.49,21000200
2025-08-13,39.698977500000005,21000100,39.34,20991200,39.34,21000200
2025-08-14,36.94406625,21000100,36.61,20991200,36.61,21000200
2025-08-15,36.62327684958334,21000100,36.38,20991200,36.38,21000200
2025-08-16,37.03294184691667,21000100,36.71,20991200,36.71,21000200
2025-08-17,37.30735125,21000100,36.97,20991200,36.97,21000200
2025-08-18,35.214597239166665,21000100,35.3,20991200,35.3,21000200
2025-08-19,34.751120508250004,21000100,34.59,20991200,34.59,21000200
2025-08-20,39.030772817750005,21000100,38.99,20991200,38.99,21000200
2025-08-21,42.879905015999995,21000100,42.51,20991200,42.51,21000200
2025-08-22,44.030896776625006,21000100,43.93,20991200,43.93,21000200
2025-08-23,45.168435,21000100,44.76,20991200,44.76,21000200
2025-08-24,42.97863375000001,21000100,42.59,20991200,42.59,21000200
2025-08-25,40.13290125,21000100,39.77,20991200,39.77,21000200
2025-08-26,43.18045875,21000100,42.79,20991200,42.79,21000200
2025-08-27,42.625440000000005,21000100,42.24,20991200,42.24,21000200
2025-08-28,42.837356250000006,21000100,42.45,20991200,42.45,21000200
2025-08-29,40.486095,21000100,40.12,20991200,40.12,21000200
2025-08-30,40.385182500000006,21000100,40.02,20991200,40.02,21000200
2025-08-31,40.748467500000004,21000100,40.38,20991200,40.38,21000200
2025-09-01,40.60192515733334,21000100,40.49,20991200,40.49,21000200
2025-09-02,41.8075649875,21000100,41.55,20991200,41.55,21000200
2025-09-03,41.949326250000006,21000100,41.57,20991200,41.57,21000200
2025-09-04,40.93193149375,21000100,40.7,20991200,40.7,21000200
2025-09-05,41.319032499,21000100,41.04,20991200,41.04,21000200
2025-09-06,47.828246983125005,21000100,47.43,20991200,47.43,21000200
2025-09-07,48.676028202666664,21000100,48.32,20991200,48.32,21000200
2025-09-08,50.621529634999995,21000100,50.65,20991200,50.65,21000200
2025-09-09,48.7407375,21000100,48.3,20991200,48.3,21000200
2025-09-10,48.26644875,21000100,47.83,20991200,47.83,21000200
2025-09-11,48.3370875,21000100,47.9,20991200,47.9,21000200
2025-09-12,50.002906959,21000100,49.68,20991200,49.68,21000200
2025-09-13,53.291891250000006,21000100,52.81,20991200,52.81,21000200
2025-09-14,50.86608265266667,21000100,50.44,20991200,50.44,21000200
2025-09-15,50.3149725,21000100,49.86,20991200,49.86,21000200
2025-09-16,51.7681125,21000100,51.3,20991200,51.3,21000200
2025-09-17,51.60615253333333,21000100,51.2,20991200,51.2,21000200
2025-09-18,50.583871079625006,21000100,50.31,20991200,50.31,21000200
2025-09-19,49.278214626375004,21000100,48.93,20991200,48.93,21000200
2025-09-20,50.93762316,21000100,50.56,20991200,50.56,21000200
2025-09-21,51.53857066397483,21000100,51.73,20991200,51.73,21000200
2025-09-22,48.59216061770833,21000100,48.55,20991200,48.55,21000200
2025-09-23,55.11017531933333,21000100,55.12,20991200,55.12,21000200
2025-09-24,59.205363750000004,21000100,58.67,20991200,58.67,21000200
2025-09-25,54.681794810166664,21000100,54.49,20991200,54.49,21000200
2025-09-26,56.763281250000006,21000100,56.25,20991200,56.25,21000200
2025-09-27,55.99050143158333,21000100,55.57,20991200,55.57,21000200
2025-09-28,61.092669672666666,21000100,61.03,20991200,61.03,21000200
2025-09-29,71.60589973920499,21000100,72.0,20991200,72.0,21000200
2025-09-30,73.82228013508333,21000100,74.14,20991200,74.14,21000200
2025-10-01,119.43222330625892,21000100,120.8,20991200,120.8,21000200
2025-10-02,132.50820375,21000100,131.31,20991200,131.31,21000200
2025-10-03,127.86926146200001,21000100,127.44,20991200,127.44,21000200
2025-10-04,158.18129365225,21000100,156.82,20991200,156.82,21000200
2025-10-05,166.7679975,21000100,165.26,20991200,165.26,21000200
2025-10-06,157.14509847225,21000100,155.94,20991200,155.94,21000200
2025-10-07,128.5423425,21000100,127.38,20991200,127.38,21000200
2025-10-08,179.260965,21000100,177.64,20991200,177.64,21000200
2025-10-09,214.57024875000002,21000100,212.63,20991200,212.63,21000200
2025-10-10,227.91559133437502,21000100,225.33,20991200,225.33,21000200
2025-10-11,286.8439603952328,21000100,290.6,20991200,290.6,21000200
2025-10-12,262.65316730616667,21000100,260.38,20991200,260.38,21000200
2025-10-13,251.45376750000003,21000100,249.18,20991200,249.18,21000200
2025-10-14,249.87816472616666,21000100,247.66,20991200,247.66,21000200
2025-10-15,229.770768772125,21000100,229.77,20991200,229.77,21000200
2025-10-16,204.3475348910833,21000100,205.09,20991200,205.09,21000200
2025-10-17,219.75715125000002,21000100,217.77,20991200,217.77,21000200
2025-10-18,221.72438544637498,21000100,221.23,20991200,221.23,21000200
2025-10-19,236.09460882333332,21000100,235.6,20991200,235.6,21000200
2025-10-20,267.41144400666667,21000100,268.48,20991200,268.48,21000200
2025-10-21,265.2182325,21000100,262.82,20991200,262.82,21000200
2025-10-22,237.92185148829165,21000100,238.37,20991200,238.37,21000200
2025-10-23,238.81388362711377,21000100,243.09,20991200,243.09,21000200
2025-10-24,263.58548734093694,21000100,269.74,20991200,269.74,21000200
2025-10-25,269.6896464664583,21000100,275.65,20991200,275.65,21000200
2025-10-26,318.52292331300004,21000100,324.24,20991200,324.24,21000200
2025-10-27,341.882820775,21000100,341.54,20991200,341.54,21000200
2025-10-28,317.19956468500004,21000100,315.6,20991200,315.6,21000200
2025-10-29,345.9967936841667,21000100,351.1,20991200,351.1,21000200
2025-10-30,333.75756131602117,21000100,345.02,20991200,345.02,21000200
2025-10-31,381.0449870373575,21000100,403.58,20991200,403.58,21000200
2025-11-01,382.2871612114873,21000100,411.89,20991200,411.89,21000200
2025-11-02,382.46887299147556,21000100,417.29,20991200,417.29,21000200
2025-11-03,393.04357295787895,21000100,432.62,20991200,432.62,21000200
2025-11-04,395.6855140662127,21000100,440.6,20991200,440.6,21000200
2025-11-05,422.10588717326556,21000100,476.05,20991200,476.05,21000200
2025-11-06,453.5751939130861,21000100,534.87,20991200,534.87,21000200
2025-11-07,536.1218952377583,21000100,645.27,20991200,645.27,21000200
2025-11-08,590.8406341933334,21000100,599.21,20991200,599.21,21000200
2025-11-09,567.5524269499166,21000100,615.53,20991200,615.53,21000200
2025-11-10,496.97745680916665,21000100,522.55,20991200,522.55,21000200
2025-11-11,448.03937201466664,21000100,443.62,20991200,443.62,21000200
2025-11-12,509.65858125000005,21000100,505.05,20991200,505.05,21000200
2025-11-13,524.2505287500001,21000100,519.51,20991200,519.51,21000200
2025-11-14,612.1253061245833,21000100,608.14,20991200,608.14,21000200
2025-11-15,639.8549152379167,21000100,669.85,20991200,669.85,21000200
2025-11-16,667.5730839358333,21000100,698.69,20991200,698.69,21000200
2025-11-17,588.695489507125,21000100,610.61,20991200,610.61,21000200
2025-11-18,629.59800024825,21000100,624.42,20991200,624.42,21000200
2025-11-19,637.0881020893333,21000100,673.52,20991200,673.52,21000200
2025-11-20,632.46479751,21000100,655.2,20991200,655.2,21000200
2025-11-21,553.7882696644999,21000100,550.68,20991200,550.68,21000200
2025-11-22,520.4071995030001,21000100,517.69,20991200,517.69,21000200
2025-11-23,555.1297341675,21000100,572.35,20991200,572.35,21000200
2025-11-24,499.03923657708333,21000100,519.25,20991200,519.25,21000200
2025-11-25,486.62514944312494,21000100,510.65,20991200,510.65,21000200
2025-11-26,511.71293024100004,21000100,526.22,20991200,526.22,21000200
2025-11-27,464.5510230086667,21000100,489.74,20991200,489.74,21000200
2025-11-28,446.7385860065,21000100,452.04,20991200,452.04,21000200
2025-11-29,464.5406025,21000100,460.34,20991200,460.34,21000200
2025-11-30,427.95120627308336,21000100,427.99,20991200,427.99,21000200
2025-12-01,347.26009500000004,21000100,344.12,20991200,344.12,21000200
2025-12-02,315.58366125000003,21000100,312.73,20991200,312.73,21000200
2025-12-03,341.0804044310833,21000100,338.66,20991200,338.66,21000200
2025-12-04,362.52246409,21000100,367.32,20991200,367.32,21000200
2025-12-05,337.33541886779165,21000100,359.77,20991200,359.77,21000200
2025-12-06,341.2993766175,21000100,341.4,20991200,341.4,21000200
2025-12-07,345.79686375000006,21000100,342.67,20991200,342.67,21000200
2025-12-08,408.88735875000003,21000100,405.19,20991200,405.19,21000200
2025-12-09,433.41701230333337,21000100,432.8,20991200,432.8,21000200
2025-12-10,406.3354242068751,21000100,404.35,20991200,404.35,21000200
2025-12-11,438.939495369375,21000100,450.45,20991200,450.45,21000200
2025-12-12,437.15754352000005,21000100,454.6,20991200,454.6,21000200
2025-12-13,434.773350570125,21000100,442.77,20991200,442.77,21000200
2025-12-14,405.397951205,21000100,404.05,20991200,404.05,21000200
2025-12-15,416.32640870925,21000100,413.31,20991200,413.31,21000200
2025-12-16,408.17088,21000100,404.48,20991200,404.48,21000200
2025-12-17,379.98601875,21000100,376.55,20991200,376.55,21000200
2025-12-18,391.16073991866665,21000100,388.28,20991200,388.28,21000200
2025-12-19,447.22615566999997,21000100,443.91,20991200,443.91,21000200
2025-12-20,450.86886780350005,21000100,446.92,20991200,446.92,21000200
2025-12-21,445.024125,21000100,441.0,20991200,441.0,21000200
2025-12-22,435.3970725,21000100,431.46,20991200,431.46,21000200
2025-12-23,421.07758875,21000100,417.27,20991200,417.27,21000200
2025-12-24,452.16849694937497,21000100,448.45,20991200,448.45,21000200
2025-12-25,441.39258575325,21000100,437.94,20991200,437.94,21000200
2025-12-26,451.44827682425,21000100,447.82,20991200,447.82,21000200
2025-12-27,514.8696339735001,21000100,515.88,20991200,515.88,21000200
2025-12-28,528.9675364306667,21000100,529.76,20991200,529.76,21000200
2025-12-29,537.592528797,21000100,540.18,20991200,540.18,21000200
2025-12-30,518.3582259759168,21000100,529.19,20991200,529.19,21000200
2025-12-31,504.50944434316665,21000100,511.78,20991200,511.78,21000200
2026-01-01,500.5380085141666,21000100,525.4,20991200,525.4,21000200
2026-01-02,459.97217712,21000100,488.16,20991200,488.16,21000200
2026-01-03,489.0861058902083,21000100,511.15,20991200,511.15,21000200
2026-01-04,485.31400695229166,21000100,501.85,20991200,501.85,21000200
2026-01-05,489.98353725666664,21000100,503.15,20991200,503.15,21000200
2026-01-06,500.9636357973333,21000100,501.76,20991200,501.76,21000200
2026-01-07,471.01028777525005,21000100,469.38,20991200,469.38,21000200
2026-01-08,424.7936936689166,21000100,421.78,20991200,421.78,21000200
2026-01-09,421.65788408825006,21000100,418.43,20991200,418.43,21000200
2026-01-10,376.349378916,21000100,375.62,20991200,375.62,21000200
2026-01-11,382.85916917625,21000100,381.42,20991200,381.42,21000200
2026-01-12,410.2744856558333,21000100,406.67,20991200,406.67,21000200
2026-01-13,404.90315091645834,21000100,404.03,20991200,404.03,21000200
2026-01-14,448.9029922265,21000100,446.74,20991200,446.74,21000200
2026-01-15,398.6776993730833,21000100,413.86,20991200,413.86,21000200
2026-01-16,389.7921688715,21000100,410.73,20991200,410.73,21000200
2026-01-17,387.20630537212503,21000100,399.87,20991200,399.87,21000200
2026-01-18,362.463207724625,21000100,376.39,20991200,376.39,21000200
2026-01-19,350.8177428939583,21000100,368.93,20991200,368.93,21000200
2026-01-20,344.8276906368334,21000100,349.61,20991200,349.61,21000200
2026-01-21,354.56942119562495,21000100,355.65,20991200,355.65,21000200
2026-01-22,363.46467756124997,21000100,365.15,20991200,365.15,21000200
2026-01-23,359.2064326418333,21000100,367.58,20991200,367.58,21000200
2026-01-24,349.307883640375,21000100,359.51,20991200,359.51,21000200
2026-01-25,328.05369615033334,21000100,329.24,20991200,329.24,21000200
2026-01-26,370.833255,21000100,367.48,20991200,367.48,21000200
2026-01-27,400.97229165312496,21000100,399.39,20991200,399.39,21000200
2026-01-28,370.80891466133335,21000100,370.91,20991200,370.91,21000200
2026-01-29,356.53395375,21000100,353.31,20991200,353.31,21000200
2026-01-30,340.40786942687504,21000100,340.35,20991200,340.35,21000200
2026-01-31,302.9499070519583,21000100,302.81,20991200,302.81,21000200
2026-02-01,307.85515514875004,21000100,305.85,20991200,305.85,21000200
2026-02-02,297.33822790700003,21000100,295.54,20991200,295.54,21000200
2026-02-03,271.3124508339583,21000100,270.65,20991200,270.65,21000200
2026-02-04,254.03712750000003,21000100,251.74,20991200,251.74,21000200
2026-02-05,206.87062500000002,21000100,205.0,20991200,205.0,21000200
2026-02-06,242.6541975,21000100,240.46,20991200,240.46,21000200
2026-02-07,242.5331025,21000100,240.34,20991200,240.34,21000200
2026-02-08,240.93010034537502,21000100,239.61,20991200,239.61,21000200
2026-02-09,241.13605539666665,21000100,240.2,20991200,240.2,21000200
2026-02-10,234.47338048654169,21000100,233.69,20991200,233.69,21000200
2026-02-11,240.73044600916666,21000100,240.35,20991200,240.35,21000200
2026-02-12,232.73226024533335,21000100,232.96,20991200,232.96,21000200
2026-02-13,268.57845859750006,21000100,267.1,20991200,267.1,21000200
2026-02-14,323.62222792525,21000100,323.43,20991200,323.43,21000200
2026-02-15,295.832058412375,21000100,297.69,20991200,297.69,21000200
2026-02-16,292.5856542,21000100,294.0,20991200,294.0,21000200
2026-02-17,296.52113910937504,21000100,296.25,20991200,296.25,21000200
2026-02-18,262.7870106131667,21000100,264.46,20991200,264.46,21000200
2026-02-19,263.8029670899167,21000100,261.98,20991200,261.98,21000200
2026-02-20,259.265560597125,21000100,258.81,20991200,258.81,21000200
2026-02-21,258.46771618125,21000100,259.65,20991200,259.65,21000200
2026-02-22,243.80355972,21000100,244.44,20991200,244.44,21000200
2026-02-23,237.8601649105,21000100,237.48,20991200,237.48,21000200
2026-02-24,242.8557698315,21000100,242.76,20991200,242.76,21000200
2026-02-25,242.23094626104168,21000100,243.97,20991200,243.97,21000200
2026-02-26,240.736303996375,21000100,243.21,20991200,243.21,21000200
